{
    "header": {
        "trace_id": "COMMAND&C8RJf19cxf",
        "trans_id": "bcea2e02-dac1-4f7e-bf1f-088896f7eeb7",
        "che_id": "A525",
        "timestamp": "2025-02-19T17:23:12.001032Z"
    },
    "task_id": "COMMAND&C8RJf19cxf",
    "navi_id": "A525_COMMAND&C8RJf19cxf_10",
    "seq_num": 10,
    "dest_type": 3,
    "mode": 2,
    "waypoints": [
        {
            "pos": {
                "x": 566683.6590767195,
                "y": 4318003.295638131,
                "yaw": -2.9889683554593067
            },
            "heading": -2.9889683554593067,
            "speeds": {
                "vmax": 15.0
            },
            "type": 2,
            "driving_direction": 1,
            "id": "1261_0",
            "lane_type": 31
        },
        {
            "pos": {
                "x": 566683.1341187471,
                "y": 4318003.2150528245,
                "yaw": -2.9895910880465077
            },
            "heading": -2.9895910880465077,
            "speeds": {
                "vmax": 15.0
            },
            "type": 2,
            "driving_direction": 1,
            "id": "1261_0",
            "lane_type": 31
        },
        {
            "pos": {
                "x": 566682.6019402005,
                "y": 4318003.133688346,
                "yaw": -2.9900395534620667
            },
            "heading": -2.9900395534620667,
            "speeds": {
                "vmax": 15.0
            },
            "type": 2,
            "driving_direction": 1,
            "id": "1261_0",
            "lane_type": 31
        },
        {
            "pos": {
                "x": 566682.0664021319,
                "y": 4318003.051977067,
                "yaw": -2.990197190766991
            },
            "heading": -2.990197190766991,
            "speeds": {
                "vmax": 15.0
            },
            "type": 2,
            "driving_direction": 1,
            "id": "1261_0",
            "lane_type": 31
        },
        {
            "pos": {
                "x": 566681.5286543212,
                "y": 4318002.969942866,
                "yaw": -2.9901297313405766
            },
            "heading": -2.9901297313405766,
            "speeds": {
                "vmax": 15.0
            },
            "type": 2,
            "driving_direction": 1,
            "id": "1261_0",
            "lane_type": 31
        },
        {
            "pos": {
                "x": 566680.9958330151,
                "y": 4318002.888572911,
                "yaw": -2.989678338336142
            },
            "heading": -2.989678338336142,
            "speeds": {
                "vmax": 15.0
            },
            "type": 2,
            "driving_direction": 1,
            "id": "1261_0",
            "lane_type": 31
        },
        {
            "pos": {
                "x": 566680.4706592374,
                "y": 4318002.807964906,
                "yaw": -2.988344643551349
            },
            "heading": -2.988344643551349,
            "speeds": {
                "vmax": 15.0
            },
            "type": 2,
            "driving_direction": 1,
            "id": "1261_0",
            "lane_type": 31
        },
        {
            "pos": {
                "x": 566679.9247630697,
                "y": 4318002.7231316455,
                "yaw": -2.9873829434475665
            },
            "heading": -2.9873829434475665,
            "speeds": {
                "vmax": 15.0
            },
            "type": 2,
            "driving_direction": 1,
            "id": "1261_0",
            "lane_type": 31
        },
        {
            "pos": {
                "x": 566679.3909089859,
                "y": 4318002.640164802,
                "yaw": -2.985682616652316
            },
            "heading": -2.985682616652316,
            "speeds": {
                "vmax": 15.0
            },
            "type": 2,
            "driving_direction": 1,
            "id": "1261_0",
            "lane_type": 31
        },
        {
            "pos": {
                "x": 566678.8679036254,
                "y": 4318002.556814151,
                "yaw": -2.982214736240988
            },
            "heading": -2.982214736240988,
            "speeds": {
                "vmax": 15.0
            },
            "type": 2,
            "driving_direction": 1,
            "id": "1261_0",
            "lane_type": 31
        },
        {
            "pos": {
                "x": 566678.3173116243,
                "y": 4318002.4675291125,
                "yaw": -2.9796079999556344
            },
            "heading": -2.9796079999556344,
            "speeds": {
                "vmax": 15.0
            },
            "type": 2,
            "driving_direction": 1,
            "id": "1261_0",
            "lane_type": 31
        },
        {
            "pos": {
                "x": 566677.8015630306,
                "y": 4318002.382453979,
                "yaw": -2.971222754783257
            },
            "heading": -2.971222754783257,
            "speeds": {
                "vmax": 15.0
            },
            "type": 2,
            "driving_direction": 1,
            "id": "1261_0",
            "lane_type": 31
        },
        {
            "pos": {
                "x": 566677.2183512698,
                "y": 4318002.277266411,
                "yaw": -2.95930747897931
            },
            "heading": -2.95930747897931,
            "speeds": {
                "vmax": 15.0
            },
            "type": 2,
            "driving_direction": 1,
            "id": "1261_0",
            "lane_type": 31
        },
        {
            "pos": {
                "x": 566676.734126836,
                "y": 4318002.185636066,
                "yaw": -2.9346725596466503
            },
            "heading": -2.9346725596466503,
            "speeds": {
                "vmax": 15.0
            },
            "type": 2,
            "driving_direction": 1,
            "id": "1261_0",
            "lane_type": 31
        },
        {
            "pos": {
                "x": 566676.2425584918,
                "y": 4318002.068209527,
                "yaw": -2.8839447223910137
            },
            "heading": -2.8839447223910137,
            "speeds": {
                "vmax": 15.0
            },
            "type": 2,
            "driving_direction": 1,
            "id": "1261_0",
            "lane_type": 31
        },
        {
            "pos": {
                "x": 566675.7252002822,
                "y": 4318001.920330499,
                "yaw": -2.8591156021744806
            },
            "heading": -2.8591156021744806,
            "speeds": {
                "vmax": 15.0
            },
            "type": 2,
            "driving_direction": 1,
            "id": "1261_0",
            "lane_type": 31
        },
        {
            "pos": {
                "x": 566675.2100953605,
                "y": 4318001.768294908,
                "yaw": -2.838403432952968
            },
            "heading": -2.838403432952968,
            "speeds": {
                "vmax": 15.0
            },
            "type": 2,
            "driving_direction": 1,
            "id": "1261_0",
            "lane_type": 31
        },
        {
            "pos": {
                "x": 566674.6992812227,
                "y": 4318001.59998991,
                "yaw": -2.8069659992027525
            },
            "heading": -2.8069659992027525,
            "speeds": {
                "vmax": 15.0
            },
            "type": 2,
            "driving_direction": 1,
            "id": "1261_0",
            "lane_type": 31
        },
        {
            "pos": {
                "x": 566674.193774088,
                "y": 4318001.415445143,
                "yaw": -2.772831873636399
            },
            "heading": -2.772831873636399,
            "speeds": {
                "vmax": 15.0
            },
            "type": 2,
            "driving_direction": 1,
            "id": "1261_0",
            "lane_type": 31
        },
        {
            "pos": {
                "x": 566673.6952844271,
                "y": 4318001.212606928,
                "yaw": -2.7344099167075138
            },
            "heading": -2.7344099167075138,
            "speeds": {
                "vmax": 15.0
            },
            "type": 2,
            "driving_direction": 1,
            "id": "1261_0",
            "lane_type": 31
        },
        {
            "pos": {
                "x": 566673.2057903637,
                "y": 4318000.98990285,
                "yaw": -2.689158961236145
            },
            "heading": -2.689158961236145,
            "speeds": {
                "vmax": 15.0
            },
            "type": 2,
            "driving_direction": 1,
            "id": "1261_0",
            "lane_type": 31
        },
        {
            "pos": {
                "x": 566672.7284405832,
                "y": 4318000.74345592,
                "yaw": -2.6372073837695735
            },
            "heading": -2.6372073837695735,
            "speeds": {
                "vmax": 15.0
            },
            "type": 2,
            "driving_direction": 1,
            "id": "1261_0",
            "lane_type": 31
        },
        {
            "pos": {
                "x": 566672.2644579007,
                "y": 4318000.471131472,
                "yaw": -2.579967067006705
            },
            "heading": -2.579967067006705,
            "speeds": {
                "vmax": 15.0
            },
            "type": 2,
            "driving_direction": 1,
            "id": "1261_0",
            "lane_type": 31
        },
        {
            "pos": {
                "x": 566671.8170587795,
                "y": 4318000.170954676,
                "yaw": -2.5175430200188247
            },
            "heading": -2.5175430200188247,
            "speeds": {
                "vmax": 15.0
            },
            "type": 2,
            "driving_direction": 1,
            "id": "1261_0",
            "lane_type": 31
        },
        {
            "pos": {
                "x": 566671.3915024076,
                "y": 4317999.843608111,
                "yaw": -2.451276296491303
            },
            "heading": -2.451276296491303,
            "speeds": {
                "vmax": 15.0
            },
            "type": 2,
            "driving_direction": 1,
            "id": "1261_0",
            "lane_type": 31
        },
        {
            "pos": {
                "x": 566670.9885533197,
                "y": 4317999.488199508,
                "yaw": -2.3942085287682504
            },
            "heading": -2.3942085287682504,
            "speeds": {
                "vmax": 15.0
            },
            "type": 2,
            "driving_direction": 1,
            "id": "1261_0",
            "lane_type": 31
        },
        {
            "pos": {
                "x": 566670.603207303,
                "y": 4317999.113869208,
                "yaw": -2.342738307495499
            },
            "heading": -2.342738307495499,
            "speeds": {
                "vmax": 15.0
            },
            "type": 2,
            "driving_direction": 1,
            "id": "1261_0",
            "lane_type": 31
        },
        {
            "pos": {
                "x": 566670.2376085173,
                "y": 4317998.717677335,
                "yaw": -2.2844748451585026
            },
            "heading": -2.2844748451585026,
            "speeds": {
                "vmax": 15.0
            },
            "type": 2,
            "driving_direction": 1,
            "id": "1261_0",
            "lane_type": 31
        },
        {
            "pos": {
                "x": 566669.8980009573,
                "y": 4317998.300631907,
                "yaw": -2.222960984278213
            },
            "heading": -2.222960984278213,
            "speeds": {
                "vmax": 15.0
            },
            "type": 2,
            "driving_direction": 1,
            "id": "1261_0",
            "lane_type": 31
        },
        {
            "pos": {
                "x": 566669.5845944172,
                "y": 4317997.863577792,
                "yaw": -2.1613530412473305
            },
            "heading": -2.1613530412473305,
            "speeds": {
                "vmax": 15.0
            },
            "type": 2,
            "driving_direction": 1,
            "id": "1261_0",
            "lane_type": 31
        },
        {
            "pos": {
                "x": 566669.299142361,
                "y": 4317997.408416139,
                "yaw": -2.099127882033443
            },
            "heading": -2.099127882033443,
            "speeds": {
                "vmax": 15.0
            },
            "type": 2,
            "driving_direction": 1,
            "id": "1261_0",
            "lane_type": 31
        },
        {
            "pos": {
                "x": 566669.0424269743,
                "y": 4317996.935911262,
                "yaw": -2.0362373258711135
            },
            "heading": -2.0362373258711135,
            "speeds": {
                "vmax": 15.0
            },
            "type": 2,
            "driving_direction": 1,
            "id": "1261_0",
            "lane_type": 31
        },
        {
            "pos": {
                "x": 566668.81628242,
                "y": 4317996.448524678,
                "yaw": -1.9757732058662327
            },
            "heading": -1.9757732058662327,
            "speeds": {
                "vmax": 15.0
            },
            "type": 2,
            "driving_direction": 1,
            "id": "1261_0",
            "lane_type": 31
        },
        {
            "pos": {
                "x": 566668.6186615586,
                "y": 4317995.948858891,
                "yaw": -1.9185174045979763
            },
            "heading": -1.9185174045979763,
            "speeds": {
                "vmax": 15.0
            },
            "type": 2,
            "driving_direction": 1,
            "id": "1261_0",
            "lane_type": 31
        },
        {
            "pos": {
                "x": 566668.4496648819,
                "y": 4317995.438861552,
                "yaw": -1.8638253026352543
            },
            "heading": -1.8638253026352543,
            "speeds": {
                "vmax": 15.0
            },
            "type": 2,
            "driving_direction": 1,
            "id": "1261_0",
            "lane_type": 31
        },
        {
            "pos": {
                "x": 566668.3079170566,
                "y": 4317994.920657797,
                "yaw": -1.8069340298901202
            },
            "heading": -1.8069340298901202,
            "speeds": {
                "vmax": 15.0
            },
            "type": 2,
            "driving_direction": 1,
            "id": "1261_0",
            "lane_type": 31
        },
        {
            "pos": {
                "x": 566668.197643393,
                "y": 4317994.395383913,
                "yaw": -1.7567063628494388
            },
            "heading": -1.7567063628494388,
            "speeds": {
                "vmax": 15.0
            },
            "type": 2,
            "driving_direction": 1,
            "id": "1261_0",
            "lane_type": 31
        },
        {
            "pos": {
                "x": 566668.1090721427,
                "y": 4317993.86543213,
                "yaw": -1.7091494665971307
            },
            "heading": -1.7091494665971307,
            "speeds": {
                "vmax": 15.0
            },
            "type": 2,
            "driving_direction": 1,
            "id": "1261_0",
            "lane_type": 31
        },
        {
            "pos": {
                "x": 566668.0487024188,
                "y": 4317993.331308327,
                "yaw": -1.6589319887713951
            },
            "heading": -1.6589319887713951,
            "speeds": {
                "vmax": 15.0
            },
            "type": 2,
            "driving_direction": 1,
            "id": "1261_0",
            "lane_type": 31
        },
        {
            "pos": {
                "x": 566668.013760068,
                "y": 4317992.795892691,
                "yaw": -1.6177399060122628
            },
            "heading": -1.6177399060122628,
            "speeds": {
                "vmax": 15.0
            },
            "type": 2,
            "driving_direction": 1,
            "id": "1261_0",
            "lane_type": 31
        },
        {
            "pos": {
                "x": 566667.9980030311,
                "y": 4317992.258695088,
                "yaw": -1.5739502331544026
            },
            "heading": -1.5739502331544026,
            "speeds": {
                "vmax": 15.0
            },
            "type": 2,
            "driving_direction": 1,
            "id": "1261_0",
            "lane_type": 31
        },
        {
            "pos": {
                "x": 566668.0093929083,
                "y": 4317991.72206412,
                "yaw": -1.529829937655632
            },
            "heading": -1.529829937655632,
            "speeds": {
                "vmax": 15.0
            },
            "type": 2,
            "driving_direction": 1,
            "id": "1261_0",
            "lane_type": 31
        },
        {
            "pos": {
                "x": 566668.041112157,
                "y": 4317991.186111736,
                "yaw": -1.4993292638665099
            },
            "heading": -1.4993292638665099,
            "speeds": {
                "vmax": 15.0
            },
            "type": 2,
            "driving_direction": 1,
            "id": "1261_0",
            "lane_type": 31
        },
        {
            "pos": {
                "x": 566668.085973602,
                "y": 4317990.649888622,
                "yaw": -1.467150316779709
            },
            "heading": -1.467150316779709,
            "speeds": {
                "vmax": 15.0
            },
            "type": 2,
            "driving_direction": 1,
            "id": "1261_0",
            "lane_type": 31
        },
        {
            "pos": {
                "x": 566668.1506263122,
                "y": 4317990.1234596465,
                "yaw": -1.4331257619425726
            },
            "heading": -1.4331257619425726,
            "speeds": {
                "vmax": 15.0
            },
            "type": 2,
            "driving_direction": 1,
            "id": "1261_0",
            "lane_type": 31
        },
        {
            "pos": {
                "x": 566668.2322110916,
                "y": 4317989.585336404,
                "yaw": -1.4165716314408783
            },
            "heading": -1.4165716314408783,
            "speeds": {
                "vmax": 15.0
            },
            "type": 2,
            "driving_direction": 1,
            "id": "1261_0",
            "lane_type": 31
        },
        {
            "pos": {
                "x": 566668.315153051,
                "y": 4317989.065113105,
                "yaw": -1.4022858546477304
            },
            "heading": -1.4022858546477304,
            "speeds": {
                "vmax": 15.0
            },
            "type": 2,
            "driving_direction": 1,
            "id": "1261_0",
            "lane_type": 31
        },
        {
            "pos": {
                "x": 566668.4112921467,
                "y": 4317988.527148094,
                "yaw": -1.389526723630355
            },
            "heading": -1.389526723630355,
            "speeds": {
                "vmax": 15.0
            },
            "type": 2,
            "driving_direction": 1,
            "id": "1261_0",
            "lane_type": 31
        },
        {
            "pos": {
                "x": 566668.510935137,
                "y": 4317987.995443743,
                "yaw": -1.382627552437133
            },
            "heading": -1.382627552437133,
            "speeds": {
                "vmax": 15.0
            },
            "type": 2,
            "driving_direction": 1,
            "id": "1261_0",
            "lane_type": 31
        },
        {
            "pos": {
                "x": 566668.6097968541,
                "y": 4317987.4840565715,
                "yaw": -1.375772489646152
            },
            "heading": -1.375772489646152,
            "speeds": {
                "vmax": 15.0
            },
            "type": 2,
            "driving_direction": 1,
            "id": "1261_0",
            "lane_type": 31
        },
        {
            "pos": {
                "x": 566668.7182759007,
                "y": 4317986.944445167,
                "yaw": -1.3689558243711064
            },
            "heading": -1.3689558243711064,
            "speeds": {
                "vmax": 15.0
            },
            "type": 2,
            "driving_direction": 1,
            "id": "1261_0",
            "lane_type": 31
        },
        {
            "pos": {
                "x": 566668.8280297774,
                "y": 4317986.416541355,
                "yaw": -1.3626399963987257
            },
            "heading": -1.3626399963987257,
            "speeds": {
                "vmax": 15.0
            },
            "type": 2,
            "driving_direction": 1,
            "id": "1261_0",
            "lane_type": 31
        },
        {
            "pos": {
                "x": 566668.9407285518,
                "y": 4317985.890424954,
                "yaw": -1.35805842416077
            },
            "heading": -1.35805842416077,
            "speeds": {
                "vmax": 15.0
            },
            "type": 2,
            "driving_direction": 1,
            "id": "1261_0",
            "lane_type": 31
        },
        {
            "pos": {
                "x": 566669.0555746176,
                "y": 4317985.362674488,
                "yaw": -1.3560263740225582
            },
            "heading": -1.3560263740225582,
            "speeds": {
                "vmax": 15.0
            },
            "type": 2,
            "driving_direction": 1,
            "id": "1261_0",
            "lane_type": 31
        },
        {
            "pos": {
                "x": 566669.1709578722,
                "y": 4317984.834794924,
                "yaw": -1.356210456705739
            },
            "heading": -1.356210456705739,
            "speeds": {
                "vmax": 15.0
            },
            "type": 2,
            "driving_direction": 1,
            "id": "1261_0",
            "lane_type": 31
        },
        {
            "pos": {
                "x": 566669.2855062953,
                "y": 4317984.307602527,
                "yaw": -1.358937367164569
            },
            "heading": -1.358937367164569,
            "speeds": {
                "vmax": 15.0
            },
            "type": 2,
            "driving_direction": 1,
            "id": "1261_0",
            "lane_type": 31
        },
        {
            "pos": {
                "x": 566669.4006826732,
                "y": 4317983.766605294,
                "yaw": -1.3637899072496356
            },
            "heading": -1.3637899072496356,
            "speeds": {
                "vmax": 15.0
            },
            "type": 2,
            "driving_direction": 1,
            "id": "1261_0",
            "lane_type": 31
        },
        {
            "pos": {
                "x": 566669.5061926756,
                "y": 4317983.256357191,
                "yaw": -1.3699465156925557
            },
            "heading": -1.3699465156925557,
            "speeds": {
                "vmax": 15.0
            },
            "type": 2,
            "driving_direction": 1,
            "id": "1261_0",
            "lane_type": 31
        },
        {
            "pos": {
                "x": 566669.6109227035,
                "y": 4317982.733989753,
                "yaw": -1.3737971901858372
            },
            "heading": -1.3737971901858372,
            "speeds": {
                "vmax": 15.0
            },
            "type": 2,
            "driving_direction": 1,
            "id": "1261_0",
            "lane_type": 31
        },
        {
            "pos": {
                "x": 566669.7124639896,
                "y": 4317982.223132107,
                "yaw": -1.374949122146857
            },
            "heading": -1.374949122146857,
            "speeds": {
                "vmax": 15.0
            },
            "type": 2,
            "driving_direction": 1,
            "id": "1261_0",
            "lane_type": 31
        },
        {
            "pos": {
                "x": 566669.8203427652,
                "y": 4317981.678409665,
                "yaw": -1.3758450756985217
            },
            "heading": -1.3758450756985217,
            "speeds": {
                "vmax": 15.0
            },
            "type": 2,
            "driving_direction": 1,
            "id": "1261_0",
            "lane_type": 31
        },
        {
            "pos": {
                "x": 566669.9245833128,
                "y": 4317981.149014121,
                "yaw": -1.3768630808283828
            },
            "heading": -1.3768630808283828,
            "speeds": {
                "vmax": 15.0
            },
            "type": 2,
            "driving_direction": 1,
            "id": "1261_0",
            "lane_type": 31
        },
        {
            "pos": {
                "x": 566670.0277274899,
                "y": 4317980.622553827,
                "yaw": -1.3776383032849908
            },
            "heading": -1.3776383032849908,
            "speeds": {
                "vmax": 15.0
            },
            "type": 2,
            "driving_direction": 1,
            "id": "1261_0",
            "lane_type": 31
        },
        {
            "pos": {
                "x": 566670.1312188141,
                "y": 4317980.092621418,
                "yaw": -1.3780839751702207
            },
            "heading": -1.3780839751702207,
            "speeds": {
                "vmax": 15.0
            },
            "type": 2,
            "driving_direction": 1,
            "id": "1261_0",
            "lane_type": 31
        },
        {
            "pos": {
                "x": 566670.2344159565,
                "y": 4317979.563361919,
                "yaw": -1.378200732094916
            },
            "heading": -1.378200732094916,
            "speeds": {
                "vmax": 15.0
            },
            "type": 2,
            "driving_direction": 1,
            "id": "1261_0",
            "lane_type": 31
        },
        {
            "pos": {
                "x": 566670.3376057332,
                "y": 4317979.0343033215,
                "yaw": -1.3779659457403215
            },
            "heading": -1.3779659457403215,
            "speeds": {
                "vmax": 15.0
            },
            "type": 2,
            "driving_direction": 1,
            "id": "1261_0",
            "lane_type": 31
        },
        {
            "pos": {
                "x": 566670.4411518467,
                "y": 4317978.504578897,
                "yaw": -1.3773952445823954
            },
            "heading": -1.3773952445823954,
            "speeds": {
                "vmax": 15.0
            },
            "type": 2,
            "driving_direction": 1,
            "id": "1261_0",
            "lane_type": 31
        },
        {
            "pos": {
                "x": 566670.5442986215,
                "y": 4317977.979018331,
                "yaw": -1.3431950919564868
            },
            "heading": -1.3431950919564868,
            "speeds": {
                "vmax": 15.0
            },
            "type": 1,
            "driving_direction": 1,
            "id": "1282_2",
            "lane_type": 22
        },
        {
            "pos": {
                "x": 566670.6571981184,
                "y": 4317977.491931373,
                "yaw": -1.3431950919564868
            },
            "heading": -1.3431950919564868,
            "speeds": {
                "vmax": 15.0
            },
            "type": 1,
            "driving_direction": 1,
            "id": "1282_2",
            "lane_type": 22
        },
        {
            "pos": {
                "x": 566670.7700976152,
                "y": 4317977.004844417,
                "yaw": -1.3431950919564868
            },
            "heading": -1.3431950919564868,
            "speeds": {
                "vmax": 15.0
            },
            "type": 1,
            "driving_direction": 1,
            "id": "1282_2",
            "lane_type": 22
        },
        {
            "pos": {
                "x": 566670.8829971121,
                "y": 4317976.51775746,
                "yaw": -1.3431950919564868
            },
            "heading": -1.3431950919564868,
            "speeds": {
                "vmax": 15.0
            },
            "type": 1,
            "driving_direction": 1,
            "id": "1282_2",
            "lane_type": 22
        },
        {
            "pos": {
                "x": 566670.9958966089,
                "y": 4317976.030670503,
                "yaw": -1.3431950919564868
            },
            "heading": -1.3431950919564868,
            "speeds": {
                "vmax": 15.0
            },
            "type": 1,
            "driving_direction": 1,
            "id": "1282_2",
            "lane_type": 22
        },
        {
            "pos": {
                "x": 566671.1087961058,
                "y": 4317975.543583546,
                "yaw": -1.3431950919564868
            },
            "heading": -1.3431950919564868,
            "speeds": {
                "vmax": 15.0
            },
            "type": 1,
            "driving_direction": 1,
            "id": "1282_2",
            "lane_type": 22
        },
        {
            "pos": {
                "x": 566671.2216956026,
                "y": 4317975.056496589,
                "yaw": -1.3431950919564868
            },
            "heading": -1.3431950919564868,
            "speeds": {
                "vmax": 15.0
            },
            "type": 1,
            "driving_direction": 1,
            "id": "1282_2",
            "lane_type": 22
        },
        {
            "pos": {
                "x": 566671.3345950996,
                "y": 4317974.569409632,
                "yaw": -1.3431950919564868
            },
            "heading": -1.3431950919564868,
            "speeds": {
                "vmax": 15.0
            },
            "type": 1,
            "driving_direction": 1,
            "id": "1282_2",
            "lane_type": 22
        },
        {
            "pos": {
                "x": 566671.4474945965,
                "y": 4317974.082322675,
                "yaw": -1.3431950919564868
            },
            "heading": -1.3431950919564868,
            "speeds": {
                "vmax": 15.0
            },
            "type": 1,
            "driving_direction": 1,
            "id": "1282_2",
            "lane_type": 22
        },
        {
            "pos": {
                "x": 566671.5603940933,
                "y": 4317973.595235718,
                "yaw": -1.3431950919564868
            },
            "heading": -1.3431950919564868,
            "speeds": {
                "vmax": 15.0
            },
            "type": 1,
            "driving_direction": 1,
            "id": "1282_2",
            "lane_type": 22
        },
        {
            "pos": {
                "x": 566671.6732935902,
                "y": 4317973.108148761,
                "yaw": -1.3431950919564868
            },
            "heading": -1.3431950919564868,
            "speeds": {
                "vmax": 15.0
            },
            "type": 1,
            "driving_direction": 1,
            "id": "1282_2",
            "lane_type": 22
        },
        {
            "pos": {
                "x": 566671.786193087,
                "y": 4317972.621061805,
                "yaw": -1.3431950919564868
            },
            "heading": -1.3431950919564868,
            "speeds": {
                "vmax": 15.0
            },
            "type": 1,
            "driving_direction": 1,
            "id": "1282_2",
            "lane_type": 22
        },
        {
            "pos": {
                "x": 566671.8990925839,
                "y": 4317972.133974847,
                "yaw": -1.3431950919564868
            },
            "heading": -1.3431950919564868,
            "speeds": {
                "vmax": 15.0
            },
            "type": 1,
            "driving_direction": 1,
            "id": "1282_2",
            "lane_type": 22
        },
        {
            "pos": {
                "x": 566672.0119920807,
                "y": 4317971.646887891,
                "yaw": -1.3431950919564868
            },
            "heading": -1.3431950919564868,
            "speeds": {
                "vmax": 15.0
            },
            "type": 1,
            "driving_direction": 1,
            "id": "1282_2",
            "lane_type": 22
        },
        {
            "pos": {
                "x": 566672.1248915776,
                "y": 4317971.159800934,
                "yaw": -1.3431950919564868
            },
            "heading": -1.3431950919564868,
            "speeds": {
                "vmax": 15.0
            },
            "type": 1,
            "driving_direction": 1,
            "id": "1282_2",
            "lane_type": 22
        },
        {
            "pos": {
                "x": 566672.2377910746,
                "y": 4317970.672713976,
                "yaw": -1.3431950919564868
            },
            "heading": -1.3431950919564868,
            "speeds": {
                "vmax": 15.0
            },
            "type": 1,
            "driving_direction": 1,
            "id": "1282_2",
            "lane_type": 22
        },
        {
            "pos": {
                "x": 566672.3506905714,
                "y": 4317970.18562702,
                "yaw": -1.3431950919564868
            },
            "heading": -1.3431950919564868,
            "speeds": {
                "vmax": 15.0
            },
            "type": 1,
            "driving_direction": 1,
            "id": "1282_2",
            "lane_type": 22
        },
        {
            "pos": {
                "x": 566672.4635900683,
                "y": 4317969.698540063,
                "yaw": -1.3431950919564868
            },
            "heading": -1.3431950919564868,
            "speeds": {
                "vmax": 15.0
            },
            "type": 1,
            "driving_direction": 1,
            "id": "1282_2",
            "lane_type": 22
        },
        {
            "pos": {
                "x": 566672.5764895651,
                "y": 4317969.211453106,
                "yaw": -1.3431950919564868
            },
            "heading": -1.3431950919564868,
            "speeds": {
                "vmax": 15.0
            },
            "type": 1,
            "driving_direction": 1,
            "id": "1282_2",
            "lane_type": 22
        },
        {
            "pos": {
                "x": 566672.689389062,
                "y": 4317968.724366149,
                "yaw": -1.3431950919564868
            },
            "heading": -1.3431950919564868,
            "speeds": {
                "vmax": 15.0
            },
            "type": 1,
            "driving_direction": 1,
            "id": "1282_2",
            "lane_type": 22
        },
        {
            "pos": {
                "x": 566672.8022885588,
                "y": 4317968.237279192,
                "yaw": -1.3431950919564868
            },
            "heading": -1.3431950919564868,
            "speeds": {
                "vmax": 15.0
            },
            "type": 1,
            "driving_direction": 1,
            "id": "1282_2",
            "lane_type": 22
        },
        {
            "pos": {
                "x": 566672.9151880557,
                "y": 4317967.750192235,
                "yaw": -1.3431950919564868
            },
            "heading": -1.3431950919564868,
            "speeds": {
                "vmax": 15.0
            },
            "type": 1,
            "driving_direction": 1,
            "id": "1282_2",
            "lane_type": 22
        },
        {
            "pos": {
                "x": 566673.0280875526,
                "y": 4317967.263105278,
                "yaw": -1.3431950919564868
            },
            "heading": -1.3431950919564868,
            "speeds": {
                "vmax": 15.0
            },
            "type": 1,
            "driving_direction": 1,
            "id": "1282_2",
            "lane_type": 22
        },
        {
            "pos": {
                "x": 566673.1409870494,
                "y": 4317966.7760183215,
                "yaw": -1.3431950919564868
            },
            "heading": -1.3431950919564868,
            "speeds": {
                "vmax": 15.0
            },
            "type": 1,
            "driving_direction": 1,
            "id": "1282_2",
            "lane_type": 22
        },
        {
            "pos": {
                "x": 566673.2538865464,
                "y": 4317966.288931364,
                "yaw": -1.3431950919564868
            },
            "heading": -1.3431950919564868,
            "speeds": {
                "vmax": 15.0
            },
            "type": 1,
            "driving_direction": 1,
            "id": "1282_2",
            "lane_type": 22
        },
        {
            "pos": {
                "x": 566673.3667860432,
                "y": 4317965.801844408,
                "yaw": -1.3431950919564868
            },
            "heading": -1.3431950919564868,
            "speeds": {
                "vmax": 15.0
            },
            "type": 1,
            "driving_direction": 1,
            "id": "1282_2",
            "lane_type": 22
        },
        {
            "pos": {
                "x": 566673.4796855401,
                "y": 4317965.3147574505,
                "yaw": -1.3431950919564868
            },
            "heading": -1.3431950919564868,
            "speeds": {
                "vmax": 15.0
            },
            "type": 1,
            "driving_direction": 1,
            "id": "1282_2",
            "lane_type": 22
        },
        {
            "pos": {
                "x": 566673.5925850369,
                "y": 4317964.827670493,
                "yaw": -1.3431950919564868
            },
            "heading": -1.3431950919564868,
            "speeds": {
                "vmax": 15.0
            },
            "type": 1,
            "driving_direction": 1,
            "id": "1282_2",
            "lane_type": 22
        },
        {
            "pos": {
                "x": 566673.7054845338,
                "y": 4317964.340583537,
                "yaw": -1.3431950919564868
            },
            "heading": -1.3431950919564868,
            "speeds": {
                "vmax": 15.0
            },
            "type": 1,
            "driving_direction": 1,
            "id": "1282_2",
            "lane_type": 22
        },
        {
            "pos": {
                "x": 566673.8183840307,
                "y": 4317963.853496579,
                "yaw": -1.3431950919564868
            },
            "heading": -1.3431950919564868,
            "speeds": {
                "vmax": 15.0
            },
            "type": 1,
            "driving_direction": 1,
            "id": "1282_2",
            "lane_type": 22
        },
        {
            "pos": {
                "x": 566673.9312835275,
                "y": 4317963.366409623,
                "yaw": -1.3431950919564868
            },
            "heading": -1.3431950919564868,
            "speeds": {
                "vmax": 15.0
            },
            "type": 1,
            "driving_direction": 1,
            "id": "1282_2",
            "lane_type": 22
        },
        {
            "pos": {
                "x": 566674.0441830244,
                "y": 4317962.879322666,
                "yaw": -1.3431950919564868
            },
            "heading": -1.3431950919564868,
            "speeds": {
                "vmax": 15.0
            },
            "type": 1,
            "driving_direction": 1,
            "id": "1282_2",
            "lane_type": 22
        },
        {
            "pos": {
                "x": 566674.1570825212,
                "y": 4317962.392235709,
                "yaw": -1.3431950919564868
            },
            "heading": -1.3431950919564868,
            "speeds": {
                "vmax": 15.0
            },
            "type": 1,
            "driving_direction": 1,
            "id": "1282_2",
            "lane_type": 22
        },
        {
            "pos": {
                "x": 566674.2699820182,
                "y": 4317961.905148752,
                "yaw": -1.3431950919564868
            },
            "heading": -1.3431950919564868,
            "speeds": {
                "vmax": 15.0
            },
            "type": 1,
            "driving_direction": 1,
            "id": "1282_2",
            "lane_type": 22
        },
        {
            "pos": {
                "x": 566674.382881515,
                "y": 4317961.418061795,
                "yaw": -1.3431950919564868
            },
            "heading": -1.3431950919564868,
            "speeds": {
                "vmax": 15.0
            },
            "type": 1,
            "driving_direction": 1,
            "id": "1282_2",
            "lane_type": 22
        },
        {
            "pos": {
                "x": 566674.4957810119,
                "y": 4317960.930974838,
                "yaw": -1.3431950919564868
            },
            "heading": -1.3431950919564868,
            "speeds": {
                "vmax": 15.0
            },
            "type": 1,
            "driving_direction": 1,
            "id": "1282_2",
            "lane_type": 22
        },
        {
            "pos": {
                "x": 566674.6086805088,
                "y": 4317960.443887881,
                "yaw": -1.3431950919564868
            },
            "heading": -1.3431950919564868,
            "speeds": {
                "vmax": 15.0
            },
            "type": 1,
            "driving_direction": 1,
            "id": "1282_2",
            "lane_type": 22
        },
        {
            "pos": {
                "x": 566674.7215800056,
                "y": 4317959.956800925,
                "yaw": -1.3431950919564868
            },
            "heading": -1.3431950919564868,
            "speeds": {
                "vmax": 15.0
            },
            "type": 1,
            "driving_direction": 1,
            "id": "1282_2",
            "lane_type": 22
        },
        {
            "pos": {
                "x": 566674.8344795025,
                "y": 4317959.469713967,
                "yaw": -1.3431950919564868
            },
            "heading": -1.3431950919564868,
            "speeds": {
                "vmax": 15.0
            },
            "type": 1,
            "driving_direction": 1,
            "id": "1282_2",
            "lane_type": 22
        },
        {
            "pos": {
                "x": 566674.9473789993,
                "y": 4317958.982627011,
                "yaw": -1.3431950919564868
            },
            "heading": -1.3431950919564868,
            "speeds": {
                "vmax": 15.0
            },
            "type": 1,
            "driving_direction": 1,
            "id": "1282_2",
            "lane_type": 22
        },
        {
            "pos": {
                "x": 566675.0602784962,
                "y": 4317958.495540054,
                "yaw": -1.3431950919564868
            },
            "heading": -1.3431950919564868,
            "speeds": {
                "vmax": 15.0
            },
            "type": 1,
            "driving_direction": 1,
            "id": "1282_2",
            "lane_type": 22
        },
        {
            "pos": {
                "x": 566675.173177993,
                "y": 4317958.008453096,
                "yaw": -1.3431950919564868
            },
            "heading": -1.3431950919564868,
            "speeds": {
                "vmax": 15.0
            },
            "type": 1,
            "driving_direction": 1,
            "id": "1282_2",
            "lane_type": 22
        },
        {
            "pos": {
                "x": 566675.28607749,
                "y": 4317957.52136614,
                "yaw": -1.3431950919564868
            },
            "heading": -1.3431950919564868,
            "speeds": {
                "vmax": 15.0
            },
            "type": 1,
            "driving_direction": 1,
            "id": "1282_2",
            "lane_type": 22
        },
        {
            "pos": {
                "x": 566675.3989769869,
                "y": 4317957.034279183,
                "yaw": -1.3431950919564868
            },
            "heading": -1.3431950919564868,
            "speeds": {
                "vmax": 15.0
            },
            "type": 1,
            "driving_direction": 1,
            "id": "1282_2",
            "lane_type": 22
        },
        {
            "pos": {
                "x": 566675.5118764837,
                "y": 4317956.547192226,
                "yaw": -1.3431950919564868
            },
            "heading": -1.3431950919564868,
            "speeds": {
                "vmax": 15.0
            },
            "type": 1,
            "driving_direction": 1,
            "id": "1282_2",
            "lane_type": 22
        },
        {
            "pos": {
                "x": 566675.6247759806,
                "y": 4317956.060105269,
                "yaw": -1.3431950919564868
            },
            "heading": -1.3431950919564868,
            "speeds": {
                "vmax": 15.0
            },
            "type": 1,
            "driving_direction": 1,
            "id": "1282_2",
            "lane_type": 22
        },
        {
            "pos": {
                "x": 566675.7376754774,
                "y": 4317955.573018312,
                "yaw": -1.3431950919564868
            },
            "heading": -1.3431950919564868,
            "speeds": {
                "vmax": 15.0
            },
            "type": 1,
            "driving_direction": 1,
            "id": "1282_2",
            "lane_type": 22
        },
        {
            "pos": {
                "x": 566675.8505749743,
                "y": 4317955.085931355,
                "yaw": -1.3431950919564868
            },
            "heading": -1.3431950919564868,
            "speeds": {
                "vmax": 15.0
            },
            "type": 1,
            "driving_direction": 1,
            "id": "1282_2",
            "lane_type": 22
        },
        {
            "pos": {
                "x": 566675.9634744711,
                "y": 4317954.598844398,
                "yaw": -1.3431950919564868
            },
            "heading": -1.3431950919564868,
            "speeds": {
                "vmax": 15.0
            },
            "type": 1,
            "driving_direction": 1,
            "id": "1282_2",
            "lane_type": 22
        },
        {
            "pos": {
                "x": 566676.076373968,
                "y": 4317954.111757441,
                "yaw": -1.3431950919564868
            },
            "heading": -1.3431950919564868,
            "speeds": {
                "vmax": 15.0
            },
            "type": 1,
            "driving_direction": 1,
            "id": "1282_2",
            "lane_type": 22
        },
        {
            "pos": {
                "x": 566676.189273465,
                "y": 4317953.624670484,
                "yaw": -1.3431950919564868
            },
            "heading": -1.3431950919564868,
            "speeds": {
                "vmax": 15.0
            },
            "type": 1,
            "driving_direction": 1,
            "id": "1282_2",
            "lane_type": 22
        },
        {
            "pos": {
                "x": 566676.3021729618,
                "y": 4317953.137583528,
                "yaw": -1.3431950919564868
            },
            "heading": -1.3431950919564868,
            "speeds": {
                "vmax": 15.0
            },
            "type": 1,
            "driving_direction": 1,
            "id": "1282_2",
            "lane_type": 22
        },
        {
            "pos": {
                "x": 566676.4150724587,
                "y": 4317952.65049657,
                "yaw": -1.3431950919564868
            },
            "heading": -1.3431950919564868,
            "speeds": {
                "vmax": 15.0
            },
            "type": 1,
            "driving_direction": 1,
            "id": "1282_2",
            "lane_type": 22
        },
        {
            "pos": {
                "x": 566676.5279719555,
                "y": 4317952.163409613,
                "yaw": -1.3431950919564868
            },
            "heading": -1.3431950919564868,
            "speeds": {
                "vmax": 15.0
            },
            "type": 1,
            "driving_direction": 1,
            "id": "1282_2",
            "lane_type": 22
        },
        {
            "pos": {
                "x": 566676.6408714524,
                "y": 4317951.676322657,
                "yaw": -1.3431950919564868
            },
            "heading": -1.3431950919564868,
            "speeds": {
                "vmax": 15.0
            },
            "type": 1,
            "driving_direction": 1,
            "id": "1282_2",
            "lane_type": 22
        },
        {
            "pos": {
                "x": 566676.7537709492,
                "y": 4317951.189235699,
                "yaw": -1.3431950919564868
            },
            "heading": -1.3431950919564868,
            "speeds": {
                "vmax": 15.0
            },
            "type": 1,
            "driving_direction": 1,
            "id": "1282_2",
            "lane_type": 22
        },
        {
            "pos": {
                "x": 566676.8666704461,
                "y": 4317950.702148743,
                "yaw": -1.3431950919564868
            },
            "heading": -1.3431950919564868,
            "speeds": {
                "vmax": 15.0
            },
            "type": 1,
            "driving_direction": 1,
            "id": "1282_2",
            "lane_type": 22
        },
        {
            "pos": {
                "x": 566676.979569943,
                "y": 4317950.215061786,
                "yaw": -1.3431950919564868
            },
            "heading": -1.3431950919564868,
            "speeds": {
                "vmax": 15.0
            },
            "type": 1,
            "driving_direction": 1,
            "id": "1282_2",
            "lane_type": 22
        },
        {
            "pos": {
                "x": 566677.0924694398,
                "y": 4317949.727974829,
                "yaw": -1.3431950919564868
            },
            "heading": -1.3431950919564868,
            "speeds": {
                "vmax": 15.0
            },
            "type": 1,
            "driving_direction": 1,
            "id": "1282_2",
            "lane_type": 22
        },
        {
            "pos": {
                "x": 566677.2053689368,
                "y": 4317949.240887872,
                "yaw": -1.3431950919564868
            },
            "heading": -1.3431950919564868,
            "speeds": {
                "vmax": 15.0
            },
            "type": 1,
            "driving_direction": 1,
            "id": "1282_2",
            "lane_type": 22
        },
        {
            "pos": {
                "x": 566677.3182684336,
                "y": 4317948.753800915,
                "yaw": -1.3431950919564868
            },
            "heading": -1.3431950919564868,
            "speeds": {
                "vmax": 15.0
            },
            "type": 1,
            "driving_direction": 1,
            "id": "1282_2",
            "lane_type": 22
        },
        {
            "pos": {
                "x": 566677.4311679305,
                "y": 4317948.266713958,
                "yaw": -1.3431950919564868
            },
            "heading": -1.3431950919564868,
            "speeds": {
                "vmax": 15.0
            },
            "type": 1,
            "driving_direction": 1,
            "id": "1282_2",
            "lane_type": 22
        },
        {
            "pos": {
                "x": 566677.5440674273,
                "y": 4317947.779627001,
                "yaw": -1.3431950919564868
            },
            "heading": -1.3431950919564868,
            "speeds": {
                "vmax": 15.0
            },
            "type": 1,
            "driving_direction": 1,
            "id": "1282_2",
            "lane_type": 22
        },
        {
            "pos": {
                "x": 566677.6569669242,
                "y": 4317947.2925400445,
                "yaw": -1.3431950919564868
            },
            "heading": -1.3431950919564868,
            "speeds": {
                "vmax": 15.0
            },
            "type": 1,
            "driving_direction": 1,
            "id": "1282_2",
            "lane_type": 22
        },
        {
            "pos": {
                "x": 566677.7698664211,
                "y": 4317946.805453087,
                "yaw": -1.3431950919564868
            },
            "heading": -1.3431950919564868,
            "speeds": {
                "vmax": 15.0
            },
            "type": 1,
            "driving_direction": 1,
            "id": "1282_2",
            "lane_type": 22
        },
        {
            "pos": {
                "x": 566677.8827659179,
                "y": 4317946.318366131,
                "yaw": -1.3431950919564868
            },
            "heading": -1.3431950919564868,
            "speeds": {
                "vmax": 15.0
            },
            "type": 1,
            "driving_direction": 1,
            "id": "1282_2",
            "lane_type": 22
        },
        {
            "pos": {
                "x": 566677.9956654148,
                "y": 4317945.8312791735,
                "yaw": -1.3431950919564868
            },
            "heading": -1.3431950919564868,
            "speeds": {
                "vmax": 15.0
            },
            "type": 1,
            "driving_direction": 1,
            "id": "1282_2",
            "lane_type": 22
        },
        {
            "pos": {
                "x": 566678.1085649116,
                "y": 4317945.344192216,
                "yaw": -1.3431950919564868
            },
            "heading": -1.3431950919564868,
            "speeds": {
                "vmax": 15.0
            },
            "type": 1,
            "driving_direction": 1,
            "id": "1282_2",
            "lane_type": 22
        },
        {
            "pos": {
                "x": 566678.2214644086,
                "y": 4317944.85710526,
                "yaw": -1.3431950919564868
            },
            "heading": -1.3431950919564868,
            "speeds": {
                "vmax": 15.0
            },
            "type": 1,
            "driving_direction": 1,
            "id": "1282_2",
            "lane_type": 22
        },
        {
            "pos": {
                "x": 566678.3343639054,
                "y": 4317944.370018302,
                "yaw": -1.3431950919564868
            },
            "heading": -1.3431950919564868,
            "speeds": {
                "vmax": 15.0
            },
            "type": 1,
            "driving_direction": 1,
            "id": "1282_2",
            "lane_type": 22
        },
        {
            "pos": {
                "x": 566678.4472634023,
                "y": 4317943.882931346,
                "yaw": -1.3431950919564868
            },
            "heading": -1.3431950919564868,
            "speeds": {
                "vmax": 15.0
            },
            "type": 1,
            "driving_direction": 1,
            "id": "1282_2",
            "lane_type": 22
        },
        {
            "pos": {
                "x": 566678.5601628992,
                "y": 4317943.395844389,
                "yaw": -1.3431950919564868
            },
            "heading": -1.3431950919564868,
            "speeds": {
                "vmax": 15.0
            },
            "type": 1,
            "driving_direction": 1,
            "id": "1282_2",
            "lane_type": 22
        },
        {
            "pos": {
                "x": 566678.673062396,
                "y": 4317942.908757432,
                "yaw": -1.3431950919564868
            },
            "heading": -1.3431950919564868,
            "speeds": {
                "vmax": 15.0
            },
            "type": 1,
            "driving_direction": 1,
            "id": "1282_2",
            "lane_type": 22
        },
        {
            "pos": {
                "x": 566678.7859618929,
                "y": 4317942.421670475,
                "yaw": -1.3431950919564868
            },
            "heading": -1.3431950919564868,
            "speeds": {
                "vmax": 15.0
            },
            "type": 1,
            "driving_direction": 1,
            "id": "1282_2",
            "lane_type": 22
        },
        {
            "pos": {
                "x": 566678.8988613897,
                "y": 4317941.934583518,
                "yaw": -1.3431950919564868
            },
            "heading": -1.3431950919564868,
            "speeds": {
                "vmax": 15.0
            },
            "type": 1,
            "driving_direction": 1,
            "id": "1282_2",
            "lane_type": 22
        },
        {
            "pos": {
                "x": 566679.0117608866,
                "y": 4317941.447496561,
                "yaw": -1.3431950919564868
            },
            "heading": -1.3431950919564868,
            "speeds": {
                "vmax": 15.0
            },
            "type": 1,
            "driving_direction": 1,
            "id": "1282_2",
            "lane_type": 22
        },
        {
            "pos": {
                "x": 566679.1246603834,
                "y": 4317940.960409604,
                "yaw": -1.3431950919564868
            },
            "heading": -1.3431950919564868,
            "speeds": {
                "vmax": 15.0
            },
            "type": 1,
            "driving_direction": 1,
            "id": "1282_2",
            "lane_type": 22
        },
        {
            "pos": {
                "x": 566679.2375598804,
                "y": 4317940.473322648,
                "yaw": -1.3431950919564868
            },
            "heading": -1.3431950919564868,
            "speeds": {
                "vmax": 15.0
            },
            "type": 1,
            "driving_direction": 1,
            "id": "1282_2",
            "lane_type": 22
        },
        {
            "pos": {
                "x": 566679.3504593773,
                "y": 4317939.98623569,
                "yaw": -1.3431950919564868
            },
            "heading": -1.3431950919564868,
            "speeds": {
                "vmax": 15.0
            },
            "type": 1,
            "driving_direction": 1,
            "id": "1282_2",
            "lane_type": 22
        },
        {
            "pos": {
                "x": 566679.4633588741,
                "y": 4317939.499148734,
                "yaw": -1.3431950919564868
            },
            "heading": -1.3431950919564868,
            "speeds": {
                "vmax": 15.0
            },
            "type": 1,
            "driving_direction": 1,
            "id": "1282_2",
            "lane_type": 22
        },
        {
            "pos": {
                "x": 566679.576258371,
                "y": 4317939.012061777,
                "yaw": -1.3431950919564868
            },
            "heading": -1.3431950919564868,
            "speeds": {
                "vmax": 15.0
            },
            "type": 1,
            "driving_direction": 1,
            "id": "1282_2",
            "lane_type": 22
        },
        {
            "pos": {
                "x": 566679.6891578678,
                "y": 4317938.524974819,
                "yaw": -1.3431950919564868
            },
            "heading": -1.3431950919564868,
            "speeds": {
                "vmax": 15.0
            },
            "type": 1,
            "driving_direction": 1,
            "id": "1282_2",
            "lane_type": 22
        },
        {
            "pos": {
                "x": 566679.8020573647,
                "y": 4317938.037887863,
                "yaw": -1.3431950919564868
            },
            "heading": -1.3431950919564868,
            "speeds": {
                "vmax": 15.0
            },
            "type": 1,
            "driving_direction": 1,
            "id": "1282_2",
            "lane_type": 22
        },
        {
            "pos": {
                "x": 566679.9149568615,
                "y": 4317937.550800906,
                "yaw": -1.3431950919564868
            },
            "heading": -1.3431950919564868,
            "speeds": {
                "vmax": 15.0
            },
            "type": 1,
            "driving_direction": 1,
            "id": "1282_2",
            "lane_type": 22
        },
        {
            "pos": {
                "x": 566680.0278563584,
                "y": 4317937.063713949,
                "yaw": -1.3431950919564868
            },
            "heading": -1.3431950919564868,
            "speeds": {
                "vmax": 15.0
            },
            "type": 1,
            "driving_direction": 1,
            "id": "1282_2",
            "lane_type": 22
        },
        {
            "pos": {
                "x": 566680.1407558554,
                "y": 4317936.576626992,
                "yaw": -1.3431950919564868
            },
            "heading": -1.3431950919564868,
            "speeds": {
                "vmax": 15.0
            },
            "type": 1,
            "driving_direction": 1,
            "id": "1282_2",
            "lane_type": 22
        },
        {
            "pos": {
                "x": 566680.2536553522,
                "y": 4317936.0895400345,
                "yaw": -1.3431950919564868
            },
            "heading": -1.3431950919564868,
            "speeds": {
                "vmax": 15.0
            },
            "type": 1,
            "driving_direction": 1,
            "id": "1282_2",
            "lane_type": 22
        },
        {
            "pos": {
                "x": 566680.3665548491,
                "y": 4317935.602453078,
                "yaw": -1.3431950919564868
            },
            "heading": -1.3431950919564868,
            "speeds": {
                "vmax": 15.0
            },
            "type": 1,
            "driving_direction": 1,
            "id": "1282_2",
            "lane_type": 22
        },
        {
            "pos": {
                "x": 566680.4794543459,
                "y": 4317935.115366121,
                "yaw": -1.3431950919564868
            },
            "heading": -1.3431950919564868,
            "speeds": {
                "vmax": 15.0
            },
            "type": 1,
            "driving_direction": 1,
            "id": "1282_2",
            "lane_type": 22
        },
        {
            "pos": {
                "x": 566680.5923538428,
                "y": 4317934.628279164,
                "yaw": -1.3431950919564868
            },
            "heading": -1.3431950919564868,
            "speeds": {
                "vmax": 15.0
            },
            "type": 1,
            "driving_direction": 1,
            "id": "1282_2",
            "lane_type": 22
        },
        {
            "pos": {
                "x": 566680.7052533396,
                "y": 4317934.141192207,
                "yaw": -1.3431950919564868
            },
            "heading": -1.3431950919564868,
            "speeds": {
                "vmax": 15.0
            },
            "type": 1,
            "driving_direction": 1,
            "id": "1282_2",
            "lane_type": 22
        },
        {
            "pos": {
                "x": 566680.8181528365,
                "y": 4317933.654105251,
                "yaw": -1.3431950919564868
            },
            "heading": -1.3431950919564868,
            "speeds": {
                "vmax": 15.0
            },
            "type": 1,
            "driving_direction": 1,
            "id": "1282_2",
            "lane_type": 22
        },
        {
            "pos": {
                "x": 566680.9310523334,
                "y": 4317933.167018293,
                "yaw": -1.3431950919564868
            },
            "heading": -1.3431950919564868,
            "speeds": {
                "vmax": 15.0
            },
            "type": 1,
            "driving_direction": 1,
            "id": "1282_2",
            "lane_type": 22
        },
        {
            "pos": {
                "x": 566681.0439518302,
                "y": 4317932.679931336,
                "yaw": -1.3431950919564868
            },
            "heading": -1.3431950919564868,
            "speeds": {
                "vmax": 15.0
            },
            "type": 1,
            "driving_direction": 1,
            "id": "1282_2",
            "lane_type": 22
        }
    ]
}