{
    "header": {
        "trace_id": "0019194c97214ce7a910b487277d56e0",
        "trans_id": "422fe037-f7dd-4069-93b3-09ce0cf9a2b0",
        "che_id": "A528",
        "timestamp": "2025-02-19T17:23:11.093577Z"
    },
    "task_id": "0019194c97214ce7a910b487277d56e0",
    "navi_id": "A528_0019194c97214ce7a910b487277d56e0_4",
    "seq_num": 4,
    "dest_type": 1,
    "mode": 2,
    "waypoints": [
        {
            "pos": {
                "x": 566887.4925317933,
                "y": 4318018.704835162,
                "yaw": 1.7985978360605956
            },
            "heading": 1.7985978360605956,
            "speeds": {
                "vmax": 20.0
            },
            "type": 1,
            "driving_direction": 1,
            "id": "1003_1",
            "lane_type": 1
        },
        {
            "pos": {
                "x": 566887.3795983987,
                "y": 4318019.19191426,
                "yaw": 1.7985978360605956
            },
            "heading": 1.7985978360605956,
            "speeds": {
                "vmax": 20.0
            },
            "type": 1,
            "driving_direction": 1,
            "id": "1003_1",
            "lane_type": 1
        },
        {
            "pos": {
                "x": 566887.2666650042,
                "y": 4318019.678993359,
                "yaw": 1.7985978360605956
            },
            "heading": 1.7985978360605956,
            "speeds": {
                "vmax": 20.0
            },
            "type": 1,
            "driving_direction": 1,
            "id": "1003_1",
            "lane_type": 1
        },
        {
            "pos": {
                "x": 566887.1537316096,
                "y": 4318020.166072458,
                "yaw": 1.7985978360605956
            },
            "heading": 1.7985978360605956,
            "speeds": {
                "vmax": 20.0
            },
            "type": 1,
            "driving_direction": 1,
            "id": "1003_1",
            "lane_type": 1
        },
        {
            "pos": {
                "x": 566887.040798215,
                "y": 4318020.653151557,
                "yaw": 1.7985978360605956
            },
            "heading": 1.7985978360605956,
            "speeds": {
                "vmax": 20.0
            },
            "type": 1,
            "driving_direction": 1,
            "id": "1003_1",
            "lane_type": 1
        },
        {
            "pos": {
                "x": 566887.0313924062,
                "y": 4318020.693718591,
                "yaw": 1.7986101267375776
            },
            "heading": 1.7986101267375776,
            "speeds": {
                "vmax": 20.0
            },
            "type": 1,
            "driving_direction": 1,
            "id": "1003_1",
            "lane_type": 1
        },
        {
            "pos": {
                "x": 566886.9184649544,
                "y": 4318021.180556442,
                "yaw": 1.6729524586948028
            },
            "heading": 1.6729524586948028,
            "speeds": {
                "vmax": 15.0
            },
            "type": 2,
            "driving_direction": 1,
            "id": "1562_0",
            "lane_type": 4
        },
        {
            "pos": {
                "x": 566886.8649440657,
                "y": 4318021.702617371,
                "yaw": 1.6736431053375282
            },
            "heading": 1.6736431053375282,
            "speeds": {
                "vmax": 15.0
            },
            "type": 2,
            "driving_direction": 1,
            "id": "1562_0",
            "lane_type": 4
        },
        {
            "pos": {
                "x": 566886.8099294101,
                "y": 4318022.232282888,
                "yaw": 1.6747932473859215
            },
            "heading": 1.6747932473859215,
            "speeds": {
                "vmax": 15.0
            },
            "type": 2,
            "driving_direction": 1,
            "id": "1562_0",
            "lane_type": 4
        },
        {
            "pos": {
                "x": 566886.7537841278,
                "y": 4318022.767727826,
                "yaw": 1.6755865060498312
            },
            "heading": 1.6755865060498312,
            "speeds": {
                "vmax": 15.0
            },
            "type": 2,
            "driving_direction": 1,
            "id": "1562_0",
            "lane_type": 4
        },
        {
            "pos": {
                "x": 566886.697797956,
                "y": 4318023.2984239515,
                "yaw": 1.6760815113797023
            },
            "heading": 1.6760815113797023,
            "speeds": {
                "vmax": 15.0
            },
            "type": 2,
            "driving_direction": 1,
            "id": "1562_0",
            "lane_type": 4
        },
        {
            "pos": {
                "x": 566886.6417174162,
                "y": 4318023.828195693,
                "yaw": 1.6762802325101795
            },
            "heading": 1.6762802325101795,
            "speeds": {
                "vmax": 15.0
            },
            "type": 2,
            "driving_direction": 1,
            "id": "1562_0",
            "lane_type": 4
        },
        {
            "pos": {
                "x": 566886.5855492193,
                "y": 4318024.358644482,
                "yaw": 1.6761754779772422
            },
            "heading": 1.6761754779772422,
            "speeds": {
                "vmax": 15.0
            },
            "type": 2,
            "driving_direction": 1,
            "id": "1562_0",
            "lane_type": 4
        },
        {
            "pos": {
                "x": 566886.5293359,
                "y": 4318024.890790391,
                "yaw": 1.6757630168887603
            },
            "heading": 1.6757630168887603,
            "speeds": {
                "vmax": 15.0
            },
            "type": 2,
            "driving_direction": 1,
            "id": "1562_0",
            "lane_type": 4
        },
        {
            "pos": {
                "x": 566886.473390538,
                "y": 4318025.423478429,
                "yaw": 1.6750276606513268
            },
            "heading": 1.6750276606513268,
            "speeds": {
                "vmax": 15.0
            },
            "type": 2,
            "driving_direction": 1,
            "id": "1562_0",
            "lane_type": 4
        },
        {
            "pos": {
                "x": 566886.418355691,
                "y": 4318025.952065051,
                "yaw": 1.6739847116906637
            },
            "heading": 1.6739847116906637,
            "speeds": {
                "vmax": 15.0
            },
            "type": 2,
            "driving_direction": 1,
            "id": "1562_0",
            "lane_type": 4
        },
        {
            "pos": {
                "x": 566886.3634978038,
                "y": 4318026.485239996,
                "yaw": 1.672570296130141
            },
            "heading": 1.672570296130141,
            "speeds": {
                "vmax": 15.0
            },
            "type": 2,
            "driving_direction": 1,
            "id": "1562_0",
            "lane_type": 4
        },
        {
            "pos": {
                "x": 566886.3097701244,
                "y": 4318027.016276725,
                "yaw": 1.6706979056071765
            },
            "heading": 1.6706979056071765,
            "speeds": {
                "vmax": 15.0
            },
            "type": 2,
            "driving_direction": 1,
            "id": "1562_0",
            "lane_type": 4
        },
        {
            "pos": {
                "x": 566886.2572509487,
                "y": 4318027.54650474,
                "yaw": 1.6683228178900997
            },
            "heading": 1.6683228178900997,
            "speeds": {
                "vmax": 15.0
            },
            "type": 2,
            "driving_direction": 1,
            "id": "1562_0",
            "lane_type": 4
        },
        {
            "pos": {
                "x": 566886.2055798547,
                "y": 4318028.083253311,
                "yaw": 1.6653228711665202
            },
            "heading": 1.6653228711665202,
            "speeds": {
                "vmax": 15.0
            },
            "type": 2,
            "driving_direction": 1,
            "id": "1562_0",
            "lane_type": 4
        },
        {
            "pos": {
                "x": 566886.1570721518,
                "y": 4318028.605910197,
                "yaw": 1.6616391125801238
            },
            "heading": 1.6616391125801238,
            "speeds": {
                "vmax": 15.0
            },
            "type": 2,
            "driving_direction": 1,
            "id": "1562_0",
            "lane_type": 4
        },
        {
            "pos": {
                "x": 566886.110090178,
                "y": 4318029.134478154,
                "yaw": 1.6570201728451075
            },
            "heading": 1.6570201728451075,
            "speeds": {
                "vmax": 15.0
            },
            "type": 2,
            "driving_direction": 1,
            "id": "1562_0",
            "lane_type": 4
        },
        {
            "pos": {
                "x": 566886.0661240162,
                "y": 4318029.663136592,
                "yaw": 1.6515071155902326
            },
            "heading": 1.6515071155902326,
            "speeds": {
                "vmax": 15.0
            },
            "type": 2,
            "driving_direction": 1,
            "id": "1562_0",
            "lane_type": 4
        },
        {
            "pos": {
                "x": 566886.0248913975,
                "y": 4318030.190944191,
                "yaw": 1.6474165407337602
            },
            "heading": 1.6474165407337602,
            "speeds": {
                "vmax": 15.0
            },
            "type": 2,
            "driving_direction": 1,
            "id": "1562_0",
            "lane_type": 4
        },
        {
            "pos": {
                "x": 566885.9846699894,
                "y": 4318030.724741342,
                "yaw": 1.6449149510774703
            },
            "heading": 1.6449149510774703,
            "speeds": {
                "vmax": 15.0
            },
            "type": 2,
            "driving_direction": 1,
            "id": "1562_0",
            "lane_type": 4
        },
        {
            "pos": {
                "x": 566885.9461131133,
                "y": 4318031.2536258595,
                "yaw": 1.6424897510542114
            },
            "heading": 1.6424897510542114,
            "speeds": {
                "vmax": 15.0
            },
            "type": 2,
            "driving_direction": 1,
            "id": "1562_0",
            "lane_type": 4
        },
        {
            "pos": {
                "x": 566885.9076846254,
                "y": 4318031.799193367,
                "yaw": 1.640477606526794
            },
            "heading": 1.640477606526794,
            "speeds": {
                "vmax": 15.0
            },
            "type": 2,
            "driving_direction": 1,
            "id": "1562_0",
            "lane_type": 4
        },
        {
            "pos": {
                "x": 566885.8717429336,
                "y": 4318032.319486519,
                "yaw": 1.6386911662215047
            },
            "heading": 1.6386911662215047,
            "speeds": {
                "vmax": 15.0
            },
            "type": 2,
            "driving_direction": 1,
            "id": "1562_0",
            "lane_type": 4
        },
        {
            "pos": {
                "x": 566885.8349734069,
                "y": 4318032.873513835,
                "yaw": 1.6364463454105689
            },
            "heading": 1.6364463454105689,
            "speeds": {
                "vmax": 15.0
            },
            "type": 2,
            "driving_direction": 1,
            "id": "1562_0",
            "lane_type": 4
        },
        {
            "pos": {
                "x": 566885.7997091254,
                "y": 4318033.415267738,
                "yaw": 1.635892363995667
            },
            "heading": 1.635892363995667,
            "speeds": {
                "vmax": 15.0
            },
            "type": 2,
            "driving_direction": 1,
            "id": "1562_0",
            "lane_type": 4
        },
        {
            "pos": {
                "x": 566885.7671780342,
                "y": 4318033.907887623,
                "yaw": 1.6336735599578374
            },
            "heading": 1.6336735599578374,
            "speeds": {
                "vmax": 15.0
            },
            "type": 2,
            "driving_direction": 1,
            "id": "1562_0",
            "lane_type": 4
        },
        {
            "pos": {
                "x": 566885.736119084,
                "y": 4318034.450460942,
                "yaw": 1.6231344534267655
            },
            "heading": 1.6231344534267655,
            "speeds": {
                "vmax": 15.0
            },
            "type": 2,
            "driving_direction": 1,
            "id": "1562_0",
            "lane_type": 4
        },
        {
            "pos": {
                "x": 566885.7127450944,
                "y": 4318034.974730583,
                "yaw": 1.6078414128568257
            },
            "heading": 1.6078414128568257,
            "speeds": {
                "vmax": 15.0
            },
            "type": 2,
            "driving_direction": 1,
            "id": "1562_0",
            "lane_type": 4
        },
        {
            "pos": {
                "x": 566885.6991816771,
                "y": 4318035.504988503,
                "yaw": 1.5885386808239994
            },
            "heading": 1.5885386808239994,
            "speeds": {
                "vmax": 15.0
            },
            "type": 2,
            "driving_direction": 1,
            "id": "1562_0",
            "lane_type": 4
        },
        {
            "pos": {
                "x": 566885.6954414565,
                "y": 4318036.0376359895,
                "yaw": 1.5697600557330647
            },
            "heading": 1.5697600557330647,
            "speeds": {
                "vmax": 15.0
            },
            "type": 2,
            "driving_direction": 1,
            "id": "1562_0",
            "lane_type": 4
        },
        {
            "pos": {
                "x": 566885.7020425862,
                "y": 4318036.569411309,
                "yaw": 1.5489167736360032
            },
            "heading": 1.5489167736360032,
            "speeds": {
                "vmax": 15.0
            },
            "type": 2,
            "driving_direction": 1,
            "id": "1562_0",
            "lane_type": 4
        },
        {
            "pos": {
                "x": 566885.7211243162,
                "y": 4318037.101446432,
                "yaw": 1.5270336177636488
            },
            "heading": 1.5270336177636488,
            "speeds": {
                "vmax": 15.0
            },
            "type": 2,
            "driving_direction": 1,
            "id": "1562_0",
            "lane_type": 4
        },
        {
            "pos": {
                "x": 566885.7498259097,
                "y": 4318037.632280517,
                "yaw": 1.5071581151070352
            },
            "heading": 1.5071581151070352,
            "speeds": {
                "vmax": 15.0
            },
            "type": 2,
            "driving_direction": 1,
            "id": "1562_0",
            "lane_type": 4
        },
        {
            "pos": {
                "x": 566885.7913549846,
                "y": 4318038.160320516,
                "yaw": 1.4803820250742061
            },
            "heading": 1.4803820250742061,
            "speeds": {
                "vmax": 15.0
            },
            "type": 2,
            "driving_direction": 1,
            "id": "1562_0",
            "lane_type": 4
        },
        {
            "pos": {
                "x": 566885.8488240526,
                "y": 4318038.689613911,
                "yaw": 1.45435711323415
            },
            "heading": 1.45435711323415,
            "speeds": {
                "vmax": 15.0
            },
            "type": 2,
            "driving_direction": 1,
            "id": "1562_0",
            "lane_type": 4
        },
        {
            "pos": {
                "x": 566885.9157852707,
                "y": 4318039.217867643,
                "yaw": 1.4385629222764624
            },
            "heading": 1.4385629222764624,
            "speeds": {
                "vmax": 15.0
            },
            "type": 2,
            "driving_direction": 1,
            "id": "1562_0",
            "lane_type": 4
        },
        {
            "pos": {
                "x": 566885.9901167159,
                "y": 4318039.74383937,
                "yaw": 1.4248218987186818
            },
            "heading": 1.4248218987186818,
            "speeds": {
                "vmax": 15.0
            },
            "type": 2,
            "driving_direction": 1,
            "id": "1562_0",
            "lane_type": 4
        },
        {
            "pos": {
                "x": 566886.0716824918,
                "y": 4318040.269757045,
                "yaw": 1.414123645049856
            },
            "heading": 1.414123645049856,
            "speeds": {
                "vmax": 15.0
            },
            "type": 2,
            "driving_direction": 1,
            "id": "1562_0",
            "lane_type": 4
        },
        {
            "pos": {
                "x": 566886.1559869624,
                "y": 4318040.794977279,
                "yaw": 1.4082878196007313
            },
            "heading": 1.4082878196007313,
            "speeds": {
                "vmax": 15.0
            },
            "type": 2,
            "driving_direction": 1,
            "id": "1562_0",
            "lane_type": 4
        },
        {
            "pos": {
                "x": 566886.2448769943,
                "y": 4318041.318554405,
                "yaw": 1.3986496831871975
            },
            "heading": 1.3986496831871975,
            "speeds": {
                "vmax": 15.0
            },
            "type": 2,
            "driving_direction": 1,
            "id": "1562_0",
            "lane_type": 4
        },
        {
            "pos": {
                "x": 566886.3392555139,
                "y": 4318041.842618238,
                "yaw": 1.3931381278618096
            },
            "heading": 1.3931381278618096,
            "speeds": {
                "vmax": 15.0
            },
            "type": 2,
            "driving_direction": 1,
            "id": "1562_0",
            "lane_type": 4
        },
        {
            "pos": {
                "x": 566886.4316189564,
                "y": 4318042.368217076,
                "yaw": 1.4006221765602835
            },
            "heading": 1.4006221765602835,
            "speeds": {
                "vmax": 15.0
            },
            "type": 2,
            "driving_direction": 1,
            "id": "1562_0",
            "lane_type": 4
        },
        {
            "pos": {
                "x": 566886.5182907276,
                "y": 4318042.895243989,
                "yaw": 1.4165046007608455
            },
            "heading": 1.4165046007608455,
            "speeds": {
                "vmax": 15.0
            },
            "type": 2,
            "driving_direction": 1,
            "id": "1562_0",
            "lane_type": 4
        },
        {
            "pos": {
                "x": 566886.5909619035,
                "y": 4318043.420694003,
                "yaw": 1.445502786825513
            },
            "heading": 1.445502786825513,
            "speeds": {
                "vmax": 15.0
            },
            "type": 2,
            "driving_direction": 1,
            "id": "1562_0",
            "lane_type": 4
        },
        {
            "pos": {
                "x": 566886.6464989198,
                "y": 4318043.947985087,
                "yaw": 1.4776822589164476
            },
            "heading": 1.4776822589164476,
            "speeds": {
                "vmax": 15.0
            },
            "type": 2,
            "driving_direction": 1,
            "id": "1562_0",
            "lane_type": 4
        },
        {
            "pos": {
                "x": 566886.6864545915,
                "y": 4318044.475117764,
                "yaw": 1.5083874882021349
            },
            "heading": 1.5083874882021349,
            "speeds": {
                "vmax": 15.0
            },
            "type": 2,
            "driving_direction": 1,
            "id": "1562_0",
            "lane_type": 4
        },
        {
            "pos": {
                "x": 566886.7081976926,
                "y": 4318045.001456211,
                "yaw": 1.542449180402609
            },
            "heading": 1.542449180402609,
            "speeds": {
                "vmax": 15.0
            },
            "type": 2,
            "driving_direction": 1,
            "id": "1562_0",
            "lane_type": 4
        },
        {
            "pos": {
                "x": 566886.7134621207,
                "y": 4318045.526384089,
                "yaw": 1.5776771333500224
            },
            "heading": 1.5776771333500224,
            "speeds": {
                "vmax": 15.0
            },
            "type": 2,
            "driving_direction": 1,
            "id": "1562_0",
            "lane_type": 4
        },
        {
            "pos": {
                "x": 566886.6964880016,
                "y": 4318046.048463075,
                "yaw": 1.6219700292952746
            },
            "heading": 1.6219700292952746,
            "speeds": {
                "vmax": 15.0
            },
            "type": 2,
            "driving_direction": 1,
            "id": "1562_0",
            "lane_type": 4
        },
        {
            "pos": {
                "x": 566886.6569388187,
                "y": 4318046.569856998,
                "yaw": 1.673265493492502
            },
            "heading": 1.673265493492502,
            "speeds": {
                "vmax": 15.0
            },
            "type": 2,
            "driving_direction": 1,
            "id": "1562_0",
            "lane_type": 4
        },
        {
            "pos": {
                "x": 566886.5856487807,
                "y": 4318047.085695973,
                "yaw": 1.742151562101087
            },
            "heading": 1.742151562101087,
            "speeds": {
                "vmax": 15.0
            },
            "type": 2,
            "driving_direction": 1,
            "id": "1562_0",
            "lane_type": 4
        },
        {
            "pos": {
                "x": 566886.4762980256,
                "y": 4318047.596624112,
                "yaw": 1.8152210835506255
            },
            "heading": 1.8152210835506255,
            "speeds": {
                "vmax": 15.0
            },
            "type": 2,
            "driving_direction": 1,
            "id": "1562_0",
            "lane_type": 4
        },
        {
            "pos": {
                "x": 566886.3315371375,
                "y": 4318048.099913236,
                "yaw": 1.8818461370479211
            },
            "heading": 1.8818461370479211,
            "speeds": {
                "vmax": 15.0
            },
            "type": 2,
            "driving_direction": 1,
            "id": "1562_0",
            "lane_type": 4
        },
        {
            "pos": {
                "x": 566886.1556623364,
                "y": 4318048.593584571,
                "yaw": 1.9468082179909731
            },
            "heading": 1.9468082179909731,
            "speeds": {
                "vmax": 15.0
            },
            "type": 2,
            "driving_direction": 1,
            "id": "1562_0",
            "lane_type": 4
        },
        {
            "pos": {
                "x": 566885.9470443525,
                "y": 4318049.075599536,
                "yaw": 2.017648993707314
            },
            "heading": 2.017648993707314,
            "speeds": {
                "vmax": 15.0
            },
            "type": 2,
            "driving_direction": 1,
            "id": "1562_0",
            "lane_type": 4
        },
        {
            "pos": {
                "x": 566885.7032600419,
                "y": 4318049.541657299,
                "yaw": 2.090995849444809
            },
            "heading": 2.090995849444809,
            "speeds": {
                "vmax": 15.0
            },
            "type": 2,
            "driving_direction": 1,
            "id": "1562_0",
            "lane_type": 4
        },
        {
            "pos": {
                "x": 566885.4260823072,
                "y": 4318049.99003459,
                "yaw": 2.160813610072945
            },
            "heading": 2.160813610072945,
            "speeds": {
                "vmax": 15.0
            },
            "type": 2,
            "driving_direction": 1,
            "id": "1562_0",
            "lane_type": 4
        },
        {
            "pos": {
                "x": 566885.1191064813,
                "y": 4318050.4192667715,
                "yaw": 2.2252947463197703
            },
            "heading": 2.2252947463197703,
            "speeds": {
                "vmax": 15.0
            },
            "type": 2,
            "driving_direction": 1,
            "id": "1562_0",
            "lane_type": 4
        },
        {
            "pos": {
                "x": 566884.7849615328,
                "y": 4318050.829697063,
                "yaw": 2.292913492758821
            },
            "heading": 2.292913492758821,
            "speeds": {
                "vmax": 15.0
            },
            "type": 2,
            "driving_direction": 1,
            "id": "1562_0",
            "lane_type": 4
        },
        {
            "pos": {
                "x": 566884.422789769,
                "y": 4318051.215117887,
                "yaw": 2.3659022405154793
            },
            "heading": 2.3659022405154793,
            "speeds": {
                "vmax": 15.0
            },
            "type": 2,
            "driving_direction": 1,
            "id": "1562_0",
            "lane_type": 4
        },
        {
            "pos": {
                "x": 566884.0330749056,
                "y": 4318051.57351974,
                "yaw": 2.4313495490595862
            },
            "heading": 2.4313495490595862,
            "speeds": {
                "vmax": 15.0
            },
            "type": 2,
            "driving_direction": 1,
            "id": "1562_0",
            "lane_type": 4
        },
        {
            "pos": {
                "x": 566883.6208432993,
                "y": 4318051.908758113,
                "yaw": 2.496867664825944
            },
            "heading": 2.496867664825944,
            "speeds": {
                "vmax": 15.0
            },
            "type": 2,
            "driving_direction": 1,
            "id": "1562_0",
            "lane_type": 4
        },
        {
            "pos": {
                "x": 566883.1884039966,
                "y": 4318052.213602386,
                "yaw": 2.566373200211708
            },
            "heading": 2.566373200211708,
            "speeds": {
                "vmax": 15.0
            },
            "type": 2,
            "driving_direction": 1,
            "id": "1562_0",
            "lane_type": 4
        },
        {
            "pos": {
                "x": 566882.7330983523,
                "y": 4318052.48950457,
                "yaw": 2.632140472527445
            },
            "heading": 2.632140472527445,
            "speeds": {
                "vmax": 15.0
            },
            "type": 2,
            "driving_direction": 1,
            "id": "1562_0",
            "lane_type": 4
        },
        {
            "pos": {
                "x": 566882.262117004,
                "y": 4318052.734946761,
                "yaw": 2.700577480761454
            },
            "heading": 2.700577480761454,
            "speeds": {
                "vmax": 15.0
            },
            "type": 2,
            "driving_direction": 1,
            "id": "1562_0",
            "lane_type": 4
        },
        {
            "pos": {
                "x": 566881.7741533024,
                "y": 4318052.946482206,
                "yaw": 2.7733450044223646
            },
            "heading": 2.7733450044223646,
            "speeds": {
                "vmax": 15.0
            },
            "type": 2,
            "driving_direction": 1,
            "id": "1562_0",
            "lane_type": 4
        },
        {
            "pos": {
                "x": 566881.2718401894,
                "y": 4318053.121362615,
                "yaw": 2.848589832854806
            },
            "heading": 2.848589832854806,
            "speeds": {
                "vmax": 15.0
            },
            "type": 2,
            "driving_direction": 1,
            "id": "1562_0",
            "lane_type": 4
        },
        {
            "pos": {
                "x": 566880.7575473441,
                "y": 4318053.257926016,
                "yaw": 2.9185226413414633
            },
            "heading": 2.9185226413414633,
            "speeds": {
                "vmax": 15.0
            },
            "type": 2,
            "driving_direction": 1,
            "id": "1562_0",
            "lane_type": 4
        },
        {
            "pos": {
                "x": 566880.2351011918,
                "y": 4318053.3608581545,
                "yaw": 2.9714470893660794
            },
            "heading": 2.9714470893660794,
            "speeds": {
                "vmax": 15.0
            },
            "type": 2,
            "driving_direction": 1,
            "id": "1562_0",
            "lane_type": 4
        },
        {
            "pos": {
                "x": 566879.708803823,
                "y": 4318053.439595571,
                "yaw": 3.0268619336790796
            },
            "heading": 3.0268619336790796,
            "speeds": {
                "vmax": 15.0
            },
            "type": 2,
            "driving_direction": 1,
            "id": "1562_0",
            "lane_type": 4
        },
        {
            "pos": {
                "x": 566879.177680813,
                "y": 4318053.485190923,
                "yaw": 3.0947815712081814
            },
            "heading": 3.0947815712081814,
            "speeds": {
                "vmax": 15.0
            },
            "type": 2,
            "driving_direction": 1,
            "id": "1562_0",
            "lane_type": 4
        },
        {
            "pos": {
                "x": 566878.645292969,
                "y": 4318053.492525447,
                "yaw": -3.1180441370310903
            },
            "heading": -3.1180441370310903,
            "speeds": {
                "vmax": 15.0
            },
            "type": 2,
            "driving_direction": 1,
            "id": "1562_0",
            "lane_type": 4
        },
        {
            "pos": {
                "x": 566878.1133283603,
                "y": 4318053.463023611,
                "yaw": -3.0526271287617064
            },
            "heading": -3.0526271287617064,
            "speeds": {
                "vmax": 15.0
            },
            "type": 2,
            "driving_direction": 1,
            "id": "1562_0",
            "lane_type": 4
        },
        {
            "pos": {
                "x": 566877.5848834633,
                "y": 4318053.40065725,
                "yaw": -2.99953854276303
            },
            "heading": -2.99953854276303,
            "speeds": {
                "vmax": 15.0
            },
            "type": 2,
            "driving_direction": 1,
            "id": "1562_0",
            "lane_type": 4
        },
        {
            "pos": {
                "x": 566877.0596511036,
                "y": 4318053.314143484,
                "yaw": -2.9592458374645494
            },
            "heading": -2.9592458374645494,
            "speeds": {
                "vmax": 15.0
            },
            "type": 2,
            "driving_direction": 1,
            "id": "1562_0",
            "lane_type": 4
        },
        {
            "pos": {
                "x": 566876.5375925665,
                "y": 4318053.209068096,
                "yaw": -2.9324092892673015
            },
            "heading": -2.9324092892673015,
            "speeds": {
                "vmax": 15.0
            },
            "type": 2,
            "driving_direction": 1,
            "id": "1562_0",
            "lane_type": 4
        },
        {
            "pos": {
                "x": 566876.0200571931,
                "y": 4318053.094434222,
                "yaw": -2.9217307638229117
            },
            "heading": -2.9217307638229117,
            "speeds": {
                "vmax": 15.0
            },
            "type": 2,
            "driving_direction": 1,
            "id": "1562_0",
            "lane_type": 4
        },
        {
            "pos": {
                "x": 566875.5043847437,
                "y": 4318052.978472817,
                "yaw": -2.9226481813920593
            },
            "heading": -2.9226481813920593,
            "speeds": {
                "vmax": 15.0
            },
            "type": 2,
            "driving_direction": 1,
            "id": "1562_0",
            "lane_type": 4
        },
        {
            "pos": {
                "x": 566874.9838074733,
                "y": 4318052.863628367,
                "yaw": -2.92495199591637
            },
            "heading": -2.92495199591637,
            "speeds": {
                "vmax": 15.0
            },
            "type": 2,
            "driving_direction": 1,
            "id": "1562_0",
            "lane_type": 4
        },
        {
            "pos": {
                "x": 566874.4614871491,
                "y": 4318052.748896157,
                "yaw": -2.9255899820680233
            },
            "heading": -2.9255899820680233,
            "speeds": {
                "vmax": 15.0
            },
            "type": 2,
            "driving_direction": 1,
            "id": "1562_0",
            "lane_type": 4
        },
        {
            "pos": {
                "x": 566873.939313892,
                "y": 4318052.634425115,
                "yaw": -2.925886848602085
            },
            "heading": -2.925886848602085,
            "speeds": {
                "vmax": 15.0
            },
            "type": 2,
            "driving_direction": 1,
            "id": "1562_0",
            "lane_type": 4
        },
        {
            "pos": {
                "x": 566873.4155553894,
                "y": 4318052.519711023,
                "yaw": -2.92595883007489
            },
            "heading": -2.92595883007489,
            "speeds": {
                "vmax": 15.0
            },
            "type": 2,
            "driving_direction": 1,
            "id": "1562_0",
            "lane_type": 4
        },
        {
            "pos": {
                "x": 566872.8913117864,
                "y": 4318052.404870981,
                "yaw": -2.9258639252361407
            },
            "heading": -2.9258639252361407,
            "speeds": {
                "vmax": 15.0
            },
            "type": 2,
            "driving_direction": 1,
            "id": "1562_0",
            "lane_type": 4
        },
        {
            "pos": {
                "x": 566872.3760143216,
                "y": 4318052.291979143,
                "yaw": -2.915582214729236
            },
            "heading": -2.915582214729236,
            "speeds": {
                "vmax": 10.0
            },
            "type": 1,
            "driving_direction": 1,
            "id": "1559_0",
            "lane_type": 62
        },
        {
            "pos": {
                "x": 566871.8885544385,
                "y": 4318052.1798931975,
                "yaw": -2.9155824451816694
            },
            "heading": -2.9155824451816694,
            "speeds": {
                "vmax": 10.0
            },
            "type": 1,
            "driving_direction": 1,
            "id": "1559_0",
            "lane_type": 62
        },
        {
            "pos": {
                "x": 566871.4009397562,
                "y": 4318052.067771656,
                "yaw": -2.9155824547895435
            },
            "heading": -2.9155824547895435,
            "speeds": {
                "vmax": 10.0
            },
            "type": 1,
            "driving_direction": 1,
            "id": "1559_0",
            "lane_type": 62
        },
        {
            "pos": {
                "x": 566870.9132364732,
                "y": 4318051.955629744,
                "yaw": -2.9155826959631894
            },
            "heading": -2.9155826959631894,
            "speeds": {
                "vmax": 10.0
            },
            "type": 1,
            "driving_direction": 1,
            "id": "1559_0",
            "lane_type": 62
        },
        {
            "pos": {
                "x": 566870.4256457175,
                "y": 4318051.843513706,
                "yaw": -2.91558212999335
            },
            "heading": -2.91558212999335,
            "speeds": {
                "vmax": 10.0
            },
            "type": 1,
            "driving_direction": 1,
            "id": "1559_0",
            "lane_type": 62
        },
        {
            "pos": {
                "x": 566869.938030855,
                "y": 4318051.731392125,
                "yaw": -2.915582669012985
            },
            "heading": -2.915582669012985,
            "speeds": {
                "vmax": 10.0
            },
            "type": 1,
            "driving_direction": 1,
            "id": "1559_0",
            "lane_type": 62
        },
        {
            "pos": {
                "x": 566869.4503858679,
                "y": 4318051.619263615,
                "yaw": -2.915582404046132
            },
            "heading": -2.915582404046132,
            "speeds": {
                "vmax": 10.0
            },
            "type": 1,
            "driving_direction": 1,
            "id": "1559_0",
            "lane_type": 62
        },
        {
            "pos": {
                "x": 566868.9628233364,
                "y": 4318051.507154068,
                "yaw": -2.91558225871597
            },
            "heading": -2.91558225871597,
            "speeds": {
                "vmax": 10.0
            },
            "type": 1,
            "driving_direction": 1,
            "id": "1559_0",
            "lane_type": 62
        },
        {
            "pos": {
                "x": 566868.4751152311,
                "y": 4318051.395011046,
                "yaw": -2.9155820961011183
            },
            "heading": -2.9155820961011183,
            "speeds": {
                "vmax": 10.0
            },
            "type": 1,
            "driving_direction": 1,
            "id": "1559_0",
            "lane_type": 62
        },
        {
            "pos": {
                "x": 566867.987553465,
                "y": 4318051.282901674,
                "yaw": -2.9155828122235343
            },
            "heading": -2.9155828122235343,
            "speeds": {
                "vmax": 10.0
            },
            "type": 1,
            "driving_direction": 1,
            "id": "1559_0",
            "lane_type": 62
        },
        {
            "pos": {
                "x": 566867.4999369214,
                "y": 4318051.170779705,
                "yaw": -2.9155822879017714
            },
            "heading": -2.9155822879017714,
            "speeds": {
                "vmax": 10.0
            },
            "type": 1,
            "driving_direction": 1,
            "id": "1559_0",
            "lane_type": 62
        },
        {
            "pos": {
                "x": 566867.0122904615,
                "y": 4318051.058650859,
                "yaw": -2.915582304381925
            },
            "heading": -2.915582304381925,
            "speeds": {
                "vmax": 10.0
            },
            "type": 1,
            "driving_direction": 1,
            "id": "1559_0",
            "lane_type": 62
        },
        {
            "pos": {
                "x": 566866.5246996855,
                "y": 4318050.946534815,
                "yaw": -2.915582456829883
            },
            "heading": -2.915582456829883,
            "speeds": {
                "vmax": 10.0
            },
            "type": 1,
            "driving_direction": 1,
            "id": "1559_0",
            "lane_type": 62
        },
        {
            "pos": {
                "x": 566866.0371001745,
                "y": 4318050.834416764,
                "yaw": -2.915581951177106
            },
            "heading": -2.915581951177106,
            "speeds": {
                "vmax": 10.0
            },
            "type": 1,
            "driving_direction": 1,
            "id": "1559_0",
            "lane_type": 62
        },
        {
            "pos": {
                "x": 566865.5494398688,
                "y": 4318050.722284732,
                "yaw": -2.9155823149311737
            },
            "heading": -2.9155823149311737,
            "speeds": {
                "vmax": 10.0
            },
            "type": 1,
            "driving_direction": 1,
            "id": "1559_0",
            "lane_type": 62
        },
        {
            "pos": {
                "x": 566865.0618606287,
                "y": 4318050.610171342,
                "yaw": -2.9155826607041004
            },
            "heading": -2.9155826607041004,
            "speeds": {
                "vmax": 10.0
            },
            "type": 1,
            "driving_direction": 1,
            "id": "1559_0",
            "lane_type": 62
        },
        {
            "pos": {
                "x": 566864.5742250299,
                "y": 4318050.498044993,
                "yaw": -2.915582769588339
            },
            "heading": -2.915582769588339,
            "speeds": {
                "vmax": 10.0
            },
            "type": 1,
            "driving_direction": 1,
            "id": "1559_0",
            "lane_type": 62
        },
        {
            "pos": {
                "x": 566864.0866133679,
                "y": 4318050.385924147,
                "yaw": -2.915581879204715
            },
            "heading": -2.915581879204715,
            "speeds": {
                "vmax": 10.0
            },
            "type": 1,
            "driving_direction": 1,
            "id": "1559_0",
            "lane_type": 62
        },
        {
            "pos": {
                "x": 566863.5990015075,
                "y": 4318050.273803256,
                "yaw": -2.9155821942048874
            },
            "heading": -2.9155821942048874,
            "speeds": {
                "vmax": 10.0
            },
            "type": 1,
            "driving_direction": 1,
            "id": "1559_0",
            "lane_type": 62
        },
        {
            "pos": {
                "x": 566863.1113757442,
                "y": 4318050.161679168,
                "yaw": -2.915582088679932
            },
            "heading": -2.915582088679932,
            "speeds": {
                "vmax": 10.0
            },
            "type": 1,
            "driving_direction": 1,
            "id": "1559_0",
            "lane_type": 62
        },
        {
            "pos": {
                "x": 566862.6237596375,
                "y": 4318050.0495573,
                "yaw": -2.9155824992906423
            },
            "heading": -2.9155824992906423,
            "speeds": {
                "vmax": 10.0
            },
            "type": 1,
            "driving_direction": 1,
            "id": "1559_0",
            "lane_type": 62
        },
        {
            "pos": {
                "x": 566862.1361424524,
                "y": 4318049.937435186,
                "yaw": -2.9155823385237283
            },
            "heading": -2.9155823385237283,
            "speeds": {
                "vmax": 10.0
            },
            "type": 1,
            "driving_direction": 1,
            "id": "1559_0",
            "lane_type": 62
        },
        {
            "pos": {
                "x": 566861.648524841,
                "y": 4318049.825312972,
                "yaw": -2.9155821563537634
            },
            "heading": -2.9155821563537634,
            "speeds": {
                "vmax": 10.0
            },
            "type": 1,
            "driving_direction": 1,
            "id": "1559_0",
            "lane_type": 62
        },
        {
            "pos": {
                "x": 566861.1609165028,
                "y": 4318049.71319289,
                "yaw": -2.9155826709078014
            },
            "heading": -2.9155826709078014,
            "speeds": {
                "vmax": 10.0
            },
            "type": 1,
            "driving_direction": 1,
            "id": "1559_0",
            "lane_type": 62
        },
        {
            "pos": {
                "x": 566860.6732850401,
                "y": 4318049.601067493,
                "yaw": -2.915582208159393
            },
            "heading": -2.915582208159393,
            "speeds": {
                "vmax": 10.0
            },
            "type": 1,
            "driving_direction": 1,
            "id": "1559_0",
            "lane_type": 62
        },
        {
            "pos": {
                "x": 566860.1856684978,
                "y": 4318049.488945524,
                "yaw": -2.915582648906812
            },
            "heading": -2.915582648906812,
            "speeds": {
                "vmax": 10.0
            },
            "type": 1,
            "driving_direction": 1,
            "id": "1559_0",
            "lane_type": 62
        },
        {
            "pos": {
                "x": 566859.6980673891,
                "y": 4318049.376827105,
                "yaw": -2.9155821811625877
            },
            "heading": -2.9155821811625877,
            "speeds": {
                "vmax": 10.0
            },
            "type": 1,
            "driving_direction": 1,
            "id": "1559_0",
            "lane_type": 62
        },
        {
            "pos": {
                "x": 566859.2104238552,
                "y": 4318049.264698931,
                "yaw": -2.915582107010298
            },
            "heading": -2.915582107010298,
            "speeds": {
                "vmax": 10.0
            },
            "type": 1,
            "driving_direction": 1,
            "id": "1559_0",
            "lane_type": 62
        },
        {
            "pos": {
                "x": 566858.7228459471,
                "y": 4318049.152585847,
                "yaw": -2.915582955199255
            },
            "heading": -2.915582955199255,
            "speeds": {
                "vmax": 10.0
            },
            "type": 1,
            "driving_direction": 1,
            "id": "1559_0",
            "lane_type": 62
        },
        {
            "pos": {
                "x": 566858.2351871941,
                "y": 4318049.040454173,
                "yaw": -2.9155823241995513
            },
            "heading": -2.9155823241995513,
            "speeds": {
                "vmax": 10.0
            },
            "type": 1,
            "driving_direction": 1,
            "id": "1559_0",
            "lane_type": 62
        },
        {
            "pos": {
                "x": 566857.7475726611,
                "y": 4318048.928332668,
                "yaw": -2.9155821936267654
            },
            "heading": -2.9155821936267654,
            "speeds": {
                "vmax": 10.0
            },
            "type": 1,
            "driving_direction": 1,
            "id": "1559_0",
            "lane_type": 62
        },
        {
            "pos": {
                "x": 566857.2599893587,
                "y": 4318048.816218343,
                "yaw": -2.915582353489986
            },
            "heading": -2.915582353489986,
            "speeds": {
                "vmax": 10.0
            },
            "type": 1,
            "driving_direction": 1,
            "id": "1559_0",
            "lane_type": 62
        },
        {
            "pos": {
                "x": 566856.7723931387,
                "y": 4318048.704101048,
                "yaw": -2.9155824639007135
            },
            "heading": -2.9155824639007135,
            "speeds": {
                "vmax": 10.0
            },
            "type": 1,
            "driving_direction": 1,
            "id": "1559_0",
            "lane_type": 62
        },
        {
            "pos": {
                "x": 566856.2847492436,
                "y": 4318048.591972791,
                "yaw": -2.915582552557576
            },
            "heading": -2.915582552557576,
            "speeds": {
                "vmax": 10.0
            },
            "type": 1,
            "driving_direction": 1,
            "id": "1559_0",
            "lane_type": 62
        },
        {
            "pos": {
                "x": 566855.7970807985,
                "y": 4318048.479838889,
                "yaw": -2.9155822333640846
            },
            "heading": -2.9155822333640846,
            "speeds": {
                "vmax": 10.0
            },
            "type": 1,
            "driving_direction": 1,
            "id": "1559_0",
            "lane_type": 62
        },
        {
            "pos": {
                "x": 566855.3095642314,
                "y": 4318048.367739909,
                "yaw": -2.9001183504741874
            },
            "heading": -2.9001183504741874,
            "speeds": {
                "vmax": 15.0
            },
            "type": 2,
            "driving_direction": 1,
            "id": "1561_0",
            "lane_type": 4
        },
        {
            "pos": {
                "x": 566854.826632261,
                "y": 4318048.248807151,
                "yaw": -2.9012370694915983
            },
            "heading": -2.9012370694915983,
            "speeds": {
                "vmax": 15.0
            },
            "type": 2,
            "driving_direction": 1,
            "id": "1561_0",
            "lane_type": 4
        },
        {
            "pos": {
                "x": 566854.3434068931,
                "y": 4318048.130939939,
                "yaw": -2.9021758915925684
            },
            "heading": -2.9021758915925684,
            "speeds": {
                "vmax": 15.0
            },
            "type": 2,
            "driving_direction": 1,
            "id": "1561_0",
            "lane_type": 4
        },
        {
            "pos": {
                "x": 566853.8602298257,
                "y": 4318048.012901038,
                "yaw": -2.900522899713514
            },
            "heading": -2.900522899713514,
            "speeds": {
                "vmax": 15.0
            },
            "type": 2,
            "driving_direction": 1,
            "id": "1561_0",
            "lane_type": 4
        },
        {
            "pos": {
                "x": 566853.3773998033,
                "y": 4318047.89343781,
                "yaw": -2.8962525912158945
            },
            "heading": -2.8962525912158945,
            "speeds": {
                "vmax": 15.0
            },
            "type": 2,
            "driving_direction": 1,
            "id": "1561_0",
            "lane_type": 4
        },
        {
            "pos": {
                "x": 566852.89525317,
                "y": 4318047.771279127,
                "yaw": -2.8896726075786168
            },
            "heading": -2.8896726075786168,
            "speeds": {
                "vmax": 15.0
            },
            "type": 2,
            "driving_direction": 1,
            "id": "1561_0",
            "lane_type": 4
        },
        {
            "pos": {
                "x": 566852.4140535232,
                "y": 4318047.645488888,
                "yaw": -2.8841354675203807
            },
            "heading": -2.8841354675203807,
            "speeds": {
                "vmax": 15.0
            },
            "type": 2,
            "driving_direction": 1,
            "id": "1561_0",
            "lane_type": 4
        },
        {
            "pos": {
                "x": 566851.9332807211,
                "y": 4318047.517996887,
                "yaw": -2.8803287559798134
            },
            "heading": -2.8803287559798134,
            "speeds": {
                "vmax": 15.0
            },
            "type": 2,
            "driving_direction": 1,
            "id": "1561_0",
            "lane_type": 4
        },
        {
            "pos": {
                "x": 566851.4530510288,
                "y": 4318047.388536558,
                "yaw": -2.8751171968842777
            },
            "heading": -2.8751171968842777,
            "speeds": {
                "vmax": 15.0
            },
            "type": 2,
            "driving_direction": 1,
            "id": "1561_0",
            "lane_type": 4
        },
        {
            "pos": {
                "x": 566850.9736572433,
                "y": 4318047.25604505,
                "yaw": -2.867661479367654
            },
            "heading": -2.867661479367654,
            "speeds": {
                "vmax": 15.0
            },
            "type": 2,
            "driving_direction": 1,
            "id": "1561_0",
            "lane_type": 4
        },
        {
            "pos": {
                "x": 566850.4953688916,
                "y": 4318047.119427315,
                "yaw": -2.8579763922185712
            },
            "heading": -2.8579763922185712,
            "speeds": {
                "vmax": 15.0
            },
            "type": 2,
            "driving_direction": 1,
            "id": "1561_0",
            "lane_type": 4
        },
        {
            "pos": {
                "x": 566850.0185037837,
                "y": 4318046.97764112,
                "yaw": -2.847073116908147
            },
            "heading": -2.847073116908147,
            "speeds": {
                "vmax": 15.0
            },
            "type": 2,
            "driving_direction": 1,
            "id": "1561_0",
            "lane_type": 4
        },
        {
            "pos": {
                "x": 566849.5433528398,
                "y": 4318046.830643421,
                "yaw": -2.8364194389372184
            },
            "heading": -2.8364194389372184,
            "speeds": {
                "vmax": 15.0
            },
            "type": 2,
            "driving_direction": 1,
            "id": "1561_0",
            "lane_type": 4
        },
        {
            "pos": {
                "x": 566849.0696565381,
                "y": 4318046.678743323,
                "yaw": -2.8262667584103003
            },
            "heading": -2.8262667584103003,
            "speeds": {
                "vmax": 15.0
            },
            "type": 2,
            "driving_direction": 1,
            "id": "1561_0",
            "lane_type": 4
        },
        {
            "pos": {
                "x": 566848.597514999,
                "y": 4318046.522102111,
                "yaw": -2.8163693243232473
            },
            "heading": -2.8163693243232473,
            "speeds": {
                "vmax": 15.0
            },
            "type": 2,
            "driving_direction": 1,
            "id": "1561_0",
            "lane_type": 4
        },
        {
            "pos": {
                "x": 566848.1269180768,
                "y": 4318046.360854747,
                "yaw": -2.806792400935297
            },
            "heading": -2.806792400935297,
            "speeds": {
                "vmax": 15.0
            },
            "type": 2,
            "driving_direction": 1,
            "id": "1561_0",
            "lane_type": 4
        },
        {
            "pos": {
                "x": 566847.6578519023,
                "y": 4318046.195195343,
                "yaw": -2.797954186101909
            },
            "heading": -2.797954186101909,
            "speeds": {
                "vmax": 15.0
            },
            "type": 2,
            "driving_direction": 1,
            "id": "1561_0",
            "lane_type": 4
        },
        {
            "pos": {
                "x": 566847.1901843533,
                "y": 4318046.025655173,
                "yaw": -2.7892991877990574
            },
            "heading": -2.7892991877990574,
            "speeds": {
                "vmax": 15.0
            },
            "type": 2,
            "driving_direction": 1,
            "id": "1561_0",
            "lane_type": 4
        },
        {
            "pos": {
                "x": 566846.7240513006,
                "y": 4318045.851895573,
                "yaw": -2.7802140249168
            },
            "heading": -2.7802140249168,
            "speeds": {
                "vmax": 15.0
            },
            "type": 2,
            "driving_direction": 1,
            "id": "1561_0",
            "lane_type": 4
        },
        {
            "pos": {
                "x": 566846.2595192271,
                "y": 4318045.673877684,
                "yaw": -2.771070792719013
            },
            "heading": -2.771070792719013,
            "speeds": {
                "vmax": 15.0
            },
            "type": 2,
            "driving_direction": 1,
            "id": "1561_0",
            "lane_type": 4
        },
        {
            "pos": {
                "x": 566845.7966297301,
                "y": 4318045.491617512,
                "yaw": -2.7618623518861343
            },
            "heading": -2.7618623518861343,
            "speeds": {
                "vmax": 15.0
            },
            "type": 2,
            "driving_direction": 1,
            "id": "1561_0",
            "lane_type": 4
        },
        {
            "pos": {
                "x": 566845.3354688911,
                "y": 4318045.305078307,
                "yaw": -2.752409132446869
            },
            "heading": -2.752409132446869,
            "speeds": {
                "vmax": 15.0
            },
            "type": 2,
            "driving_direction": 1,
            "id": "1561_0",
            "lane_type": 4
        },
        {
            "pos": {
                "x": 566844.8761624017,
                "y": 4318045.114120299,
                "yaw": -2.7426353190403456
            },
            "heading": -2.7426353190403456,
            "speeds": {
                "vmax": 15.0
            },
            "type": 2,
            "driving_direction": 1,
            "id": "1561_0",
            "lane_type": 4
        },
        {
            "pos": {
                "x": 566844.4187608757,
                "y": 4318044.918612909,
                "yaw": -2.7327622880868168
            },
            "heading": -2.7327622880868168,
            "speeds": {
                "vmax": 15.0
            },
            "type": 2,
            "driving_direction": 1,
            "id": "1561_0",
            "lane_type": 4
        },
        {
            "pos": {
                "x": 566843.9633115605,
                "y": 4318044.718622489,
                "yaw": -2.7231286424711882
            },
            "heading": -2.7231286424711882,
            "speeds": {
                "vmax": 15.0
            },
            "type": 2,
            "driving_direction": 1,
            "id": "1561_0",
            "lane_type": 4
        },
        {
            "pos": {
                "x": 566843.5100621935,
                "y": 4318044.514474979,
                "yaw": -2.713667552929356
            },
            "heading": -2.713667552929356,
            "speeds": {
                "vmax": 15.0
            },
            "type": 2,
            "driving_direction": 1,
            "id": "1561_0",
            "lane_type": 4
        },
        {
            "pos": {
                "x": 566843.0581468698,
                "y": 4318044.305754298,
                "yaw": -2.7042807984538486
            },
            "heading": -2.7042807984538486,
            "speeds": {
                "vmax": 15.0
            },
            "type": 2,
            "driving_direction": 1,
            "id": "1561_0",
            "lane_type": 4
        },
        {
            "pos": {
                "x": 566842.6084955068,
                "y": 4318044.092978206,
                "yaw": -2.695037091453875
            },
            "heading": -2.695037091453875,
            "speeds": {
                "vmax": 15.0
            },
            "type": 2,
            "driving_direction": 1,
            "id": "1561_0",
            "lane_type": 4
        },
        {
            "pos": {
                "x": 566842.1607977315,
                "y": 4318043.876075402,
                "yaw": -2.686309402511064
            },
            "heading": -2.686309402511064,
            "speeds": {
                "vmax": 15.0
            },
            "type": 2,
            "driving_direction": 1,
            "id": "1561_0",
            "lane_type": 4
        },
        {
            "pos": {
                "x": 566841.7148989311,
                "y": 4318043.655470431,
                "yaw": -2.6784512537724674
            },
            "heading": -2.6784512537724674,
            "speeds": {
                "vmax": 15.0
            },
            "type": 2,
            "driving_direction": 1,
            "id": "1561_0",
            "lane_type": 4
        },
        {
            "pos": {
                "x": 566841.2705029715,
                "y": 4318043.431475669,
                "yaw": -2.6707617487088875
            },
            "heading": -2.6707617487088875,
            "speeds": {
                "vmax": 15.0
            },
            "type": 2,
            "driving_direction": 1,
            "id": "1561_0",
            "lane_type": 4
        },
        {
            "pos": {
                "x": 566840.8282597929,
                "y": 4318043.204138453,
                "yaw": -2.6627792096667093
            },
            "heading": -2.6627792096667093,
            "speeds": {
                "vmax": 15.0
            },
            "type": 2,
            "driving_direction": 1,
            "id": "1561_0",
            "lane_type": 4
        },
        {
            "pos": {
                "x": 566840.3877296993,
                "y": 4318042.973203683,
                "yaw": -2.654890939249624
            },
            "heading": -2.654890939249624,
            "speeds": {
                "vmax": 15.0
            },
            "type": 2,
            "driving_direction": 1,
            "id": "1561_0",
            "lane_type": 4
        },
        {
            "pos": {
                "x": 566839.9492340472,
                "y": 4318042.738978119,
                "yaw": -2.648021664530038
            },
            "heading": -2.648021664530038,
            "speeds": {
                "vmax": 15.0
            },
            "type": 2,
            "driving_direction": 1,
            "id": "1561_0",
            "lane_type": 4
        },
        {
            "pos": {
                "x": 566839.512203231,
                "y": 4318042.502179794,
                "yaw": -2.6426881594213434
            },
            "heading": -2.6426881594213434,
            "speeds": {
                "vmax": 15.0
            },
            "type": 2,
            "driving_direction": 1,
            "id": "1561_0",
            "lane_type": 4
        },
        {
            "pos": {
                "x": 566839.0768480683,
                "y": 4318042.263631493,
                "yaw": -2.63824797895624
            },
            "heading": -2.63824797895624,
            "speeds": {
                "vmax": 15.0
            },
            "type": 2,
            "driving_direction": 1,
            "id": "1561_0",
            "lane_type": 4
        },
        {
            "pos": {
                "x": 566838.6417196156,
                "y": 4318042.022850192,
                "yaw": -2.634644635848786
            },
            "heading": -2.634644635848786,
            "speeds": {
                "vmax": 15.0
            },
            "type": 2,
            "driving_direction": 1,
            "id": "1561_0",
            "lane_type": 4
        },
        {
            "pos": {
                "x": 566838.2069119762,
                "y": 4318041.780508125,
                "yaw": -2.631384000678295
            },
            "heading": -2.631384000678295,
            "speeds": {
                "vmax": 15.0
            },
            "type": 2,
            "driving_direction": 1,
            "id": "1561_0",
            "lane_type": 4
        }
    ]
}