{
    "header": {
        "trace_id": "9c350d0d02b647cbafa480597b01b793",
        "trans_id": "bed059ec-f1a4-4b07-b384-4146988e7428",
        "che_id": "A529",
        "timestamp": "2025-02-19T17:21:45.812651Z"
    },
    "task_id": "9c350d0d02b647cbafa480597b01b793",
    "navi_id": "A529_9c350d0d02b647cbafa480597b01b793_22",
    "seq_num": 22,
    "dest_type": 1,
    "mode": 2,
    "waypoints": [
        {
            "pos": {
                "x": 566823.4594518171,
                "y": 4317902.414099211,
                "yaw": -1.3424726930729947
            },
            "heading": -1.3424726930729947,
            "speeds": {
                "vmax": 15.0
            },
            "type": 1,
            "driving_direction": 1,
            "id": "1280_2",
            "lane_type": 22
        },
        {
            "pos": {
                "x": 566823.5722901071,
                "y": 4317901.926998071,
                "yaw": -1.3424726930729947
            },
            "heading": -1.3424726930729947,
            "speeds": {
                "vmax": 15.0
            },
            "type": 1,
            "driving_direction": 1,
            "id": "1280_2",
            "lane_type": 22
        },
        {
            "pos": {
                "x": 566823.6851283971,
                "y": 4317901.439896931,
                "yaw": -1.3424726930729947
            },
            "heading": -1.3424726930729947,
            "speeds": {
                "vmax": 15.0
            },
            "type": 1,
            "driving_direction": 1,
            "id": "1280_2",
            "lane_type": 22
        },
        {
            "pos": {
                "x": 566823.7979666871,
                "y": 4317900.952795791,
                "yaw": -1.3424726930729947
            },
            "heading": -1.3424726930729947,
            "speeds": {
                "vmax": 15.0
            },
            "type": 1,
            "driving_direction": 1,
            "id": "1280_2",
            "lane_type": 22
        },
        {
            "pos": {
                "x": 566823.9108049772,
                "y": 4317900.465694652,
                "yaw": -1.3424726930729947
            },
            "heading": -1.3424726930729947,
            "speeds": {
                "vmax": 15.0
            },
            "type": 1,
            "driving_direction": 1,
            "id": "1280_2",
            "lane_type": 22
        },
        {
            "pos": {
                "x": 566824.0236432671,
                "y": 4317899.978593512,
                "yaw": -1.3424726930729947
            },
            "heading": -1.3424726930729947,
            "speeds": {
                "vmax": 15.0
            },
            "type": 1,
            "driving_direction": 1,
            "id": "1280_2",
            "lane_type": 22
        },
        {
            "pos": {
                "x": 566824.1364815572,
                "y": 4317899.491492373,
                "yaw": -1.3424726930729947
            },
            "heading": -1.3424726930729947,
            "speeds": {
                "vmax": 15.0
            },
            "type": 1,
            "driving_direction": 1,
            "id": "1280_2",
            "lane_type": 22
        },
        {
            "pos": {
                "x": 566824.2493198471,
                "y": 4317899.0043912325,
                "yaw": -1.3424726930729947
            },
            "heading": -1.3424726930729947,
            "speeds": {
                "vmax": 15.0
            },
            "type": 1,
            "driving_direction": 1,
            "id": "1280_2",
            "lane_type": 22
        },
        {
            "pos": {
                "x": 566824.3621581371,
                "y": 4317898.517290093,
                "yaw": -1.3424726930729947
            },
            "heading": -1.3424726930729947,
            "speeds": {
                "vmax": 15.0
            },
            "type": 1,
            "driving_direction": 1,
            "id": "1280_2",
            "lane_type": 22
        },
        {
            "pos": {
                "x": 566824.4749964272,
                "y": 4317898.0301889535,
                "yaw": -1.3424726930729947
            },
            "heading": -1.3424726930729947,
            "speeds": {
                "vmax": 15.0
            },
            "type": 1,
            "driving_direction": 1,
            "id": "1280_2",
            "lane_type": 22
        },
        {
            "pos": {
                "x": 566824.5878347171,
                "y": 4317897.543087814,
                "yaw": -1.3424726930729947
            },
            "heading": -1.3424726930729947,
            "speeds": {
                "vmax": 15.0
            },
            "type": 1,
            "driving_direction": 1,
            "id": "1280_2",
            "lane_type": 22
        },
        {
            "pos": {
                "x": 566824.7006730072,
                "y": 4317897.055986674,
                "yaw": -1.3424726930729947
            },
            "heading": -1.3424726930729947,
            "speeds": {
                "vmax": 15.0
            },
            "type": 1,
            "driving_direction": 1,
            "id": "1280_2",
            "lane_type": 22
        },
        {
            "pos": {
                "x": 566824.8135112972,
                "y": 4317896.568885534,
                "yaw": -1.3424726930729947
            },
            "heading": -1.3424726930729947,
            "speeds": {
                "vmax": 15.0
            },
            "type": 1,
            "driving_direction": 1,
            "id": "1280_2",
            "lane_type": 22
        },
        {
            "pos": {
                "x": 566824.9263495872,
                "y": 4317896.081784395,
                "yaw": -1.3424726930729947
            },
            "heading": -1.3424726930729947,
            "speeds": {
                "vmax": 15.0
            },
            "type": 1,
            "driving_direction": 1,
            "id": "1280_2",
            "lane_type": 22
        },
        {
            "pos": {
                "x": 566825.0391878772,
                "y": 4317895.594683255,
                "yaw": -1.3424726930729947
            },
            "heading": -1.3424726930729947,
            "speeds": {
                "vmax": 15.0
            },
            "type": 1,
            "driving_direction": 1,
            "id": "1280_2",
            "lane_type": 22
        },
        {
            "pos": {
                "x": 566825.1520261671,
                "y": 4317895.107582115,
                "yaw": -1.3424726930729947
            },
            "heading": -1.3424726930729947,
            "speeds": {
                "vmax": 15.0
            },
            "type": 1,
            "driving_direction": 1,
            "id": "1280_2",
            "lane_type": 22
        },
        {
            "pos": {
                "x": 566825.2648644572,
                "y": 4317894.620480975,
                "yaw": -1.3424726930729947
            },
            "heading": -1.3424726930729947,
            "speeds": {
                "vmax": 15.0
            },
            "type": 1,
            "driving_direction": 1,
            "id": "1280_2",
            "lane_type": 22
        },
        {
            "pos": {
                "x": 566825.3777027472,
                "y": 4317894.133379836,
                "yaw": -1.3424726930729947
            },
            "heading": -1.3424726930729947,
            "speeds": {
                "vmax": 15.0
            },
            "type": 1,
            "driving_direction": 1,
            "id": "1280_2",
            "lane_type": 22
        },
        {
            "pos": {
                "x": 566825.4905410372,
                "y": 4317893.646278696,
                "yaw": -1.3424726930729947
            },
            "heading": -1.3424726930729947,
            "speeds": {
                "vmax": 15.0
            },
            "type": 1,
            "driving_direction": 1,
            "id": "1280_2",
            "lane_type": 22
        },
        {
            "pos": {
                "x": 566825.6033793272,
                "y": 4317893.159177557,
                "yaw": -1.3424726930729947
            },
            "heading": -1.3424726930729947,
            "speeds": {
                "vmax": 15.0
            },
            "type": 1,
            "driving_direction": 1,
            "id": "1280_2",
            "lane_type": 22
        },
        {
            "pos": {
                "x": 566825.7162176173,
                "y": 4317892.672076416,
                "yaw": -1.3424726930729947
            },
            "heading": -1.3424726930729947,
            "speeds": {
                "vmax": 15.0
            },
            "type": 1,
            "driving_direction": 1,
            "id": "1280_2",
            "lane_type": 22
        },
        {
            "pos": {
                "x": 566825.8290559072,
                "y": 4317892.184975277,
                "yaw": -1.3424726930729947
            },
            "heading": -1.3424726930729947,
            "speeds": {
                "vmax": 15.0
            },
            "type": 1,
            "driving_direction": 1,
            "id": "1280_2",
            "lane_type": 22
        },
        {
            "pos": {
                "x": 566825.9418941973,
                "y": 4317891.697874137,
                "yaw": -1.3424726930729947
            },
            "heading": -1.3424726930729947,
            "speeds": {
                "vmax": 15.0
            },
            "type": 1,
            "driving_direction": 1,
            "id": "1280_2",
            "lane_type": 22
        },
        {
            "pos": {
                "x": 566826.0547324873,
                "y": 4317891.210772998,
                "yaw": -1.3424726930729947
            },
            "heading": -1.3424726930729947,
            "speeds": {
                "vmax": 15.0
            },
            "type": 1,
            "driving_direction": 1,
            "id": "1280_2",
            "lane_type": 22
        },
        {
            "pos": {
                "x": 566826.1675707772,
                "y": 4317890.723671857,
                "yaw": -1.3424726930729947
            },
            "heading": -1.3424726930729947,
            "speeds": {
                "vmax": 15.0
            },
            "type": 1,
            "driving_direction": 1,
            "id": "1280_2",
            "lane_type": 22
        },
        {
            "pos": {
                "x": 566826.2804090673,
                "y": 4317890.236570718,
                "yaw": -1.3424726930729947
            },
            "heading": -1.3424726930729947,
            "speeds": {
                "vmax": 15.0
            },
            "type": 1,
            "driving_direction": 1,
            "id": "1280_2",
            "lane_type": 22
        },
        {
            "pos": {
                "x": 566826.3932473572,
                "y": 4317889.749469578,
                "yaw": -1.3424726930729947
            },
            "heading": -1.3424726930729947,
            "speeds": {
                "vmax": 15.0
            },
            "type": 1,
            "driving_direction": 1,
            "id": "1280_2",
            "lane_type": 22
        },
        {
            "pos": {
                "x": 566826.5060856473,
                "y": 4317889.262368439,
                "yaw": -1.3424726930729947
            },
            "heading": -1.3424726930729947,
            "speeds": {
                "vmax": 15.0
            },
            "type": 1,
            "driving_direction": 1,
            "id": "1280_2",
            "lane_type": 22
        },
        {
            "pos": {
                "x": 566826.6189239373,
                "y": 4317888.775267299,
                "yaw": -1.3424726930729947
            },
            "heading": -1.3424726930729947,
            "speeds": {
                "vmax": 15.0
            },
            "type": 1,
            "driving_direction": 1,
            "id": "1280_2",
            "lane_type": 22
        },
        {
            "pos": {
                "x": 566826.7317622273,
                "y": 4317888.288166159,
                "yaw": -1.3424726930729947
            },
            "heading": -1.3424726930729947,
            "speeds": {
                "vmax": 15.0
            },
            "type": 1,
            "driving_direction": 1,
            "id": "1280_2",
            "lane_type": 22
        },
        {
            "pos": {
                "x": 566826.8446005173,
                "y": 4317887.801065019,
                "yaw": -1.3424726930729947
            },
            "heading": -1.3424726930729947,
            "speeds": {
                "vmax": 15.0
            },
            "type": 1,
            "driving_direction": 1,
            "id": "1280_2",
            "lane_type": 22
        },
        {
            "pos": {
                "x": 566826.9574388074,
                "y": 4317887.31396388,
                "yaw": -1.3424726930729947
            },
            "heading": -1.3424726930729947,
            "speeds": {
                "vmax": 15.0
            },
            "type": 1,
            "driving_direction": 1,
            "id": "1280_2",
            "lane_type": 22
        },
        {
            "pos": {
                "x": 566827.0702770973,
                "y": 4317886.82686274,
                "yaw": -1.3424726930729947
            },
            "heading": -1.3424726930729947,
            "speeds": {
                "vmax": 15.0
            },
            "type": 1,
            "driving_direction": 1,
            "id": "1280_2",
            "lane_type": 22
        },
        {
            "pos": {
                "x": 566827.1831153873,
                "y": 4317886.3397616,
                "yaw": -1.3424726930729947
            },
            "heading": -1.3424726930729947,
            "speeds": {
                "vmax": 15.0
            },
            "type": 1,
            "driving_direction": 1,
            "id": "1280_2",
            "lane_type": 22
        },
        {
            "pos": {
                "x": 566827.2959536773,
                "y": 4317885.85266046,
                "yaw": -1.3424726930729947
            },
            "heading": -1.3424726930729947,
            "speeds": {
                "vmax": 15.0
            },
            "type": 1,
            "driving_direction": 1,
            "id": "1280_2",
            "lane_type": 22
        },
        {
            "pos": {
                "x": 566827.4087919673,
                "y": 4317885.365559321,
                "yaw": -1.3424726930729947
            },
            "heading": -1.3424726930729947,
            "speeds": {
                "vmax": 15.0
            },
            "type": 1,
            "driving_direction": 1,
            "id": "1280_2",
            "lane_type": 22
        },
        {
            "pos": {
                "x": 566827.5216302574,
                "y": 4317884.878458181,
                "yaw": -1.3424726930729947
            },
            "heading": -1.3424726930729947,
            "speeds": {
                "vmax": 15.0
            },
            "type": 1,
            "driving_direction": 1,
            "id": "1280_2",
            "lane_type": 22
        },
        {
            "pos": {
                "x": 566827.6344685473,
                "y": 4317884.391357041,
                "yaw": -1.3424726930729947
            },
            "heading": -1.3424726930729947,
            "speeds": {
                "vmax": 15.0
            },
            "type": 1,
            "driving_direction": 1,
            "id": "1280_2",
            "lane_type": 22
        },
        {
            "pos": {
                "x": 566827.7473068374,
                "y": 4317883.904255901,
                "yaw": -1.3424726930729947
            },
            "heading": -1.3424726930729947,
            "speeds": {
                "vmax": 15.0
            },
            "type": 1,
            "driving_direction": 1,
            "id": "1280_2",
            "lane_type": 22
        },
        {
            "pos": {
                "x": 566827.8601451274,
                "y": 4317883.417154762,
                "yaw": -1.3424726930729947
            },
            "heading": -1.3424726930729947,
            "speeds": {
                "vmax": 15.0
            },
            "type": 1,
            "driving_direction": 1,
            "id": "1280_2",
            "lane_type": 22
        },
        {
            "pos": {
                "x": 566827.9729834173,
                "y": 4317882.930053622,
                "yaw": -1.3424726930729947
            },
            "heading": -1.3424726930729947,
            "speeds": {
                "vmax": 15.0
            },
            "type": 1,
            "driving_direction": 1,
            "id": "1280_2",
            "lane_type": 22
        },
        {
            "pos": {
                "x": 566828.0858217074,
                "y": 4317882.442952483,
                "yaw": -1.3424726930729947
            },
            "heading": -1.3424726930729947,
            "speeds": {
                "vmax": 15.0
            },
            "type": 1,
            "driving_direction": 1,
            "id": "1280_2",
            "lane_type": 22
        },
        {
            "pos": {
                "x": 566828.1986599974,
                "y": 4317881.9558513425,
                "yaw": -1.3424726930729947
            },
            "heading": -1.3424726930729947,
            "speeds": {
                "vmax": 15.0
            },
            "type": 1,
            "driving_direction": 1,
            "id": "1280_2",
            "lane_type": 22
        },
        {
            "pos": {
                "x": 566828.3114982874,
                "y": 4317881.468750203,
                "yaw": -1.3424726930729947
            },
            "heading": -1.3424726930729947,
            "speeds": {
                "vmax": 15.0
            },
            "type": 1,
            "driving_direction": 1,
            "id": "1280_2",
            "lane_type": 22
        },
        {
            "pos": {
                "x": 566828.4243365774,
                "y": 4317880.9816490635,
                "yaw": -1.3424726930729947
            },
            "heading": -1.3424726930729947,
            "speeds": {
                "vmax": 15.0
            },
            "type": 1,
            "driving_direction": 1,
            "id": "1280_2",
            "lane_type": 22
        },
        {
            "pos": {
                "x": 566828.5371748673,
                "y": 4317880.494547924,
                "yaw": -1.3424726930729947
            },
            "heading": -1.3424726930729947,
            "speeds": {
                "vmax": 15.0
            },
            "type": 1,
            "driving_direction": 1,
            "id": "1280_2",
            "lane_type": 22
        },
        {
            "pos": {
                "x": 566828.6500131574,
                "y": 4317880.007446784,
                "yaw": -1.3424726930729947
            },
            "heading": -1.3424726930729947,
            "speeds": {
                "vmax": 15.0
            },
            "type": 1,
            "driving_direction": 1,
            "id": "1280_2",
            "lane_type": 22
        },
        {
            "pos": {
                "x": 566828.7628514474,
                "y": 4317879.520345644,
                "yaw": -1.3424726930729947
            },
            "heading": -1.3424726930729947,
            "speeds": {
                "vmax": 15.0
            },
            "type": 1,
            "driving_direction": 1,
            "id": "1280_2",
            "lane_type": 22
        },
        {
            "pos": {
                "x": 566828.8756897374,
                "y": 4317879.033244505,
                "yaw": -1.3424726930729947
            },
            "heading": -1.3424726930729947,
            "speeds": {
                "vmax": 15.0
            },
            "type": 1,
            "driving_direction": 1,
            "id": "1280_2",
            "lane_type": 22
        },
        {
            "pos": {
                "x": 566828.9885280274,
                "y": 4317878.546143365,
                "yaw": -1.3424726930729947
            },
            "heading": -1.3424726930729947,
            "speeds": {
                "vmax": 15.0
            },
            "type": 1,
            "driving_direction": 1,
            "id": "1280_2",
            "lane_type": 22
        },
        {
            "pos": {
                "x": 566829.1013663175,
                "y": 4317878.059042226,
                "yaw": -1.3424726930729947
            },
            "heading": -1.3424726930729947,
            "speeds": {
                "vmax": 15.0
            },
            "type": 1,
            "driving_direction": 1,
            "id": "1280_2",
            "lane_type": 22
        },
        {
            "pos": {
                "x": 566829.2142046074,
                "y": 4317877.571941085,
                "yaw": -1.3424726930729947
            },
            "heading": -1.3424726930729947,
            "speeds": {
                "vmax": 15.0
            },
            "type": 1,
            "driving_direction": 1,
            "id": "1280_2",
            "lane_type": 22
        },
        {
            "pos": {
                "x": 566829.3270428975,
                "y": 4317877.084839946,
                "yaw": -1.3424726930729947
            },
            "heading": -1.3424726930729947,
            "speeds": {
                "vmax": 15.0
            },
            "type": 1,
            "driving_direction": 1,
            "id": "1280_2",
            "lane_type": 22
        },
        {
            "pos": {
                "x": 566829.4398811874,
                "y": 4317876.597738806,
                "yaw": -1.3424726930729947
            },
            "heading": -1.3424726930729947,
            "speeds": {
                "vmax": 15.0
            },
            "type": 1,
            "driving_direction": 1,
            "id": "1280_2",
            "lane_type": 22
        },
        {
            "pos": {
                "x": 566829.5527194774,
                "y": 4317876.110637667,
                "yaw": -1.3424726930729947
            },
            "heading": -1.3424726930729947,
            "speeds": {
                "vmax": 15.0
            },
            "type": 1,
            "driving_direction": 1,
            "id": "1280_2",
            "lane_type": 22
        },
        {
            "pos": {
                "x": 566829.6655577675,
                "y": 4317875.623536526,
                "yaw": -1.3424726930729947
            },
            "heading": -1.3424726930729947,
            "speeds": {
                "vmax": 15.0
            },
            "type": 1,
            "driving_direction": 1,
            "id": "1280_2",
            "lane_type": 22
        },
        {
            "pos": {
                "x": 566829.7783960574,
                "y": 4317875.136435387,
                "yaw": -1.3424726930729947
            },
            "heading": -1.3424726930729947,
            "speeds": {
                "vmax": 15.0
            },
            "type": 1,
            "driving_direction": 1,
            "id": "1280_2",
            "lane_type": 22
        },
        {
            "pos": {
                "x": 566829.8912343475,
                "y": 4317874.649334247,
                "yaw": -1.3424726930729947
            },
            "heading": -1.3424726930729947,
            "speeds": {
                "vmax": 15.0
            },
            "type": 1,
            "driving_direction": 1,
            "id": "1280_2",
            "lane_type": 22
        },
        {
            "pos": {
                "x": 566830.0040726375,
                "y": 4317874.162233108,
                "yaw": -1.3424726930729947
            },
            "heading": -1.3424726930729947,
            "speeds": {
                "vmax": 15.0
            },
            "type": 1,
            "driving_direction": 1,
            "id": "1280_2",
            "lane_type": 22
        },
        {
            "pos": {
                "x": 566830.1169109275,
                "y": 4317873.675131968,
                "yaw": -1.3424726930729947
            },
            "heading": -1.3424726930729947,
            "speeds": {
                "vmax": 15.0
            },
            "type": 1,
            "driving_direction": 1,
            "id": "1280_2",
            "lane_type": 22
        },
        {
            "pos": {
                "x": 566830.2297492175,
                "y": 4317873.188030828,
                "yaw": -1.3424726930729947
            },
            "heading": -1.3424726930729947,
            "speeds": {
                "vmax": 15.0
            },
            "type": 1,
            "driving_direction": 1,
            "id": "1280_2",
            "lane_type": 22
        },
        {
            "pos": {
                "x": 566830.3425875074,
                "y": 4317872.700929688,
                "yaw": -1.3424726930729947
            },
            "heading": -1.3424726930729947,
            "speeds": {
                "vmax": 15.0
            },
            "type": 1,
            "driving_direction": 1,
            "id": "1280_2",
            "lane_type": 22
        },
        {
            "pos": {
                "x": 566830.4554257975,
                "y": 4317872.213828549,
                "yaw": -1.3424726930729947
            },
            "heading": -1.3424726930729947,
            "speeds": {
                "vmax": 15.0
            },
            "type": 1,
            "driving_direction": 1,
            "id": "1280_2",
            "lane_type": 22
        },
        {
            "pos": {
                "x": 566830.5682640875,
                "y": 4317871.726727409,
                "yaw": -1.3424726930729947
            },
            "heading": -1.3424726930729947,
            "speeds": {
                "vmax": 15.0
            },
            "type": 1,
            "driving_direction": 1,
            "id": "1280_2",
            "lane_type": 22
        },
        {
            "pos": {
                "x": 566830.6811023775,
                "y": 4317871.239626269,
                "yaw": -1.3424726930729947
            },
            "heading": -1.3424726930729947,
            "speeds": {
                "vmax": 15.0
            },
            "type": 1,
            "driving_direction": 1,
            "id": "1280_2",
            "lane_type": 22
        },
        {
            "pos": {
                "x": 566830.7939406675,
                "y": 4317870.752525129,
                "yaw": -1.3424726930729947
            },
            "heading": -1.3424726930729947,
            "speeds": {
                "vmax": 15.0
            },
            "type": 1,
            "driving_direction": 1,
            "id": "1280_2",
            "lane_type": 22
        },
        {
            "pos": {
                "x": 566830.9067789576,
                "y": 4317870.26542399,
                "yaw": -1.3424726930729947
            },
            "heading": -1.3424726930729947,
            "speeds": {
                "vmax": 15.0
            },
            "type": 1,
            "driving_direction": 1,
            "id": "1280_2",
            "lane_type": 22
        },
        {
            "pos": {
                "x": 566831.0196172475,
                "y": 4317869.77832285,
                "yaw": -1.3424726930729947
            },
            "heading": -1.3424726930729947,
            "speeds": {
                "vmax": 15.0
            },
            "type": 1,
            "driving_direction": 1,
            "id": "1280_2",
            "lane_type": 22
        },
        {
            "pos": {
                "x": 566831.1324555376,
                "y": 4317869.29122171,
                "yaw": -1.3424726930729947
            },
            "heading": -1.3424726930729947,
            "speeds": {
                "vmax": 15.0
            },
            "type": 1,
            "driving_direction": 1,
            "id": "1280_2",
            "lane_type": 22
        },
        {
            "pos": {
                "x": 566831.2452938276,
                "y": 4317868.80412057,
                "yaw": -1.3424726930729947
            },
            "heading": -1.3424726930729947,
            "speeds": {
                "vmax": 15.0
            },
            "type": 1,
            "driving_direction": 1,
            "id": "1280_2",
            "lane_type": 22
        },
        {
            "pos": {
                "x": 566831.3581321175,
                "y": 4317868.317019431,
                "yaw": -1.3424726930729947
            },
            "heading": -1.3424726930729947,
            "speeds": {
                "vmax": 15.0
            },
            "type": 1,
            "driving_direction": 1,
            "id": "1280_2",
            "lane_type": 22
        },
        {
            "pos": {
                "x": 566831.4709704076,
                "y": 4317867.829918291,
                "yaw": -1.3424726930729947
            },
            "heading": -1.3424726930729947,
            "speeds": {
                "vmax": 15.0
            },
            "type": 1,
            "driving_direction": 1,
            "id": "1280_2",
            "lane_type": 22
        },
        {
            "pos": {
                "x": 566831.5838086975,
                "y": 4317867.342817152,
                "yaw": -1.3424726930729947
            },
            "heading": -1.3424726930729947,
            "speeds": {
                "vmax": 15.0
            },
            "type": 1,
            "driving_direction": 1,
            "id": "1280_2",
            "lane_type": 22
        },
        {
            "pos": {
                "x": 566831.6966469876,
                "y": 4317866.8557160115,
                "yaw": -1.3424726930729947
            },
            "heading": -1.3424726930729947,
            "speeds": {
                "vmax": 15.0
            },
            "type": 1,
            "driving_direction": 1,
            "id": "1280_2",
            "lane_type": 22
        },
        {
            "pos": {
                "x": 566831.8094852776,
                "y": 4317866.368614872,
                "yaw": -1.3424726930729947
            },
            "heading": -1.3424726930729947,
            "speeds": {
                "vmax": 15.0
            },
            "type": 1,
            "driving_direction": 1,
            "id": "1280_2",
            "lane_type": 22
        },
        {
            "pos": {
                "x": 566831.9223235676,
                "y": 4317865.8815137325,
                "yaw": -1.3424726930729947
            },
            "heading": -1.3424726930729947,
            "speeds": {
                "vmax": 15.0
            },
            "type": 1,
            "driving_direction": 1,
            "id": "1280_2",
            "lane_type": 22
        },
        {
            "pos": {
                "x": 566832.0351618576,
                "y": 4317865.394412593,
                "yaw": -1.3424726930729947
            },
            "heading": -1.3424726930729947,
            "speeds": {
                "vmax": 15.0
            },
            "type": 1,
            "driving_direction": 1,
            "id": "1280_2",
            "lane_type": 22
        },
        {
            "pos": {
                "x": 566832.1480001477,
                "y": 4317864.907311453,
                "yaw": -1.3424726930729947
            },
            "heading": -1.3424726930729947,
            "speeds": {
                "vmax": 15.0
            },
            "type": 1,
            "driving_direction": 1,
            "id": "1280_2",
            "lane_type": 22
        },
        {
            "pos": {
                "x": 566832.2608384376,
                "y": 4317864.420210313,
                "yaw": -1.3424726930729947
            },
            "heading": -1.3424726930729947,
            "speeds": {
                "vmax": 15.0
            },
            "type": 1,
            "driving_direction": 1,
            "id": "1280_2",
            "lane_type": 22
        },
        {
            "pos": {
                "x": 566832.3736767276,
                "y": 4317863.933109174,
                "yaw": -1.3424726930729947
            },
            "heading": -1.3424726930729947,
            "speeds": {
                "vmax": 15.0
            },
            "type": 1,
            "driving_direction": 1,
            "id": "1280_2",
            "lane_type": 22
        },
        {
            "pos": {
                "x": 566832.4865150176,
                "y": 4317863.446008034,
                "yaw": -1.3424726930729947
            },
            "heading": -1.3424726930729947,
            "speeds": {
                "vmax": 15.0
            },
            "type": 1,
            "driving_direction": 1,
            "id": "1280_2",
            "lane_type": 22
        },
        {
            "pos": {
                "x": 566832.5993533076,
                "y": 4317862.958906895,
                "yaw": -1.3424726930729947
            },
            "heading": -1.3424726930729947,
            "speeds": {
                "vmax": 15.0
            },
            "type": 1,
            "driving_direction": 1,
            "id": "1280_2",
            "lane_type": 22
        },
        {
            "pos": {
                "x": 566832.7121915977,
                "y": 4317862.471805754,
                "yaw": -1.3424726930729947
            },
            "heading": -1.3424726930729947,
            "speeds": {
                "vmax": 15.0
            },
            "type": 1,
            "driving_direction": 1,
            "id": "1280_2",
            "lane_type": 22
        },
        {
            "pos": {
                "x": 566832.8250298876,
                "y": 4317861.984704615,
                "yaw": -1.3424726930729947
            },
            "heading": -1.3424726930729947,
            "speeds": {
                "vmax": 15.0
            },
            "type": 1,
            "driving_direction": 1,
            "id": "1280_2",
            "lane_type": 22
        },
        {
            "pos": {
                "x": 566832.9378681777,
                "y": 4317861.497603475,
                "yaw": -1.3424726930729947
            },
            "heading": -1.3424726930729947,
            "speeds": {
                "vmax": 15.0
            },
            "type": 1,
            "driving_direction": 1,
            "id": "1280_2",
            "lane_type": 22
        },
        {
            "pos": {
                "x": 566833.0507064677,
                "y": 4317861.010502336,
                "yaw": -1.3424726930729947
            },
            "heading": -1.3424726930729947,
            "speeds": {
                "vmax": 15.0
            },
            "type": 1,
            "driving_direction": 1,
            "id": "1280_2",
            "lane_type": 22
        },
        {
            "pos": {
                "x": 566833.1635447576,
                "y": 4317860.523401195,
                "yaw": -1.3424726930729947
            },
            "heading": -1.3424726930729947,
            "speeds": {
                "vmax": 15.0
            },
            "type": 1,
            "driving_direction": 1,
            "id": "1280_2",
            "lane_type": 22
        },
        {
            "pos": {
                "x": 566833.2763830477,
                "y": 4317860.036300056,
                "yaw": -1.3424726930729947
            },
            "heading": -1.3424726930729947,
            "speeds": {
                "vmax": 15.0
            },
            "type": 1,
            "driving_direction": 1,
            "id": "1280_2",
            "lane_type": 22
        },
        {
            "pos": {
                "x": 566833.3892213377,
                "y": 4317859.549198916,
                "yaw": -1.3424726930729947
            },
            "heading": -1.3424726930729947,
            "speeds": {
                "vmax": 15.0
            },
            "type": 1,
            "driving_direction": 1,
            "id": "1280_2",
            "lane_type": 22
        },
        {
            "pos": {
                "x": 566833.4095165628,
                "y": 4317859.461588343,
                "yaw": -1.3424726930729947
            },
            "heading": -1.3424726930729947,
            "speeds": {
                "vmax": 15.0
            },
            "type": 1,
            "driving_direction": 1,
            "id": "1280_2",
            "lane_type": 22
        }
    ],
    "is_final_navi": true
}