{
    "header": {
        "trace_id": "COMMAND&ngSRKhTV87",
        "trans_id": "8edb900f-7927-4328-a470-052f3482a2f6",
        "che_id": "A535",
        "timestamp": "2025-02-19T17:23:09.316054Z"
    },
    "task_id": "COMMAND&ngSRKhTV87",
    "navi_id": "A535_COMMAND&ngSRKhTV87_7",
    "seq_num": 7,
    "dest_type": 3,
    "mode": 2,
    "waypoints": [
        {
            "pos": {
                "x": 566821.6149767356,
                "y": 4318030.9949024245,
                "yaw": -2.914627902646928
            },
            "heading": -2.914627902646928,
            "speeds": {
                "vmax": 20.0
            },
            "type": 1,
            "driving_direction": 1,
            "id": "1166_0",
            "lane_type": 8
        },
        {
            "pos": {
                "x": 566821.1284767964,
                "y": 4318030.8825481655,
                "yaw": -2.9146276257911685
            },
            "heading": -2.9146276257911685,
            "speeds": {
                "vmax": 20.0
            },
            "type": 1,
            "driving_direction": 1,
            "id": "1166_0",
            "lane_type": 8
        },
        {
            "pos": {
                "x": 566820.641986402,
                "y": 4318030.77019611,
                "yaw": -2.9146284044415367
            },
            "heading": -2.9146284044415367,
            "speeds": {
                "vmax": 20.0
            },
            "type": 1,
            "driving_direction": 1,
            "id": "1166_0",
            "lane_type": 8
        },
        {
            "pos": {
                "x": 566820.1554590977,
                "y": 4318030.65783553,
                "yaw": -2.914628194966071
            },
            "heading": -2.914628194966071,
            "speeds": {
                "vmax": 20.0
            },
            "type": 1,
            "driving_direction": 1,
            "id": "1166_0",
            "lane_type": 8
        },
        {
            "pos": {
                "x": 566819.6689705695,
                "y": 4318030.545483906,
                "yaw": -2.9146276178993924
            },
            "heading": -2.9146276178993924,
            "speeds": {
                "vmax": 20.0
            },
            "type": 1,
            "driving_direction": 1,
            "id": "1166_0",
            "lane_type": 8
        },
        {
            "pos": {
                "x": 566819.1824603466,
                "y": 4318030.433127271,
                "yaw": -2.9146283073884582
            },
            "heading": -2.9146283073884582,
            "speeds": {
                "vmax": 20.0
            },
            "type": 1,
            "driving_direction": 1,
            "id": "1166_0",
            "lane_type": 8
        },
        {
            "pos": {
                "x": 566818.6959542173,
                "y": 4318030.3207715815,
                "yaw": -2.9146282317044445
            },
            "heading": -2.9146282317044445,
            "speeds": {
                "vmax": 20.0
            },
            "type": 1,
            "driving_direction": 1,
            "id": "1166_0",
            "lane_type": 8
        },
        {
            "pos": {
                "x": 566818.209448718,
                "y": 4318030.208416038,
                "yaw": -2.914627266737141
            },
            "heading": -2.914627266737141,
            "speeds": {
                "vmax": 20.0
            },
            "type": 1,
            "driving_direction": 1,
            "id": "1166_0",
            "lane_type": 8
        },
        {
            "pos": {
                "x": 566817.7229468619,
                "y": 4318030.096061336,
                "yaw": -2.9146279633839574
            },
            "heading": -2.9146279633839574,
            "speeds": {
                "vmax": 20.0
            },
            "type": 1,
            "driving_direction": 1,
            "id": "1166_0",
            "lane_type": 8
        },
        {
            "pos": {
                "x": 566817.2364368325,
                "y": 4318029.983704746,
                "yaw": -2.914627798855792
            },
            "heading": -2.914627798855792,
            "speeds": {
                "vmax": 20.0
            },
            "type": 1,
            "driving_direction": 1,
            "id": "1166_0",
            "lane_type": 8
        },
        {
            "pos": {
                "x": 566816.7499298961,
                "y": 4318029.871348869,
                "yaw": -2.914627713062747
            },
            "heading": -2.914627713062747,
            "speeds": {
                "vmax": 20.0
            },
            "type": 1,
            "driving_direction": 1,
            "id": "1166_0",
            "lane_type": 8
        },
        {
            "pos": {
                "x": 566816.2634289544,
                "y": 4318029.758994378,
                "yaw": -2.9146276381136715
            },
            "heading": -2.9146276381136715,
            "speeds": {
                "vmax": 20.0
            },
            "type": 1,
            "driving_direction": 1,
            "id": "1166_0",
            "lane_type": 8
        },
        {
            "pos": {
                "x": 566815.7769222728,
                "y": 4318029.646638561,
                "yaw": -2.9146276819100327
            },
            "heading": -2.9146276819100327,
            "speeds": {
                "vmax": 20.0
            },
            "type": 1,
            "driving_direction": 1,
            "id": "1166_0",
            "lane_type": 8
        },
        {
            "pos": {
                "x": 566815.2904023771,
                "y": 4318029.534279693,
                "yaw": -2.9146277059084453
            },
            "heading": -2.9146277059084453,
            "speeds": {
                "vmax": 20.0
            },
            "type": 1,
            "driving_direction": 1,
            "id": "1166_0",
            "lane_type": 8
        },
        {
            "pos": {
                "x": 566814.8039018257,
                "y": 4318029.421925292,
                "yaw": -2.914627575902301
            },
            "heading": -2.914627575902301,
            "speeds": {
                "vmax": 20.0
            },
            "type": 1,
            "driving_direction": 1,
            "id": "1166_0",
            "lane_type": 8
        },
        {
            "pos": {
                "x": 566814.3173934701,
                "y": 4318029.309569089,
                "yaw": -2.914628027805633
            },
            "heading": -2.914628027805633,
            "speeds": {
                "vmax": 20.0
            },
            "type": 1,
            "driving_direction": 1,
            "id": "1166_0",
            "lane_type": 8
        },
        {
            "pos": {
                "x": 566813.8308779609,
                "y": 4318029.197211234,
                "yaw": -2.9146278135853483
            },
            "heading": -2.9146278135853483,
            "speeds": {
                "vmax": 20.0
            },
            "type": 1,
            "driving_direction": 1,
            "id": "1166_0",
            "lane_type": 8
        },
        {
            "pos": {
                "x": 566813.3444196044,
                "y": 4318029.084866577,
                "yaw": -2.9146273384793657
            },
            "heading": -2.9146273384793657,
            "speeds": {
                "vmax": 20.0
            },
            "type": 1,
            "driving_direction": 1,
            "id": "1166_0",
            "lane_type": 8
        },
        {
            "pos": {
                "x": 566812.8579435204,
                "y": 4318028.972517826,
                "yaw": -2.915382833094935
            },
            "heading": -2.915382833094935,
            "speeds": {
                "vmax": 20.0
            },
            "type": 1,
            "driving_direction": 1,
            "id": "1167_0",
            "lane_type": 3
        },
        {
            "pos": {
                "x": 566812.3886739068,
                "y": 4318028.864516139,
                "yaw": -2.9154236450824818
            },
            "heading": -2.9154236450824818,
            "speeds": {
                "vmax": 20.0
            },
            "type": 1,
            "driving_direction": 1,
            "id": "1167_0",
            "lane_type": 3
        },
        {
            "pos": {
                "x": 566811.919333915,
                "y": 4318028.756537637,
                "yaw": -2.9154866341170744
            },
            "heading": -2.9154866341170744,
            "speeds": {
                "vmax": 20.0
            },
            "type": 1,
            "driving_direction": 1,
            "id": "1167_0",
            "lane_type": 3
        },
        {
            "pos": {
                "x": 566811.4500152322,
                "y": 4318028.64858776,
                "yaw": -2.9155241115616906
            },
            "heading": -2.9155241115616906,
            "speeds": {
                "vmax": 20.0
            },
            "type": 1,
            "driving_direction": 1,
            "id": "1167_0",
            "lane_type": 3
        },
        {
            "pos": {
                "x": 566810.9806678834,
                "y": 4318028.540643752,
                "yaw": -2.915539259425822
            },
            "heading": -2.915539259425822,
            "speeds": {
                "vmax": 20.0
            },
            "type": 1,
            "driving_direction": 1,
            "id": "1167_0",
            "lane_type": 3
        },
        {
            "pos": {
                "x": 566810.5113425772,
                "y": 4318028.432708133,
                "yaw": -2.915537316941504
            },
            "heading": -2.915537316941504,
            "speeds": {
                "vmax": 20.0
            },
            "type": 1,
            "driving_direction": 1,
            "id": "1167_0",
            "lane_type": 3
        },
        {
            "pos": {
                "x": 566810.042007014,
                "y": 4318028.324764645,
                "yaw": -2.9155160637936195
            },
            "heading": -2.9155160637936195,
            "speeds": {
                "vmax": 20.0
            },
            "type": 1,
            "driving_direction": 1,
            "id": "1167_0",
            "lane_type": 3
        },
        {
            "pos": {
                "x": 566809.5726698649,
                "y": 4318028.216805758,
                "yaw": -2.915473663291532
            },
            "heading": -2.915473663291532,
            "speeds": {
                "vmax": 20.0
            },
            "type": 1,
            "driving_direction": 1,
            "id": "1167_0",
            "lane_type": 3
        },
        {
            "pos": {
                "x": 566809.1033392922,
                "y": 4318028.10882131,
                "yaw": -2.9154007965587834
            },
            "heading": -2.9154007965587834,
            "speeds": {
                "vmax": 20.0
            },
            "type": 1,
            "driving_direction": 1,
            "id": "1167_0",
            "lane_type": 3
        },
        {
            "pos": {
                "x": 566808.6340352795,
                "y": 4318028.000798318,
                "yaw": -2.915281040840803
            },
            "heading": -2.915281040840803,
            "speeds": {
                "vmax": 20.0
            },
            "type": 1,
            "driving_direction": 1,
            "id": "1167_0",
            "lane_type": 3
        },
        {
            "pos": {
                "x": 566808.1647610846,
                "y": 4318027.892707441,
                "yaw": -2.915062658558921
            },
            "heading": -2.915062658558921,
            "speeds": {
                "vmax": 20.0
            },
            "type": 1,
            "driving_direction": 1,
            "id": "1167_0",
            "lane_type": 3
        },
        {
            "pos": {
                "x": 566807.6954700456,
                "y": 4318027.784472151,
                "yaw": -2.9145334741787163
            },
            "heading": -2.9145334741787163,
            "speeds": {
                "vmax": 20.0
            },
            "type": 1,
            "driving_direction": 1,
            "id": "1167_0",
            "lane_type": 3
        },
        {
            "pos": {
                "x": 566807.2263162262,
                "y": 4318027.675885325,
                "yaw": -2.9130429741341
            },
            "heading": -2.9130429741341,
            "speeds": {
                "vmax": 20.0
            },
            "type": 1,
            "driving_direction": 1,
            "id": "1167_0",
            "lane_type": 3
        },
        {
            "pos": {
                "x": 566806.7573942763,
                "y": 4318027.566263644,
                "yaw": -2.9122248349938733
            },
            "heading": -2.9122248349938733,
            "speeds": {
                "vmax": 10.0
            },
            "type": 3,
            "driving_direction": 1
        },
        {
            "pos": {
                "x": 566806.2695036209,
                "y": 4318027.460540854,
                "yaw": -2.9122248349938733
            },
            "heading": -2.9122248349938733,
            "speeds": {
                "vmax": 10.0
            },
            "type": 3,
            "driving_direction": 1
        },
        {
            "pos": {
                "x": 566805.7797106005,
                "y": 4318027.370180291,
                "yaw": -2.9122248349938733
            },
            "heading": -2.9122248349938733,
            "speeds": {
                "vmax": 10.0
            },
            "type": 3,
            "driving_direction": 1
        },
        {
            "pos": {
                "x": 566805.2881181467,
                "y": 4318027.294350739,
                "yaw": -2.9122248349938733
            },
            "heading": -2.9122248349938733,
            "speeds": {
                "vmax": 10.0
            },
            "type": 3,
            "driving_direction": 1
        },
        {
            "pos": {
                "x": 566804.7948291926,
                "y": 4318027.232220986,
                "yaw": -2.9122248349938733
            },
            "heading": -2.9122248349938733,
            "speeds": {
                "vmax": 10.0
            },
            "type": 3,
            "driving_direction": 1
        },
        {
            "pos": {
                "x": 566804.2999466707,
                "y": 4318027.182959821,
                "yaw": -2.9122248349938733
            },
            "heading": -2.9122248349938733,
            "speeds": {
                "vmax": 10.0
            },
            "type": 3,
            "driving_direction": 1
        },
        {
            "pos": {
                "x": 566803.8035735126,
                "y": 4318027.1457360275,
                "yaw": -2.9122248349938733
            },
            "heading": -2.9122248349938733,
            "speeds": {
                "vmax": 10.0
            },
            "type": 3,
            "driving_direction": 1
        },
        {
            "pos": {
                "x": 566803.3058126512,
                "y": 4318027.119718394,
                "yaw": -2.9122248349938733
            },
            "heading": -2.9122248349938733,
            "speeds": {
                "vmax": 10.0
            },
            "type": 3,
            "driving_direction": 1
        },
        {
            "pos": {
                "x": 566802.8067670186,
                "y": 4318027.1040757075,
                "yaw": -2.9122248349938733
            },
            "heading": -2.9122248349938733,
            "speeds": {
                "vmax": 10.0
            },
            "type": 3,
            "driving_direction": 1
        },
        {
            "pos": {
                "x": 566802.3065395477,
                "y": 4318027.097976758,
                "yaw": -2.9122248349938733
            },
            "heading": -2.9122248349938733,
            "speeds": {
                "vmax": 10.0
            },
            "type": 3,
            "driving_direction": 1
        },
        {
            "pos": {
                "x": 566801.8052331704,
                "y": 4318027.10059033,
                "yaw": -2.9122248349938733
            },
            "heading": -2.9122248349938733,
            "speeds": {
                "vmax": 10.0
            },
            "type": 3,
            "driving_direction": 1
        },
        {
            "pos": {
                "x": 566801.3029508195,
                "y": 4318027.111085209,
                "yaw": -2.9122248349938733
            },
            "heading": -2.9122248349938733,
            "speeds": {
                "vmax": 10.0
            },
            "type": 3,
            "driving_direction": 1
        },
        {
            "pos": {
                "x": 566800.7997954274,
                "y": 4318027.128630187,
                "yaw": -2.9122248349938733
            },
            "heading": -2.9122248349938733,
            "speeds": {
                "vmax": 10.0
            },
            "type": 3,
            "driving_direction": 1
        },
        {
            "pos": {
                "x": 566800.2958699255,
                "y": 4318027.152394044,
                "yaw": -2.9122248349938733
            },
            "heading": -2.9122248349938733,
            "speeds": {
                "vmax": 10.0
            },
            "type": 3,
            "driving_direction": 1
        },
        {
            "pos": {
                "x": 566799.7912772477,
                "y": 4318027.181545576,
                "yaw": -2.9122248349938733
            },
            "heading": -2.9122248349938733,
            "speeds": {
                "vmax": 10.0
            },
            "type": 3,
            "driving_direction": 1
        },
        {
            "pos": {
                "x": 566799.2861203252,
                "y": 4318027.215253562,
                "yaw": -2.9122248349938733
            },
            "heading": -2.9122248349938733,
            "speeds": {
                "vmax": 10.0
            },
            "type": 3,
            "driving_direction": 1
        },
        {
            "pos": {
                "x": 566798.7805020912,
                "y": 4318027.252686795,
                "yaw": -2.9122248349938733
            },
            "heading": -2.9122248349938733,
            "speeds": {
                "vmax": 10.0
            },
            "type": 3,
            "driving_direction": 1
        },
        {
            "pos": {
                "x": 566798.2745254776,
                "y": 4318027.29301406,
                "yaw": -2.9122248349938733
            },
            "heading": -2.9122248349938733,
            "speeds": {
                "vmax": 10.0
            },
            "type": 3,
            "driving_direction": 1
        },
        {
            "pos": {
                "x": 566797.7682934171,
                "y": 4318027.335404143,
                "yaw": -2.9122248349938733
            },
            "heading": -2.9122248349938733,
            "speeds": {
                "vmax": 10.0
            },
            "type": 3,
            "driving_direction": 1
        },
        {
            "pos": {
                "x": 566797.2619088417,
                "y": 4318027.379025832,
                "yaw": -2.9122248349938733
            },
            "heading": -2.9122248349938733,
            "speeds": {
                "vmax": 10.0
            },
            "type": 3,
            "driving_direction": 1
        },
        {
            "pos": {
                "x": 566796.755474684,
                "y": 4318027.423047914,
                "yaw": -2.9122248349938733
            },
            "heading": -2.9122248349938733,
            "speeds": {
                "vmax": 10.0
            },
            "type": 3,
            "driving_direction": 1
        },
        {
            "pos": {
                "x": 566796.2490938765,
                "y": 4318027.466639176,
                "yaw": -2.9122248349938733
            },
            "heading": -2.9122248349938733,
            "speeds": {
                "vmax": 10.0
            },
            "type": 3,
            "driving_direction": 1
        },
        {
            "pos": {
                "x": 566795.7428693514,
                "y": 4318027.508968406,
                "yaw": -2.9122248349938733
            },
            "heading": -2.9122248349938733,
            "speeds": {
                "vmax": 10.0
            },
            "type": 3,
            "driving_direction": 1
        },
        {
            "pos": {
                "x": 566795.2369040414,
                "y": 4318027.549204391,
                "yaw": -2.9122248349938733
            },
            "heading": -2.9122248349938733,
            "speeds": {
                "vmax": 10.0
            },
            "type": 3,
            "driving_direction": 1
        },
        {
            "pos": {
                "x": 566794.7313008786,
                "y": 4318027.586515917,
                "yaw": -2.9122248349938733
            },
            "heading": -2.9122248349938733,
            "speeds": {
                "vmax": 10.0
            },
            "type": 3,
            "driving_direction": 1
        },
        {
            "pos": {
                "x": 566794.2261627954,
                "y": 4318027.6200717725,
                "yaw": -2.9122248349938733
            },
            "heading": -2.9122248349938733,
            "speeds": {
                "vmax": 10.0
            },
            "type": 3,
            "driving_direction": 1
        },
        {
            "pos": {
                "x": 566793.7215927243,
                "y": 4318027.649040744,
                "yaw": -2.9122248349938733
            },
            "heading": -2.9122248349938733,
            "speeds": {
                "vmax": 10.0
            },
            "type": 3,
            "driving_direction": 1
        },
        {
            "pos": {
                "x": 566793.2176935978,
                "y": 4318027.672591617,
                "yaw": -2.9122248349938733
            },
            "heading": -2.9122248349938733,
            "speeds": {
                "vmax": 10.0
            },
            "type": 3,
            "driving_direction": 1
        },
        {
            "pos": {
                "x": 566792.714568348,
                "y": 4318027.689893181,
                "yaw": -2.9122248349938733
            },
            "heading": -2.9122248349938733,
            "speeds": {
                "vmax": 10.0
            },
            "type": 3,
            "driving_direction": 1
        },
        {
            "pos": {
                "x": 566792.2123199075,
                "y": 4318027.700114224,
                "yaw": -2.9122248349938733
            },
            "heading": -2.9122248349938733,
            "speeds": {
                "vmax": 10.0
            },
            "type": 3,
            "driving_direction": 1
        },
        {
            "pos": {
                "x": 566791.7110512087,
                "y": 4318027.70242353,
                "yaw": -2.9122248349938733
            },
            "heading": -2.9122248349938733,
            "speeds": {
                "vmax": 10.0
            },
            "type": 3,
            "driving_direction": 1
        },
        {
            "pos": {
                "x": 566791.2108651838,
                "y": 4318027.695989888,
                "yaw": -2.9122248349938733
            },
            "heading": -2.9122248349938733,
            "speeds": {
                "vmax": 10.0
            },
            "type": 3,
            "driving_direction": 1
        },
        {
            "pos": {
                "x": 566790.7118647655,
                "y": 4318027.679982085,
                "yaw": -2.9122248349938733
            },
            "heading": -2.9122248349938733,
            "speeds": {
                "vmax": 10.0
            },
            "type": 3,
            "driving_direction": 1
        },
        {
            "pos": {
                "x": 566790.2141528858,
                "y": 4318027.653568908,
                "yaw": -2.9122248349938733
            },
            "heading": -2.9122248349938733,
            "speeds": {
                "vmax": 10.0
            },
            "type": 3,
            "driving_direction": 1
        },
        {
            "pos": {
                "x": 566789.7178324775,
                "y": 4318027.615919143,
                "yaw": -2.9122248349938733
            },
            "heading": -2.9122248349938733,
            "speeds": {
                "vmax": 10.0
            },
            "type": 3,
            "driving_direction": 1
        },
        {
            "pos": {
                "x": 566789.2230064729,
                "y": 4318027.566201579,
                "yaw": -2.9122248349938733
            },
            "heading": -2.9122248349938733,
            "speeds": {
                "vmax": 10.0
            },
            "type": 3,
            "driving_direction": 1
        },
        {
            "pos": {
                "x": 566788.7297778041,
                "y": 4318027.503585002,
                "yaw": -2.9122248349938733
            },
            "heading": -2.9122248349938733,
            "speeds": {
                "vmax": 10.0
            },
            "type": 3,
            "driving_direction": 1
        },
        {
            "pos": {
                "x": 566788.2382494038,
                "y": 4318027.4272382,
                "yaw": -2.9122248349938733
            },
            "heading": -2.9122248349938733,
            "speeds": {
                "vmax": 10.0
            },
            "type": 3,
            "driving_direction": 1
        },
        {
            "pos": {
                "x": 566787.7485242041,
                "y": 4318027.336329959,
                "yaw": -2.9122248349938733
            },
            "heading": -2.9122248349938733,
            "speeds": {
                "vmax": 10.0
            },
            "type": 3,
            "driving_direction": 1
        },
        {
            "pos": {
                "x": 566787.2785269285,
                "y": 4318027.234201208,
                "yaw": -2.912723211076712
            },
            "heading": -2.912723211076712,
            "speeds": {
                "vmax": 20.0
            },
            "type": 1,
            "driving_direction": 1,
            "id": "1169_1",
            "lane_type": 8
        },
        {
            "pos": {
                "x": 566786.7916116493,
                "y": 4318027.120563578,
                "yaw": -2.912723211076712
            },
            "heading": -2.912723211076712,
            "speeds": {
                "vmax": 20.0
            },
            "type": 1,
            "driving_direction": 1,
            "id": "1169_1",
            "lane_type": 8
        },
        {
            "pos": {
                "x": 566786.30469637,
                "y": 4318027.006925949,
                "yaw": -2.912723211076712
            },
            "heading": -2.912723211076712,
            "speeds": {
                "vmax": 20.0
            },
            "type": 1,
            "driving_direction": 1,
            "id": "1169_1",
            "lane_type": 8
        },
        {
            "pos": {
                "x": 566785.8177810909,
                "y": 4318026.893288319,
                "yaw": -2.912723211076712
            },
            "heading": -2.912723211076712,
            "speeds": {
                "vmax": 20.0
            },
            "type": 1,
            "driving_direction": 1,
            "id": "1169_1",
            "lane_type": 8
        },
        {
            "pos": {
                "x": 566785.3308658116,
                "y": 4318026.779650689,
                "yaw": -2.912723211076712
            },
            "heading": -2.912723211076712,
            "speeds": {
                "vmax": 20.0
            },
            "type": 1,
            "driving_direction": 1,
            "id": "1169_1",
            "lane_type": 8
        },
        {
            "pos": {
                "x": 566784.8439505324,
                "y": 4318026.66601306,
                "yaw": -2.912723211076712
            },
            "heading": -2.912723211076712,
            "speeds": {
                "vmax": 20.0
            },
            "type": 1,
            "driving_direction": 1,
            "id": "1169_1",
            "lane_type": 8
        },
        {
            "pos": {
                "x": 566784.3570352532,
                "y": 4318026.55237543,
                "yaw": -2.912723211076712
            },
            "heading": -2.912723211076712,
            "speeds": {
                "vmax": 20.0
            },
            "type": 1,
            "driving_direction": 1,
            "id": "1169_1",
            "lane_type": 8
        },
        {
            "pos": {
                "x": 566783.8701199739,
                "y": 4318026.4387378,
                "yaw": -2.912723211076712
            },
            "heading": -2.912723211076712,
            "speeds": {
                "vmax": 20.0
            },
            "type": 1,
            "driving_direction": 1,
            "id": "1169_1",
            "lane_type": 8
        },
        {
            "pos": {
                "x": 566783.3832046947,
                "y": 4318026.325100171,
                "yaw": -2.912723211076712
            },
            "heading": -2.912723211076712,
            "speeds": {
                "vmax": 20.0
            },
            "type": 1,
            "driving_direction": 1,
            "id": "1169_1",
            "lane_type": 8
        },
        {
            "pos": {
                "x": 566782.8962894154,
                "y": 4318026.2114625415,
                "yaw": -2.912723211076712
            },
            "heading": -2.912723211076712,
            "speeds": {
                "vmax": 20.0
            },
            "type": 1,
            "driving_direction": 1,
            "id": "1169_1",
            "lane_type": 8
        },
        {
            "pos": {
                "x": 566782.4093741362,
                "y": 4318026.0978249125,
                "yaw": -2.912723211076712
            },
            "heading": -2.912723211076712,
            "speeds": {
                "vmax": 20.0
            },
            "type": 1,
            "driving_direction": 1,
            "id": "1169_1",
            "lane_type": 8
        },
        {
            "pos": {
                "x": 566781.922458857,
                "y": 4318025.984187283,
                "yaw": -2.912723211076712
            },
            "heading": -2.912723211076712,
            "speeds": {
                "vmax": 20.0
            },
            "type": 1,
            "driving_direction": 1,
            "id": "1169_1",
            "lane_type": 8
        },
        {
            "pos": {
                "x": 566781.4355435778,
                "y": 4318025.870549653,
                "yaw": -2.912723211076712
            },
            "heading": -2.912723211076712,
            "speeds": {
                "vmax": 20.0
            },
            "type": 1,
            "driving_direction": 1,
            "id": "1169_1",
            "lane_type": 8
        },
        {
            "pos": {
                "x": 566780.9486282986,
                "y": 4318025.756912024,
                "yaw": -2.912723211076712
            },
            "heading": -2.912723211076712,
            "speeds": {
                "vmax": 20.0
            },
            "type": 1,
            "driving_direction": 1,
            "id": "1169_1",
            "lane_type": 8
        },
        {
            "pos": {
                "x": 566780.4617130193,
                "y": 4318025.643274394,
                "yaw": -2.912723211076712
            },
            "heading": -2.912723211076712,
            "speeds": {
                "vmax": 20.0
            },
            "type": 1,
            "driving_direction": 1,
            "id": "1169_1",
            "lane_type": 8
        },
        {
            "pos": {
                "x": 566779.9747977401,
                "y": 4318025.529636764,
                "yaw": -2.912723211076712
            },
            "heading": -2.912723211076712,
            "speeds": {
                "vmax": 20.0
            },
            "type": 1,
            "driving_direction": 1,
            "id": "1169_1",
            "lane_type": 8
        },
        {
            "pos": {
                "x": 566779.4878824608,
                "y": 4318025.415999135,
                "yaw": -2.912723211076712
            },
            "heading": -2.912723211076712,
            "speeds": {
                "vmax": 20.0
            },
            "type": 1,
            "driving_direction": 1,
            "id": "1169_1",
            "lane_type": 8
        },
        {
            "pos": {
                "x": 566779.0009671816,
                "y": 4318025.302361505,
                "yaw": -2.912723211076712
            },
            "heading": -2.912723211076712,
            "speeds": {
                "vmax": 20.0
            },
            "type": 1,
            "driving_direction": 1,
            "id": "1169_1",
            "lane_type": 8
        },
        {
            "pos": {
                "x": 566778.5140519025,
                "y": 4318025.188723875,
                "yaw": -2.912723211076712
            },
            "heading": -2.912723211076712,
            "speeds": {
                "vmax": 20.0
            },
            "type": 1,
            "driving_direction": 1,
            "id": "1169_1",
            "lane_type": 8
        },
        {
            "pos": {
                "x": 566778.0271366232,
                "y": 4318025.075086246,
                "yaw": -2.912723211076712
            },
            "heading": -2.912723211076712,
            "speeds": {
                "vmax": 20.0
            },
            "type": 1,
            "driving_direction": 1,
            "id": "1169_1",
            "lane_type": 8
        },
        {
            "pos": {
                "x": 566777.540221344,
                "y": 4318024.961448616,
                "yaw": -2.912723211076712
            },
            "heading": -2.912723211076712,
            "speeds": {
                "vmax": 20.0
            },
            "type": 1,
            "driving_direction": 1,
            "id": "1169_1",
            "lane_type": 8
        },
        {
            "pos": {
                "x": 566777.0533060647,
                "y": 4318024.847810986,
                "yaw": -2.912723211076712
            },
            "heading": -2.912723211076712,
            "speeds": {
                "vmax": 20.0
            },
            "type": 1,
            "driving_direction": 1,
            "id": "1169_1",
            "lane_type": 8
        },
        {
            "pos": {
                "x": 566776.5663907855,
                "y": 4318024.7341733575,
                "yaw": -2.912723211076712
            },
            "heading": -2.912723211076712,
            "speeds": {
                "vmax": 20.0
            },
            "type": 1,
            "driving_direction": 1,
            "id": "1169_1",
            "lane_type": 8
        },
        {
            "pos": {
                "x": 566776.0794755062,
                "y": 4318024.620535728,
                "yaw": -2.912723211076712
            },
            "heading": -2.912723211076712,
            "speeds": {
                "vmax": 20.0
            },
            "type": 1,
            "driving_direction": 1,
            "id": "1169_1",
            "lane_type": 8
        },
        {
            "pos": {
                "x": 566775.592560227,
                "y": 4318024.506898098,
                "yaw": -2.912723211076712
            },
            "heading": -2.912723211076712,
            "speeds": {
                "vmax": 20.0
            },
            "type": 1,
            "driving_direction": 1,
            "id": "1169_1",
            "lane_type": 8
        },
        {
            "pos": {
                "x": 566775.1056449478,
                "y": 4318024.393260469,
                "yaw": -2.912723211076712
            },
            "heading": -2.912723211076712,
            "speeds": {
                "vmax": 20.0
            },
            "type": 1,
            "driving_direction": 1,
            "id": "1169_1",
            "lane_type": 8
        },
        {
            "pos": {
                "x": 566774.6187296686,
                "y": 4318024.279622839,
                "yaw": -2.912723211076712
            },
            "heading": -2.912723211076712,
            "speeds": {
                "vmax": 20.0
            },
            "type": 1,
            "driving_direction": 1,
            "id": "1169_1",
            "lane_type": 8
        },
        {
            "pos": {
                "x": 566774.1318143894,
                "y": 4318024.165985209,
                "yaw": -2.912723211076712
            },
            "heading": -2.912723211076712,
            "speeds": {
                "vmax": 20.0
            },
            "type": 1,
            "driving_direction": 1,
            "id": "1169_1",
            "lane_type": 8
        },
        {
            "pos": {
                "x": 566773.6448991101,
                "y": 4318024.05234758,
                "yaw": -2.912723211076712
            },
            "heading": -2.912723211076712,
            "speeds": {
                "vmax": 20.0
            },
            "type": 1,
            "driving_direction": 1,
            "id": "1169_1",
            "lane_type": 8
        },
        {
            "pos": {
                "x": 566773.1579838309,
                "y": 4318023.93870995,
                "yaw": -2.912723211076712
            },
            "heading": -2.912723211076712,
            "speeds": {
                "vmax": 20.0
            },
            "type": 1,
            "driving_direction": 1,
            "id": "1169_1",
            "lane_type": 8
        },
        {
            "pos": {
                "x": 566772.6710685517,
                "y": 4318023.825072321,
                "yaw": -2.912723211076712
            },
            "heading": -2.912723211076712,
            "speeds": {
                "vmax": 20.0
            },
            "type": 1,
            "driving_direction": 1,
            "id": "1169_1",
            "lane_type": 8
        },
        {
            "pos": {
                "x": 566772.1841532724,
                "y": 4318023.711434691,
                "yaw": -2.912723211076712
            },
            "heading": -2.912723211076712,
            "speeds": {
                "vmax": 20.0
            },
            "type": 1,
            "driving_direction": 1,
            "id": "1169_1",
            "lane_type": 8
        },
        {
            "pos": {
                "x": 566771.6972379932,
                "y": 4318023.597797061,
                "yaw": -2.912723211076712
            },
            "heading": -2.912723211076712,
            "speeds": {
                "vmax": 20.0
            },
            "type": 1,
            "driving_direction": 1,
            "id": "1169_1",
            "lane_type": 8
        },
        {
            "pos": {
                "x": 566771.210322714,
                "y": 4318023.484159432,
                "yaw": -2.912723211076712
            },
            "heading": -2.912723211076712,
            "speeds": {
                "vmax": 20.0
            },
            "type": 1,
            "driving_direction": 1,
            "id": "1169_1",
            "lane_type": 8
        },
        {
            "pos": {
                "x": 566770.7234074348,
                "y": 4318023.370521802,
                "yaw": -2.912723211076712
            },
            "heading": -2.912723211076712,
            "speeds": {
                "vmax": 20.0
            },
            "type": 1,
            "driving_direction": 1,
            "id": "1169_1",
            "lane_type": 8
        },
        {
            "pos": {
                "x": 566770.2364921556,
                "y": 4318023.256884173,
                "yaw": -2.912723211076712
            },
            "heading": -2.912723211076712,
            "speeds": {
                "vmax": 20.0
            },
            "type": 1,
            "driving_direction": 1,
            "id": "1169_1",
            "lane_type": 8
        },
        {
            "pos": {
                "x": 566769.7495768763,
                "y": 4318023.143246544,
                "yaw": -2.912723211076712
            },
            "heading": -2.912723211076712,
            "speeds": {
                "vmax": 20.0
            },
            "type": 1,
            "driving_direction": 1,
            "id": "1169_1",
            "lane_type": 8
        },
        {
            "pos": {
                "x": 566769.2626615971,
                "y": 4318023.029608914,
                "yaw": -2.912723211076712
            },
            "heading": -2.912723211076712,
            "speeds": {
                "vmax": 20.0
            },
            "type": 1,
            "driving_direction": 1,
            "id": "1169_1",
            "lane_type": 8
        },
        {
            "pos": {
                "x": 566768.7757463178,
                "y": 4318022.915971284,
                "yaw": -2.912723211076712
            },
            "heading": -2.912723211076712,
            "speeds": {
                "vmax": 20.0
            },
            "type": 1,
            "driving_direction": 1,
            "id": "1169_1",
            "lane_type": 8
        },
        {
            "pos": {
                "x": 566768.2888310386,
                "y": 4318022.802333655,
                "yaw": -2.912723211076712
            },
            "heading": -2.912723211076712,
            "speeds": {
                "vmax": 20.0
            },
            "type": 1,
            "driving_direction": 1,
            "id": "1169_1",
            "lane_type": 8
        },
        {
            "pos": {
                "x": 566767.8019157593,
                "y": 4318022.688696025,
                "yaw": -2.912723211076712
            },
            "heading": -2.912723211076712,
            "speeds": {
                "vmax": 20.0
            },
            "type": 1,
            "driving_direction": 1,
            "id": "1169_1",
            "lane_type": 8
        },
        {
            "pos": {
                "x": 566767.3150004802,
                "y": 4318022.575058395,
                "yaw": -2.912723211076712
            },
            "heading": -2.912723211076712,
            "speeds": {
                "vmax": 20.0
            },
            "type": 1,
            "driving_direction": 1,
            "id": "1169_1",
            "lane_type": 8
        },
        {
            "pos": {
                "x": 566766.828085201,
                "y": 4318022.461420766,
                "yaw": -2.912723211076712
            },
            "heading": -2.912723211076712,
            "speeds": {
                "vmax": 20.0
            },
            "type": 1,
            "driving_direction": 1,
            "id": "1169_1",
            "lane_type": 8
        },
        {
            "pos": {
                "x": 566766.3411699217,
                "y": 4318022.347783136,
                "yaw": -2.912723211076712
            },
            "heading": -2.912723211076712,
            "speeds": {
                "vmax": 20.0
            },
            "type": 1,
            "driving_direction": 1,
            "id": "1169_1",
            "lane_type": 8
        },
        {
            "pos": {
                "x": 566765.8542546425,
                "y": 4318022.234145506,
                "yaw": -2.912723211076712
            },
            "heading": -2.912723211076712,
            "speeds": {
                "vmax": 20.0
            },
            "type": 1,
            "driving_direction": 1,
            "id": "1169_1",
            "lane_type": 8
        },
        {
            "pos": {
                "x": 566765.3673393632,
                "y": 4318022.120507877,
                "yaw": -2.912723211076712
            },
            "heading": -2.912723211076712,
            "speeds": {
                "vmax": 20.0
            },
            "type": 1,
            "driving_direction": 1,
            "id": "1169_1",
            "lane_type": 8
        },
        {
            "pos": {
                "x": 566764.880424084,
                "y": 4318022.006870247,
                "yaw": -2.912723211076712
            },
            "heading": -2.912723211076712,
            "speeds": {
                "vmax": 20.0
            },
            "type": 1,
            "driving_direction": 1,
            "id": "1169_1",
            "lane_type": 8
        },
        {
            "pos": {
                "x": 566764.3935088048,
                "y": 4318021.8932326175,
                "yaw": -2.912723211076712
            },
            "heading": -2.912723211076712,
            "speeds": {
                "vmax": 20.0
            },
            "type": 1,
            "driving_direction": 1,
            "id": "1169_1",
            "lane_type": 8
        },
        {
            "pos": {
                "x": 566763.9065935255,
                "y": 4318021.779594989,
                "yaw": -2.912723211076712
            },
            "heading": -2.912723211076712,
            "speeds": {
                "vmax": 20.0
            },
            "type": 1,
            "driving_direction": 1,
            "id": "1169_1",
            "lane_type": 8
        },
        {
            "pos": {
                "x": 566763.4196782464,
                "y": 4318021.665957359,
                "yaw": -2.912723211076712
            },
            "heading": -2.912723211076712,
            "speeds": {
                "vmax": 20.0
            },
            "type": 1,
            "driving_direction": 1,
            "id": "1169_1",
            "lane_type": 8
        },
        {
            "pos": {
                "x": 566762.9327629671,
                "y": 4318021.55231973,
                "yaw": -2.912723211076712
            },
            "heading": -2.912723211076712,
            "speeds": {
                "vmax": 20.0
            },
            "type": 1,
            "driving_direction": 1,
            "id": "1169_1",
            "lane_type": 8
        },
        {
            "pos": {
                "x": 566762.4458476879,
                "y": 4318021.4386821,
                "yaw": -2.912723211076712
            },
            "heading": -2.912723211076712,
            "speeds": {
                "vmax": 20.0
            },
            "type": 1,
            "driving_direction": 1,
            "id": "1169_1",
            "lane_type": 8
        },
        {
            "pos": {
                "x": 566761.9589324086,
                "y": 4318021.32504447,
                "yaw": -2.912723211076712
            },
            "heading": -2.912723211076712,
            "speeds": {
                "vmax": 20.0
            },
            "type": 1,
            "driving_direction": 1,
            "id": "1169_1",
            "lane_type": 8
        },
        {
            "pos": {
                "x": 566761.4720171294,
                "y": 4318021.211406841,
                "yaw": -2.912723211076712
            },
            "heading": -2.912723211076712,
            "speeds": {
                "vmax": 20.0
            },
            "type": 1,
            "driving_direction": 1,
            "id": "1169_1",
            "lane_type": 8
        },
        {
            "pos": {
                "x": 566760.9851018502,
                "y": 4318021.097769211,
                "yaw": -2.912723211076712
            },
            "heading": -2.912723211076712,
            "speeds": {
                "vmax": 20.0
            },
            "type": 1,
            "driving_direction": 1,
            "id": "1169_1",
            "lane_type": 8
        },
        {
            "pos": {
                "x": 566760.4981865709,
                "y": 4318020.984131581,
                "yaw": -2.912723211076712
            },
            "heading": -2.912723211076712,
            "speeds": {
                "vmax": 20.0
            },
            "type": 1,
            "driving_direction": 1,
            "id": "1169_1",
            "lane_type": 8
        },
        {
            "pos": {
                "x": 566760.0112712918,
                "y": 4318020.870493952,
                "yaw": -2.912723211076712
            },
            "heading": -2.912723211076712,
            "speeds": {
                "vmax": 20.0
            },
            "type": 1,
            "driving_direction": 1,
            "id": "1169_1",
            "lane_type": 8
        },
        {
            "pos": {
                "x": 566759.5243560125,
                "y": 4318020.756856322,
                "yaw": -2.912723211076712
            },
            "heading": -2.912723211076712,
            "speeds": {
                "vmax": 20.0
            },
            "type": 1,
            "driving_direction": 1,
            "id": "1169_1",
            "lane_type": 8
        },
        {
            "pos": {
                "x": 566759.0374407333,
                "y": 4318020.643218692,
                "yaw": -2.912723211076712
            },
            "heading": -2.912723211076712,
            "speeds": {
                "vmax": 20.0
            },
            "type": 1,
            "driving_direction": 1,
            "id": "1169_1",
            "lane_type": 8
        },
        {
            "pos": {
                "x": 566758.7750655868,
                "y": 4318020.581984858,
                "yaw": -2.912723211076712
            },
            "heading": -2.912723211076712,
            "speeds": {
                "vmax": 20.0
            },
            "type": 1,
            "driving_direction": 1,
            "id": "1169_1",
            "lane_type": 8
        },
        {
            "pos": {
                "x": 566758.7750655868,
                "y": 4318020.581984859,
                "yaw": -2.9127116379948426
            },
            "heading": -2.9127116379948426,
            "speeds": {
                "vmax": 20.0
            },
            "type": 1,
            "driving_direction": 1,
            "id": "1361_1",
            "lane_type": 8
        },
        {
            "pos": {
                "x": 566758.2861537591,
                "y": 4318020.468086456,
                "yaw": -2.912711673610107
            },
            "heading": -2.912711673610107,
            "speeds": {
                "vmax": 20.0
            },
            "type": 1,
            "driving_direction": 1,
            "id": "1361_1",
            "lane_type": 8
        },
        {
            "pos": {
                "x": 566757.7971044043,
                "y": 4318020.354156014,
                "yaw": -2.9127120408730174
            },
            "heading": -2.9127120408730174,
            "speeds": {
                "vmax": 20.0
            },
            "type": 1,
            "driving_direction": 1,
            "id": "1361_1",
            "lane_type": 8
        },
        {
            "pos": {
                "x": 566757.308084427,
                "y": 4318020.2402324155,
                "yaw": -2.912711915278418
            },
            "heading": -2.912711915278418,
            "speeds": {
                "vmax": 20.0
            },
            "type": 1,
            "driving_direction": 1,
            "id": "1361_1",
            "lane_type": 8
        },
        {
            "pos": {
                "x": 566756.8190515107,
                "y": 4318020.126305803,
                "yaw": -2.9127124126688737
            },
            "heading": -2.9127124126688737,
            "speeds": {
                "vmax": 20.0
            },
            "type": 1,
            "driving_direction": 1,
            "id": "1361_1",
            "lane_type": 8
        },
        {
            "pos": {
                "x": 566756.3300160496,
                "y": 4318020.012378598,
                "yaw": -2.9127115200694775
            },
            "heading": -2.9127115200694775,
            "speeds": {
                "vmax": 20.0
            },
            "type": 1,
            "driving_direction": 1,
            "id": "1361_1",
            "lane_type": 8
        },
        {
            "pos": {
                "x": 566755.8409465603,
                "y": 4318019.898443464,
                "yaw": -2.912712057899079
            },
            "heading": -2.912712057899079,
            "speeds": {
                "vmax": 20.0
            },
            "type": 1,
            "driving_direction": 1,
            "id": "1361_1",
            "lane_type": 8
        },
        {
            "pos": {
                "x": 566755.3519357967,
                "y": 4318019.784522013,
                "yaw": -2.9127116760188922
            },
            "heading": -2.9127116760188922,
            "speeds": {
                "vmax": 20.0
            },
            "type": 1,
            "driving_direction": 1,
            "id": "1361_1",
            "lane_type": 8
        },
        {
            "pos": {
                "x": 566754.8628773931,
                "y": 4318019.670589462,
                "yaw": -2.912711940116119
            },
            "heading": -2.912711940116119,
            "speeds": {
                "vmax": 20.0
            },
            "type": 1,
            "driving_direction": 1,
            "id": "1361_1",
            "lane_type": 8
        },
        {
            "pos": {
                "x": 566754.3738885014,
                "y": 4318019.556673106,
                "yaw": -2.912711859312854
            },
            "heading": -2.912711859312854,
            "speeds": {
                "vmax": 20.0
            },
            "type": 1,
            "driving_direction": 1,
            "id": "1361_1",
            "lane_type": 8
        },
        {
            "pos": {
                "x": 566753.8848286268,
                "y": 4318019.442740213,
                "yaw": -2.9127117707030754
            },
            "heading": -2.9127117707030754,
            "speeds": {
                "vmax": 20.0
            },
            "type": 1,
            "driving_direction": 1,
            "id": "1361_1",
            "lane_type": 8
        },
        {
            "pos": {
                "x": 566753.395818121,
                "y": 4318019.328818822,
                "yaw": -2.9127119897924794
            },
            "heading": -2.9127119897924794,
            "speeds": {
                "vmax": 20.0
            },
            "type": 1,
            "driving_direction": 1,
            "id": "1361_1",
            "lane_type": 8
        },
        {
            "pos": {
                "x": 566752.9067940991,
                "y": 4318019.214894282,
                "yaw": -2.9127119889228514
            },
            "heading": -2.9127119889228514,
            "speeds": {
                "vmax": 20.0
            },
            "type": 1,
            "driving_direction": 1,
            "id": "1361_1",
            "lane_type": 8
        },
        {
            "pos": {
                "x": 566752.4177644668,
                "y": 4318019.100968434,
                "yaw": -2.9127116974917686
            },
            "heading": -2.9127116974917686,
            "speeds": {
                "vmax": 20.0
            },
            "type": 1,
            "driving_direction": 1,
            "id": "1361_1",
            "lane_type": 8
        },
        {
            "pos": {
                "x": 566751.9287337303,
                "y": 4318018.987042328,
                "yaw": -2.9127115992279076
            },
            "heading": -2.9127115992279076,
            "speeds": {
                "vmax": 20.0
            },
            "type": 1,
            "driving_direction": 1,
            "id": "1361_1",
            "lane_type": 8
        },
        {
            "pos": {
                "x": 566751.4397028473,
                "y": 4318018.87311619,
                "yaw": -2.9127119920673645
            },
            "heading": -2.9127119920673645,
            "speeds": {
                "vmax": 20.0
            },
            "type": 1,
            "driving_direction": 1,
            "id": "1361_1",
            "lane_type": 8
        },
        {
            "pos": {
                "x": 566750.9506719331,
                "y": 4318018.759190043,
                "yaw": -2.9127116833923727
            },
            "heading": -2.9127116833923727,
            "speeds": {
                "vmax": 20.0
            },
            "type": 1,
            "driving_direction": 1,
            "id": "1361_1",
            "lane_type": 8
        },
        {
            "pos": {
                "x": 566750.4616408786,
                "y": 4318018.645263865,
                "yaw": -2.91271231126308
            },
            "heading": -2.91271231126308,
            "speeds": {
                "vmax": 20.0
            },
            "type": 1,
            "driving_direction": 1,
            "id": "1361_1",
            "lane_type": 8
        },
        {
            "pos": {
                "x": 566749.9726104013,
                "y": 4318018.53133782,
                "yaw": -2.912711126014826
            },
            "heading": -2.912711126014826,
            "speeds": {
                "vmax": 20.0
            },
            "type": 1,
            "driving_direction": 1,
            "id": "1361_1",
            "lane_type": 8
        },
        {
            "pos": {
                "x": 566749.4835862123,
                "y": 4318018.417413241,
                "yaw": -2.9127123441395297
            },
            "heading": -2.9127123441395297,
            "speeds": {
                "vmax": 20.0
            },
            "type": 1,
            "driving_direction": 1,
            "id": "1361_1",
            "lane_type": 8
        },
        {
            "pos": {
                "x": 566748.9945777202,
                "y": 4318018.303492319,
                "yaw": -2.912711367346608
            },
            "heading": -2.912711367346608,
            "speeds": {
                "vmax": 20.0
            },
            "type": 1,
            "driving_direction": 1,
            "id": "1361_1",
            "lane_type": 8
        },
        {
            "pos": {
                "x": 566748.5055158644,
                "y": 4318018.189558964,
                "yaw": -2.91271203393191
            },
            "heading": -2.91271203393191,
            "speeds": {
                "vmax": 20.0
            },
            "type": 1,
            "driving_direction": 1,
            "id": "1361_1",
            "lane_type": 8
        },
        {
            "pos": {
                "x": 566748.0165120729,
                "y": 4318018.075639136,
                "yaw": -2.912711731214849
            },
            "heading": -2.912711731214849,
            "speeds": {
                "vmax": 20.0
            },
            "type": 1,
            "driving_direction": 1,
            "id": "1361_1",
            "lane_type": 8
        },
        {
            "pos": {
                "x": 566747.5275031091,
                "y": 4318017.961718103,
                "yaw": -2.9127118018314895
            },
            "heading": -2.9127118018314895,
            "speeds": {
                "vmax": 20.0
            },
            "type": 1,
            "driving_direction": 1,
            "id": "1361_1",
            "lane_type": 8
        },
        {
            "pos": {
                "x": 566747.0384318545,
                "y": 4318017.84778256,
                "yaw": -2.9127115685275746
            },
            "heading": -2.9127115685275746,
            "speeds": {
                "vmax": 20.0
            },
            "type": 1,
            "driving_direction": 1,
            "id": "1361_1",
            "lane_type": 8
        },
        {
            "pos": {
                "x": 566746.5494631869,
                "y": 4318017.733870914,
                "yaw": -2.912571851902569
            },
            "heading": -2.912571851902569,
            "speeds": {
                "vmax": 20.0
            },
            "type": 1,
            "driving_direction": 1,
            "id": "1170_1",
            "lane_type": 3
        },
        {
            "pos": {
                "x": 566746.0603590388,
                "y": 4318017.619856246,
                "yaw": -2.9129376903189184
            },
            "heading": -2.9129376903189184,
            "speeds": {
                "vmax": 20.0
            },
            "type": 1,
            "driving_direction": 1,
            "id": "1170_1",
            "lane_type": 3
        },
        {
            "pos": {
                "x": 566745.57116907,
                "y": 4318017.506197374,
                "yaw": -2.913419618738332
            },
            "heading": -2.913419618738332,
            "speeds": {
                "vmax": 20.0
            },
            "type": 1,
            "driving_direction": 1,
            "id": "1170_1",
            "lane_type": 3
        },
        {
            "pos": {
                "x": 566745.0817379748,
                "y": 4318017.39260339,
                "yaw": -2.9135785202816677
            },
            "heading": -2.9135785202816677,
            "speeds": {
                "vmax": 20.0
            },
            "type": 1,
            "driving_direction": 1,
            "id": "1170_1",
            "lane_type": 3
        },
        {
            "pos": {
                "x": 566744.5925046585,
                "y": 4318017.279098328,
                "yaw": -2.9136430710246075
            },
            "heading": -2.9136430710246075,
            "speeds": {
                "vmax": 20.0
            },
            "type": 1,
            "driving_direction": 1,
            "id": "1170_1",
            "lane_type": 3
        },
        {
            "pos": {
                "x": 566744.1030605847,
                "y": 4318017.165567894,
                "yaw": -2.9136799959680033
            },
            "heading": -2.9136799959680033,
            "speeds": {
                "vmax": 20.0
            },
            "type": 1,
            "driving_direction": 1,
            "id": "1170_1",
            "lane_type": 3
        }
    ]
}