{
    "header": {
        "trace_id": "e7cb1d5ba31a40a39dd33cefbfd5540c",
        "trans_id": "eb66390d-d618-45d3-8fa1-087afd4a2dce",
        "che_id": "A530",
        "timestamp": "2025-02-19T17:23:15.408538Z",
        "version": "v2"
    },
    "created": "2025-02-19T17:23:15.408597Z",
    "updated": "2025-02-19T17:23:15.409533Z",
    "state_flow": 9,
    "task_mode": 1,
    "trace_id": "e7cb1d5ba31a40a39dd33cefbfd5540c",
    "task_id": "a399d192e1ed48cdb59510367e01c468",
    "navi_id": "A530_a399d192e1ed48cdb59510367e01c468_6",
    "target": "O4D",
    "sub_target": "53",
    "is_attendance_tos": true,
    "point": {
        "x": 566773.1786224348,
        "y": 4317831.689488492
    },
    "yaw": -1.3428616326874039,
    "soh": 100,
    "soc": 99,
    "empty": true,
    "faults": [
        {
            "code": "0",
            "desc": "2"
        }
    ],
    "mileage": 142.59448,
    "operational_status": 1,
    "distance_to_target": 0.27393085,
    "host": "10.188.63.104",
    "port": "5530",
    "task_type": 3,
    "crane_id": "O4D",
    "frame_ts": 541584080.200313,
    "model_type": {}
}