{
    "header": {
        "trans_id": "5d0fa887-42f9-4177-92f4-cc0cbd1f6c21",
        "che_id": "A535",
        "timestamp": "2025-02-19T17:23:15.580840Z",
        "version": "v2"
    },
    "created": "2025-02-19T17:23:15.580906Z",
    "updated": "2025-02-19T17:23:15.627247Z",
    "state_flow": 1,
    "task_mode": 1,
    "task_id": "COMMAND&ngSRKhTV87",
    "navi_id": "A535_COMMAND&ngSRKhTV87_7",
    "target": "PARK",
    "sub_target": "YCTP_6D_TAIL",
    "is_attendance_tos": true,
    "point": {
        "x": 566801.7202145178,
        "y": 4318027.243577076
    },
    "yaw": -2.9316170477376495,
    "gear": 3,
    "speed": 10.008,
    "soh": 100,
    "soc": 99,
    "empty": true,
    "faults": [
        {
            "code": "0",
            "desc": "0"
        }
    ],
    "mileage": 79.25805,
    "operational_status": 1,
    "distance_to_target": 59.41706,
    "host": "10.188.63.104",
    "port": "5535",
    "task_type": 7,
    "rt_speed": 2.7777777,
    "frame_ts": 541584160.200313,
    "model_type": {}
}