{
    "header": {
        "trace_id": "687324bdf4ea42f58f09c56184df80ec",
        "trans_id": "02435cda-a8fa-414b-9815-e0097876f49a",
        "che_id": "A520",
        "timestamp": "2025-02-20T14:49:41.324467Z"
    },
    "task_id": "687324bdf4ea42f58f09c56184df80ec",
    "navi_id": "A520_687324bdf4ea42f58f09c56184df80ec_12",
    "seq_num": 12,
    "dest_type": 6,
    "mode": 2,
    "waypoints": [
        {
            "pos": {
                "x": 566935.8378868089,
                "y": 4317849.303024592,
                "yaw": 1.7988721905785334
            },
            "heading": 1.7988721905785334,
            "speeds": {
                "vmax": 20.0
            },
            "type": 1,
            "driving_direction": 1,
            "id": "1017_3",
            "lane_type": 1
        },
        {
            "pos": {
                "x": 566935.7250792398,
                "y": 4317849.789024685,
                "yaw": 1.7988719007222052
            },
            "heading": 1.7988719007222052,
            "speeds": {
                "vmax": 20.0
            },
            "type": 1,
            "driving_direction": 1,
            "id": "1017_3",
            "lane_type": 1
        },
        {
            "pos": {
                "x": 566935.6122701841,
                "y": 4317850.275031182,
                "yaw": 1.7988717386326456
            },
            "heading": 1.7988717386326456,
            "speeds": {
                "vmax": 20.0
            },
            "type": 1,
            "driving_direction": 1,
            "id": "1017_3",
            "lane_type": 1
        },
        {
            "pos": {
                "x": 566935.4994607321,
                "y": 4317850.761039387,
                "yaw": 1.7988718881995336
            },
            "heading": 1.7988718881995336,
            "speeds": {
                "vmax": 20.0
            },
            "type": 1,
            "driving_direction": 1,
            "id": "1017_3",
            "lane_type": 1
        },
        {
            "pos": {
                "x": 566935.3866616478,
                "y": 4317851.247002925,
                "yaw": 1.7988717434760162
            },
            "heading": 1.7988717434760162,
            "speeds": {
                "vmax": 20.0
            },
            "type": 1,
            "driving_direction": 1,
            "id": "1016_3",
            "lane_type": 1
        },
        {
            "pos": {
                "x": 566935.2729189042,
                "y": 4317851.737031957,
                "yaw": 1.7988718709632399
            },
            "heading": 1.7988718709632399,
            "speeds": {
                "vmax": 20.0
            },
            "type": 1,
            "driving_direction": 1,
            "id": "1016_3",
            "lane_type": 1
        },
        {
            "pos": {
                "x": 566935.1591679212,
                "y": 4317852.227096487,
                "yaw": 1.7988718488264444
            },
            "heading": 1.7988718488264444,
            "speeds": {
                "vmax": 20.0
            },
            "type": 1,
            "driving_direction": 1,
            "id": "1016_3",
            "lane_type": 1
        },
        {
            "pos": {
                "x": 566935.0454177831,
                "y": 4317852.717157377,
                "yaw": 1.7988718376941588
            },
            "heading": 1.7988718376941588,
            "speeds": {
                "vmax": 20.0
            },
            "type": 1,
            "driving_direction": 1,
            "id": "1016_3",
            "lane_type": 1
        },
        {
            "pos": {
                "x": 566934.9316638866,
                "y": 4317853.207234458,
                "yaw": 1.7988718035251638
            },
            "heading": 1.7988718035251638,
            "speeds": {
                "vmax": 20.0
            },
            "type": 1,
            "driving_direction": 1,
            "id": "1016_3",
            "lane_type": 1
        },
        {
            "pos": {
                "x": 566934.8179108333,
                "y": 4317853.697307907,
                "yaw": 1.7988717914904233
            },
            "heading": 1.7988717914904233,
            "speeds": {
                "vmax": 20.0
            },
            "type": 1,
            "driving_direction": 1,
            "id": "1016_3",
            "lane_type": 1
        },
        {
            "pos": {
                "x": 566934.7041614982,
                "y": 4317854.187365337,
                "yaw": 1.798871664912811
            },
            "heading": 1.798871664912811,
            "speeds": {
                "vmax": 20.0
            },
            "type": 1,
            "driving_direction": 1,
            "id": "1016_3",
            "lane_type": 1
        },
        {
            "pos": {
                "x": 566934.5904091818,
                "y": 4317854.677435611,
                "yaw": 1.7988721712190927
            },
            "heading": 1.7988721712190927,
            "speeds": {
                "vmax": 20.0
            },
            "type": 1,
            "driving_direction": 1,
            "id": "1016_3",
            "lane_type": 1
        },
        {
            "pos": {
                "x": 566934.476656805,
                "y": 4317855.167506145,
                "yaw": 1.7988717341551013
            },
            "heading": 1.7988717341551013,
            "speeds": {
                "vmax": 20.0
            },
            "type": 1,
            "driving_direction": 1,
            "id": "1016_3",
            "lane_type": 1
        },
        {
            "pos": {
                "x": 566934.3629054797,
                "y": 4317855.65757215,
                "yaw": 1.7988718836399722
            },
            "heading": 1.7988718836399722,
            "speeds": {
                "vmax": 20.0
            },
            "type": 1,
            "driving_direction": 1,
            "id": "1016_3",
            "lane_type": 1
        },
        {
            "pos": {
                "x": 566934.249153031,
                "y": 4317856.147642994,
                "yaw": 1.7988719641417699
            },
            "heading": 1.7988719641417699,
            "speeds": {
                "vmax": 20.0
            },
            "type": 1,
            "driving_direction": 1,
            "id": "1016_3",
            "lane_type": 1
        },
        {
            "pos": {
                "x": 566934.1354016747,
                "y": 4317856.637709132,
                "yaw": 1.7988718492127898
            },
            "heading": 1.7988718492127898,
            "speeds": {
                "vmax": 20.0
            },
            "type": 1,
            "driving_direction": 1,
            "id": "1016_3",
            "lane_type": 1
        },
        {
            "pos": {
                "x": 566934.0216488189,
                "y": 4317857.12778173,
                "yaw": 1.7988718954157166
            },
            "heading": 1.7988718954157166,
            "speeds": {
                "vmax": 20.0
            },
            "type": 1,
            "driving_direction": 1,
            "id": "1016_3",
            "lane_type": 1
        },
        {
            "pos": {
                "x": 566933.9078955636,
                "y": 4317857.61785605,
                "yaw": 1.7988718137542088
            },
            "heading": 1.7988718137542088,
            "speeds": {
                "vmax": 20.0
            },
            "type": 1,
            "driving_direction": 1,
            "id": "1016_3",
            "lane_type": 1
        },
        {
            "pos": {
                "x": 566933.7941527627,
                "y": 4317858.107885328,
                "yaw": 1.7988718455170254
            },
            "heading": 1.7988718455170254,
            "speeds": {
                "vmax": 20.0
            },
            "type": 1,
            "driving_direction": 1,
            "id": "1015_3",
            "lane_type": 1
        },
        {
            "pos": {
                "x": 566933.6826840765,
                "y": 4317858.588117216,
                "yaw": 1.7988718230601737
            },
            "heading": 1.7988718230601737,
            "speeds": {
                "vmax": 20.0
            },
            "type": 1,
            "driving_direction": 1,
            "id": "1015_3",
            "lane_type": 1
        },
        {
            "pos": {
                "x": 566933.571207316,
                "y": 4317859.068383888,
                "yaw": 1.7988717769657263
            },
            "heading": 1.7988717769657263,
            "speeds": {
                "vmax": 20.0
            },
            "type": 1,
            "driving_direction": 1,
            "id": "1015_3",
            "lane_type": 1
        },
        {
            "pos": {
                "x": 566933.4597313831,
                "y": 4317859.548646996,
                "yaw": 1.7988714605393854
            },
            "heading": 1.7988714605393854,
            "speeds": {
                "vmax": 20.0
            },
            "type": 1,
            "driving_direction": 1,
            "id": "1015_3",
            "lane_type": 1
        },
        {
            "pos": {
                "x": 566933.3482517675,
                "y": 4317860.02892597,
                "yaw": 1.7988718832745219
            },
            "heading": 1.7988718832745219,
            "speeds": {
                "vmax": 20.0
            },
            "type": 1,
            "driving_direction": 1,
            "id": "1015_3",
            "lane_type": 1
        },
        {
            "pos": {
                "x": 566933.2367729779,
                "y": 4317860.509201384,
                "yaw": 1.7988720352850571
            },
            "heading": 1.7988720352850571,
            "speeds": {
                "vmax": 20.0
            },
            "type": 1,
            "driving_direction": 1,
            "id": "1015_3",
            "lane_type": 1
        },
        {
            "pos": {
                "x": 566933.125297832,
                "y": 4317860.989461102,
                "yaw": 1.7988719765169219
            },
            "heading": 1.7988719765169219,
            "speeds": {
                "vmax": 20.0
            },
            "type": 1,
            "driving_direction": 1,
            "id": "1015_3",
            "lane_type": 1
        },
        {
            "pos": {
                "x": 566933.0138197648,
                "y": 4317861.469733403,
                "yaw": 1.7988717187245324
            },
            "heading": 1.7988717187245324,
            "speeds": {
                "vmax": 20.0
            },
            "type": 1,
            "driving_direction": 1,
            "id": "1015_3",
            "lane_type": 1
        },
        {
            "pos": {
                "x": 566932.902341638,
                "y": 4317861.9500059625,
                "yaw": 1.7988716599559027
            },
            "heading": 1.7988716599559027,
            "speeds": {
                "vmax": 20.0
            },
            "type": 1,
            "driving_direction": 1,
            "id": "1015_3",
            "lane_type": 1
        },
        {
            "pos": {
                "x": 566932.790864542,
                "y": 4317862.430274081,
                "yaw": 1.7988721175597602
            },
            "heading": 1.7988721175597602,
            "speeds": {
                "vmax": 20.0
            },
            "type": 1,
            "driving_direction": 1,
            "id": "1015_3",
            "lane_type": 1
        },
        {
            "pos": {
                "x": 566932.679386345,
                "y": 4317862.910546943,
                "yaw": 1.7988716717096613
            },
            "heading": 1.7988716717096613,
            "speeds": {
                "vmax": 20.0
            },
            "type": 1,
            "driving_direction": 1,
            "id": "1015_3",
            "lane_type": 1
        },
        {
            "pos": {
                "x": 566932.5679092184,
                "y": 4317863.390815193,
                "yaw": 1.7988719298951734
            },
            "heading": 1.7988719298951734,
            "speeds": {
                "vmax": 20.0
            },
            "type": 1,
            "driving_direction": 1,
            "id": "1015_3",
            "lane_type": 1
        },
        {
            "pos": {
                "x": 566932.4564306224,
                "y": 4317863.871089773,
                "yaw": 1.7988717541173818
            },
            "heading": 1.7988717541173818,
            "speeds": {
                "vmax": 20.0
            },
            "type": 1,
            "driving_direction": 1,
            "id": "1015_3",
            "lane_type": 1
        },
        {
            "pos": {
                "x": 566932.344951635,
                "y": 4317864.351366041,
                "yaw": 1.798871987616893
            },
            "heading": 1.798871987616893,
            "speeds": {
                "vmax": 20.0
            },
            "type": 1,
            "driving_direction": 1,
            "id": "1015_3",
            "lane_type": 1
        },
        {
            "pos": {
                "x": 566932.2334828926,
                "y": 4317864.83159817,
                "yaw": 1.7988720125218776
            },
            "heading": 1.7988720125218776,
            "speeds": {
                "vmax": 20.0
            },
            "type": 1,
            "driving_direction": 1,
            "id": "1014_3",
            "lane_type": 1
        },
        {
            "pos": {
                "x": 566932.1196723704,
                "y": 4317865.321919208,
                "yaw": 1.7988718526307625
            },
            "heading": 1.7988718526307625,
            "speeds": {
                "vmax": 20.0
            },
            "type": 1,
            "driving_direction": 1,
            "id": "1014_3",
            "lane_type": 1
        },
        {
            "pos": {
                "x": 566932.0058536042,
                "y": 4317865.812275762,
                "yaw": 1.798871979905376
            },
            "heading": 1.798871979905376,
            "speeds": {
                "vmax": 20.0
            },
            "type": 1,
            "driving_direction": 1,
            "id": "1014_3",
            "lane_type": 1
        },
        {
            "pos": {
                "x": 566931.8920356829,
                "y": 4317866.3026286755,
                "yaw": 1.7988717274168626
            },
            "heading": 1.7988717274168626,
            "speeds": {
                "vmax": 20.0
            },
            "type": 1,
            "driving_direction": 1,
            "id": "1014_3",
            "lane_type": 1
        },
        {
            "pos": {
                "x": 566931.7782140013,
                "y": 4317866.7929977905,
                "yaw": 1.798871923116119
            },
            "heading": 1.798871923116119,
            "speeds": {
                "vmax": 20.0
            },
            "type": 1,
            "driving_direction": 1,
            "id": "1014_3",
            "lane_type": 1
        },
        {
            "pos": {
                "x": 566931.6643931635,
                "y": 4317867.28336327,
                "yaw": 1.7988719110908906
            },
            "heading": 1.7988719110908906,
            "speeds": {
                "vmax": 20.0
            },
            "type": 1,
            "driving_direction": 1,
            "id": "1014_3",
            "lane_type": 1
        },
        {
            "pos": {
                "x": 566931.5505760456,
                "y": 4317867.773712723,
                "yaw": 1.7988717845889084
            },
            "heading": 1.7988717845889084,
            "speeds": {
                "vmax": 20.0
            },
            "type": 1,
            "driving_direction": 1,
            "id": "1014_3",
            "lane_type": 1
        },
        {
            "pos": {
                "x": 566931.4367559452,
                "y": 4317868.264075024,
                "yaw": 1.7988718539176305
            },
            "heading": 1.7988718539176305,
            "speeds": {
                "vmax": 20.0
            },
            "type": 1,
            "driving_direction": 1,
            "id": "1014_3",
            "lane_type": 1
        },
        {
            "pos": {
                "x": 566931.3229357842,
                "y": 4317868.754437589,
                "yaw": 1.7988720031849679
            },
            "heading": 1.7988720031849679,
            "speeds": {
                "vmax": 20.0
            },
            "type": 1,
            "driving_direction": 1,
            "id": "1014_3",
            "lane_type": 1
        },
        {
            "pos": {
                "x": 566931.2091166753,
                "y": 4317869.244795619,
                "yaw": 1.7988715549974885
            },
            "heading": 1.7988715549974885,
            "speeds": {
                "vmax": 20.0
            },
            "type": 1,
            "driving_direction": 1,
            "id": "1014_3",
            "lane_type": 1
        },
        {
            "pos": {
                "x": 566931.0952964423,
                "y": 4317869.735158493,
                "yaw": 1.7988718653007325
            },
            "heading": 1.7988718653007325,
            "speeds": {
                "vmax": 20.0
            },
            "type": 1,
            "driving_direction": 1,
            "id": "1014_3",
            "lane_type": 1
        },
        {
            "pos": {
                "x": 566930.981477302,
                "y": 4317870.225516658,
                "yaw": 1.798871738928709
            },
            "heading": 1.798871738928709,
            "speeds": {
                "vmax": 20.0
            },
            "type": 1,
            "driving_direction": 1,
            "id": "1014_3",
            "lane_type": 1
        },
        {
            "pos": {
                "x": 566930.8676566619,
                "y": 4317870.715881286,
                "yaw": 1.798871946011021
            },
            "heading": 1.798871946011021,
            "speeds": {
                "vmax": 20.0
            },
            "type": 1,
            "driving_direction": 1,
            "id": "1014_3",
            "lane_type": 1
        },
        {
            "pos": {
                "x": 566930.7538356218,
                "y": 4317871.206247636,
                "yaw": 1.798872013801202
            },
            "heading": 1.798872013801202,
            "speeds": {
                "vmax": 20.0
            },
            "type": 1,
            "driving_direction": 1,
            "id": "1014_3",
            "lane_type": 1
        },
        {
            "pos": {
                "x": 566930.6400250425,
                "y": 4317871.69656892,
                "yaw": 1.798871983721402
            },
            "heading": 1.798871983721402,
            "speeds": {
                "vmax": 20.0
            },
            "type": 1,
            "driving_direction": 1,
            "id": "1013_3",
            "lane_type": 1
        },
        {
            "pos": {
                "x": 566930.5269733885,
                "y": 4317872.183620584,
                "yaw": 1.798871983721402
            },
            "heading": 1.798871983721402,
            "speeds": {
                "vmax": 20.0
            },
            "type": 1,
            "driving_direction": 1,
            "id": "1013_3",
            "lane_type": 1
        },
        {
            "pos": {
                "x": 566930.4139217347,
                "y": 4317872.670672248,
                "yaw": 1.798871983721402
            },
            "heading": 1.798871983721402,
            "speeds": {
                "vmax": 20.0
            },
            "type": 1,
            "driving_direction": 1,
            "id": "1013_3",
            "lane_type": 1
        },
        {
            "pos": {
                "x": 566930.3008700807,
                "y": 4317873.157723913,
                "yaw": 1.798871983721402
            },
            "heading": 1.798871983721402,
            "speeds": {
                "vmax": 20.0
            },
            "type": 1,
            "driving_direction": 1,
            "id": "1013_3",
            "lane_type": 1
        },
        {
            "pos": {
                "x": 566930.1878184269,
                "y": 4317873.644775577,
                "yaw": 1.798871983721402
            },
            "heading": 1.798871983721402,
            "speeds": {
                "vmax": 20.0
            },
            "type": 1,
            "driving_direction": 1,
            "id": "1013_3",
            "lane_type": 1
        },
        {
            "pos": {
                "x": 566930.0747667729,
                "y": 4317874.131827241,
                "yaw": 1.798871983721402
            },
            "heading": 1.798871983721402,
            "speeds": {
                "vmax": 20.0
            },
            "type": 1,
            "driving_direction": 1,
            "id": "1013_3",
            "lane_type": 1
        },
        {
            "pos": {
                "x": 566929.9617151191,
                "y": 4317874.618878905,
                "yaw": 1.798871983721402
            },
            "heading": 1.798871983721402,
            "speeds": {
                "vmax": 20.0
            },
            "type": 1,
            "driving_direction": 1,
            "id": "1013_3",
            "lane_type": 1
        },
        {
            "pos": {
                "x": 566929.8486634651,
                "y": 4317875.10593057,
                "yaw": 1.798871983721402
            },
            "heading": 1.798871983721402,
            "speeds": {
                "vmax": 20.0
            },
            "type": 1,
            "driving_direction": 1,
            "id": "1013_3",
            "lane_type": 1
        },
        {
            "pos": {
                "x": 566929.7356118112,
                "y": 4317875.5929822335,
                "yaw": 1.798871983721402
            },
            "heading": 1.798871983721402,
            "speeds": {
                "vmax": 20.0
            },
            "type": 1,
            "driving_direction": 1,
            "id": "1013_3",
            "lane_type": 1
        },
        {
            "pos": {
                "x": 566929.650344868,
                "y": 4317875.960331186,
                "yaw": 1.798871983721402
            },
            "heading": 1.798871983721402,
            "speeds": {
                "vmax": 20.0
            },
            "type": 1,
            "driving_direction": 1,
            "id": "1013_3",
            "lane_type": 1
        }
    ],
    "is_final_navi": true
}