{
    "header": {
        "trace_id": "f0a9510b-aace-43a5-a3b9-ad96acd2d27a",
        "trans_id": "ed93138f-1a17-422f-98c9-92e517427708",
        "che_id": "A521",
        "timestamp": "2025-02-20T14:43:56.025678Z"
    },
    "task_id": "f0a9510b-aace-43a5-a3b9-ad96acd2d27a",
    "navi_id": "A521_f0a9510b-aace-43a5-a3b9-ad96acd2d27a_4",
    "seq_num": 4,
    "dest_type": 3,
    "mode": 2,
    "waypoints": [
        {
            "pos": {
                "x": 566922.9391835453,
                "y": 4317904.8735065125,
                "yaw": 1.7988719139727667
            },
            "heading": 1.7988719139727667,
            "speeds": {
                "vmax": 20.0
            },
            "type": 1,
            "driving_direction": 1,
            "id": "1009_3",
            "lane_type": 1
        },
        {
            "pos": {
                "x": 566922.8247233403,
                "y": 4317905.366626527,
                "yaw": 1.7988717528092861
            },
            "heading": 1.7988717528092861,
            "speeds": {
                "vmax": 20.0
            },
            "type": 1,
            "driving_direction": 1,
            "id": "1009_3",
            "lane_type": 1
        },
        {
            "pos": {
                "x": 566922.7102736547,
                "y": 4317905.859701223,
                "yaw": 1.7988718173653075
            },
            "heading": 1.7988718173653075,
            "speeds": {
                "vmax": 20.0
            },
            "type": 1,
            "driving_direction": 1,
            "id": "1008_3",
            "lane_type": 1
        },
        {
            "pos": {
                "x": 566922.5992098461,
                "y": 4317906.3381888075,
                "yaw": 1.7988717948276534
            },
            "heading": 1.7988717948276534,
            "speeds": {
                "vmax": 20.0
            },
            "type": 1,
            "driving_direction": 1,
            "id": "1008_3",
            "lane_type": 1
        },
        {
            "pos": {
                "x": 566922.4881379926,
                "y": 4317906.816711051,
                "yaw": 1.7988718192139115
            },
            "heading": 1.7988718192139115,
            "speeds": {
                "vmax": 20.0
            },
            "type": 1,
            "driving_direction": 1,
            "id": "1008_3",
            "lane_type": 1
        },
        {
            "pos": {
                "x": 566922.3770669636,
                "y": 4317907.295229743,
                "yaw": 1.798871654723326
            },
            "heading": 1.798871654723326,
            "speeds": {
                "vmax": 20.0
            },
            "type": 1,
            "driving_direction": 1,
            "id": "1008_3",
            "lane_type": 1
        },
        {
            "pos": {
                "x": 566922.265992265,
                "y": 4317907.773764243,
                "yaw": 1.7988719259091839
            },
            "heading": 1.7988719259091839,
            "speeds": {
                "vmax": 20.0
            },
            "type": 1,
            "driving_direction": 1,
            "id": "1008_3",
            "lane_type": 1
        },
        {
            "pos": {
                "x": 566922.1549183899,
                "y": 4317908.252295198,
                "yaw": 1.7988719135866136
            },
            "heading": 1.7988719135866136,
            "speeds": {
                "vmax": 20.0
            },
            "type": 1,
            "driving_direction": 1,
            "id": "1008_3",
            "lane_type": 1
        },
        {
            "pos": {
                "x": 566922.043848145,
                "y": 4317908.730810512,
                "yaw": 1.7988718781969737
            },
            "heading": 1.7988718781969737,
            "speeds": {
                "vmax": 20.0
            },
            "type": 1,
            "driving_direction": 1,
            "id": "1008_3",
            "lane_type": 1
        },
        {
            "pos": {
                "x": 566921.9327749895,
                "y": 4317909.209338365,
                "yaw": 1.7988718549993774
            },
            "heading": 1.7988718549993774,
            "speeds": {
                "vmax": 20.0
            },
            "type": 1,
            "driving_direction": 1,
            "id": "1008_3",
            "lane_type": 1
        },
        {
            "pos": {
                "x": 566921.8217017746,
                "y": 4317909.687866474,
                "yaw": 1.7988717724239518
            },
            "heading": 1.7988717724239518,
            "speeds": {
                "vmax": 20.0
            },
            "type": 1,
            "driving_direction": 1,
            "id": "1008_3",
            "lane_type": 1
        },
        {
            "pos": {
                "x": 566921.7106295867,
                "y": 4317910.166390158,
                "yaw": 1.798872019754644
            },
            "heading": 1.798872019754644,
            "speeds": {
                "vmax": 20.0
            },
            "type": 1,
            "driving_direction": 1,
            "id": "1008_3",
            "lane_type": 1
        },
        {
            "pos": {
                "x": 566921.5995563017,
                "y": 4317910.644918569,
                "yaw": 1.798871937311083
            },
            "heading": 1.798871937311083,
            "speeds": {
                "vmax": 20.0
            },
            "type": 1,
            "driving_direction": 1,
            "id": "1008_3",
            "lane_type": 1
        },
        {
            "pos": {
                "x": 566921.4884840833,
                "y": 4317911.123442385,
                "yaw": 1.7988719020533441
            },
            "heading": 1.7988719020533441,
            "speeds": {
                "vmax": 20.0
            },
            "type": 1,
            "driving_direction": 1,
            "id": "1008_3",
            "lane_type": 1
        },
        {
            "pos": {
                "x": 566921.3774104009,
                "y": 4317911.601972508,
                "yaw": 1.798871713838648
            },
            "heading": 1.798871713838648,
            "speeds": {
                "vmax": 20.0
            },
            "type": 1,
            "driving_direction": 1,
            "id": "1008_3",
            "lane_type": 1
        },
        {
            "pos": {
                "x": 566921.2663363286,
                "y": 4317912.080504312,
                "yaw": 1.798871959984481
            },
            "heading": 1.798871959984481,
            "speeds": {
                "vmax": 20.0
            },
            "type": 1,
            "driving_direction": 1,
            "id": "1008_3",
            "lane_type": 1
        },
        {
            "pos": {
                "x": 566921.155272464,
                "y": 4317912.558992138,
                "yaw": 1.7988717947476605
            },
            "heading": 1.7988717947476605,
            "speeds": {
                "vmax": 20.0
            },
            "type": 1,
            "driving_direction": 1,
            "id": "1007_3",
            "lane_type": 1
        },
        {
            "pos": {
                "x": 566921.0422782833,
                "y": 4317913.045796195,
                "yaw": 1.7988717725958665
            },
            "heading": 1.7988717725958665,
            "speeds": {
                "vmax": 20.0
            },
            "type": 1,
            "driving_direction": 1,
            "id": "1007_3",
            "lane_type": 1
        },
        {
            "pos": {
                "x": 566920.929275918,
                "y": 4317913.532635516,
                "yaw": 1.7988719702334766
            },
            "heading": 1.7988719702334766,
            "speeds": {
                "vmax": 20.0
            },
            "type": 1,
            "driving_direction": 1,
            "id": "1007_3",
            "lane_type": 1
        },
        {
            "pos": {
                "x": 566920.8162743916,
                "y": 4317914.019471221,
                "yaw": 1.7988720400607394
            },
            "heading": 1.7988720400607394,
            "speeds": {
                "vmax": 20.0
            },
            "type": 1,
            "driving_direction": 1,
            "id": "1007_3",
            "lane_type": 1
        },
        {
            "pos": {
                "x": 566920.7032691317,
                "y": 4317914.50632301,
                "yaw": 1.79887184359496
            },
            "heading": 1.79887184359496,
            "speeds": {
                "vmax": 20.0
            },
            "type": 1,
            "driving_direction": 1,
            "id": "1007_3",
            "lane_type": 1
        },
        {
            "pos": {
                "x": 566920.5902647095,
                "y": 4317914.993171191,
                "yaw": 1.7988718314812822
            },
            "heading": 1.7988718314812822,
            "speeds": {
                "vmax": 20.0
            },
            "type": 1,
            "driving_direction": 1,
            "id": "1007_3",
            "lane_type": 1
        },
        {
            "pos": {
                "x": 566920.477263981,
                "y": 4317915.4800034575,
                "yaw": 1.7988720166134198
            },
            "heading": 1.7988720166134198,
            "speeds": {
                "vmax": 20.0
            },
            "type": 1,
            "driving_direction": 1,
            "id": "1007_3",
            "lane_type": 1
        },
        {
            "pos": {
                "x": 566920.3642602909,
                "y": 4317915.966848485,
                "yaw": 1.7988720748451013
            },
            "heading": 1.7988720748451013,
            "speeds": {
                "vmax": 20.0
            },
            "type": 1,
            "driving_direction": 1,
            "id": "1007_3",
            "lane_type": 1
        },
        {
            "pos": {
                "x": 566920.2512565405,
                "y": 4317916.453693772,
                "yaw": 1.798871773765865
            },
            "heading": 1.798871773765865,
            "speeds": {
                "vmax": 20.0
            },
            "type": 1,
            "driving_direction": 1,
            "id": "1007_3",
            "lane_type": 1
        },
        {
            "pos": {
                "x": 566920.138253835,
                "y": 4317916.940534555,
                "yaw": 1.7988720747165468
            },
            "heading": 1.7988720747165468,
            "speeds": {
                "vmax": 20.0
            },
            "type": 1,
            "driving_direction": 1,
            "id": "1007_3",
            "lane_type": 1
        },
        {
            "pos": {
                "x": 566920.0252500133,
                "y": 4317917.427380149,
                "yaw": 1.7988716232908166
            },
            "heading": 1.7988716232908166,
            "speeds": {
                "vmax": 20.0
            },
            "type": 1,
            "driving_direction": 1,
            "id": "1007_3",
            "lane_type": 1
        },
        {
            "pos": {
                "x": 566919.9122472769,
                "y": 4317917.914221069,
                "yaw": 1.7988717391109226
            },
            "heading": 1.7988717391109226,
            "speeds": {
                "vmax": 20.0
            },
            "type": 1,
            "driving_direction": 1,
            "id": "1007_3",
            "lane_type": 1
        },
        {
            "pos": {
                "x": 566919.7992430509,
                "y": 4317918.401068403,
                "yaw": 1.7988716351472287
            },
            "heading": 1.7988716351472287,
            "speeds": {
                "vmax": 20.0
            },
            "type": 1,
            "driving_direction": 1,
            "id": "1007_3",
            "lane_type": 1
        },
        {
            "pos": {
                "x": 566919.6862384279,
                "y": 4317918.887917449,
                "yaw": 1.7988720854118305
            },
            "heading": 1.7988720854118305,
            "speeds": {
                "vmax": 20.0
            },
            "type": 1,
            "driving_direction": 1,
            "id": "1007_3",
            "lane_type": 1
        },
        {
            "pos": {
                "x": 566919.5732441907,
                "y": 4317919.374721751,
                "yaw": 1.7988716942853518
            },
            "heading": 1.7988716942853518,
            "speeds": {
                "vmax": 20.0
            },
            "type": 1,
            "driving_direction": 1,
            "id": "1006_3",
            "lane_type": 1
        },
        {
            "pos": {
                "x": 566919.4610503232,
                "y": 4317919.85807788,
                "yaw": 1.7988721383229807
            },
            "heading": 1.7988721383229807,
            "speeds": {
                "vmax": 20.0
            },
            "type": 1,
            "driving_direction": 1,
            "id": "1006_3",
            "lane_type": 1
        },
        {
            "pos": {
                "x": 566919.3488483286,
                "y": 4317920.341469022,
                "yaw": 1.7988718010934714
            },
            "heading": 1.7988718010934714,
            "speeds": {
                "vmax": 20.0
            },
            "type": 1,
            "driving_direction": 1,
            "id": "1006_3",
            "lane_type": 1
        },
        {
            "pos": {
                "x": 566919.2366471675,
                "y": 4317920.824856576,
                "yaw": 1.7988719180012032
            },
            "heading": 1.7988719180012032,
            "speeds": {
                "vmax": 20.0
            },
            "type": 1,
            "driving_direction": 1,
            "id": "1006_3",
            "lane_type": 1
        },
        {
            "pos": {
                "x": 566919.1244422992,
                "y": 4317921.308260098,
                "yaw": 1.798871731812948
            },
            "heading": 1.798871731812948,
            "speeds": {
                "vmax": 20.0
            },
            "type": 1,
            "driving_direction": 1,
            "id": "1006_3",
            "lane_type": 1
        },
        {
            "pos": {
                "x": 566919.0122382625,
                "y": 4317921.79166004,
                "yaw": 1.7988717312884506
            },
            "heading": 1.7988717312884506,
            "speeds": {
                "vmax": 20.0
            },
            "type": 1,
            "driving_direction": 1,
            "id": "1006_3",
            "lane_type": 1
        },
        {
            "pos": {
                "x": 566918.9000378933,
                "y": 4317922.2750441795,
                "yaw": 1.798871754513034
            },
            "heading": 1.798871754513034,
            "speeds": {
                "vmax": 20.0
            },
            "type": 1,
            "driving_direction": 1,
            "id": "1006_3",
            "lane_type": 1
        },
        {
            "pos": {
                "x": 566918.7878345837,
                "y": 4317922.758440988,
                "yaw": 1.7988718830986854
            },
            "heading": 1.7988718830986854,
            "speeds": {
                "vmax": 20.0
            },
            "type": 1,
            "driving_direction": 1,
            "id": "1006_3",
            "lane_type": 1
        },
        {
            "pos": {
                "x": 566918.675631214,
                "y": 4317923.241838055,
                "yaw": 1.7988719063235816
            },
            "heading": 1.7988719063235816,
            "speeds": {
                "vmax": 20.0
            },
            "type": 1,
            "driving_direction": 1,
            "id": "1006_3",
            "lane_type": 1
        },
        {
            "pos": {
                "x": 566918.563428882,
                "y": 4317923.725230651,
                "yaw": 1.7988719762591232
            },
            "heading": 1.7988719762591232,
            "speeds": {
                "vmax": 20.0
            },
            "type": 1,
            "driving_direction": 1,
            "id": "1006_3",
            "lane_type": 1
        },
        {
            "pos": {
                "x": 566918.4512254418,
                "y": 4317924.208628023,
                "yaw": 1.7988718247104563
            },
            "heading": 1.7988718247104563,
            "speeds": {
                "vmax": 20.0
            },
            "type": 1,
            "driving_direction": 1,
            "id": "1006_3",
            "lane_type": 1
        },
        {
            "pos": {
                "x": 566918.3390230787,
                "y": 4317924.692020753,
                "yaw": 1.7988717781304833
            },
            "heading": 1.7988717781304833,
            "speeds": {
                "vmax": 20.0
            },
            "type": 1,
            "driving_direction": 1,
            "id": "1006_3",
            "lane_type": 1
        },
        {
            "pos": {
                "x": 566918.2268192371,
                "y": 4317925.175419854,
                "yaw": 1.7988718366493714
            },
            "heading": 1.7988718366493714,
            "speeds": {
                "vmax": 20.0
            },
            "type": 1,
            "driving_direction": 1,
            "id": "1006_3",
            "lane_type": 1
        },
        {
            "pos": {
                "x": 566918.1146150013,
                "y": 4317925.658820652,
                "yaw": 1.7988723018131607
            },
            "heading": 1.7988723018131607,
            "speeds": {
                "vmax": 20.0
            },
            "type": 1,
            "driving_direction": 1,
            "id": "1006_3",
            "lane_type": 1
        },
        {
            "pos": {
                "x": 566918.0024210773,
                "y": 4317926.142177025,
                "yaw": 1.7988718880323635
            },
            "heading": 1.7988718880323635,
            "speeds": {
                "vmax": 20.0
            },
            "type": 1,
            "driving_direction": 1,
            "id": "1004_3",
            "lane_type": 1
        },
        {
            "pos": {
                "x": 566917.8894240521,
                "y": 4317926.628993336,
                "yaw": 1.7988719469142416
            },
            "heading": 1.7988719469142416,
            "speeds": {
                "vmax": 20.0
            },
            "type": 1,
            "driving_direction": 1,
            "id": "1004_3",
            "lane_type": 1
        },
        {
            "pos": {
                "x": 566917.7764188419,
                "y": 4317927.11584491,
                "yaw": 1.7988721445416154
            },
            "heading": 1.7988721445416154,
            "speeds": {
                "vmax": 20.0
            },
            "type": 1,
            "driving_direction": 1,
            "id": "1004_3",
            "lane_type": 1
        },
        {
            "pos": {
                "x": 566917.6634144707,
                "y": 4317927.602692869,
                "yaw": 1.798871670323556
            },
            "heading": 1.798871670323556,
            "speeds": {
                "vmax": 20.0
            },
            "type": 1,
            "driving_direction": 1,
            "id": "1004_3",
            "lane_type": 1
        },
        {
            "pos": {
                "x": 566917.550406366,
                "y": 4317928.089556914,
                "yaw": 1.798871948464175
            },
            "heading": 1.798871948464175,
            "speeds": {
                "vmax": 20.0
            },
            "type": 1,
            "driving_direction": 1,
            "id": "1004_3",
            "lane_type": 1
        },
        {
            "pos": {
                "x": 566917.4373990988,
                "y": 4317928.576417349,
                "yaw": 1.798872017386402
            },
            "heading": 1.798872017386402,
            "speeds": {
                "vmax": 20.0
            },
            "type": 1,
            "driving_direction": 1,
            "id": "1004_3",
            "lane_type": 1
        },
        {
            "pos": {
                "x": 566917.3243955254,
                "y": 4317929.063261872,
                "yaw": 1.7988719594130993
            },
            "heading": 1.7988719594130993,
            "speeds": {
                "vmax": 20.0
            },
            "type": 1,
            "driving_direction": 1,
            "id": "1004_3",
            "lane_type": 1
        },
        {
            "pos": {
                "x": 566917.2113889904,
                "y": 4317929.550119153,
                "yaw": 1.7988717167024877
            },
            "heading": 1.7988717167024877,
            "speeds": {
                "vmax": 20.0
            },
            "type": 1,
            "driving_direction": 1,
            "id": "1004_3",
            "lane_type": 1
        },
        {
            "pos": {
                "x": 566917.0983823951,
                "y": 4317930.036976695,
                "yaw": 1.7988718554489596
            },
            "heading": 1.7988718554489596,
            "speeds": {
                "vmax": 20.0
            },
            "type": 1,
            "driving_direction": 1,
            "id": "1004_3",
            "lane_type": 1
        },
        {
            "pos": {
                "x": 566916.9853768449,
                "y": 4317930.523829734,
                "yaw": 1.7988718786382814
            },
            "heading": 1.7988718786382814,
            "speeds": {
                "vmax": 20.0
            },
            "type": 1,
            "driving_direction": 1,
            "id": "1004_3",
            "lane_type": 1
        },
        {
            "pos": {
                "x": 566916.8723701783,
                "y": 4317931.010687581,
                "yaw": 1.7988718786382814
            },
            "heading": 1.7988718786382814,
            "speeds": {
                "vmax": 20.0
            },
            "type": 1,
            "driving_direction": 1,
            "id": "1004_3",
            "lane_type": 1
        },
        {
            "pos": {
                "x": 566916.7593645968,
                "y": 4317931.497540755,
                "yaw": 1.7988719018275396
            },
            "heading": 1.7988719018275396,
            "speeds": {
                "vmax": 20.0
            },
            "type": 1,
            "driving_direction": 1,
            "id": "1004_3",
            "lane_type": 1
        },
        {
            "pos": {
                "x": 566916.6463575258,
                "y": 4317931.984400345,
                "yaw": 1.7988718094595872
            },
            "heading": 1.7988718094595872,
            "speeds": {
                "vmax": 20.0
            },
            "type": 1,
            "driving_direction": 1,
            "id": "1004_3",
            "lane_type": 1
        },
        {
            "pos": {
                "x": 566916.5333500582,
                "y": 4317932.471261645,
                "yaw": 1.7988717272554793
            },
            "heading": 1.7988717272554793,
            "speeds": {
                "vmax": 20.0
            },
            "type": 1,
            "driving_direction": 1,
            "id": "1004_3",
            "lane_type": 1
        },
        {
            "pos": {
                "x": 566916.4203529761,
                "y": 4317932.958078202,
                "yaw": 1.7988718535635906
            },
            "heading": 1.7988718535635906,
            "speeds": {
                "vmax": 20.0
            },
            "type": 1,
            "driving_direction": 1,
            "id": "1005_3",
            "lane_type": 1
        },
        {
            "pos": {
                "x": 566916.3062447058,
                "y": 4317933.449682005,
                "yaw": 1.79887184310817
            },
            "heading": 1.79887184310817,
            "speeds": {
                "vmax": 20.0
            },
            "type": 1,
            "driving_direction": 1,
            "id": "1005_3",
            "lane_type": 1
        },
        {
            "pos": {
                "x": 566916.1921281698,
                "y": 4317933.941321416,
                "yaw": 1.7988719585691526
            },
            "heading": 1.7988719585691526,
            "speeds": {
                "vmax": 20.0
            },
            "type": 1,
            "driving_direction": 1,
            "id": "1005_3",
            "lane_type": 1
        },
        {
            "pos": {
                "x": 566916.0780124813,
                "y": 4317934.432957178,
                "yaw": 1.798872027714843
            },
            "heading": 1.798872027714843,
            "speeds": {
                "vmax": 20.0
            },
            "type": 1,
            "driving_direction": 1,
            "id": "1005_3",
            "lane_type": 1
        },
        {
            "pos": {
                "x": 566915.9638930226,
                "y": 4317934.924609182,
                "yaw": 1.7988720738957973
            },
            "heading": 1.7988720738957973,
            "speeds": {
                "vmax": 20.0
            },
            "type": 1,
            "driving_direction": 1,
            "id": "1005_3",
            "lane_type": 1
        },
        {
            "pos": {
                "x": 566915.8497744097,
                "y": 4317935.4162575435,
                "yaw": 1.7988719014160992
            },
            "heading": 1.7988719014160992,
            "speeds": {
                "vmax": 20.0
            },
            "type": 1,
            "driving_direction": 1,
            "id": "1005_3",
            "lane_type": 1
        },
        {
            "pos": {
                "x": 566915.7356595267,
                "y": 4317935.907889834,
                "yaw": 1.798871775244188
            },
            "heading": 1.798871775244188,
            "speeds": {
                "vmax": 20.0
            },
            "type": 1,
            "driving_direction": 1,
            "id": "1005_3",
            "lane_type": 1
        },
        {
            "pos": {
                "x": 566915.6215416531,
                "y": 4317936.39953501,
                "yaw": 1.798871764148589
            },
            "heading": 1.798871764148589,
            "speeds": {
                "vmax": 20.0
            },
            "type": 1,
            "driving_direction": 1,
            "id": "1005_3",
            "lane_type": 1
        },
        {
            "pos": {
                "x": 566915.5074237187,
                "y": 4317936.891180446,
                "yaw": 1.7988718442637404
            },
            "heading": 1.7988718442637404,
            "speeds": {
                "vmax": 20.0
            },
            "type": 1,
            "driving_direction": 1,
            "id": "1005_3",
            "lane_type": 1
        },
        {
            "pos": {
                "x": 566915.3933068394,
                "y": 4317937.382821337,
                "yaw": 1.7988721537578507
            },
            "heading": 1.7988721537578507,
            "speeds": {
                "vmax": 20.0
            },
            "type": 1,
            "driving_direction": 1,
            "id": "1005_3",
            "lane_type": 1
        },
        {
            "pos": {
                "x": 566915.2791888331,
                "y": 4317937.874467086,
                "yaw": 1.798871695257754
            },
            "heading": 1.798871695257754,
            "speeds": {
                "vmax": 20.0
            },
            "type": 1,
            "driving_direction": 1,
            "id": "1005_3",
            "lane_type": 1
        },
        {
            "pos": {
                "x": 566915.1650719221,
                "y": 4317938.366108112,
                "yaw": 1.798872027714843
            },
            "heading": 1.798872027714843,
            "speeds": {
                "vmax": 20.0
            },
            "type": 1,
            "driving_direction": 1,
            "id": "1005_3",
            "lane_type": 1
        },
        {
            "pos": {
                "x": 566915.0509535074,
                "y": 4317938.857755619,
                "yaw": 1.7988717872407365
            },
            "heading": 1.7988717872407365,
            "speeds": {
                "vmax": 20.0
            },
            "type": 1,
            "driving_direction": 1,
            "id": "1005_3",
            "lane_type": 1
        },
        {
            "pos": {
                "x": 566914.936834692,
                "y": 4317939.349404852,
                "yaw": 1.7988717746005767
            },
            "heading": 1.7988717746005767,
            "speeds": {
                "vmax": 20.0
            },
            "type": 1,
            "driving_direction": 1,
            "id": "1005_3",
            "lane_type": 1
        },
        {
            "pos": {
                "x": 566914.8227263644,
                "y": 4317939.841008902,
                "yaw": 1.798871845098881
            },
            "heading": 1.798871845098881,
            "speeds": {
                "vmax": 20.0
            },
            "type": 1,
            "driving_direction": 1,
            "id": "1003_3",
            "lane_type": 1
        },
        {
            "pos": {
                "x": 566914.7096747097,
                "y": 4317940.3280605655,
                "yaw": 1.798871845098881
            },
            "heading": 1.798871845098881,
            "speeds": {
                "vmax": 20.0
            },
            "type": 1,
            "driving_direction": 1,
            "id": "1003_3",
            "lane_type": 1
        },
        {
            "pos": {
                "x": 566914.596623055,
                "y": 4317940.815112229,
                "yaw": 1.798871845098881
            },
            "heading": 1.798871845098881,
            "speeds": {
                "vmax": 20.0
            },
            "type": 1,
            "driving_direction": 1,
            "id": "1003_3",
            "lane_type": 1
        },
        {
            "pos": {
                "x": 566914.4835714004,
                "y": 4317941.302163893,
                "yaw": 1.798871845098881
            },
            "heading": 1.798871845098881,
            "speeds": {
                "vmax": 20.0
            },
            "type": 1,
            "driving_direction": 1,
            "id": "1003_3",
            "lane_type": 1
        },
        {
            "pos": {
                "x": 566914.3705197457,
                "y": 4317941.789215557,
                "yaw": 1.798871845098881
            },
            "heading": 1.798871845098881,
            "speeds": {
                "vmax": 20.0
            },
            "type": 1,
            "driving_direction": 1,
            "id": "1003_3",
            "lane_type": 1
        },
        {
            "pos": {
                "x": 566914.2574680911,
                "y": 4317942.276267221,
                "yaw": 1.798871845098881
            },
            "heading": 1.798871845098881,
            "speeds": {
                "vmax": 20.0
            },
            "type": 1,
            "driving_direction": 1,
            "id": "1003_3",
            "lane_type": 1
        },
        {
            "pos": {
                "x": 566914.1444164364,
                "y": 4317942.763318885,
                "yaw": 1.798871845098881
            },
            "heading": 1.798871845098881,
            "speeds": {
                "vmax": 20.0
            },
            "type": 1,
            "driving_direction": 1,
            "id": "1003_3",
            "lane_type": 1
        },
        {
            "pos": {
                "x": 566914.0313647818,
                "y": 4317943.250370549,
                "yaw": 1.798871845098881
            },
            "heading": 1.798871845098881,
            "speeds": {
                "vmax": 20.0
            },
            "type": 1,
            "driving_direction": 1,
            "id": "1003_3",
            "lane_type": 1
        },
        {
            "pos": {
                "x": 566913.9183131271,
                "y": 4317943.737422213,
                "yaw": 1.798871845098881
            },
            "heading": 1.798871845098881,
            "speeds": {
                "vmax": 20.0
            },
            "type": 1,
            "driving_direction": 1,
            "id": "1003_3",
            "lane_type": 1
        },
        {
            "pos": {
                "x": 566913.8052614725,
                "y": 4317944.224473878,
                "yaw": 1.798871845098881
            },
            "heading": 1.798871845098881,
            "speeds": {
                "vmax": 20.0
            },
            "type": 1,
            "driving_direction": 1,
            "id": "1003_3",
            "lane_type": 1
        },
        {
            "pos": {
                "x": 566913.6922098178,
                "y": 4317944.711525542,
                "yaw": 1.798871845098881
            },
            "heading": 1.798871845098881,
            "speeds": {
                "vmax": 20.0
            },
            "type": 1,
            "driving_direction": 1,
            "id": "1003_3",
            "lane_type": 1
        },
        {
            "pos": {
                "x": 566913.5791581632,
                "y": 4317945.198577206,
                "yaw": 1.798871845098881
            },
            "heading": 1.798871845098881,
            "speeds": {
                "vmax": 20.0
            },
            "type": 1,
            "driving_direction": 1,
            "id": "1003_3",
            "lane_type": 1
        },
        {
            "pos": {
                "x": 566913.4661065085,
                "y": 4317945.68562887,
                "yaw": 1.798871845098881
            },
            "heading": 1.798871845098881,
            "speeds": {
                "vmax": 20.0
            },
            "type": 1,
            "driving_direction": 1,
            "id": "1003_3",
            "lane_type": 1
        },
        {
            "pos": {
                "x": 566913.3530548539,
                "y": 4317946.1726805335,
                "yaw": 1.798871845098881
            },
            "heading": 1.798871845098881,
            "speeds": {
                "vmax": 20.0
            },
            "type": 1,
            "driving_direction": 1,
            "id": "1003_3",
            "lane_type": 1
        },
        {
            "pos": {
                "x": 566913.2400031992,
                "y": 4317946.659732197,
                "yaw": 1.798871845098881
            },
            "heading": 1.798871845098881,
            "speeds": {
                "vmax": 20.0
            },
            "type": 1,
            "driving_direction": 1,
            "id": "1003_3",
            "lane_type": 1
        },
        {
            "pos": {
                "x": 566913.1269515445,
                "y": 4317947.146783861,
                "yaw": 1.798871845098881
            },
            "heading": 1.798871845098881,
            "speeds": {
                "vmax": 20.0
            },
            "type": 1,
            "driving_direction": 1,
            "id": "1003_3",
            "lane_type": 1
        },
        {
            "pos": {
                "x": 566913.0138998899,
                "y": 4317947.633835525,
                "yaw": 1.798871845098881
            },
            "heading": 1.798871845098881,
            "speeds": {
                "vmax": 20.0
            },
            "type": 1,
            "driving_direction": 1,
            "id": "1003_3",
            "lane_type": 1
        },
        {
            "pos": {
                "x": 566912.9008482352,
                "y": 4317948.120887189,
                "yaw": 1.798871845098881
            },
            "heading": 1.798871845098881,
            "speeds": {
                "vmax": 20.0
            },
            "type": 1,
            "driving_direction": 1,
            "id": "1003_3",
            "lane_type": 1
        },
        {
            "pos": {
                "x": 566912.7877965806,
                "y": 4317948.607938853,
                "yaw": 1.798871845098881
            },
            "heading": 1.798871845098881,
            "speeds": {
                "vmax": 20.0
            },
            "type": 1,
            "driving_direction": 1,
            "id": "1003_3",
            "lane_type": 1
        },
        {
            "pos": {
                "x": 566912.6747449259,
                "y": 4317949.094990517,
                "yaw": 1.798871845098881
            },
            "heading": 1.798871845098881,
            "speeds": {
                "vmax": 20.0
            },
            "type": 1,
            "driving_direction": 1,
            "id": "1003_3",
            "lane_type": 1
        },
        {
            "pos": {
                "x": 566912.5616932713,
                "y": 4317949.582042181,
                "yaw": 1.798871845098881
            },
            "heading": 1.798871845098881,
            "speeds": {
                "vmax": 20.0
            },
            "type": 1,
            "driving_direction": 1,
            "id": "1003_3",
            "lane_type": 1
        },
        {
            "pos": {
                "x": 566912.4486416166,
                "y": 4317950.069093845,
                "yaw": 1.798871845098881
            },
            "heading": 1.798871845098881,
            "speeds": {
                "vmax": 20.0
            },
            "type": 1,
            "driving_direction": 1,
            "id": "1003_3",
            "lane_type": 1
        },
        {
            "pos": {
                "x": 566912.335589962,
                "y": 4317950.556145509,
                "yaw": 1.798871845098881
            },
            "heading": 1.798871845098881,
            "speeds": {
                "vmax": 20.0
            },
            "type": 1,
            "driving_direction": 1,
            "id": "1003_3",
            "lane_type": 1
        },
        {
            "pos": {
                "x": 566912.2225383073,
                "y": 4317951.043197173,
                "yaw": 1.798871845098881
            },
            "heading": 1.798871845098881,
            "speeds": {
                "vmax": 20.0
            },
            "type": 1,
            "driving_direction": 1,
            "id": "1003_3",
            "lane_type": 1
        },
        {
            "pos": {
                "x": 566912.1094866527,
                "y": 4317951.530248837,
                "yaw": 1.798871845098881
            },
            "heading": 1.798871845098881,
            "speeds": {
                "vmax": 20.0
            },
            "type": 1,
            "driving_direction": 1,
            "id": "1003_3",
            "lane_type": 1
        },
        {
            "pos": {
                "x": 566911.996434998,
                "y": 4317952.017300501,
                "yaw": 1.798871845098881
            },
            "heading": 1.798871845098881,
            "speeds": {
                "vmax": 20.0
            },
            "type": 1,
            "driving_direction": 1,
            "id": "1003_3",
            "lane_type": 1
        },
        {
            "pos": {
                "x": 566911.8833833433,
                "y": 4317952.504352164,
                "yaw": 1.798871845098881
            },
            "heading": 1.798871845098881,
            "speeds": {
                "vmax": 20.0
            },
            "type": 1,
            "driving_direction": 1,
            "id": "1003_3",
            "lane_type": 1
        },
        {
            "pos": {
                "x": 566911.7703316887,
                "y": 4317952.991403829,
                "yaw": 1.798871845098881
            },
            "heading": 1.798871845098881,
            "speeds": {
                "vmax": 20.0
            },
            "type": 1,
            "driving_direction": 1,
            "id": "1003_3",
            "lane_type": 1
        },
        {
            "pos": {
                "x": 566911.657280034,
                "y": 4317953.478455493,
                "yaw": 1.798871845098881
            },
            "heading": 1.798871845098881,
            "speeds": {
                "vmax": 20.0
            },
            "type": 1,
            "driving_direction": 1,
            "id": "1003_3",
            "lane_type": 1
        },
        {
            "pos": {
                "x": 566911.5442283794,
                "y": 4317953.965507157,
                "yaw": 1.798871845098881
            },
            "heading": 1.798871845098881,
            "speeds": {
                "vmax": 20.0
            },
            "type": 1,
            "driving_direction": 1,
            "id": "1003_3",
            "lane_type": 1
        },
        {
            "pos": {
                "x": 566911.4311767247,
                "y": 4317954.452558821,
                "yaw": 1.798871845098881
            },
            "heading": 1.798871845098881,
            "speeds": {
                "vmax": 20.0
            },
            "type": 1,
            "driving_direction": 1,
            "id": "1003_3",
            "lane_type": 1
        },
        {
            "pos": {
                "x": 566911.3181250701,
                "y": 4317954.939610485,
                "yaw": 1.798871845098881
            },
            "heading": 1.798871845098881,
            "speeds": {
                "vmax": 20.0
            },
            "type": 1,
            "driving_direction": 1,
            "id": "1003_3",
            "lane_type": 1
        },
        {
            "pos": {
                "x": 566911.2050734154,
                "y": 4317955.426662149,
                "yaw": 1.798871845098881
            },
            "heading": 1.798871845098881,
            "speeds": {
                "vmax": 20.0
            },
            "type": 1,
            "driving_direction": 1,
            "id": "1003_3",
            "lane_type": 1
        },
        {
            "pos": {
                "x": 566911.0920217608,
                "y": 4317955.913713813,
                "yaw": 1.798871845098881
            },
            "heading": 1.798871845098881,
            "speeds": {
                "vmax": 20.0
            },
            "type": 1,
            "driving_direction": 1,
            "id": "1003_3",
            "lane_type": 1
        },
        {
            "pos": {
                "x": 566910.9789701061,
                "y": 4317956.400765477,
                "yaw": 1.798871845098881
            },
            "heading": 1.798871845098881,
            "speeds": {
                "vmax": 20.0
            },
            "type": 1,
            "driving_direction": 1,
            "id": "1003_3",
            "lane_type": 1
        },
        {
            "pos": {
                "x": 566910.8659184515,
                "y": 4317956.887817141,
                "yaw": 1.798871845098881
            },
            "heading": 1.798871845098881,
            "speeds": {
                "vmax": 20.0
            },
            "type": 1,
            "driving_direction": 1,
            "id": "1003_3",
            "lane_type": 1
        },
        {
            "pos": {
                "x": 566910.7528667968,
                "y": 4317957.374868805,
                "yaw": 1.798871845098881
            },
            "heading": 1.798871845098881,
            "speeds": {
                "vmax": 20.0
            },
            "type": 1,
            "driving_direction": 1,
            "id": "1003_3",
            "lane_type": 1
        },
        {
            "pos": {
                "x": 566910.6398151421,
                "y": 4317957.8619204685,
                "yaw": 1.798871845098881
            },
            "heading": 1.798871845098881,
            "speeds": {
                "vmax": 20.0
            },
            "type": 1,
            "driving_direction": 1,
            "id": "1003_3",
            "lane_type": 1
        },
        {
            "pos": {
                "x": 566910.5267634875,
                "y": 4317958.348972132,
                "yaw": 1.798871845098881
            },
            "heading": 1.798871845098881,
            "speeds": {
                "vmax": 20.0
            },
            "type": 1,
            "driving_direction": 1,
            "id": "1003_3",
            "lane_type": 1
        },
        {
            "pos": {
                "x": 566910.4137118328,
                "y": 4317958.836023796,
                "yaw": 1.798871845098881
            },
            "heading": 1.798871845098881,
            "speeds": {
                "vmax": 20.0
            },
            "type": 1,
            "driving_direction": 1,
            "id": "1003_3",
            "lane_type": 1
        },
        {
            "pos": {
                "x": 566910.3006601782,
                "y": 4317959.32307546,
                "yaw": 1.798871845098881
            },
            "heading": 1.798871845098881,
            "speeds": {
                "vmax": 20.0
            },
            "type": 1,
            "driving_direction": 1,
            "id": "1003_3",
            "lane_type": 1
        },
        {
            "pos": {
                "x": 566910.1876085235,
                "y": 4317959.810127124,
                "yaw": 1.798871845098881
            },
            "heading": 1.798871845098881,
            "speeds": {
                "vmax": 20.0
            },
            "type": 1,
            "driving_direction": 1,
            "id": "1003_3",
            "lane_type": 1
        },
        {
            "pos": {
                "x": 566910.0745568689,
                "y": 4317960.297178788,
                "yaw": 1.798871845098881
            },
            "heading": 1.798871845098881,
            "speeds": {
                "vmax": 20.0
            },
            "type": 1,
            "driving_direction": 1,
            "id": "1003_3",
            "lane_type": 1
        },
        {
            "pos": {
                "x": 566909.9615052142,
                "y": 4317960.784230452,
                "yaw": 1.798871845098881
            },
            "heading": 1.798871845098881,
            "speeds": {
                "vmax": 20.0
            },
            "type": 1,
            "driving_direction": 1,
            "id": "1003_3",
            "lane_type": 1
        },
        {
            "pos": {
                "x": 566909.8484535596,
                "y": 4317961.271282117,
                "yaw": 1.798871845098881
            },
            "heading": 1.798871845098881,
            "speeds": {
                "vmax": 20.0
            },
            "type": 1,
            "driving_direction": 1,
            "id": "1003_3",
            "lane_type": 1
        },
        {
            "pos": {
                "x": 566909.7354019049,
                "y": 4317961.758333781,
                "yaw": 1.798871845098881
            },
            "heading": 1.798871845098881,
            "speeds": {
                "vmax": 20.0
            },
            "type": 1,
            "driving_direction": 1,
            "id": "1003_3",
            "lane_type": 1
        },
        {
            "pos": {
                "x": 566909.6223502503,
                "y": 4317962.245385445,
                "yaw": 1.798871845098881
            },
            "heading": 1.798871845098881,
            "speeds": {
                "vmax": 20.0
            },
            "type": 1,
            "driving_direction": 1,
            "id": "1003_3",
            "lane_type": 1
        },
        {
            "pos": {
                "x": 566909.5092985956,
                "y": 4317962.732437109,
                "yaw": 1.798871845098881
            },
            "heading": 1.798871845098881,
            "speeds": {
                "vmax": 20.0
            },
            "type": 1,
            "driving_direction": 1,
            "id": "1003_3",
            "lane_type": 1
        },
        {
            "pos": {
                "x": 566909.396246941,
                "y": 4317963.219488773,
                "yaw": 1.798871845098881
            },
            "heading": 1.798871845098881,
            "speeds": {
                "vmax": 20.0
            },
            "type": 1,
            "driving_direction": 1,
            "id": "1003_3",
            "lane_type": 1
        },
        {
            "pos": {
                "x": 566909.2831952863,
                "y": 4317963.7065404365,
                "yaw": 1.798871845098881
            },
            "heading": 1.798871845098881,
            "speeds": {
                "vmax": 20.0
            },
            "type": 1,
            "driving_direction": 1,
            "id": "1003_3",
            "lane_type": 1
        },
        {
            "pos": {
                "x": 566909.1701436316,
                "y": 4317964.1935921,
                "yaw": 1.798871845098881
            },
            "heading": 1.798871845098881,
            "speeds": {
                "vmax": 20.0
            },
            "type": 1,
            "driving_direction": 1,
            "id": "1003_3",
            "lane_type": 1
        },
        {
            "pos": {
                "x": 566909.057091977,
                "y": 4317964.680643764,
                "yaw": 1.798871845098881
            },
            "heading": 1.798871845098881,
            "speeds": {
                "vmax": 20.0
            },
            "type": 1,
            "driving_direction": 1,
            "id": "1003_3",
            "lane_type": 1
        },
        {
            "pos": {
                "x": 566908.9440403223,
                "y": 4317965.167695428,
                "yaw": 1.798871845098881
            },
            "heading": 1.798871845098881,
            "speeds": {
                "vmax": 20.0
            },
            "type": 1,
            "driving_direction": 1,
            "id": "1003_3",
            "lane_type": 1
        },
        {
            "pos": {
                "x": 566908.8309886677,
                "y": 4317965.654747092,
                "yaw": 1.798871845098881
            },
            "heading": 1.798871845098881,
            "speeds": {
                "vmax": 20.0
            },
            "type": 1,
            "driving_direction": 1,
            "id": "1003_3",
            "lane_type": 1
        },
        {
            "pos": {
                "x": 566908.717937013,
                "y": 4317966.141798756,
                "yaw": 1.798871845098881
            },
            "heading": 1.798871845098881,
            "speeds": {
                "vmax": 20.0
            },
            "type": 1,
            "driving_direction": 1,
            "id": "1003_3",
            "lane_type": 1
        },
        {
            "pos": {
                "x": 566908.6048853584,
                "y": 4317966.62885042,
                "yaw": 1.798871845098881
            },
            "heading": 1.798871845098881,
            "speeds": {
                "vmax": 20.0
            },
            "type": 1,
            "driving_direction": 1,
            "id": "1003_3",
            "lane_type": 1
        },
        {
            "pos": {
                "x": 566908.4918337037,
                "y": 4317967.115902084,
                "yaw": 1.798871845098881
            },
            "heading": 1.798871845098881,
            "speeds": {
                "vmax": 20.0
            },
            "type": 1,
            "driving_direction": 1,
            "id": "1003_3",
            "lane_type": 1
        },
        {
            "pos": {
                "x": 566908.378782049,
                "y": 4317967.602953748,
                "yaw": 1.798871845098881
            },
            "heading": 1.798871845098881,
            "speeds": {
                "vmax": 20.0
            },
            "type": 1,
            "driving_direction": 1,
            "id": "1003_3",
            "lane_type": 1
        },
        {
            "pos": {
                "x": 566908.2657303944,
                "y": 4317968.090005412,
                "yaw": 1.798871845098881
            },
            "heading": 1.798871845098881,
            "speeds": {
                "vmax": 20.0
            },
            "type": 1,
            "driving_direction": 1,
            "id": "1003_3",
            "lane_type": 1
        },
        {
            "pos": {
                "x": 566908.1526787397,
                "y": 4317968.577057076,
                "yaw": 1.798871845098881
            },
            "heading": 1.798871845098881,
            "speeds": {
                "vmax": 20.0
            },
            "type": 1,
            "driving_direction": 1,
            "id": "1003_3",
            "lane_type": 1
        },
        {
            "pos": {
                "x": 566908.0396270851,
                "y": 4317969.06410874,
                "yaw": 1.798871845098881
            },
            "heading": 1.798871845098881,
            "speeds": {
                "vmax": 20.0
            },
            "type": 1,
            "driving_direction": 1,
            "id": "1003_3",
            "lane_type": 1
        },
        {
            "pos": {
                "x": 566907.9265754304,
                "y": 4317969.551160404,
                "yaw": 1.798871845098881
            },
            "heading": 1.798871845098881,
            "speeds": {
                "vmax": 20.0
            },
            "type": 1,
            "driving_direction": 1,
            "id": "1003_3",
            "lane_type": 1
        },
        {
            "pos": {
                "x": 566907.8135237758,
                "y": 4317970.038212068,
                "yaw": 1.798871845098881
            },
            "heading": 1.798871845098881,
            "speeds": {
                "vmax": 20.0
            },
            "type": 1,
            "driving_direction": 1,
            "id": "1003_3",
            "lane_type": 1
        },
        {
            "pos": {
                "x": 566907.7004721211,
                "y": 4317970.525263732,
                "yaw": 1.798871845098881
            },
            "heading": 1.798871845098881,
            "speeds": {
                "vmax": 20.0
            },
            "type": 1,
            "driving_direction": 1,
            "id": "1003_3",
            "lane_type": 1
        },
        {
            "pos": {
                "x": 566907.5874204665,
                "y": 4317971.012315396,
                "yaw": 1.798871845098881
            },
            "heading": 1.798871845098881,
            "speeds": {
                "vmax": 20.0
            },
            "type": 1,
            "driving_direction": 1,
            "id": "1003_3",
            "lane_type": 1
        },
        {
            "pos": {
                "x": 566907.4743688118,
                "y": 4317971.49936706,
                "yaw": 1.798871845098881
            },
            "heading": 1.798871845098881,
            "speeds": {
                "vmax": 20.0
            },
            "type": 1,
            "driving_direction": 1,
            "id": "1003_3",
            "lane_type": 1
        },
        {
            "pos": {
                "x": 566907.3613171572,
                "y": 4317971.986418724,
                "yaw": 1.798871845098881
            },
            "heading": 1.798871845098881,
            "speeds": {
                "vmax": 20.0
            },
            "type": 1,
            "driving_direction": 1,
            "id": "1003_3",
            "lane_type": 1
        },
        {
            "pos": {
                "x": 566907.2482655025,
                "y": 4317972.473470388,
                "yaw": 1.798871845098881
            },
            "heading": 1.798871845098881,
            "speeds": {
                "vmax": 20.0
            },
            "type": 1,
            "driving_direction": 1,
            "id": "1003_3",
            "lane_type": 1
        },
        {
            "pos": {
                "x": 566907.1352138479,
                "y": 4317972.960522052,
                "yaw": 1.798871845098881
            },
            "heading": 1.798871845098881,
            "speeds": {
                "vmax": 20.0
            },
            "type": 1,
            "driving_direction": 1,
            "id": "1003_3",
            "lane_type": 1
        },
        {
            "pos": {
                "x": 566907.0221621932,
                "y": 4317973.447573716,
                "yaw": 1.798871845098881
            },
            "heading": 1.798871845098881,
            "speeds": {
                "vmax": 20.0
            },
            "type": 1,
            "driving_direction": 1,
            "id": "1003_3",
            "lane_type": 1
        },
        {
            "pos": {
                "x": 566906.9091105385,
                "y": 4317973.93462538,
                "yaw": 1.798871845098881
            },
            "heading": 1.798871845098881,
            "speeds": {
                "vmax": 20.0
            },
            "type": 1,
            "driving_direction": 1,
            "id": "1003_3",
            "lane_type": 1
        },
        {
            "pos": {
                "x": 566906.7960588839,
                "y": 4317974.421677044,
                "yaw": 1.798871845098881
            },
            "heading": 1.798871845098881,
            "speeds": {
                "vmax": 20.0
            },
            "type": 1,
            "driving_direction": 1,
            "id": "1003_3",
            "lane_type": 1
        },
        {
            "pos": {
                "x": 566906.6830072292,
                "y": 4317974.908728708,
                "yaw": 1.798871845098881
            },
            "heading": 1.798871845098881,
            "speeds": {
                "vmax": 20.0
            },
            "type": 1,
            "driving_direction": 1,
            "id": "1003_3",
            "lane_type": 1
        },
        {
            "pos": {
                "x": 566906.5699555746,
                "y": 4317975.3957803715,
                "yaw": 1.798871845098881
            },
            "heading": 1.798871845098881,
            "speeds": {
                "vmax": 20.0
            },
            "type": 1,
            "driving_direction": 1,
            "id": "1003_3",
            "lane_type": 1
        },
        {
            "pos": {
                "x": 566906.4569039199,
                "y": 4317975.882832035,
                "yaw": 1.798871845098881
            },
            "heading": 1.798871845098881,
            "speeds": {
                "vmax": 20.0
            },
            "type": 1,
            "driving_direction": 1,
            "id": "1003_3",
            "lane_type": 1
        },
        {
            "pos": {
                "x": 566906.3438522653,
                "y": 4317976.369883699,
                "yaw": 1.798871845098881
            },
            "heading": 1.798871845098881,
            "speeds": {
                "vmax": 20.0
            },
            "type": 1,
            "driving_direction": 1,
            "id": "1003_3",
            "lane_type": 1
        },
        {
            "pos": {
                "x": 566906.2308006106,
                "y": 4317976.856935363,
                "yaw": 1.798871845098881
            },
            "heading": 1.798871845098881,
            "speeds": {
                "vmax": 20.0
            },
            "type": 1,
            "driving_direction": 1,
            "id": "1003_3",
            "lane_type": 1
        },
        {
            "pos": {
                "x": 566906.117748956,
                "y": 4317977.343987027,
                "yaw": 1.798871845098881
            },
            "heading": 1.798871845098881,
            "speeds": {
                "vmax": 20.0
            },
            "type": 1,
            "driving_direction": 1,
            "id": "1003_3",
            "lane_type": 1
        },
        {
            "pos": {
                "x": 566906.0046973013,
                "y": 4317977.831038691,
                "yaw": 1.798871845098881
            },
            "heading": 1.798871845098881,
            "speeds": {
                "vmax": 20.0
            },
            "type": 1,
            "driving_direction": 1,
            "id": "1003_3",
            "lane_type": 1
        },
        {
            "pos": {
                "x": 566905.8916456467,
                "y": 4317978.318090356,
                "yaw": 1.798871845098881
            },
            "heading": 1.798871845098881,
            "speeds": {
                "vmax": 20.0
            },
            "type": 1,
            "driving_direction": 1,
            "id": "1003_3",
            "lane_type": 1
        },
        {
            "pos": {
                "x": 566905.778593992,
                "y": 4317978.80514202,
                "yaw": 1.798871845098881
            },
            "heading": 1.798871845098881,
            "speeds": {
                "vmax": 20.0
            },
            "type": 1,
            "driving_direction": 1,
            "id": "1003_3",
            "lane_type": 1
        },
        {
            "pos": {
                "x": 566905.6655423373,
                "y": 4317979.292193684,
                "yaw": 1.798871845098881
            },
            "heading": 1.798871845098881,
            "speeds": {
                "vmax": 20.0
            },
            "type": 1,
            "driving_direction": 1,
            "id": "1003_3",
            "lane_type": 1
        },
        {
            "pos": {
                "x": 566905.5524906827,
                "y": 4317979.779245348,
                "yaw": 1.798871845098881
            },
            "heading": 1.798871845098881,
            "speeds": {
                "vmax": 20.0
            },
            "type": 1,
            "driving_direction": 1,
            "id": "1003_3",
            "lane_type": 1
        },
        {
            "pos": {
                "x": 566905.439439028,
                "y": 4317980.266297012,
                "yaw": 1.798871845098881
            },
            "heading": 1.798871845098881,
            "speeds": {
                "vmax": 20.0
            },
            "type": 1,
            "driving_direction": 1,
            "id": "1003_3",
            "lane_type": 1
        },
        {
            "pos": {
                "x": 566905.3263873734,
                "y": 4317980.753348676,
                "yaw": 1.798871845098881
            },
            "heading": 1.798871845098881,
            "speeds": {
                "vmax": 20.0
            },
            "type": 1,
            "driving_direction": 1,
            "id": "1003_3",
            "lane_type": 1
        },
        {
            "pos": {
                "x": 566905.2133357187,
                "y": 4317981.2404003395,
                "yaw": 1.798871845098881
            },
            "heading": 1.798871845098881,
            "speeds": {
                "vmax": 20.0
            },
            "type": 1,
            "driving_direction": 1,
            "id": "1003_3",
            "lane_type": 1
        },
        {
            "pos": {
                "x": 566905.1002840641,
                "y": 4317981.727452003,
                "yaw": 1.798871845098881
            },
            "heading": 1.798871845098881,
            "speeds": {
                "vmax": 20.0
            },
            "type": 1,
            "driving_direction": 1,
            "id": "1003_3",
            "lane_type": 1
        },
        {
            "pos": {
                "x": 566904.9872324094,
                "y": 4317982.214503667,
                "yaw": 1.798871845098881
            },
            "heading": 1.798871845098881,
            "speeds": {
                "vmax": 20.0
            },
            "type": 1,
            "driving_direction": 1,
            "id": "1003_3",
            "lane_type": 1
        },
        {
            "pos": {
                "x": 566904.8741807548,
                "y": 4317982.701555331,
                "yaw": 1.798871845098881
            },
            "heading": 1.798871845098881,
            "speeds": {
                "vmax": 20.0
            },
            "type": 1,
            "driving_direction": 1,
            "id": "1003_3",
            "lane_type": 1
        }
    ]
}