{
    "header": {
        "trace_id": "2434366c-1401-4bd3-b490-281fed9d0e83",
        "trans_id": "40f1d107-69c7-430b-95ee-d8d8978a2eee",
        "che_id": "A526",
        "timestamp": "2025-02-20T14:44:58.053308Z"
    },
    "task_id": "2434366c-1401-4bd3-b490-281fed9d0e83",
    "navi_id": "A526_2434366c-1401-4bd3-b490-281fed9d0e83_3",
    "seq_num": 3,
    "dest_type": 3,
    "mode": 2,
    "waypoints": [
        {
            "pos": {
                "x": 566912.0811205934,
                "y": 4317912.677853563,
                "yaw": 1.798800445495579
            },
            "heading": 1.798800445495579,
            "speeds": {
                "vmax": 20.0
            },
            "type": 1,
            "driving_direction": 1,
            "id": "1007_1",
            "lane_type": 1
        },
        {
            "pos": {
                "x": 566911.9681038243,
                "y": 4317913.164913323,
                "yaw": 1.798800445495579
            },
            "heading": 1.798800445495579,
            "speeds": {
                "vmax": 20.0
            },
            "type": 1,
            "driving_direction": 1,
            "id": "1007_1",
            "lane_type": 1
        },
        {
            "pos": {
                "x": 566911.8550870552,
                "y": 4317913.651973083,
                "yaw": 1.798800445495579
            },
            "heading": 1.798800445495579,
            "speeds": {
                "vmax": 20.0
            },
            "type": 1,
            "driving_direction": 1,
            "id": "1007_1",
            "lane_type": 1
        },
        {
            "pos": {
                "x": 566911.7420702862,
                "y": 4317914.1390328435,
                "yaw": 1.798800445495579
            },
            "heading": 1.798800445495579,
            "speeds": {
                "vmax": 20.0
            },
            "type": 1,
            "driving_direction": 1,
            "id": "1007_1",
            "lane_type": 1
        },
        {
            "pos": {
                "x": 566911.6290535171,
                "y": 4317914.626092603,
                "yaw": 1.798800445495579
            },
            "heading": 1.798800445495579,
            "speeds": {
                "vmax": 20.0
            },
            "type": 1,
            "driving_direction": 1,
            "id": "1007_1",
            "lane_type": 1
        },
        {
            "pos": {
                "x": 566911.5160367481,
                "y": 4317915.113152363,
                "yaw": 1.798800445495579
            },
            "heading": 1.798800445495579,
            "speeds": {
                "vmax": 20.0
            },
            "type": 1,
            "driving_direction": 1,
            "id": "1007_1",
            "lane_type": 1
        },
        {
            "pos": {
                "x": 566911.403019979,
                "y": 4317915.600212123,
                "yaw": 1.798800445495579
            },
            "heading": 1.798800445495579,
            "speeds": {
                "vmax": 20.0
            },
            "type": 1,
            "driving_direction": 1,
            "id": "1007_1",
            "lane_type": 1
        },
        {
            "pos": {
                "x": 566911.29000321,
                "y": 4317916.087271883,
                "yaw": 1.798800445495579
            },
            "heading": 1.798800445495579,
            "speeds": {
                "vmax": 20.0
            },
            "type": 1,
            "driving_direction": 1,
            "id": "1007_1",
            "lane_type": 1
        },
        {
            "pos": {
                "x": 566911.1769864409,
                "y": 4317916.574331644,
                "yaw": 1.798800445495579
            },
            "heading": 1.798800445495579,
            "speeds": {
                "vmax": 20.0
            },
            "type": 1,
            "driving_direction": 1,
            "id": "1007_1",
            "lane_type": 1
        },
        {
            "pos": {
                "x": 566911.1022382893,
                "y": 4317916.896468058,
                "yaw": 1.798800445495579
            },
            "heading": 1.798800445495579,
            "speeds": {
                "vmax": 20.0
            },
            "type": 1,
            "driving_direction": 1,
            "id": "1007_1",
            "lane_type": 1
        },
        {
            "pos": {
                "x": 566910.9892743218,
                "y": 4317917.383300206,
                "yaw": 1.798800196191288
            },
            "heading": 1.798800196191288,
            "speeds": {
                "vmax": 20.0
            },
            "type": 1,
            "driving_direction": 1,
            "id": "1006_1",
            "lane_type": 1
        },
        {
            "pos": {
                "x": 566910.8771147167,
                "y": 4317917.866665857,
                "yaw": 1.7988001765416262
            },
            "heading": 1.7988001765416262,
            "speeds": {
                "vmax": 20.0
            },
            "type": 1,
            "driving_direction": 1,
            "id": "1006_1",
            "lane_type": 1
        },
        {
            "pos": {
                "x": 566910.7649469872,
                "y": 4317918.350066519,
                "yaw": 1.7988002263054237
            },
            "heading": 1.7988002263054237,
            "speeds": {
                "vmax": 20.0
            },
            "type": 1,
            "driving_direction": 1,
            "id": "1006_1",
            "lane_type": 1
        },
        {
            "pos": {
                "x": 566910.6527800907,
                "y": 4317918.833463593,
                "yaw": 1.798800285891945
            },
            "heading": 1.798800285891945,
            "speeds": {
                "vmax": 20.0
            },
            "type": 1,
            "driving_direction": 1,
            "id": "1006_1",
            "lane_type": 1
        },
        {
            "pos": {
                "x": 566910.5406094878,
                "y": 4317919.316876639,
                "yaw": 1.7988001705238708
            },
            "heading": 1.7988001705238708,
            "speeds": {
                "vmax": 20.0
            },
            "type": 1,
            "driving_direction": 1,
            "id": "1006_1",
            "lane_type": 1
        },
        {
            "pos": {
                "x": 566910.4284397168,
                "y": 4317919.800286101,
                "yaw": 1.798800390010501
            },
            "heading": 1.798800390010501,
            "speeds": {
                "vmax": 20.0
            },
            "type": 1,
            "driving_direction": 1,
            "id": "1006_1",
            "lane_type": 1
        },
        {
            "pos": {
                "x": 566910.3162736121,
                "y": 4317920.283679763,
                "yaw": 1.7988003431020763
            },
            "heading": 1.7988003431020763,
            "speeds": {
                "vmax": 20.0
            },
            "type": 1,
            "driving_direction": 1,
            "id": "1006_1",
            "lane_type": 1
        },
        {
            "pos": {
                "x": 566910.2041045678,
                "y": 4317920.767086092,
                "yaw": 1.798800006344508
            },
            "heading": 1.798800006344508,
            "speeds": {
                "vmax": 20.0
            },
            "type": 1,
            "driving_direction": 1,
            "id": "1006_1",
            "lane_type": 1
        },
        {
            "pos": {
                "x": 566910.0919354635,
                "y": 4317921.250492679,
                "yaw": 1.7988005654408845
            },
            "heading": 1.7988005654408845,
            "speeds": {
                "vmax": 20.0
            },
            "type": 1,
            "driving_direction": 1,
            "id": "1006_1",
            "lane_type": 1
        },
        {
            "pos": {
                "x": 566909.9797673965,
                "y": 4317921.733894797,
                "yaw": 1.7988000175951722
            },
            "heading": 1.7988000175951722,
            "speeds": {
                "vmax": 20.0
            },
            "type": 1,
            "driving_direction": 1,
            "id": "1006_1",
            "lane_type": 1
        },
        {
            "pos": {
                "x": 566909.8675982215,
                "y": 4317922.217301691,
                "yaw": 1.7988001808236034
            },
            "heading": 1.7988001808236034,
            "speeds": {
                "vmax": 20.0
            },
            "type": 1,
            "driving_direction": 1,
            "id": "1006_1",
            "lane_type": 1
        },
        {
            "pos": {
                "x": 566909.7554301235,
                "y": 4317922.700703941,
                "yaw": 1.7987999828900543
            },
            "heading": 1.7987999828900543,
            "speeds": {
                "vmax": 20.0
            },
            "type": 1,
            "driving_direction": 1,
            "id": "1006_1",
            "lane_type": 1
        },
        {
            "pos": {
                "x": 566909.6432605474,
                "y": 4317923.184112564,
                "yaw": 1.7988003450019499
            },
            "heading": 1.7988003450019499,
            "speeds": {
                "vmax": 20.0
            },
            "type": 1,
            "driving_direction": 1,
            "id": "1006_1",
            "lane_type": 1
        },
        {
            "pos": {
                "x": 566909.5310905771,
                "y": 4317923.667522885,
                "yaw": 1.7988001193313954
            },
            "heading": 1.7988001193313954,
            "speeds": {
                "vmax": 20.0
            },
            "type": 1,
            "driving_direction": 1,
            "id": "1006_1",
            "lane_type": 1
        },
        {
            "pos": {
                "x": 566909.4189309156,
                "y": 4317924.150888777,
                "yaw": 1.7988002022363963
            },
            "heading": 1.7988002022363963,
            "speeds": {
                "vmax": 20.0
            },
            "type": 1,
            "driving_direction": 1,
            "id": "1004_1",
            "lane_type": 1
        },
        {
            "pos": {
                "x": 566909.3059698702,
                "y": 4317924.637708334,
                "yaw": 1.798800344803334
            },
            "heading": 1.798800344803334,
            "speeds": {
                "vmax": 20.0
            },
            "type": 1,
            "driving_direction": 1,
            "id": "1004_1",
            "lane_type": 1
        },
        {
            "pos": {
                "x": 566909.1930006422,
                "y": 4317925.124563152,
                "yaw": 1.7988002437805155
            },
            "heading": 1.7988002437805155,
            "speeds": {
                "vmax": 20.0
            },
            "type": 1,
            "driving_direction": 1,
            "id": "1004_1",
            "lane_type": 1
        },
        {
            "pos": {
                "x": 566909.0800322534,
                "y": 4317925.611414356,
                "yaw": 1.7988003723353148
            },
            "heading": 1.7988003723353148,
            "speeds": {
                "vmax": 20.0
            },
            "type": 1,
            "driving_direction": 1,
            "id": "1004_1",
            "lane_type": 1
        },
        {
            "pos": {
                "x": 566908.967060132,
                "y": 4317926.098281645,
                "yaw": 1.7988004198528385
            },
            "heading": 1.7988004198528385,
            "speeds": {
                "vmax": 20.0
            },
            "type": 1,
            "driving_direction": 1,
            "id": "1004_1",
            "lane_type": 1
        },
        {
            "pos": {
                "x": 566908.854088848,
                "y": 4317926.585145326,
                "yaw": 1.7988000244336684
            },
            "heading": 1.7988000244336684,
            "speeds": {
                "vmax": 20.0
            },
            "type": 1,
            "driving_direction": 1,
            "id": "1004_1",
            "lane_type": 1
        },
        {
            "pos": {
                "x": 566908.7411212563,
                "y": 4317927.071993092,
                "yaw": 1.7988002787125257
            },
            "heading": 1.7988002787125257,
            "speeds": {
                "vmax": 20.0
            },
            "type": 1,
            "driving_direction": 1,
            "id": "1004_1",
            "lane_type": 1
        },
        {
            "pos": {
                "x": 566908.6281507043,
                "y": 4317927.558853619,
                "yaw": 1.7988003378754849
            },
            "heading": 1.7988003378754849,
            "speeds": {
                "vmax": 20.0
            },
            "type": 1,
            "driving_direction": 1,
            "id": "1004_1",
            "lane_type": 1
        },
        {
            "pos": {
                "x": 566908.5151800918,
                "y": 4317928.045714404,
                "yaw": 1.7988002680124724
            },
            "heading": 1.7988002680124724,
            "speeds": {
                "vmax": 20.0
            },
            "type": 1,
            "driving_direction": 1,
            "id": "1004_1",
            "lane_type": 1
        },
        {
            "pos": {
                "x": 566908.4022105241,
                "y": 4317928.532570688,
                "yaw": 1.7988002680124724
            },
            "heading": 1.7988002680124724,
            "speeds": {
                "vmax": 20.0
            },
            "type": 1,
            "driving_direction": 1,
            "id": "1004_1",
            "lane_type": 1
        },
        {
            "pos": {
                "x": 566908.2892398406,
                "y": 4317929.019431781,
                "yaw": 1.7988002796563476
            },
            "heading": 1.7988002796563476,
            "speeds": {
                "vmax": 20.0
            },
            "type": 1,
            "driving_direction": 1,
            "id": "1004_1",
            "lane_type": 1
        },
        {
            "pos": {
                "x": 566908.1762702416,
                "y": 4317929.506288201,
                "yaw": 1.7988001525178765
            },
            "heading": 1.7988001525178765,
            "speeds": {
                "vmax": 20.0
            },
            "type": 1,
            "driving_direction": 1,
            "id": "1004_1",
            "lane_type": 1
        },
        {
            "pos": {
                "x": 566908.0632991537,
                "y": 4317929.993151034,
                "yaw": 1.7988000607847816
            },
            "heading": 1.7988000607847816,
            "speeds": {
                "vmax": 20.0
            },
            "type": 1,
            "driving_direction": 1,
            "id": "1004_1",
            "lane_type": 1
        },
        {
            "pos": {
                "x": 566907.9503276692,
                "y": 4317930.48001558,
                "yaw": 1.7988002763528914
            },
            "heading": 1.7988002763528914,
            "speeds": {
                "vmax": 20.0
            },
            "type": 1,
            "driving_direction": 1,
            "id": "1004_1",
            "lane_type": 1
        },
        {
            "pos": {
                "x": 566907.837366567,
                "y": 4317930.96683538,
                "yaw": 1.7988002248273145
            },
            "heading": 1.7988002248273145,
            "speeds": {
                "vmax": 20.0
            },
            "type": 1,
            "driving_direction": 1,
            "id": "1005_1",
            "lane_type": 1
        },
        {
            "pos": {
                "x": 566907.7232934958,
                "y": 4317931.458447347,
                "yaw": 1.7988000680706941
            },
            "heading": 1.7988000680706941,
            "speeds": {
                "vmax": 20.0
            },
            "type": 1,
            "driving_direction": 1,
            "id": "1005_1",
            "lane_type": 1
        },
        {
            "pos": {
                "x": 566907.6092121615,
                "y": 4317931.950094926,
                "yaw": 1.798800346211143
            },
            "heading": 1.798800346211143,
            "speeds": {
                "vmax": 20.0
            },
            "type": 1,
            "driving_direction": 1,
            "id": "1005_1",
            "lane_type": 1
        },
        {
            "pos": {
                "x": 566907.4951316745,
                "y": 4317932.441738855,
                "yaw": 1.7988003360818134
            },
            "heading": 1.7988003360818134,
            "speeds": {
                "vmax": 20.0
            },
            "type": 1,
            "driving_direction": 1,
            "id": "1005_1",
            "lane_type": 1
        },
        {
            "pos": {
                "x": 566907.3810474181,
                "y": 4317932.933399026,
                "yaw": 1.7988004518505982
            },
            "heading": 1.7988004518505982,
            "speeds": {
                "vmax": 20.0
            },
            "type": 1,
            "driving_direction": 1,
            "id": "1005_1",
            "lane_type": 1
        },
        {
            "pos": {
                "x": 566907.2669640074,
                "y": 4317933.425055554,
                "yaw": 1.7988002894931954
            },
            "heading": 1.7988002894931954,
            "speeds": {
                "vmax": 20.0
            },
            "type": 1,
            "driving_direction": 1,
            "id": "1005_1",
            "lane_type": 1
        },
        {
            "pos": {
                "x": 566907.1528843255,
                "y": 4317933.916696011,
                "yaw": 1.7988000828794897
            },
            "heading": 1.7988000828794897,
            "speeds": {
                "vmax": 20.0
            },
            "type": 1,
            "driving_direction": 1,
            "id": "1005_1",
            "lane_type": 1
        },
        {
            "pos": {
                "x": 566907.038801654,
                "y": 4317934.408349354,
                "yaw": 1.798800221713116
            },
            "heading": 1.798800221713116,
            "speeds": {
                "vmax": 20.0
            },
            "type": 1,
            "driving_direction": 1,
            "id": "1005_1",
            "lane_type": 1
        },
        {
            "pos": {
                "x": 566906.9247189215,
                "y": 4317934.900002957,
                "yaw": 1.7988003014908187
            },
            "heading": 1.7988003014908187,
            "speeds": {
                "vmax": 20.0
            },
            "type": 1,
            "driving_direction": 1,
            "id": "1005_1",
            "lane_type": 1
        },
        {
            "pos": {
                "x": 566906.8106372441,
                "y": 4317935.391652016,
                "yaw": 1.7988001640611457
            },
            "heading": 1.7988001640611457,
            "speeds": {
                "vmax": 20.0
            },
            "type": 1,
            "driving_direction": 1,
            "id": "1005_1",
            "lane_type": 1
        },
        {
            "pos": {
                "x": 566906.6965544397,
                "y": 4317935.88330593,
                "yaw": 1.798800232775937
            },
            "heading": 1.798800232775937,
            "speeds": {
                "vmax": 20.0
            },
            "type": 1,
            "driving_direction": 1,
            "id": "1005_1",
            "lane_type": 1
        },
        {
            "pos": {
                "x": 566906.5824727307,
                "y": 4317936.374955123,
                "yaw": 1.7988002558366938
            },
            "heading": 1.7988002558366938,
            "speeds": {
                "vmax": 20.0
            },
            "type": 1,
            "driving_direction": 1,
            "id": "1005_1",
            "lane_type": 1
        },
        {
            "pos": {
                "x": 566906.4683895183,
                "y": 4317936.866610797,
                "yaw": 1.7988003254856755
            },
            "heading": 1.7988003254856755,
            "speeds": {
                "vmax": 20.0
            },
            "type": 1,
            "driving_direction": 1,
            "id": "1005_1",
            "lane_type": 1
        },
        {
            "pos": {
                "x": 566906.354305905,
                "y": 4317937.358268198,
                "yaw": 1.7988003899989053
            },
            "heading": 1.7988003899989053,
            "speeds": {
                "vmax": 20.0
            },
            "type": 1,
            "driving_direction": 1,
            "id": "1005_1",
            "lane_type": 1
        },
        {
            "pos": {
                "x": 566906.2402327764,
                "y": 4317937.849880413,
                "yaw": 1.7988055769003828
            },
            "heading": 1.7988055769003828,
            "speeds": {
                "vmax": 20.0
            },
            "type": 1,
            "driving_direction": 1,
            "id": "1003_1",
            "lane_type": 1
        },
        {
            "pos": {
                "x": 566906.1272911483,
                "y": 4317938.336957603,
                "yaw": 1.7988055769003828
            },
            "heading": 1.7988055769003828,
            "speeds": {
                "vmax": 20.0
            },
            "type": 1,
            "driving_direction": 1,
            "id": "1003_1",
            "lane_type": 1
        },
        {
            "pos": {
                "x": 566906.0143495202,
                "y": 4317938.824034792,
                "yaw": 1.7988055769003828
            },
            "heading": 1.7988055769003828,
            "speeds": {
                "vmax": 20.0
            },
            "type": 1,
            "driving_direction": 1,
            "id": "1003_1",
            "lane_type": 1
        },
        {
            "pos": {
                "x": 566905.9014078921,
                "y": 4317939.311111982,
                "yaw": 1.7988055769003828
            },
            "heading": 1.7988055769003828,
            "speeds": {
                "vmax": 20.0
            },
            "type": 1,
            "driving_direction": 1,
            "id": "1003_1",
            "lane_type": 1
        },
        {
            "pos": {
                "x": 566905.788466264,
                "y": 4317939.798189172,
                "yaw": 1.7988055769003828
            },
            "heading": 1.7988055769003828,
            "speeds": {
                "vmax": 20.0
            },
            "type": 1,
            "driving_direction": 1,
            "id": "1003_1",
            "lane_type": 1
        },
        {
            "pos": {
                "x": 566905.6755246359,
                "y": 4317940.285266361,
                "yaw": 1.7988055769003828
            },
            "heading": 1.7988055769003828,
            "speeds": {
                "vmax": 20.0
            },
            "type": 1,
            "driving_direction": 1,
            "id": "1003_1",
            "lane_type": 1
        },
        {
            "pos": {
                "x": 566905.5625830078,
                "y": 4317940.772343551,
                "yaw": 1.7988055769003828
            },
            "heading": 1.7988055769003828,
            "speeds": {
                "vmax": 20.0
            },
            "type": 1,
            "driving_direction": 1,
            "id": "1003_1",
            "lane_type": 1
        },
        {
            "pos": {
                "x": 566905.4496413798,
                "y": 4317941.25942074,
                "yaw": 1.7988055769003828
            },
            "heading": 1.7988055769003828,
            "speeds": {
                "vmax": 20.0
            },
            "type": 1,
            "driving_direction": 1,
            "id": "1003_1",
            "lane_type": 1
        },
        {
            "pos": {
                "x": 566905.3366997517,
                "y": 4317941.74649793,
                "yaw": 1.7988055769003828
            },
            "heading": 1.7988055769003828,
            "speeds": {
                "vmax": 20.0
            },
            "type": 1,
            "driving_direction": 1,
            "id": "1003_1",
            "lane_type": 1
        },
        {
            "pos": {
                "x": 566905.2237581236,
                "y": 4317942.23357512,
                "yaw": 1.7988055769003828
            },
            "heading": 1.7988055769003828,
            "speeds": {
                "vmax": 20.0
            },
            "type": 1,
            "driving_direction": 1,
            "id": "1003_1",
            "lane_type": 1
        },
        {
            "pos": {
                "x": 566905.1108164955,
                "y": 4317942.720652309,
                "yaw": 1.7988055769003828
            },
            "heading": 1.7988055769003828,
            "speeds": {
                "vmax": 20.0
            },
            "type": 1,
            "driving_direction": 1,
            "id": "1003_1",
            "lane_type": 1
        },
        {
            "pos": {
                "x": 566904.9978748674,
                "y": 4317943.207729499,
                "yaw": 1.7988055769003828
            },
            "heading": 1.7988055769003828,
            "speeds": {
                "vmax": 20.0
            },
            "type": 1,
            "driving_direction": 1,
            "id": "1003_1",
            "lane_type": 1
        },
        {
            "pos": {
                "x": 566904.8849332393,
                "y": 4317943.694806688,
                "yaw": 1.7988055769003828
            },
            "heading": 1.7988055769003828,
            "speeds": {
                "vmax": 20.0
            },
            "type": 1,
            "driving_direction": 1,
            "id": "1003_1",
            "lane_type": 1
        },
        {
            "pos": {
                "x": 566904.7719916112,
                "y": 4317944.181883878,
                "yaw": 1.7988055769003828
            },
            "heading": 1.7988055769003828,
            "speeds": {
                "vmax": 20.0
            },
            "type": 1,
            "driving_direction": 1,
            "id": "1003_1",
            "lane_type": 1
        },
        {
            "pos": {
                "x": 566904.6590499831,
                "y": 4317944.668961068,
                "yaw": 1.7988055769003828
            },
            "heading": 1.7988055769003828,
            "speeds": {
                "vmax": 20.0
            },
            "type": 1,
            "driving_direction": 1,
            "id": "1003_1",
            "lane_type": 1
        },
        {
            "pos": {
                "x": 566904.546108355,
                "y": 4317945.156038257,
                "yaw": 1.7988055769003828
            },
            "heading": 1.7988055769003828,
            "speeds": {
                "vmax": 20.0
            },
            "type": 1,
            "driving_direction": 1,
            "id": "1003_1",
            "lane_type": 1
        },
        {
            "pos": {
                "x": 566904.433166727,
                "y": 4317945.643115447,
                "yaw": 1.7988055769003828
            },
            "heading": 1.7988055769003828,
            "speeds": {
                "vmax": 20.0
            },
            "type": 1,
            "driving_direction": 1,
            "id": "1003_1",
            "lane_type": 1
        },
        {
            "pos": {
                "x": 566904.3202250989,
                "y": 4317946.1301926365,
                "yaw": 1.7988055769003828
            },
            "heading": 1.7988055769003828,
            "speeds": {
                "vmax": 20.0
            },
            "type": 1,
            "driving_direction": 1,
            "id": "1003_1",
            "lane_type": 1
        },
        {
            "pos": {
                "x": 566904.2072834708,
                "y": 4317946.617269826,
                "yaw": 1.7988055769003828
            },
            "heading": 1.7988055769003828,
            "speeds": {
                "vmax": 20.0
            },
            "type": 1,
            "driving_direction": 1,
            "id": "1003_1",
            "lane_type": 1
        },
        {
            "pos": {
                "x": 566904.0943418427,
                "y": 4317947.104347016,
                "yaw": 1.7988055769003828
            },
            "heading": 1.7988055769003828,
            "speeds": {
                "vmax": 20.0
            },
            "type": 1,
            "driving_direction": 1,
            "id": "1003_1",
            "lane_type": 1
        },
        {
            "pos": {
                "x": 566903.9814002146,
                "y": 4317947.591424205,
                "yaw": 1.7988055769003828
            },
            "heading": 1.7988055769003828,
            "speeds": {
                "vmax": 20.0
            },
            "type": 1,
            "driving_direction": 1,
            "id": "1003_1",
            "lane_type": 1
        },
        {
            "pos": {
                "x": 566903.8684585865,
                "y": 4317948.078501395,
                "yaw": 1.7988055769003828
            },
            "heading": 1.7988055769003828,
            "speeds": {
                "vmax": 20.0
            },
            "type": 1,
            "driving_direction": 1,
            "id": "1003_1",
            "lane_type": 1
        },
        {
            "pos": {
                "x": 566903.7555169584,
                "y": 4317948.565578585,
                "yaw": 1.7988055769003828
            },
            "heading": 1.7988055769003828,
            "speeds": {
                "vmax": 20.0
            },
            "type": 1,
            "driving_direction": 1,
            "id": "1003_1",
            "lane_type": 1
        },
        {
            "pos": {
                "x": 566903.6425753303,
                "y": 4317949.052655774,
                "yaw": 1.7988055769003828
            },
            "heading": 1.7988055769003828,
            "speeds": {
                "vmax": 20.0
            },
            "type": 1,
            "driving_direction": 1,
            "id": "1003_1",
            "lane_type": 1
        },
        {
            "pos": {
                "x": 566903.5296337022,
                "y": 4317949.539732964,
                "yaw": 1.7988055769003828
            },
            "heading": 1.7988055769003828,
            "speeds": {
                "vmax": 20.0
            },
            "type": 1,
            "driving_direction": 1,
            "id": "1003_1",
            "lane_type": 1
        },
        {
            "pos": {
                "x": 566903.4166920742,
                "y": 4317950.026810153,
                "yaw": 1.7988055769003828
            },
            "heading": 1.7988055769003828,
            "speeds": {
                "vmax": 20.0
            },
            "type": 1,
            "driving_direction": 1,
            "id": "1003_1",
            "lane_type": 1
        },
        {
            "pos": {
                "x": 566903.3037504461,
                "y": 4317950.513887343,
                "yaw": 1.7988055769003828
            },
            "heading": 1.7988055769003828,
            "speeds": {
                "vmax": 20.0
            },
            "type": 1,
            "driving_direction": 1,
            "id": "1003_1",
            "lane_type": 1
        },
        {
            "pos": {
                "x": 566903.190808818,
                "y": 4317951.000964533,
                "yaw": 1.7988055769003828
            },
            "heading": 1.7988055769003828,
            "speeds": {
                "vmax": 20.0
            },
            "type": 1,
            "driving_direction": 1,
            "id": "1003_1",
            "lane_type": 1
        },
        {
            "pos": {
                "x": 566903.0778671899,
                "y": 4317951.488041722,
                "yaw": 1.7988055769003828
            },
            "heading": 1.7988055769003828,
            "speeds": {
                "vmax": 20.0
            },
            "type": 1,
            "driving_direction": 1,
            "id": "1003_1",
            "lane_type": 1
        },
        {
            "pos": {
                "x": 566902.9649255618,
                "y": 4317951.975118912,
                "yaw": 1.7988055769003828
            },
            "heading": 1.7988055769003828,
            "speeds": {
                "vmax": 20.0
            },
            "type": 1,
            "driving_direction": 1,
            "id": "1003_1",
            "lane_type": 1
        },
        {
            "pos": {
                "x": 566902.8519839337,
                "y": 4317952.462196101,
                "yaw": 1.7988055769003828
            },
            "heading": 1.7988055769003828,
            "speeds": {
                "vmax": 20.0
            },
            "type": 1,
            "driving_direction": 1,
            "id": "1003_1",
            "lane_type": 1
        },
        {
            "pos": {
                "x": 566902.7390423056,
                "y": 4317952.949273291,
                "yaw": 1.7988055769003828
            },
            "heading": 1.7988055769003828,
            "speeds": {
                "vmax": 20.0
            },
            "type": 1,
            "driving_direction": 1,
            "id": "1003_1",
            "lane_type": 1
        },
        {
            "pos": {
                "x": 566902.6261006775,
                "y": 4317953.436350481,
                "yaw": 1.7988055769003828
            },
            "heading": 1.7988055769003828,
            "speeds": {
                "vmax": 20.0
            },
            "type": 1,
            "driving_direction": 1,
            "id": "1003_1",
            "lane_type": 1
        },
        {
            "pos": {
                "x": 566902.5131590494,
                "y": 4317953.92342767,
                "yaw": 1.7988055769003828
            },
            "heading": 1.7988055769003828,
            "speeds": {
                "vmax": 20.0
            },
            "type": 1,
            "driving_direction": 1,
            "id": "1003_1",
            "lane_type": 1
        },
        {
            "pos": {
                "x": 566902.4002174214,
                "y": 4317954.41050486,
                "yaw": 1.7988055769003828
            },
            "heading": 1.7988055769003828,
            "speeds": {
                "vmax": 20.0
            },
            "type": 1,
            "driving_direction": 1,
            "id": "1003_1",
            "lane_type": 1
        },
        {
            "pos": {
                "x": 566902.2872757933,
                "y": 4317954.8975820495,
                "yaw": 1.7988055769003828
            },
            "heading": 1.7988055769003828,
            "speeds": {
                "vmax": 20.0
            },
            "type": 1,
            "driving_direction": 1,
            "id": "1003_1",
            "lane_type": 1
        },
        {
            "pos": {
                "x": 566902.1743341652,
                "y": 4317955.384659239,
                "yaw": 1.7988055769003828
            },
            "heading": 1.7988055769003828,
            "speeds": {
                "vmax": 20.0
            },
            "type": 1,
            "driving_direction": 1,
            "id": "1003_1",
            "lane_type": 1
        },
        {
            "pos": {
                "x": 566902.0613925371,
                "y": 4317955.871736429,
                "yaw": 1.7988055769003828
            },
            "heading": 1.7988055769003828,
            "speeds": {
                "vmax": 20.0
            },
            "type": 1,
            "driving_direction": 1,
            "id": "1003_1",
            "lane_type": 1
        },
        {
            "pos": {
                "x": 566901.948450909,
                "y": 4317956.358813618,
                "yaw": 1.7988055769003828
            },
            "heading": 1.7988055769003828,
            "speeds": {
                "vmax": 20.0
            },
            "type": 1,
            "driving_direction": 1,
            "id": "1003_1",
            "lane_type": 1
        },
        {
            "pos": {
                "x": 566901.8355092809,
                "y": 4317956.845890808,
                "yaw": 1.7988055769003828
            },
            "heading": 1.7988055769003828,
            "speeds": {
                "vmax": 20.0
            },
            "type": 1,
            "driving_direction": 1,
            "id": "1003_1",
            "lane_type": 1
        },
        {
            "pos": {
                "x": 566901.7225676528,
                "y": 4317957.3329679975,
                "yaw": 1.7988055769003828
            },
            "heading": 1.7988055769003828,
            "speeds": {
                "vmax": 20.0
            },
            "type": 1,
            "driving_direction": 1,
            "id": "1003_1",
            "lane_type": 1
        },
        {
            "pos": {
                "x": 566901.6096260247,
                "y": 4317957.820045187,
                "yaw": 1.7988055769003828
            },
            "heading": 1.7988055769003828,
            "speeds": {
                "vmax": 20.0
            },
            "type": 1,
            "driving_direction": 1,
            "id": "1003_1",
            "lane_type": 1
        },
        {
            "pos": {
                "x": 566901.4966843966,
                "y": 4317958.307122377,
                "yaw": 1.7988055769003828
            },
            "heading": 1.7988055769003828,
            "speeds": {
                "vmax": 20.0
            },
            "type": 1,
            "driving_direction": 1,
            "id": "1003_1",
            "lane_type": 1
        },
        {
            "pos": {
                "x": 566901.3837427686,
                "y": 4317958.794199566,
                "yaw": 1.7988055769003828
            },
            "heading": 1.7988055769003828,
            "speeds": {
                "vmax": 20.0
            },
            "type": 1,
            "driving_direction": 1,
            "id": "1003_1",
            "lane_type": 1
        },
        {
            "pos": {
                "x": 566901.2708011405,
                "y": 4317959.281276756,
                "yaw": 1.7988055769003828
            },
            "heading": 1.7988055769003828,
            "speeds": {
                "vmax": 20.0
            },
            "type": 1,
            "driving_direction": 1,
            "id": "1003_1",
            "lane_type": 1
        },
        {
            "pos": {
                "x": 566901.1578595124,
                "y": 4317959.768353946,
                "yaw": 1.7988055769003828
            },
            "heading": 1.7988055769003828,
            "speeds": {
                "vmax": 20.0
            },
            "type": 1,
            "driving_direction": 1,
            "id": "1003_1",
            "lane_type": 1
        },
        {
            "pos": {
                "x": 566901.0449178843,
                "y": 4317960.255431135,
                "yaw": 1.7988055769003828
            },
            "heading": 1.7988055769003828,
            "speeds": {
                "vmax": 20.0
            },
            "type": 1,
            "driving_direction": 1,
            "id": "1003_1",
            "lane_type": 1
        },
        {
            "pos": {
                "x": 566900.9319762562,
                "y": 4317960.742508325,
                "yaw": 1.7988055769003828
            },
            "heading": 1.7988055769003828,
            "speeds": {
                "vmax": 20.0
            },
            "type": 1,
            "driving_direction": 1,
            "id": "1003_1",
            "lane_type": 1
        },
        {
            "pos": {
                "x": 566900.8190346281,
                "y": 4317961.229585514,
                "yaw": 1.7988055769003828
            },
            "heading": 1.7988055769003828,
            "speeds": {
                "vmax": 20.0
            },
            "type": 1,
            "driving_direction": 1,
            "id": "1003_1",
            "lane_type": 1
        },
        {
            "pos": {
                "x": 566900.706093,
                "y": 4317961.716662704,
                "yaw": 1.7988055769003828
            },
            "heading": 1.7988055769003828,
            "speeds": {
                "vmax": 20.0
            },
            "type": 1,
            "driving_direction": 1,
            "id": "1003_1",
            "lane_type": 1
        },
        {
            "pos": {
                "x": 566900.5931513719,
                "y": 4317962.203739894,
                "yaw": 1.7988055769003828
            },
            "heading": 1.7988055769003828,
            "speeds": {
                "vmax": 20.0
            },
            "type": 1,
            "driving_direction": 1,
            "id": "1003_1",
            "lane_type": 1
        },
        {
            "pos": {
                "x": 566900.4802097438,
                "y": 4317962.690817083,
                "yaw": 1.7988055769003828
            },
            "heading": 1.7988055769003828,
            "speeds": {
                "vmax": 20.0
            },
            "type": 1,
            "driving_direction": 1,
            "id": "1003_1",
            "lane_type": 1
        },
        {
            "pos": {
                "x": 566900.3672681157,
                "y": 4317963.177894273,
                "yaw": 1.7988055769003828
            },
            "heading": 1.7988055769003828,
            "speeds": {
                "vmax": 20.0
            },
            "type": 1,
            "driving_direction": 1,
            "id": "1003_1",
            "lane_type": 1
        },
        {
            "pos": {
                "x": 566900.2543264877,
                "y": 4317963.664971462,
                "yaw": 1.7988055769003828
            },
            "heading": 1.7988055769003828,
            "speeds": {
                "vmax": 20.0
            },
            "type": 1,
            "driving_direction": 1,
            "id": "1003_1",
            "lane_type": 1
        },
        {
            "pos": {
                "x": 566900.1413848596,
                "y": 4317964.152048652,
                "yaw": 1.7988055769003828
            },
            "heading": 1.7988055769003828,
            "speeds": {
                "vmax": 20.0
            },
            "type": 1,
            "driving_direction": 1,
            "id": "1003_1",
            "lane_type": 1
        },
        {
            "pos": {
                "x": 566900.0284432315,
                "y": 4317964.639125842,
                "yaw": 1.7988055769003828
            },
            "heading": 1.7988055769003828,
            "speeds": {
                "vmax": 20.0
            },
            "type": 1,
            "driving_direction": 1,
            "id": "1003_1",
            "lane_type": 1
        },
        {
            "pos": {
                "x": 566899.9155016034,
                "y": 4317965.126203031,
                "yaw": 1.7988055769003828
            },
            "heading": 1.7988055769003828,
            "speeds": {
                "vmax": 20.0
            },
            "type": 1,
            "driving_direction": 1,
            "id": "1003_1",
            "lane_type": 1
        },
        {
            "pos": {
                "x": 566899.8025599753,
                "y": 4317965.613280221,
                "yaw": 1.7988055769003828
            },
            "heading": 1.7988055769003828,
            "speeds": {
                "vmax": 20.0
            },
            "type": 1,
            "driving_direction": 1,
            "id": "1003_1",
            "lane_type": 1
        },
        {
            "pos": {
                "x": 566899.6896183472,
                "y": 4317966.1003574105,
                "yaw": 1.7988055769003828
            },
            "heading": 1.7988055769003828,
            "speeds": {
                "vmax": 20.0
            },
            "type": 1,
            "driving_direction": 1,
            "id": "1003_1",
            "lane_type": 1
        },
        {
            "pos": {
                "x": 566899.5766767191,
                "y": 4317966.5874346,
                "yaw": 1.7988055769003828
            },
            "heading": 1.7988055769003828,
            "speeds": {
                "vmax": 20.0
            },
            "type": 1,
            "driving_direction": 1,
            "id": "1003_1",
            "lane_type": 1
        },
        {
            "pos": {
                "x": 566899.463735091,
                "y": 4317967.07451179,
                "yaw": 1.7988055769003828
            },
            "heading": 1.7988055769003828,
            "speeds": {
                "vmax": 20.0
            },
            "type": 1,
            "driving_direction": 1,
            "id": "1003_1",
            "lane_type": 1
        },
        {
            "pos": {
                "x": 566899.350793463,
                "y": 4317967.561588979,
                "yaw": 1.7988055769003828
            },
            "heading": 1.7988055769003828,
            "speeds": {
                "vmax": 20.0
            },
            "type": 1,
            "driving_direction": 1,
            "id": "1003_1",
            "lane_type": 1
        },
        {
            "pos": {
                "x": 566899.2378518349,
                "y": 4317968.048666169,
                "yaw": 1.7988055769003828
            },
            "heading": 1.7988055769003828,
            "speeds": {
                "vmax": 20.0
            },
            "type": 1,
            "driving_direction": 1,
            "id": "1003_1",
            "lane_type": 1
        },
        {
            "pos": {
                "x": 566899.1249102068,
                "y": 4317968.535743359,
                "yaw": 1.7988055769003828
            },
            "heading": 1.7988055769003828,
            "speeds": {
                "vmax": 20.0
            },
            "type": 1,
            "driving_direction": 1,
            "id": "1003_1",
            "lane_type": 1
        },
        {
            "pos": {
                "x": 566899.0119685787,
                "y": 4317969.022820548,
                "yaw": 1.7988055769003828
            },
            "heading": 1.7988055769003828,
            "speeds": {
                "vmax": 20.0
            },
            "type": 1,
            "driving_direction": 1,
            "id": "1003_1",
            "lane_type": 1
        },
        {
            "pos": {
                "x": 566898.8990269506,
                "y": 4317969.509897738,
                "yaw": 1.7988055769003828
            },
            "heading": 1.7988055769003828,
            "speeds": {
                "vmax": 20.0
            },
            "type": 1,
            "driving_direction": 1,
            "id": "1003_1",
            "lane_type": 1
        },
        {
            "pos": {
                "x": 566898.7860853225,
                "y": 4317969.996974927,
                "yaw": 1.7988055769003828
            },
            "heading": 1.7988055769003828,
            "speeds": {
                "vmax": 20.0
            },
            "type": 1,
            "driving_direction": 1,
            "id": "1003_1",
            "lane_type": 1
        },
        {
            "pos": {
                "x": 566898.6731436944,
                "y": 4317970.484052118,
                "yaw": 1.7988055769003828
            },
            "heading": 1.7988055769003828,
            "speeds": {
                "vmax": 20.0
            },
            "type": 1,
            "driving_direction": 1,
            "id": "1003_1",
            "lane_type": 1
        },
        {
            "pos": {
                "x": 566898.5602020663,
                "y": 4317970.9711293075,
                "yaw": 1.7988055769003828
            },
            "heading": 1.7988055769003828,
            "speeds": {
                "vmax": 20.0
            },
            "type": 1,
            "driving_direction": 1,
            "id": "1003_1",
            "lane_type": 1
        },
        {
            "pos": {
                "x": 566898.4472604382,
                "y": 4317971.458206497,
                "yaw": 1.7988055769003828
            },
            "heading": 1.7988055769003828,
            "speeds": {
                "vmax": 20.0
            },
            "type": 1,
            "driving_direction": 1,
            "id": "1003_1",
            "lane_type": 1
        },
        {
            "pos": {
                "x": 566898.3343188101,
                "y": 4317971.945283687,
                "yaw": 1.7988055769003828
            },
            "heading": 1.7988055769003828,
            "speeds": {
                "vmax": 20.0
            },
            "type": 1,
            "driving_direction": 1,
            "id": "1003_1",
            "lane_type": 1
        },
        {
            "pos": {
                "x": 566898.221377182,
                "y": 4317972.432360876,
                "yaw": 1.7988055769003828
            },
            "heading": 1.7988055769003828,
            "speeds": {
                "vmax": 20.0
            },
            "type": 1,
            "driving_direction": 1,
            "id": "1003_1",
            "lane_type": 1
        },
        {
            "pos": {
                "x": 566898.108435554,
                "y": 4317972.919438066,
                "yaw": 1.7988055769003828
            },
            "heading": 1.7988055769003828,
            "speeds": {
                "vmax": 20.0
            },
            "type": 1,
            "driving_direction": 1,
            "id": "1003_1",
            "lane_type": 1
        },
        {
            "pos": {
                "x": 566897.9954939259,
                "y": 4317973.406515256,
                "yaw": 1.7988055769003828
            },
            "heading": 1.7988055769003828,
            "speeds": {
                "vmax": 20.0
            },
            "type": 1,
            "driving_direction": 1,
            "id": "1003_1",
            "lane_type": 1
        },
        {
            "pos": {
                "x": 566897.8825522978,
                "y": 4317973.893592445,
                "yaw": 1.7988055769003828
            },
            "heading": 1.7988055769003828,
            "speeds": {
                "vmax": 20.0
            },
            "type": 1,
            "driving_direction": 1,
            "id": "1003_1",
            "lane_type": 1
        },
        {
            "pos": {
                "x": 566897.7696106697,
                "y": 4317974.380669635,
                "yaw": 1.7988055769003828
            },
            "heading": 1.7988055769003828,
            "speeds": {
                "vmax": 20.0
            },
            "type": 1,
            "driving_direction": 1,
            "id": "1003_1",
            "lane_type": 1
        },
        {
            "pos": {
                "x": 566897.6566690416,
                "y": 4317974.867746824,
                "yaw": 1.7988055769003828
            },
            "heading": 1.7988055769003828,
            "speeds": {
                "vmax": 20.0
            },
            "type": 1,
            "driving_direction": 1,
            "id": "1003_1",
            "lane_type": 1
        },
        {
            "pos": {
                "x": 566897.5437274135,
                "y": 4317975.354824014,
                "yaw": 1.7988055769003828
            },
            "heading": 1.7988055769003828,
            "speeds": {
                "vmax": 20.0
            },
            "type": 1,
            "driving_direction": 1,
            "id": "1003_1",
            "lane_type": 1
        },
        {
            "pos": {
                "x": 566897.4307857854,
                "y": 4317975.841901204,
                "yaw": 1.7988055769003828
            },
            "heading": 1.7988055769003828,
            "speeds": {
                "vmax": 20.0
            },
            "type": 1,
            "driving_direction": 1,
            "id": "1003_1",
            "lane_type": 1
        },
        {
            "pos": {
                "x": 566897.3178441573,
                "y": 4317976.328978393,
                "yaw": 1.7988055769003828
            },
            "heading": 1.7988055769003828,
            "speeds": {
                "vmax": 20.0
            },
            "type": 1,
            "driving_direction": 1,
            "id": "1003_1",
            "lane_type": 1
        },
        {
            "pos": {
                "x": 566897.2049025293,
                "y": 4317976.816055583,
                "yaw": 1.7988055769003828
            },
            "heading": 1.7988055769003828,
            "speeds": {
                "vmax": 20.0
            },
            "type": 1,
            "driving_direction": 1,
            "id": "1003_1",
            "lane_type": 1
        },
        {
            "pos": {
                "x": 566897.0919609012,
                "y": 4317977.303132772,
                "yaw": 1.7988055769003828
            },
            "heading": 1.7988055769003828,
            "speeds": {
                "vmax": 20.0
            },
            "type": 1,
            "driving_direction": 1,
            "id": "1003_1",
            "lane_type": 1
        },
        {
            "pos": {
                "x": 566896.9790192731,
                "y": 4317977.790209962,
                "yaw": 1.7988055769003828
            },
            "heading": 1.7988055769003828,
            "speeds": {
                "vmax": 20.0
            },
            "type": 1,
            "driving_direction": 1,
            "id": "1003_1",
            "lane_type": 1
        },
        {
            "pos": {
                "x": 566896.866077645,
                "y": 4317978.277287152,
                "yaw": 1.7988055769003828
            },
            "heading": 1.7988055769003828,
            "speeds": {
                "vmax": 20.0
            },
            "type": 1,
            "driving_direction": 1,
            "id": "1003_1",
            "lane_type": 1
        },
        {
            "pos": {
                "x": 566896.7531360169,
                "y": 4317978.764364341,
                "yaw": 1.7988055769003828
            },
            "heading": 1.7988055769003828,
            "speeds": {
                "vmax": 20.0
            },
            "type": 1,
            "driving_direction": 1,
            "id": "1003_1",
            "lane_type": 1
        },
        {
            "pos": {
                "x": 566896.6401943888,
                "y": 4317979.251441531,
                "yaw": 1.7988055769003828
            },
            "heading": 1.7988055769003828,
            "speeds": {
                "vmax": 20.0
            },
            "type": 1,
            "driving_direction": 1,
            "id": "1003_1",
            "lane_type": 1
        },
        {
            "pos": {
                "x": 566896.5272527607,
                "y": 4317979.7385187205,
                "yaw": 1.7988055769003828
            },
            "heading": 1.7988055769003828,
            "speeds": {
                "vmax": 20.0
            },
            "type": 1,
            "driving_direction": 1,
            "id": "1003_1",
            "lane_type": 1
        },
        {
            "pos": {
                "x": 566896.4143111326,
                "y": 4317980.22559591,
                "yaw": 1.7988055769003828
            },
            "heading": 1.7988055769003828,
            "speeds": {
                "vmax": 20.0
            },
            "type": 1,
            "driving_direction": 1,
            "id": "1003_1",
            "lane_type": 1
        },
        {
            "pos": {
                "x": 566896.3013695045,
                "y": 4317980.7126731,
                "yaw": 1.7988055769003828
            },
            "heading": 1.7988055769003828,
            "speeds": {
                "vmax": 20.0
            },
            "type": 1,
            "driving_direction": 1,
            "id": "1003_1",
            "lane_type": 1
        },
        {
            "pos": {
                "x": 566896.1884278764,
                "y": 4317981.199750289,
                "yaw": 1.7988055769003828
            },
            "heading": 1.7988055769003828,
            "speeds": {
                "vmax": 20.0
            },
            "type": 1,
            "driving_direction": 1,
            "id": "1003_1",
            "lane_type": 1
        },
        {
            "pos": {
                "x": 566896.0754862484,
                "y": 4317981.686827479,
                "yaw": 1.7988055769003828
            },
            "heading": 1.7988055769003828,
            "speeds": {
                "vmax": 20.0
            },
            "type": 1,
            "driving_direction": 1,
            "id": "1003_1",
            "lane_type": 1
        },
        {
            "pos": {
                "x": 566895.9625446203,
                "y": 4317982.173904669,
                "yaw": 1.7988055769003828
            },
            "heading": 1.7988055769003828,
            "speeds": {
                "vmax": 20.0
            },
            "type": 1,
            "driving_direction": 1,
            "id": "1003_1",
            "lane_type": 1
        },
        {
            "pos": {
                "x": 566895.8496029922,
                "y": 4317982.660981858,
                "yaw": 1.7988055769003828
            },
            "heading": 1.7988055769003828,
            "speeds": {
                "vmax": 20.0
            },
            "type": 1,
            "driving_direction": 1,
            "id": "1003_1",
            "lane_type": 1
        },
        {
            "pos": {
                "x": 566895.7366613641,
                "y": 4317983.148059048,
                "yaw": 1.7988055769003828
            },
            "heading": 1.7988055769003828,
            "speeds": {
                "vmax": 20.0
            },
            "type": 1,
            "driving_direction": 1,
            "id": "1003_1",
            "lane_type": 1
        },
        {
            "pos": {
                "x": 566895.623719736,
                "y": 4317983.635136237,
                "yaw": 1.7988055769003828
            },
            "heading": 1.7988055769003828,
            "speeds": {
                "vmax": 20.0
            },
            "type": 1,
            "driving_direction": 1,
            "id": "1003_1",
            "lane_type": 1
        },
        {
            "pos": {
                "x": 566895.5107781079,
                "y": 4317984.122213427,
                "yaw": 1.7988055769003828
            },
            "heading": 1.7988055769003828,
            "speeds": {
                "vmax": 20.0
            },
            "type": 1,
            "driving_direction": 1,
            "id": "1003_1",
            "lane_type": 1
        },
        {
            "pos": {
                "x": 566895.3978364798,
                "y": 4317984.609290617,
                "yaw": 1.7988055769003828
            },
            "heading": 1.7988055769003828,
            "speeds": {
                "vmax": 20.0
            },
            "type": 1,
            "driving_direction": 1,
            "id": "1003_1",
            "lane_type": 1
        },
        {
            "pos": {
                "x": 566895.2848948517,
                "y": 4317985.096367806,
                "yaw": 1.7988055769003828
            },
            "heading": 1.7988055769003828,
            "speeds": {
                "vmax": 20.0
            },
            "type": 1,
            "driving_direction": 1,
            "id": "1003_1",
            "lane_type": 1
        },
        {
            "pos": {
                "x": 566895.1719532236,
                "y": 4317985.583444996,
                "yaw": 1.7988055769003828
            },
            "heading": 1.7988055769003828,
            "speeds": {
                "vmax": 20.0
            },
            "type": 1,
            "driving_direction": 1,
            "id": "1003_1",
            "lane_type": 1
        },
        {
            "pos": {
                "x": 566895.0590115956,
                "y": 4317986.070522185,
                "yaw": 1.7988055769003828
            },
            "heading": 1.7988055769003828,
            "speeds": {
                "vmax": 20.0
            },
            "type": 1,
            "driving_direction": 1,
            "id": "1003_1",
            "lane_type": 1
        },
        {
            "pos": {
                "x": 566894.9460699675,
                "y": 4317986.557599375,
                "yaw": 1.7988055769003828
            },
            "heading": 1.7988055769003828,
            "speeds": {
                "vmax": 20.0
            },
            "type": 1,
            "driving_direction": 1,
            "id": "1003_1",
            "lane_type": 1
        },
        {
            "pos": {
                "x": 566894.8331283394,
                "y": 4317987.044676565,
                "yaw": 1.7988055769003828
            },
            "heading": 1.7988055769003828,
            "speeds": {
                "vmax": 20.0
            },
            "type": 1,
            "driving_direction": 1,
            "id": "1003_1",
            "lane_type": 1
        },
        {
            "pos": {
                "x": 566894.7201867113,
                "y": 4317987.531753754,
                "yaw": 1.7988055769003828
            },
            "heading": 1.7988055769003828,
            "speeds": {
                "vmax": 20.0
            },
            "type": 1,
            "driving_direction": 1,
            "id": "1003_1",
            "lane_type": 1
        },
        {
            "pos": {
                "x": 566894.6072450832,
                "y": 4317988.018830944,
                "yaw": 1.7988055769003828
            },
            "heading": 1.7988055769003828,
            "speeds": {
                "vmax": 20.0
            },
            "type": 1,
            "driving_direction": 1,
            "id": "1003_1",
            "lane_type": 1
        },
        {
            "pos": {
                "x": 566894.4943034551,
                "y": 4317988.505908133,
                "yaw": 1.7988055769003828
            },
            "heading": 1.7988055769003828,
            "speeds": {
                "vmax": 20.0
            },
            "type": 1,
            "driving_direction": 1,
            "id": "1003_1",
            "lane_type": 1
        },
        {
            "pos": {
                "x": 566894.381361827,
                "y": 4317988.992985323,
                "yaw": 1.7988055769003828
            },
            "heading": 1.7988055769003828,
            "speeds": {
                "vmax": 20.0
            },
            "type": 1,
            "driving_direction": 1,
            "id": "1003_1",
            "lane_type": 1
        },
        {
            "pos": {
                "x": 566894.2684201989,
                "y": 4317989.480062513,
                "yaw": 1.7988055769003828
            },
            "heading": 1.7988055769003828,
            "speeds": {
                "vmax": 20.0
            },
            "type": 1,
            "driving_direction": 1,
            "id": "1003_1",
            "lane_type": 1
        },
        {
            "pos": {
                "x": 566894.1554785708,
                "y": 4317989.967139702,
                "yaw": 1.7988055769003828
            },
            "heading": 1.7988055769003828,
            "speeds": {
                "vmax": 20.0
            },
            "type": 1,
            "driving_direction": 1,
            "id": "1003_1",
            "lane_type": 1
        },
        {
            "pos": {
                "x": 566894.0425369428,
                "y": 4317990.454216892,
                "yaw": 1.7988055769003828
            },
            "heading": 1.7988055769003828,
            "speeds": {
                "vmax": 20.0
            },
            "type": 1,
            "driving_direction": 1,
            "id": "1003_1",
            "lane_type": 1
        }
    ]
}