{
    "header": {
        "trace_id": "dc71e47d-b156-44fc-916f-3efbfdcb6f2a",
        "trans_id": "bdba86a5-e274-495c-952f-7f015fa50b8b",
        "che_id": "A531",
        "timestamp": "2025-02-20T14:39:09.016172Z"
    },
    "task_id": "dc71e47d-b156-44fc-916f-3efbfdcb6f2a",
    "navi_id": "A531_dc71e47d-b156-44fc-916f-3efbfdcb6f2a_7",
    "seq_num": 7,
    "dest_type": 3,
    "mode": 2,
    "waypoints": [
        {
            "pos": {
                "x": 566898.4472604382,
                "y": 4317971.458206497,
                "yaw": 1.7988055769003828
            },
            "heading": 1.7988055769003828,
            "speeds": {
                "vmax": 20.0
            },
            "type": 1,
            "driving_direction": 1,
            "id": "1003_1",
            "lane_type": 1
        },
        {
            "pos": {
                "x": 566898.3343188101,
                "y": 4317971.945283687,
                "yaw": 1.7988055769003828
            },
            "heading": 1.7988055769003828,
            "speeds": {
                "vmax": 20.0
            },
            "type": 1,
            "driving_direction": 1,
            "id": "1003_1",
            "lane_type": 1
        },
        {
            "pos": {
                "x": 566898.221377182,
                "y": 4317972.432360876,
                "yaw": 1.7988055769003828
            },
            "heading": 1.7988055769003828,
            "speeds": {
                "vmax": 20.0
            },
            "type": 1,
            "driving_direction": 1,
            "id": "1003_1",
            "lane_type": 1
        },
        {
            "pos": {
                "x": 566898.108435554,
                "y": 4317972.919438066,
                "yaw": 1.7988055769003828
            },
            "heading": 1.7988055769003828,
            "speeds": {
                "vmax": 20.0
            },
            "type": 1,
            "driving_direction": 1,
            "id": "1003_1",
            "lane_type": 1
        },
        {
            "pos": {
                "x": 566897.9954939259,
                "y": 4317973.406515256,
                "yaw": 1.7988055769003828
            },
            "heading": 1.7988055769003828,
            "speeds": {
                "vmax": 20.0
            },
            "type": 1,
            "driving_direction": 1,
            "id": "1003_1",
            "lane_type": 1
        },
        {
            "pos": {
                "x": 566897.8825522978,
                "y": 4317973.893592445,
                "yaw": 1.7988055769003828
            },
            "heading": 1.7988055769003828,
            "speeds": {
                "vmax": 20.0
            },
            "type": 1,
            "driving_direction": 1,
            "id": "1003_1",
            "lane_type": 1
        },
        {
            "pos": {
                "x": 566897.7696106697,
                "y": 4317974.380669635,
                "yaw": 1.7988055769003828
            },
            "heading": 1.7988055769003828,
            "speeds": {
                "vmax": 20.0
            },
            "type": 1,
            "driving_direction": 1,
            "id": "1003_1",
            "lane_type": 1
        },
        {
            "pos": {
                "x": 566897.6566690416,
                "y": 4317974.867746824,
                "yaw": 1.7988055769003828
            },
            "heading": 1.7988055769003828,
            "speeds": {
                "vmax": 20.0
            },
            "type": 1,
            "driving_direction": 1,
            "id": "1003_1",
            "lane_type": 1
        },
        {
            "pos": {
                "x": 566897.5437274135,
                "y": 4317975.354824014,
                "yaw": 1.7988055769003828
            },
            "heading": 1.7988055769003828,
            "speeds": {
                "vmax": 20.0
            },
            "type": 1,
            "driving_direction": 1,
            "id": "1003_1",
            "lane_type": 1
        },
        {
            "pos": {
                "x": 566897.4307857854,
                "y": 4317975.841901204,
                "yaw": 1.7988055769003828
            },
            "heading": 1.7988055769003828,
            "speeds": {
                "vmax": 20.0
            },
            "type": 1,
            "driving_direction": 1,
            "id": "1003_1",
            "lane_type": 1
        },
        {
            "pos": {
                "x": 566897.3178441573,
                "y": 4317976.328978393,
                "yaw": 1.7988055769003828
            },
            "heading": 1.7988055769003828,
            "speeds": {
                "vmax": 20.0
            },
            "type": 1,
            "driving_direction": 1,
            "id": "1003_1",
            "lane_type": 1
        },
        {
            "pos": {
                "x": 566897.2049025293,
                "y": 4317976.816055583,
                "yaw": 1.7988055769003828
            },
            "heading": 1.7988055769003828,
            "speeds": {
                "vmax": 20.0
            },
            "type": 1,
            "driving_direction": 1,
            "id": "1003_1",
            "lane_type": 1
        },
        {
            "pos": {
                "x": 566897.0919609012,
                "y": 4317977.303132772,
                "yaw": 1.7988055769003828
            },
            "heading": 1.7988055769003828,
            "speeds": {
                "vmax": 20.0
            },
            "type": 1,
            "driving_direction": 1,
            "id": "1003_1",
            "lane_type": 1
        },
        {
            "pos": {
                "x": 566896.9790192731,
                "y": 4317977.790209962,
                "yaw": 1.7988055769003828
            },
            "heading": 1.7988055769003828,
            "speeds": {
                "vmax": 20.0
            },
            "type": 1,
            "driving_direction": 1,
            "id": "1003_1",
            "lane_type": 1
        },
        {
            "pos": {
                "x": 566896.866077645,
                "y": 4317978.277287152,
                "yaw": 1.7988055769003828
            },
            "heading": 1.7988055769003828,
            "speeds": {
                "vmax": 20.0
            },
            "type": 1,
            "driving_direction": 1,
            "id": "1003_1",
            "lane_type": 1
        },
        {
            "pos": {
                "x": 566896.7531360169,
                "y": 4317978.764364341,
                "yaw": 1.7988055769003828
            },
            "heading": 1.7988055769003828,
            "speeds": {
                "vmax": 20.0
            },
            "type": 1,
            "driving_direction": 1,
            "id": "1003_1",
            "lane_type": 1
        },
        {
            "pos": {
                "x": 566896.6401943888,
                "y": 4317979.251441531,
                "yaw": 1.7988055769003828
            },
            "heading": 1.7988055769003828,
            "speeds": {
                "vmax": 20.0
            },
            "type": 1,
            "driving_direction": 1,
            "id": "1003_1",
            "lane_type": 1
        },
        {
            "pos": {
                "x": 566896.5272527607,
                "y": 4317979.7385187205,
                "yaw": 1.7988055769003828
            },
            "heading": 1.7988055769003828,
            "speeds": {
                "vmax": 20.0
            },
            "type": 1,
            "driving_direction": 1,
            "id": "1003_1",
            "lane_type": 1
        },
        {
            "pos": {
                "x": 566896.4143111326,
                "y": 4317980.22559591,
                "yaw": 1.7988055769003828
            },
            "heading": 1.7988055769003828,
            "speeds": {
                "vmax": 20.0
            },
            "type": 1,
            "driving_direction": 1,
            "id": "1003_1",
            "lane_type": 1
        },
        {
            "pos": {
                "x": 566896.3013695045,
                "y": 4317980.7126731,
                "yaw": 1.7988055769003828
            },
            "heading": 1.7988055769003828,
            "speeds": {
                "vmax": 20.0
            },
            "type": 1,
            "driving_direction": 1,
            "id": "1003_1",
            "lane_type": 1
        },
        {
            "pos": {
                "x": 566896.1884278764,
                "y": 4317981.199750289,
                "yaw": 1.7988055769003828
            },
            "heading": 1.7988055769003828,
            "speeds": {
                "vmax": 20.0
            },
            "type": 1,
            "driving_direction": 1,
            "id": "1003_1",
            "lane_type": 1
        },
        {
            "pos": {
                "x": 566896.0754862484,
                "y": 4317981.686827479,
                "yaw": 1.7988055769003828
            },
            "heading": 1.7988055769003828,
            "speeds": {
                "vmax": 20.0
            },
            "type": 1,
            "driving_direction": 1,
            "id": "1003_1",
            "lane_type": 1
        },
        {
            "pos": {
                "x": 566895.9625446203,
                "y": 4317982.173904669,
                "yaw": 1.7988055769003828
            },
            "heading": 1.7988055769003828,
            "speeds": {
                "vmax": 20.0
            },
            "type": 1,
            "driving_direction": 1,
            "id": "1003_1",
            "lane_type": 1
        },
        {
            "pos": {
                "x": 566895.8496029922,
                "y": 4317982.660981858,
                "yaw": 1.7988055769003828
            },
            "heading": 1.7988055769003828,
            "speeds": {
                "vmax": 20.0
            },
            "type": 1,
            "driving_direction": 1,
            "id": "1003_1",
            "lane_type": 1
        },
        {
            "pos": {
                "x": 566895.7366613641,
                "y": 4317983.148059048,
                "yaw": 1.7988055769003828
            },
            "heading": 1.7988055769003828,
            "speeds": {
                "vmax": 20.0
            },
            "type": 1,
            "driving_direction": 1,
            "id": "1003_1",
            "lane_type": 1
        },
        {
            "pos": {
                "x": 566895.623719736,
                "y": 4317983.635136237,
                "yaw": 1.7988055769003828
            },
            "heading": 1.7988055769003828,
            "speeds": {
                "vmax": 20.0
            },
            "type": 1,
            "driving_direction": 1,
            "id": "1003_1",
            "lane_type": 1
        },
        {
            "pos": {
                "x": 566895.5107781079,
                "y": 4317984.122213427,
                "yaw": 1.7988055769003828
            },
            "heading": 1.7988055769003828,
            "speeds": {
                "vmax": 20.0
            },
            "type": 1,
            "driving_direction": 1,
            "id": "1003_1",
            "lane_type": 1
        },
        {
            "pos": {
                "x": 566895.3978364798,
                "y": 4317984.609290617,
                "yaw": 1.7988055769003828
            },
            "heading": 1.7988055769003828,
            "speeds": {
                "vmax": 20.0
            },
            "type": 1,
            "driving_direction": 1,
            "id": "1003_1",
            "lane_type": 1
        },
        {
            "pos": {
                "x": 566895.2848948517,
                "y": 4317985.096367806,
                "yaw": 1.7988055769003828
            },
            "heading": 1.7988055769003828,
            "speeds": {
                "vmax": 20.0
            },
            "type": 1,
            "driving_direction": 1,
            "id": "1003_1",
            "lane_type": 1
        },
        {
            "pos": {
                "x": 566895.1719532236,
                "y": 4317985.583444996,
                "yaw": 1.7988055769003828
            },
            "heading": 1.7988055769003828,
            "speeds": {
                "vmax": 20.0
            },
            "type": 1,
            "driving_direction": 1,
            "id": "1003_1",
            "lane_type": 1
        },
        {
            "pos": {
                "x": 566895.0590115956,
                "y": 4317986.070522185,
                "yaw": 1.7988055769003828
            },
            "heading": 1.7988055769003828,
            "speeds": {
                "vmax": 20.0
            },
            "type": 1,
            "driving_direction": 1,
            "id": "1003_1",
            "lane_type": 1
        },
        {
            "pos": {
                "x": 566894.9460699675,
                "y": 4317986.557599375,
                "yaw": 1.7988055769003828
            },
            "heading": 1.7988055769003828,
            "speeds": {
                "vmax": 20.0
            },
            "type": 1,
            "driving_direction": 1,
            "id": "1003_1",
            "lane_type": 1
        },
        {
            "pos": {
                "x": 566894.8331283394,
                "y": 4317987.044676565,
                "yaw": 1.7988055769003828
            },
            "heading": 1.7988055769003828,
            "speeds": {
                "vmax": 20.0
            },
            "type": 1,
            "driving_direction": 1,
            "id": "1003_1",
            "lane_type": 1
        },
        {
            "pos": {
                "x": 566894.7201867113,
                "y": 4317987.531753754,
                "yaw": 1.7988055769003828
            },
            "heading": 1.7988055769003828,
            "speeds": {
                "vmax": 20.0
            },
            "type": 1,
            "driving_direction": 1,
            "id": "1003_1",
            "lane_type": 1
        },
        {
            "pos": {
                "x": 566894.6072450832,
                "y": 4317988.018830944,
                "yaw": 1.7988055769003828
            },
            "heading": 1.7988055769003828,
            "speeds": {
                "vmax": 20.0
            },
            "type": 1,
            "driving_direction": 1,
            "id": "1003_1",
            "lane_type": 1
        },
        {
            "pos": {
                "x": 566894.4943034551,
                "y": 4317988.505908133,
                "yaw": 1.7988055769003828
            },
            "heading": 1.7988055769003828,
            "speeds": {
                "vmax": 20.0
            },
            "type": 1,
            "driving_direction": 1,
            "id": "1003_1",
            "lane_type": 1
        },
        {
            "pos": {
                "x": 566894.381361827,
                "y": 4317988.992985323,
                "yaw": 1.7988055769003828
            },
            "heading": 1.7988055769003828,
            "speeds": {
                "vmax": 20.0
            },
            "type": 1,
            "driving_direction": 1,
            "id": "1003_1",
            "lane_type": 1
        },
        {
            "pos": {
                "x": 566894.2684201989,
                "y": 4317989.480062513,
                "yaw": 1.7988055769003828
            },
            "heading": 1.7988055769003828,
            "speeds": {
                "vmax": 20.0
            },
            "type": 1,
            "driving_direction": 1,
            "id": "1003_1",
            "lane_type": 1
        },
        {
            "pos": {
                "x": 566894.1554785708,
                "y": 4317989.967139702,
                "yaw": 1.7988055769003828
            },
            "heading": 1.7988055769003828,
            "speeds": {
                "vmax": 20.0
            },
            "type": 1,
            "driving_direction": 1,
            "id": "1003_1",
            "lane_type": 1
        },
        {
            "pos": {
                "x": 566894.0425369428,
                "y": 4317990.454216892,
                "yaw": 1.7988055769003828
            },
            "heading": 1.7988055769003828,
            "speeds": {
                "vmax": 20.0
            },
            "type": 1,
            "driving_direction": 1,
            "id": "1003_1",
            "lane_type": 1
        },
        {
            "pos": {
                "x": 566893.9295953147,
                "y": 4317990.9412940815,
                "yaw": 1.7988055769003828
            },
            "heading": 1.7988055769003828,
            "speeds": {
                "vmax": 20.0
            },
            "type": 1,
            "driving_direction": 1,
            "id": "1003_1",
            "lane_type": 1
        },
        {
            "pos": {
                "x": 566893.8166536866,
                "y": 4317991.428371271,
                "yaw": 1.7988055769003828
            },
            "heading": 1.7988055769003828,
            "speeds": {
                "vmax": 20.0
            },
            "type": 1,
            "driving_direction": 1,
            "id": "1003_1",
            "lane_type": 1
        },
        {
            "pos": {
                "x": 566893.7037120585,
                "y": 4317991.915448461,
                "yaw": 1.7988055769003828
            },
            "heading": 1.7988055769003828,
            "speeds": {
                "vmax": 20.0
            },
            "type": 1,
            "driving_direction": 1,
            "id": "1003_1",
            "lane_type": 1
        },
        {
            "pos": {
                "x": 566893.5907704304,
                "y": 4317992.40252565,
                "yaw": 1.7988055769003828
            },
            "heading": 1.7988055769003828,
            "speeds": {
                "vmax": 20.0
            },
            "type": 1,
            "driving_direction": 1,
            "id": "1003_1",
            "lane_type": 1
        },
        {
            "pos": {
                "x": 566893.4778288023,
                "y": 4317992.88960284,
                "yaw": 1.7988055769003828
            },
            "heading": 1.7988055769003828,
            "speeds": {
                "vmax": 20.0
            },
            "type": 1,
            "driving_direction": 1,
            "id": "1003_1",
            "lane_type": 1
        },
        {
            "pos": {
                "x": 566893.3648871742,
                "y": 4317993.37668003,
                "yaw": 1.7988055769003828
            },
            "heading": 1.7988055769003828,
            "speeds": {
                "vmax": 20.0
            },
            "type": 1,
            "driving_direction": 1,
            "id": "1003_1",
            "lane_type": 1
        },
        {
            "pos": {
                "x": 566893.2519455461,
                "y": 4317993.863757219,
                "yaw": 1.7988055769003828
            },
            "heading": 1.7988055769003828,
            "speeds": {
                "vmax": 20.0
            },
            "type": 1,
            "driving_direction": 1,
            "id": "1003_1",
            "lane_type": 1
        },
        {
            "pos": {
                "x": 566893.139003918,
                "y": 4317994.350834409,
                "yaw": 1.7988055769003828
            },
            "heading": 1.7988055769003828,
            "speeds": {
                "vmax": 20.0
            },
            "type": 1,
            "driving_direction": 1,
            "id": "1003_1",
            "lane_type": 1
        },
        {
            "pos": {
                "x": 566893.02606229,
                "y": 4317994.837911598,
                "yaw": 1.7988055769003828
            },
            "heading": 1.7988055769003828,
            "speeds": {
                "vmax": 20.0
            },
            "type": 1,
            "driving_direction": 1,
            "id": "1003_1",
            "lane_type": 1
        },
        {
            "pos": {
                "x": 566892.9131206619,
                "y": 4317995.324988788,
                "yaw": 1.7988055769003828
            },
            "heading": 1.7988055769003828,
            "speeds": {
                "vmax": 20.0
            },
            "type": 1,
            "driving_direction": 1,
            "id": "1003_1",
            "lane_type": 1
        },
        {
            "pos": {
                "x": 566892.8001790338,
                "y": 4317995.812065978,
                "yaw": 1.7988055769003828
            },
            "heading": 1.7988055769003828,
            "speeds": {
                "vmax": 20.0
            },
            "type": 1,
            "driving_direction": 1,
            "id": "1003_1",
            "lane_type": 1
        },
        {
            "pos": {
                "x": 566892.6872374057,
                "y": 4317996.299143167,
                "yaw": 1.7988055769003828
            },
            "heading": 1.7988055769003828,
            "speeds": {
                "vmax": 20.0
            },
            "type": 1,
            "driving_direction": 1,
            "id": "1003_1",
            "lane_type": 1
        },
        {
            "pos": {
                "x": 566892.5742957776,
                "y": 4317996.786220357,
                "yaw": 1.7988055769003828
            },
            "heading": 1.7988055769003828,
            "speeds": {
                "vmax": 20.0
            },
            "type": 1,
            "driving_direction": 1,
            "id": "1003_1",
            "lane_type": 1
        },
        {
            "pos": {
                "x": 566892.4613541495,
                "y": 4317997.273297546,
                "yaw": 1.7988055769003828
            },
            "heading": 1.7988055769003828,
            "speeds": {
                "vmax": 20.0
            },
            "type": 1,
            "driving_direction": 1,
            "id": "1003_1",
            "lane_type": 1
        },
        {
            "pos": {
                "x": 566892.3484125214,
                "y": 4317997.760374736,
                "yaw": 1.7988055769003828
            },
            "heading": 1.7988055769003828,
            "speeds": {
                "vmax": 20.0
            },
            "type": 1,
            "driving_direction": 1,
            "id": "1003_1",
            "lane_type": 1
        },
        {
            "pos": {
                "x": 566892.2354708933,
                "y": 4317998.247451926,
                "yaw": 1.7988055769003828
            },
            "heading": 1.7988055769003828,
            "speeds": {
                "vmax": 20.0
            },
            "type": 1,
            "driving_direction": 1,
            "id": "1003_1",
            "lane_type": 1
        },
        {
            "pos": {
                "x": 566892.1225292652,
                "y": 4317998.734529115,
                "yaw": 1.7988055769003828
            },
            "heading": 1.7988055769003828,
            "speeds": {
                "vmax": 20.0
            },
            "type": 1,
            "driving_direction": 1,
            "id": "1003_1",
            "lane_type": 1
        },
        {
            "pos": {
                "x": 566892.0095876371,
                "y": 4317999.221606305,
                "yaw": 1.7988055769003828
            },
            "heading": 1.7988055769003828,
            "speeds": {
                "vmax": 20.0
            },
            "type": 1,
            "driving_direction": 1,
            "id": "1003_1",
            "lane_type": 1
        },
        {
            "pos": {
                "x": 566891.8966460091,
                "y": 4317999.7086834945,
                "yaw": 1.7988055769003828
            },
            "heading": 1.7988055769003828,
            "speeds": {
                "vmax": 20.0
            },
            "type": 1,
            "driving_direction": 1,
            "id": "1003_1",
            "lane_type": 1
        },
        {
            "pos": {
                "x": 566891.783704381,
                "y": 4318000.195760684,
                "yaw": 1.7988055769003828
            },
            "heading": 1.7988055769003828,
            "speeds": {
                "vmax": 20.0
            },
            "type": 1,
            "driving_direction": 1,
            "id": "1003_1",
            "lane_type": 1
        },
        {
            "pos": {
                "x": 566891.6707627529,
                "y": 4318000.682837874,
                "yaw": 1.7988055769003828
            },
            "heading": 1.7988055769003828,
            "speeds": {
                "vmax": 20.0
            },
            "type": 1,
            "driving_direction": 1,
            "id": "1003_1",
            "lane_type": 1
        },
        {
            "pos": {
                "x": 566891.5578211248,
                "y": 4318001.169915063,
                "yaw": 1.7988055769003828
            },
            "heading": 1.7988055769003828,
            "speeds": {
                "vmax": 20.0
            },
            "type": 1,
            "driving_direction": 1,
            "id": "1003_1",
            "lane_type": 1
        },
        {
            "pos": {
                "x": 566891.4448794967,
                "y": 4318001.656992253,
                "yaw": 1.7988055769003828
            },
            "heading": 1.7988055769003828,
            "speeds": {
                "vmax": 20.0
            },
            "type": 1,
            "driving_direction": 1,
            "id": "1003_1",
            "lane_type": 1
        },
        {
            "pos": {
                "x": 566891.3319378686,
                "y": 4318002.1440694425,
                "yaw": 1.7988055769003828
            },
            "heading": 1.7988055769003828,
            "speeds": {
                "vmax": 20.0
            },
            "type": 1,
            "driving_direction": 1,
            "id": "1003_1",
            "lane_type": 1
        },
        {
            "pos": {
                "x": 566891.2189962405,
                "y": 4318002.631146632,
                "yaw": 1.7988055769003828
            },
            "heading": 1.7988055769003828,
            "speeds": {
                "vmax": 20.0
            },
            "type": 1,
            "driving_direction": 1,
            "id": "1003_1",
            "lane_type": 1
        },
        {
            "pos": {
                "x": 566891.1060546124,
                "y": 4318003.118223822,
                "yaw": 1.7988055769003828
            },
            "heading": 1.7988055769003828,
            "speeds": {
                "vmax": 20.0
            },
            "type": 1,
            "driving_direction": 1,
            "id": "1003_1",
            "lane_type": 1
        },
        {
            "pos": {
                "x": 566890.9931129843,
                "y": 4318003.605301011,
                "yaw": 1.7988055769003828
            },
            "heading": 1.7988055769003828,
            "speeds": {
                "vmax": 20.0
            },
            "type": 1,
            "driving_direction": 1,
            "id": "1003_1",
            "lane_type": 1
        },
        {
            "pos": {
                "x": 566890.8801713563,
                "y": 4318004.092378201,
                "yaw": 1.7988055769003828
            },
            "heading": 1.7988055769003828,
            "speeds": {
                "vmax": 20.0
            },
            "type": 1,
            "driving_direction": 1,
            "id": "1003_1",
            "lane_type": 1
        },
        {
            "pos": {
                "x": 566890.7672297282,
                "y": 4318004.579455391,
                "yaw": 1.7988055769003828
            },
            "heading": 1.7988055769003828,
            "speeds": {
                "vmax": 20.0
            },
            "type": 1,
            "driving_direction": 1,
            "id": "1003_1",
            "lane_type": 1
        },
        {
            "pos": {
                "x": 566890.6542881001,
                "y": 4318005.06653258,
                "yaw": 1.7988055769003828
            },
            "heading": 1.7988055769003828,
            "speeds": {
                "vmax": 20.0
            },
            "type": 1,
            "driving_direction": 1,
            "id": "1003_1",
            "lane_type": 1
        },
        {
            "pos": {
                "x": 566890.541346472,
                "y": 4318005.55360977,
                "yaw": 1.7988055769003828
            },
            "heading": 1.7988055769003828,
            "speeds": {
                "vmax": 20.0
            },
            "type": 1,
            "driving_direction": 1,
            "id": "1003_1",
            "lane_type": 1
        },
        {
            "pos": {
                "x": 566890.4284048439,
                "y": 4318006.040686959,
                "yaw": 1.7988055769003828
            },
            "heading": 1.7988055769003828,
            "speeds": {
                "vmax": 20.0
            },
            "type": 1,
            "driving_direction": 1,
            "id": "1003_1",
            "lane_type": 1
        },
        {
            "pos": {
                "x": 566890.4189982923,
                "y": 4318006.081254081,
                "yaw": 1.7988055769003828
            },
            "heading": 1.7988055769003828,
            "speeds": {
                "vmax": 20.0
            },
            "type": 1,
            "driving_direction": 1,
            "id": "1003_1",
            "lane_type": 1
        }
    ],
    "is_final_navi": true
}