{
    "header": {
        "trace_id": "426614d6-040e-4f9f-8b51-4a756ba6c0ee",
        "trans_id": "bf42483f-18fa-4244-9111-23f0f744dba2",
        "che_id": "A532",
        "timestamp": "2025-02-20T14:38:22.039600Z"
    },
    "task_id": "426614d6-040e-4f9f-8b51-4a756ba6c0ee",
    "navi_id": "A532_426614d6-040e-4f9f-8b51-4a756ba6c0ee_3",
    "seq_num": 3,
    "dest_type": 3,
    "mode": 2,
    "waypoints": [
        {
            "pos": {
                "x": 566903.0465280341,
                "y": 4317971.140577938,
                "yaw": 1.7982675510378223
            },
            "heading": 1.7982675510378223,
            "speeds": {
                "vmax": 20.0
            },
            "type": 1,
            "driving_direction": 1,
            "id": "1003_2",
            "lane_type": 1
        },
        {
            "pos": {
                "x": 566902.933648044,
                "y": 4317971.627669415,
                "yaw": 1.7982675510378223
            },
            "heading": 1.7982675510378223,
            "speeds": {
                "vmax": 20.0
            },
            "type": 1,
            "driving_direction": 1,
            "id": "1003_2",
            "lane_type": 1
        },
        {
            "pos": {
                "x": 566902.8207680539,
                "y": 4317972.114760893,
                "yaw": 1.7982675510378223
            },
            "heading": 1.7982675510378223,
            "speeds": {
                "vmax": 20.0
            },
            "type": 1,
            "driving_direction": 1,
            "id": "1003_2",
            "lane_type": 1
        },
        {
            "pos": {
                "x": 566902.7078880637,
                "y": 4317972.601852371,
                "yaw": 1.7982675510378223
            },
            "heading": 1.7982675510378223,
            "speeds": {
                "vmax": 20.0
            },
            "type": 1,
            "driving_direction": 1,
            "id": "1003_2",
            "lane_type": 1
        },
        {
            "pos": {
                "x": 566902.5950080736,
                "y": 4317973.088943849,
                "yaw": 1.7982675510378223
            },
            "heading": 1.7982675510378223,
            "speeds": {
                "vmax": 20.0
            },
            "type": 1,
            "driving_direction": 1,
            "id": "1003_2",
            "lane_type": 1
        },
        {
            "pos": {
                "x": 566902.4821280835,
                "y": 4317973.576035327,
                "yaw": 1.7982675510378223
            },
            "heading": 1.7982675510378223,
            "speeds": {
                "vmax": 20.0
            },
            "type": 1,
            "driving_direction": 1,
            "id": "1003_2",
            "lane_type": 1
        },
        {
            "pos": {
                "x": 566902.3692480933,
                "y": 4317974.063126805,
                "yaw": 1.7982675510378223
            },
            "heading": 1.7982675510378223,
            "speeds": {
                "vmax": 20.0
            },
            "type": 1,
            "driving_direction": 1,
            "id": "1003_2",
            "lane_type": 1
        },
        {
            "pos": {
                "x": 566902.2563681032,
                "y": 4317974.550218283,
                "yaw": 1.7982675510378223
            },
            "heading": 1.7982675510378223,
            "speeds": {
                "vmax": 20.0
            },
            "type": 1,
            "driving_direction": 1,
            "id": "1003_2",
            "lane_type": 1
        },
        {
            "pos": {
                "x": 566902.1434881131,
                "y": 4317975.037309761,
                "yaw": 1.7982675510378223
            },
            "heading": 1.7982675510378223,
            "speeds": {
                "vmax": 20.0
            },
            "type": 1,
            "driving_direction": 1,
            "id": "1003_2",
            "lane_type": 1
        },
        {
            "pos": {
                "x": 566902.0306081229,
                "y": 4317975.524401239,
                "yaw": 1.7982675510378223
            },
            "heading": 1.7982675510378223,
            "speeds": {
                "vmax": 20.0
            },
            "type": 1,
            "driving_direction": 1,
            "id": "1003_2",
            "lane_type": 1
        },
        {
            "pos": {
                "x": 566901.9177281328,
                "y": 4317976.011492717,
                "yaw": 1.7982675510378223
            },
            "heading": 1.7982675510378223,
            "speeds": {
                "vmax": 20.0
            },
            "type": 1,
            "driving_direction": 1,
            "id": "1003_2",
            "lane_type": 1
        },
        {
            "pos": {
                "x": 566901.8048481427,
                "y": 4317976.498584195,
                "yaw": 1.7982675510378223
            },
            "heading": 1.7982675510378223,
            "speeds": {
                "vmax": 20.0
            },
            "type": 1,
            "driving_direction": 1,
            "id": "1003_2",
            "lane_type": 1
        },
        {
            "pos": {
                "x": 566901.6919681525,
                "y": 4317976.985675673,
                "yaw": 1.7982675510378223
            },
            "heading": 1.7982675510378223,
            "speeds": {
                "vmax": 20.0
            },
            "type": 1,
            "driving_direction": 1,
            "id": "1003_2",
            "lane_type": 1
        },
        {
            "pos": {
                "x": 566901.5790881624,
                "y": 4317977.47276715,
                "yaw": 1.7982675510378223
            },
            "heading": 1.7982675510378223,
            "speeds": {
                "vmax": 20.0
            },
            "type": 1,
            "driving_direction": 1,
            "id": "1003_2",
            "lane_type": 1
        },
        {
            "pos": {
                "x": 566901.4662081723,
                "y": 4317977.959858628,
                "yaw": 1.7982675510378223
            },
            "heading": 1.7982675510378223,
            "speeds": {
                "vmax": 20.0
            },
            "type": 1,
            "driving_direction": 1,
            "id": "1003_2",
            "lane_type": 1
        },
        {
            "pos": {
                "x": 566901.3533281821,
                "y": 4317978.446950106,
                "yaw": 1.7982675510378223
            },
            "heading": 1.7982675510378223,
            "speeds": {
                "vmax": 20.0
            },
            "type": 1,
            "driving_direction": 1,
            "id": "1003_2",
            "lane_type": 1
        },
        {
            "pos": {
                "x": 566901.2404481919,
                "y": 4317978.934041584,
                "yaw": 1.7982675510378223
            },
            "heading": 1.7982675510378223,
            "speeds": {
                "vmax": 20.0
            },
            "type": 1,
            "driving_direction": 1,
            "id": "1003_2",
            "lane_type": 1
        },
        {
            "pos": {
                "x": 566901.1275682017,
                "y": 4317979.421133062,
                "yaw": 1.7982675510378223
            },
            "heading": 1.7982675510378223,
            "speeds": {
                "vmax": 20.0
            },
            "type": 1,
            "driving_direction": 1,
            "id": "1003_2",
            "lane_type": 1
        },
        {
            "pos": {
                "x": 566901.0146882116,
                "y": 4317979.90822454,
                "yaw": 1.7982675510378223
            },
            "heading": 1.7982675510378223,
            "speeds": {
                "vmax": 20.0
            },
            "type": 1,
            "driving_direction": 1,
            "id": "1003_2",
            "lane_type": 1
        },
        {
            "pos": {
                "x": 566900.9018082215,
                "y": 4317980.395316018,
                "yaw": 1.7982675510378223
            },
            "heading": 1.7982675510378223,
            "speeds": {
                "vmax": 20.0
            },
            "type": 1,
            "driving_direction": 1,
            "id": "1003_2",
            "lane_type": 1
        },
        {
            "pos": {
                "x": 566900.7889282313,
                "y": 4317980.882407496,
                "yaw": 1.7982675510378223
            },
            "heading": 1.7982675510378223,
            "speeds": {
                "vmax": 20.0
            },
            "type": 1,
            "driving_direction": 1,
            "id": "1003_2",
            "lane_type": 1
        },
        {
            "pos": {
                "x": 566900.6760482412,
                "y": 4317981.369498974,
                "yaw": 1.7982675510378223
            },
            "heading": 1.7982675510378223,
            "speeds": {
                "vmax": 20.0
            },
            "type": 1,
            "driving_direction": 1,
            "id": "1003_2",
            "lane_type": 1
        },
        {
            "pos": {
                "x": 566900.5631682511,
                "y": 4317981.856590452,
                "yaw": 1.7982675510378223
            },
            "heading": 1.7982675510378223,
            "speeds": {
                "vmax": 20.0
            },
            "type": 1,
            "driving_direction": 1,
            "id": "1003_2",
            "lane_type": 1
        },
        {
            "pos": {
                "x": 566900.4502882609,
                "y": 4317982.34368193,
                "yaw": 1.7982675510378223
            },
            "heading": 1.7982675510378223,
            "speeds": {
                "vmax": 20.0
            },
            "type": 1,
            "driving_direction": 1,
            "id": "1003_2",
            "lane_type": 1
        },
        {
            "pos": {
                "x": 566900.3374082708,
                "y": 4317982.830773408,
                "yaw": 1.7982675510378223
            },
            "heading": 1.7982675510378223,
            "speeds": {
                "vmax": 20.0
            },
            "type": 1,
            "driving_direction": 1,
            "id": "1003_2",
            "lane_type": 1
        },
        {
            "pos": {
                "x": 566900.2245282807,
                "y": 4317983.317864885,
                "yaw": 1.7982675510378223
            },
            "heading": 1.7982675510378223,
            "speeds": {
                "vmax": 20.0
            },
            "type": 1,
            "driving_direction": 1,
            "id": "1003_2",
            "lane_type": 1
        },
        {
            "pos": {
                "x": 566900.1116482905,
                "y": 4317983.804956363,
                "yaw": 1.7982675510378223
            },
            "heading": 1.7982675510378223,
            "speeds": {
                "vmax": 20.0
            },
            "type": 1,
            "driving_direction": 1,
            "id": "1003_2",
            "lane_type": 1
        },
        {
            "pos": {
                "x": 566899.9987683004,
                "y": 4317984.292047841,
                "yaw": 1.7982675510378223
            },
            "heading": 1.7982675510378223,
            "speeds": {
                "vmax": 20.0
            },
            "type": 1,
            "driving_direction": 1,
            "id": "1003_2",
            "lane_type": 1
        },
        {
            "pos": {
                "x": 566899.8858883103,
                "y": 4317984.7791393185,
                "yaw": 1.7982675510378223
            },
            "heading": 1.7982675510378223,
            "speeds": {
                "vmax": 20.0
            },
            "type": 1,
            "driving_direction": 1,
            "id": "1003_2",
            "lane_type": 1
        },
        {
            "pos": {
                "x": 566899.7730083201,
                "y": 4317985.266230796,
                "yaw": 1.7982675510378223
            },
            "heading": 1.7982675510378223,
            "speeds": {
                "vmax": 20.0
            },
            "type": 1,
            "driving_direction": 1,
            "id": "1003_2",
            "lane_type": 1
        },
        {
            "pos": {
                "x": 566899.66012833,
                "y": 4317985.753322274,
                "yaw": 1.7982675510378223
            },
            "heading": 1.7982675510378223,
            "speeds": {
                "vmax": 20.0
            },
            "type": 1,
            "driving_direction": 1,
            "id": "1003_2",
            "lane_type": 1
        },
        {
            "pos": {
                "x": 566899.5472483399,
                "y": 4317986.240413752,
                "yaw": 1.7982675510378223
            },
            "heading": 1.7982675510378223,
            "speeds": {
                "vmax": 20.0
            },
            "type": 1,
            "driving_direction": 1,
            "id": "1003_2",
            "lane_type": 1
        },
        {
            "pos": {
                "x": 566899.4343683497,
                "y": 4317986.72750523,
                "yaw": 1.7982675510378223
            },
            "heading": 1.7982675510378223,
            "speeds": {
                "vmax": 20.0
            },
            "type": 1,
            "driving_direction": 1,
            "id": "1003_2",
            "lane_type": 1
        },
        {
            "pos": {
                "x": 566899.3214883596,
                "y": 4317987.214596708,
                "yaw": 1.7982675510378223
            },
            "heading": 1.7982675510378223,
            "speeds": {
                "vmax": 20.0
            },
            "type": 1,
            "driving_direction": 1,
            "id": "1003_2",
            "lane_type": 1
        },
        {
            "pos": {
                "x": 566899.2086083695,
                "y": 4317987.701688186,
                "yaw": 1.7982675510378223
            },
            "heading": 1.7982675510378223,
            "speeds": {
                "vmax": 20.0
            },
            "type": 1,
            "driving_direction": 1,
            "id": "1003_2",
            "lane_type": 1
        },
        {
            "pos": {
                "x": 566899.0957283793,
                "y": 4317988.188779664,
                "yaw": 1.7982675510378223
            },
            "heading": 1.7982675510378223,
            "speeds": {
                "vmax": 20.0
            },
            "type": 1,
            "driving_direction": 1,
            "id": "1003_2",
            "lane_type": 1
        },
        {
            "pos": {
                "x": 566898.9828483892,
                "y": 4317988.675871142,
                "yaw": 1.7982675510378223
            },
            "heading": 1.7982675510378223,
            "speeds": {
                "vmax": 20.0
            },
            "type": 1,
            "driving_direction": 1,
            "id": "1003_2",
            "lane_type": 1
        },
        {
            "pos": {
                "x": 566898.869968399,
                "y": 4317989.162962619,
                "yaw": 1.7982675510378223
            },
            "heading": 1.7982675510378223,
            "speeds": {
                "vmax": 20.0
            },
            "type": 1,
            "driving_direction": 1,
            "id": "1003_2",
            "lane_type": 1
        },
        {
            "pos": {
                "x": 566898.7570884089,
                "y": 4317989.650054097,
                "yaw": 1.7982675510378223
            },
            "heading": 1.7982675510378223,
            "speeds": {
                "vmax": 20.0
            },
            "type": 1,
            "driving_direction": 1,
            "id": "1003_2",
            "lane_type": 1
        },
        {
            "pos": {
                "x": 566898.6442084188,
                "y": 4317990.137145575,
                "yaw": 1.7982675510378223
            },
            "heading": 1.7982675510378223,
            "speeds": {
                "vmax": 20.0
            },
            "type": 1,
            "driving_direction": 1,
            "id": "1003_2",
            "lane_type": 1
        },
        {
            "pos": {
                "x": 566898.5313284287,
                "y": 4317990.624237053,
                "yaw": 1.7982675510378223
            },
            "heading": 1.7982675510378223,
            "speeds": {
                "vmax": 20.0
            },
            "type": 1,
            "driving_direction": 1,
            "id": "1003_2",
            "lane_type": 1
        },
        {
            "pos": {
                "x": 566898.4184484385,
                "y": 4317991.111328531,
                "yaw": 1.7982675510378223
            },
            "heading": 1.7982675510378223,
            "speeds": {
                "vmax": 20.0
            },
            "type": 1,
            "driving_direction": 1,
            "id": "1003_2",
            "lane_type": 1
        },
        {
            "pos": {
                "x": 566898.3055684484,
                "y": 4317991.598420009,
                "yaw": 1.7982675510378223
            },
            "heading": 1.7982675510378223,
            "speeds": {
                "vmax": 20.0
            },
            "type": 1,
            "driving_direction": 1,
            "id": "1003_2",
            "lane_type": 1
        },
        {
            "pos": {
                "x": 566898.1926884582,
                "y": 4317992.085511487,
                "yaw": 1.7982675510378223
            },
            "heading": 1.7982675510378223,
            "speeds": {
                "vmax": 20.0
            },
            "type": 1,
            "driving_direction": 1,
            "id": "1003_2",
            "lane_type": 1
        },
        {
            "pos": {
                "x": 566898.0798084681,
                "y": 4317992.572602965,
                "yaw": 1.7982675510378223
            },
            "heading": 1.7982675510378223,
            "speeds": {
                "vmax": 20.0
            },
            "type": 1,
            "driving_direction": 1,
            "id": "1003_2",
            "lane_type": 1
        },
        {
            "pos": {
                "x": 566897.966928478,
                "y": 4317993.059694443,
                "yaw": 1.7982675510378223
            },
            "heading": 1.7982675510378223,
            "speeds": {
                "vmax": 20.0
            },
            "type": 1,
            "driving_direction": 1,
            "id": "1003_2",
            "lane_type": 1
        },
        {
            "pos": {
                "x": 566897.8540484878,
                "y": 4317993.546785921,
                "yaw": 1.7982675510378223
            },
            "heading": 1.7982675510378223,
            "speeds": {
                "vmax": 20.0
            },
            "type": 1,
            "driving_direction": 1,
            "id": "1003_2",
            "lane_type": 1
        },
        {
            "pos": {
                "x": 566897.7411684977,
                "y": 4317994.033877399,
                "yaw": 1.7982675510378223
            },
            "heading": 1.7982675510378223,
            "speeds": {
                "vmax": 20.0
            },
            "type": 1,
            "driving_direction": 1,
            "id": "1003_2",
            "lane_type": 1
        },
        {
            "pos": {
                "x": 566897.6282885076,
                "y": 4317994.520968877,
                "yaw": 1.7982675510378223
            },
            "heading": 1.7982675510378223,
            "speeds": {
                "vmax": 20.0
            },
            "type": 1,
            "driving_direction": 1,
            "id": "1003_2",
            "lane_type": 1
        },
        {
            "pos": {
                "x": 566897.5154085174,
                "y": 4317995.008060354,
                "yaw": 1.7982675510378223
            },
            "heading": 1.7982675510378223,
            "speeds": {
                "vmax": 20.0
            },
            "type": 1,
            "driving_direction": 1,
            "id": "1003_2",
            "lane_type": 1
        },
        {
            "pos": {
                "x": 566897.4025285273,
                "y": 4317995.495151832,
                "yaw": 1.7982675510378223
            },
            "heading": 1.7982675510378223,
            "speeds": {
                "vmax": 20.0
            },
            "type": 1,
            "driving_direction": 1,
            "id": "1003_2",
            "lane_type": 1
        },
        {
            "pos": {
                "x": 566897.2896485372,
                "y": 4317995.98224331,
                "yaw": 1.7982675510378223
            },
            "heading": 1.7982675510378223,
            "speeds": {
                "vmax": 20.0
            },
            "type": 1,
            "driving_direction": 1,
            "id": "1003_2",
            "lane_type": 1
        },
        {
            "pos": {
                "x": 566897.176768547,
                "y": 4317996.469334788,
                "yaw": 1.7982675510378223
            },
            "heading": 1.7982675510378223,
            "speeds": {
                "vmax": 20.0
            },
            "type": 1,
            "driving_direction": 1,
            "id": "1003_2",
            "lane_type": 1
        },
        {
            "pos": {
                "x": 566897.0638885569,
                "y": 4317996.956426266,
                "yaw": 1.7982675510378223
            },
            "heading": 1.7982675510378223,
            "speeds": {
                "vmax": 20.0
            },
            "type": 1,
            "driving_direction": 1,
            "id": "1003_2",
            "lane_type": 1
        },
        {
            "pos": {
                "x": 566896.9510085668,
                "y": 4317997.443517744,
                "yaw": 1.7982675510378223
            },
            "heading": 1.7982675510378223,
            "speeds": {
                "vmax": 20.0
            },
            "type": 1,
            "driving_direction": 1,
            "id": "1003_2",
            "lane_type": 1
        },
        {
            "pos": {
                "x": 566896.8381285766,
                "y": 4317997.930609222,
                "yaw": 1.7982675510378223
            },
            "heading": 1.7982675510378223,
            "speeds": {
                "vmax": 20.0
            },
            "type": 1,
            "driving_direction": 1,
            "id": "1003_2",
            "lane_type": 1
        },
        {
            "pos": {
                "x": 566896.7252485865,
                "y": 4317998.4177006995,
                "yaw": 1.7982675510378223
            },
            "heading": 1.7982675510378223,
            "speeds": {
                "vmax": 20.0
            },
            "type": 1,
            "driving_direction": 1,
            "id": "1003_2",
            "lane_type": 1
        },
        {
            "pos": {
                "x": 566896.6123685964,
                "y": 4317998.9047921775,
                "yaw": 1.7982675510378223
            },
            "heading": 1.7982675510378223,
            "speeds": {
                "vmax": 20.0
            },
            "type": 1,
            "driving_direction": 1,
            "id": "1003_2",
            "lane_type": 1
        },
        {
            "pos": {
                "x": 566896.4994886062,
                "y": 4317999.391883655,
                "yaw": 1.7982675510378223
            },
            "heading": 1.7982675510378223,
            "speeds": {
                "vmax": 20.0
            },
            "type": 1,
            "driving_direction": 1,
            "id": "1003_2",
            "lane_type": 1
        },
        {
            "pos": {
                "x": 566896.3866086161,
                "y": 4317999.878975133,
                "yaw": 1.7982675510378223
            },
            "heading": 1.7982675510378223,
            "speeds": {
                "vmax": 20.0
            },
            "type": 1,
            "driving_direction": 1,
            "id": "1003_2",
            "lane_type": 1
        },
        {
            "pos": {
                "x": 566896.2737286258,
                "y": 4318000.366066611,
                "yaw": 1.7982675510378223
            },
            "heading": 1.7982675510378223,
            "speeds": {
                "vmax": 20.0
            },
            "type": 1,
            "driving_direction": 1,
            "id": "1003_2",
            "lane_type": 1
        },
        {
            "pos": {
                "x": 566896.1608486357,
                "y": 4318000.853158088,
                "yaw": 1.7982675510378223
            },
            "heading": 1.7982675510378223,
            "speeds": {
                "vmax": 20.0
            },
            "type": 1,
            "driving_direction": 1,
            "id": "1003_2",
            "lane_type": 1
        },
        {
            "pos": {
                "x": 566896.0479686456,
                "y": 4318001.340249566,
                "yaw": 1.7982675510378223
            },
            "heading": 1.7982675510378223,
            "speeds": {
                "vmax": 20.0
            },
            "type": 1,
            "driving_direction": 1,
            "id": "1003_2",
            "lane_type": 1
        },
        {
            "pos": {
                "x": 566895.9350886554,
                "y": 4318001.827341044,
                "yaw": 1.7982675510378223
            },
            "heading": 1.7982675510378223,
            "speeds": {
                "vmax": 20.0
            },
            "type": 1,
            "driving_direction": 1,
            "id": "1003_2",
            "lane_type": 1
        },
        {
            "pos": {
                "x": 566895.8222086653,
                "y": 4318002.314432522,
                "yaw": 1.7982675510378223
            },
            "heading": 1.7982675510378223,
            "speeds": {
                "vmax": 20.0
            },
            "type": 1,
            "driving_direction": 1,
            "id": "1003_2",
            "lane_type": 1
        },
        {
            "pos": {
                "x": 566895.7093286752,
                "y": 4318002.801524,
                "yaw": 1.7982675510378223
            },
            "heading": 1.7982675510378223,
            "speeds": {
                "vmax": 20.0
            },
            "type": 1,
            "driving_direction": 1,
            "id": "1003_2",
            "lane_type": 1
        },
        {
            "pos": {
                "x": 566895.596448685,
                "y": 4318003.288615478,
                "yaw": 1.7982675510378223
            },
            "heading": 1.7982675510378223,
            "speeds": {
                "vmax": 20.0
            },
            "type": 1,
            "driving_direction": 1,
            "id": "1003_2",
            "lane_type": 1
        },
        {
            "pos": {
                "x": 566895.4835686949,
                "y": 4318003.775706956,
                "yaw": 1.7982675510378223
            },
            "heading": 1.7982675510378223,
            "speeds": {
                "vmax": 20.0
            },
            "type": 1,
            "driving_direction": 1,
            "id": "1003_2",
            "lane_type": 1
        },
        {
            "pos": {
                "x": 566895.3706887048,
                "y": 4318004.262798434,
                "yaw": 1.7982675510378223
            },
            "heading": 1.7982675510378223,
            "speeds": {
                "vmax": 20.0
            },
            "type": 1,
            "driving_direction": 1,
            "id": "1003_2",
            "lane_type": 1
        },
        {
            "pos": {
                "x": 566895.2578087146,
                "y": 4318004.749889912,
                "yaw": 1.7982675510378223
            },
            "heading": 1.7982675510378223,
            "speeds": {
                "vmax": 20.0
            },
            "type": 1,
            "driving_direction": 1,
            "id": "1003_2",
            "lane_type": 1
        },
        {
            "pos": {
                "x": 566895.1449287245,
                "y": 4318005.23698139,
                "yaw": 1.7982675510378223
            },
            "heading": 1.7982675510378223,
            "speeds": {
                "vmax": 20.0
            },
            "type": 1,
            "driving_direction": 1,
            "id": "1003_2",
            "lane_type": 1
        },
        {
            "pos": {
                "x": 566895.0320487344,
                "y": 4318005.724072868,
                "yaw": 1.7982675510378223
            },
            "heading": 1.7982675510378223,
            "speeds": {
                "vmax": 20.0
            },
            "type": 1,
            "driving_direction": 1,
            "id": "1003_2",
            "lane_type": 1
        },
        {
            "pos": {
                "x": 566894.9191687442,
                "y": 4318006.211164346,
                "yaw": 1.7982675510378223
            },
            "heading": 1.7982675510378223,
            "speeds": {
                "vmax": 20.0
            },
            "type": 1,
            "driving_direction": 1,
            "id": "1003_2",
            "lane_type": 1
        },
        {
            "pos": {
                "x": 566894.8062887541,
                "y": 4318006.698255823,
                "yaw": 1.7982675510378223
            },
            "heading": 1.7982675510378223,
            "speeds": {
                "vmax": 20.0
            },
            "type": 1,
            "driving_direction": 1,
            "id": "1003_2",
            "lane_type": 1
        },
        {
            "pos": {
                "x": 566894.7188764444,
                "y": 4318007.075451029,
                "yaw": 1.7982675510378223
            },
            "heading": 1.7982675510378223,
            "speeds": {
                "vmax": 20.0
            },
            "type": 1,
            "driving_direction": 1,
            "id": "1003_2",
            "lane_type": 1
        }
    ],
    "is_final_navi": true
}