{
    "header": {
        "trace_id": "54b59fc0-c6f0-455f-b18f-d771e9a50d51",
        "trans_id": "f9067cad-fd06-499d-b3e0-2e82e571b2ea",
        "che_id": "A533",
        "timestamp": "2025-02-20T14:59:33.462290Z"
    },
    "task_id": "54b59fc0-c6f0-455f-b18f-d771e9a50d51",
    "navi_id": "A533_54b59fc0-c6f0-455f-b18f-d771e9a50d51_1083",
    "seq_num": 1083,
    "dest_type": 3,
    "mode": 2,
    "waypoints": [
        {
            "pos": {
                "x": 566895.1450720888,
                "y": 4318005.236362763,
                "yaw": 1.7982675510378223
            },
            "heading": 1.7982675510378223,
            "speeds": {
                "vmax": 20.0
            },
            "type": 1,
            "driving_direction": 1,
            "id": "1003_2",
            "lane_type": 1
        },
        {
            "pos": {
                "x": 566895.0321920982,
                "y": 4318005.723454241,
                "yaw": 1.7982675510378223
            },
            "heading": 1.7982675510378223,
            "speeds": {
                "vmax": 20.0
            },
            "type": 1,
            "driving_direction": 1,
            "id": "1003_2",
            "lane_type": 1
        },
        {
            "pos": {
                "x": 566894.9193121076,
                "y": 4318006.210545719,
                "yaw": 1.7982675510378223
            },
            "heading": 1.7982675510378223,
            "speeds": {
                "vmax": 20.0
            },
            "type": 1,
            "driving_direction": 1,
            "id": "1003_2",
            "lane_type": 1
        },
        {
            "pos": {
                "x": 566894.806432117,
                "y": 4318006.697637196,
                "yaw": 1.7982675510378223
            },
            "heading": 1.7982675510378223,
            "speeds": {
                "vmax": 20.0
            },
            "type": 1,
            "driving_direction": 1,
            "id": "1003_2",
            "lane_type": 1
        },
        {
            "pos": {
                "x": 566894.7188764444,
                "y": 4318007.075451029,
                "yaw": 1.7982675510378223
            },
            "heading": 1.7982675510378223,
            "speeds": {
                "vmax": 20.0
            },
            "type": 1,
            "driving_direction": 1,
            "id": "1003_2",
            "lane_type": 1
        }
    ],
    "is_final_navi": true
}