{
    "header": {
        "trace_id": "fb893711741d4d44a77a550c9678d1a6",
        "trans_id": "261041aa-e129-4ef4-8fb8-e8e6097dbccf",
        "che_id": "A537",
        "timestamp": "2025-02-20T14:38:23.910993Z"
    },
    "task_id": "fb893711741d4d44a77a550c9678d1a6",
    "navi_id": "A537_fb893711741d4d44a77a550c9678d1a6_28",
    "seq_num": 28,
    "dest_type": 6,
    "mode": 2,
    "waypoints": [
        {
            "pos": {
                "x": 566909.5090821316,
                "y": 4317943.2277647955,
                "yaw": 1.7983661653953904
            },
            "heading": 1.7983661653953904,
            "speeds": {
                "vmax": 20.0
            },
            "type": 1,
            "driving_direction": 1,
            "id": "1003_2",
            "lane_type": 1
        },
        {
            "pos": {
                "x": 566909.3963150551,
                "y": 4317943.714882426,
                "yaw": 1.7983661653953904
            },
            "heading": 1.7983661653953904,
            "speeds": {
                "vmax": 20.0
            },
            "type": 1,
            "driving_direction": 1,
            "id": "1003_2",
            "lane_type": 1
        },
        {
            "pos": {
                "x": 566909.2835479786,
                "y": 4317944.202000057,
                "yaw": 1.7983661653953904
            },
            "heading": 1.7983661653953904,
            "speeds": {
                "vmax": 20.0
            },
            "type": 1,
            "driving_direction": 1,
            "id": "1003_2",
            "lane_type": 1
        },
        {
            "pos": {
                "x": 566909.1707809021,
                "y": 4317944.689117689,
                "yaw": 1.7983661653953904
            },
            "heading": 1.7983661653953904,
            "speeds": {
                "vmax": 20.0
            },
            "type": 1,
            "driving_direction": 1,
            "id": "1003_2",
            "lane_type": 1
        },
        {
            "pos": {
                "x": 566909.0580138257,
                "y": 4317945.176235319,
                "yaw": 1.7983661653953904
            },
            "heading": 1.7983661653953904,
            "speeds": {
                "vmax": 20.0
            },
            "type": 1,
            "driving_direction": 1,
            "id": "1003_2",
            "lane_type": 1
        },
        {
            "pos": {
                "x": 566908.9452467492,
                "y": 4317945.6633529505,
                "yaw": 1.7983661653953904
            },
            "heading": 1.7983661653953904,
            "speeds": {
                "vmax": 20.0
            },
            "type": 1,
            "driving_direction": 1,
            "id": "1003_2",
            "lane_type": 1
        },
        {
            "pos": {
                "x": 566908.8324796727,
                "y": 4317946.150470582,
                "yaw": 1.7983661653953904
            },
            "heading": 1.7983661653953904,
            "speeds": {
                "vmax": 20.0
            },
            "type": 1,
            "driving_direction": 1,
            "id": "1003_2",
            "lane_type": 1
        },
        {
            "pos": {
                "x": 566908.7197125963,
                "y": 4317946.637588212,
                "yaw": 1.7983661653953904
            },
            "heading": 1.7983661653953904,
            "speeds": {
                "vmax": 20.0
            },
            "type": 1,
            "driving_direction": 1,
            "id": "1003_2",
            "lane_type": 1
        },
        {
            "pos": {
                "x": 566908.6069455197,
                "y": 4317947.124705844,
                "yaw": 1.7983661653953904
            },
            "heading": 1.7983661653953904,
            "speeds": {
                "vmax": 20.0
            },
            "type": 1,
            "driving_direction": 1,
            "id": "1003_2",
            "lane_type": 1
        },
        {
            "pos": {
                "x": 566908.4941784432,
                "y": 4317947.611823475,
                "yaw": 1.7983661653953904
            },
            "heading": 1.7983661653953904,
            "speeds": {
                "vmax": 20.0
            },
            "type": 1,
            "driving_direction": 1,
            "id": "1003_2",
            "lane_type": 1
        },
        {
            "pos": {
                "x": 566908.3814113667,
                "y": 4317948.098941105,
                "yaw": 1.7983661653953904
            },
            "heading": 1.7983661653953904,
            "speeds": {
                "vmax": 20.0
            },
            "type": 1,
            "driving_direction": 1,
            "id": "1003_2",
            "lane_type": 1
        },
        {
            "pos": {
                "x": 566908.2686442903,
                "y": 4317948.586058737,
                "yaw": 1.7983661653953904
            },
            "heading": 1.7983661653953904,
            "speeds": {
                "vmax": 20.0
            },
            "type": 1,
            "driving_direction": 1,
            "id": "1003_2",
            "lane_type": 1
        },
        {
            "pos": {
                "x": 566908.1558772138,
                "y": 4317949.073176368,
                "yaw": 1.7983661653953904
            },
            "heading": 1.7983661653953904,
            "speeds": {
                "vmax": 20.0
            },
            "type": 1,
            "driving_direction": 1,
            "id": "1003_2",
            "lane_type": 1
        },
        {
            "pos": {
                "x": 566908.0431101373,
                "y": 4317949.560293999,
                "yaw": 1.7983661653953904
            },
            "heading": 1.7983661653953904,
            "speeds": {
                "vmax": 20.0
            },
            "type": 1,
            "driving_direction": 1,
            "id": "1003_2",
            "lane_type": 1
        },
        {
            "pos": {
                "x": 566907.9303430609,
                "y": 4317950.04741163,
                "yaw": 1.7983661653953904
            },
            "heading": 1.7983661653953904,
            "speeds": {
                "vmax": 20.0
            },
            "type": 1,
            "driving_direction": 1,
            "id": "1003_2",
            "lane_type": 1
        },
        {
            "pos": {
                "x": 566907.8175759844,
                "y": 4317950.534529261,
                "yaw": 1.7983661653953904
            },
            "heading": 1.7983661653953904,
            "speeds": {
                "vmax": 20.0
            },
            "type": 1,
            "driving_direction": 1,
            "id": "1003_2",
            "lane_type": 1
        },
        {
            "pos": {
                "x": 566907.7048089079,
                "y": 4317951.021646892,
                "yaw": 1.7983661653953904
            },
            "heading": 1.7983661653953904,
            "speeds": {
                "vmax": 20.0
            },
            "type": 1,
            "driving_direction": 1,
            "id": "1003_2",
            "lane_type": 1
        },
        {
            "pos": {
                "x": 566907.5920418315,
                "y": 4317951.508764523,
                "yaw": 1.7983661653953904
            },
            "heading": 1.7983661653953904,
            "speeds": {
                "vmax": 20.0
            },
            "type": 1,
            "driving_direction": 1,
            "id": "1003_2",
            "lane_type": 1
        },
        {
            "pos": {
                "x": 566907.4792747549,
                "y": 4317951.9958821535,
                "yaw": 1.7983661653953904
            },
            "heading": 1.7983661653953904,
            "speeds": {
                "vmax": 20.0
            },
            "type": 1,
            "driving_direction": 1,
            "id": "1003_2",
            "lane_type": 1
        },
        {
            "pos": {
                "x": 566907.3665076784,
                "y": 4317952.482999785,
                "yaw": 1.7983661653953904
            },
            "heading": 1.7983661653953904,
            "speeds": {
                "vmax": 20.0
            },
            "type": 1,
            "driving_direction": 1,
            "id": "1003_2",
            "lane_type": 1
        },
        {
            "pos": {
                "x": 566907.2537406019,
                "y": 4317952.970117416,
                "yaw": 1.7983661653953904
            },
            "heading": 1.7983661653953904,
            "speeds": {
                "vmax": 20.0
            },
            "type": 1,
            "driving_direction": 1,
            "id": "1003_2",
            "lane_type": 1
        },
        {
            "pos": {
                "x": 566907.1409735255,
                "y": 4317953.457235047,
                "yaw": 1.7983661653953904
            },
            "heading": 1.7983661653953904,
            "speeds": {
                "vmax": 20.0
            },
            "type": 1,
            "driving_direction": 1,
            "id": "1003_2",
            "lane_type": 1
        },
        {
            "pos": {
                "x": 566907.028206449,
                "y": 4317953.944352678,
                "yaw": 1.7983661653953904
            },
            "heading": 1.7983661653953904,
            "speeds": {
                "vmax": 20.0
            },
            "type": 1,
            "driving_direction": 1,
            "id": "1003_2",
            "lane_type": 1
        },
        {
            "pos": {
                "x": 566906.9154393725,
                "y": 4317954.431470309,
                "yaw": 1.7983661653953904
            },
            "heading": 1.7983661653953904,
            "speeds": {
                "vmax": 20.0
            },
            "type": 1,
            "driving_direction": 1,
            "id": "1003_2",
            "lane_type": 1
        },
        {
            "pos": {
                "x": 566906.8026722961,
                "y": 4317954.91858794,
                "yaw": 1.7983661653953904
            },
            "heading": 1.7983661653953904,
            "speeds": {
                "vmax": 20.0
            },
            "type": 1,
            "driving_direction": 1,
            "id": "1003_2",
            "lane_type": 1
        },
        {
            "pos": {
                "x": 566906.6899052196,
                "y": 4317955.405705571,
                "yaw": 1.7983661653953904
            },
            "heading": 1.7983661653953904,
            "speeds": {
                "vmax": 20.0
            },
            "type": 1,
            "driving_direction": 1,
            "id": "1003_2",
            "lane_type": 1
        },
        {
            "pos": {
                "x": 566906.5771381431,
                "y": 4317955.892823203,
                "yaw": 1.7983661653953904
            },
            "heading": 1.7983661653953904,
            "speeds": {
                "vmax": 20.0
            },
            "type": 1,
            "driving_direction": 1,
            "id": "1003_2",
            "lane_type": 1
        },
        {
            "pos": {
                "x": 566906.4643710667,
                "y": 4317956.379940833,
                "yaw": 1.7983661653953904
            },
            "heading": 1.7983661653953904,
            "speeds": {
                "vmax": 20.0
            },
            "type": 1,
            "driving_direction": 1,
            "id": "1003_2",
            "lane_type": 1
        },
        {
            "pos": {
                "x": 566906.3516039902,
                "y": 4317956.867058464,
                "yaw": 1.7983661653953904
            },
            "heading": 1.7983661653953904,
            "speeds": {
                "vmax": 20.0
            },
            "type": 1,
            "driving_direction": 1,
            "id": "1003_2",
            "lane_type": 1
        },
        {
            "pos": {
                "x": 566906.2388369136,
                "y": 4317957.354176096,
                "yaw": 1.7983661653953904
            },
            "heading": 1.7983661653953904,
            "speeds": {
                "vmax": 20.0
            },
            "type": 1,
            "driving_direction": 1,
            "id": "1003_2",
            "lane_type": 1
        },
        {
            "pos": {
                "x": 566906.1260698371,
                "y": 4317957.841293726,
                "yaw": 1.7983661653953904
            },
            "heading": 1.7983661653953904,
            "speeds": {
                "vmax": 20.0
            },
            "type": 1,
            "driving_direction": 1,
            "id": "1003_2",
            "lane_type": 1
        },
        {
            "pos": {
                "x": 566906.0133027607,
                "y": 4317958.3284113575,
                "yaw": 1.7983661653953904
            },
            "heading": 1.7983661653953904,
            "speeds": {
                "vmax": 20.0
            },
            "type": 1,
            "driving_direction": 1,
            "id": "1003_2",
            "lane_type": 1
        },
        {
            "pos": {
                "x": 566905.9005356842,
                "y": 4317958.815528989,
                "yaw": 1.7983661653953904
            },
            "heading": 1.7983661653953904,
            "speeds": {
                "vmax": 20.0
            },
            "type": 1,
            "driving_direction": 1,
            "id": "1003_2",
            "lane_type": 1
        },
        {
            "pos": {
                "x": 566905.7877686077,
                "y": 4317959.302646619,
                "yaw": 1.7983661653953904
            },
            "heading": 1.7983661653953904,
            "speeds": {
                "vmax": 20.0
            },
            "type": 1,
            "driving_direction": 1,
            "id": "1003_2",
            "lane_type": 1
        },
        {
            "pos": {
                "x": 566905.6750015313,
                "y": 4317959.789764251,
                "yaw": 1.7983661653953904
            },
            "heading": 1.7983661653953904,
            "speeds": {
                "vmax": 20.0
            },
            "type": 1,
            "driving_direction": 1,
            "id": "1003_2",
            "lane_type": 1
        },
        {
            "pos": {
                "x": 566905.5622344548,
                "y": 4317960.276881881,
                "yaw": 1.7983661653953904
            },
            "heading": 1.7983661653953904,
            "speeds": {
                "vmax": 20.0
            },
            "type": 1,
            "driving_direction": 1,
            "id": "1003_2",
            "lane_type": 1
        },
        {
            "pos": {
                "x": 566905.4494673783,
                "y": 4317960.763999512,
                "yaw": 1.7983661653953904
            },
            "heading": 1.7983661653953904,
            "speeds": {
                "vmax": 20.0
            },
            "type": 1,
            "driving_direction": 1,
            "id": "1003_2",
            "lane_type": 1
        },
        {
            "pos": {
                "x": 566905.3367003019,
                "y": 4317961.251117144,
                "yaw": 1.7983661653953904
            },
            "heading": 1.7983661653953904,
            "speeds": {
                "vmax": 20.0
            },
            "type": 1,
            "driving_direction": 1,
            "id": "1003_2",
            "lane_type": 1
        },
        {
            "pos": {
                "x": 566905.2239332254,
                "y": 4317961.738234774,
                "yaw": 1.7983661653953904
            },
            "heading": 1.7983661653953904,
            "speeds": {
                "vmax": 20.0
            },
            "type": 1,
            "driving_direction": 1,
            "id": "1003_2",
            "lane_type": 1
        },
        {
            "pos": {
                "x": 566905.1111661489,
                "y": 4317962.225352406,
                "yaw": 1.7983661653953904
            },
            "heading": 1.7983661653953904,
            "speeds": {
                "vmax": 20.0
            },
            "type": 1,
            "driving_direction": 1,
            "id": "1003_2",
            "lane_type": 1
        },
        {
            "pos": {
                "x": 566904.9983990723,
                "y": 4317962.712470037,
                "yaw": 1.7983661653953904
            },
            "heading": 1.7983661653953904,
            "speeds": {
                "vmax": 20.0
            },
            "type": 1,
            "driving_direction": 1,
            "id": "1003_2",
            "lane_type": 1
        },
        {
            "pos": {
                "x": 566904.8856319959,
                "y": 4317963.199587667,
                "yaw": 1.7983661653953904
            },
            "heading": 1.7983661653953904,
            "speeds": {
                "vmax": 20.0
            },
            "type": 1,
            "driving_direction": 1,
            "id": "1003_2",
            "lane_type": 1
        },
        {
            "pos": {
                "x": 566904.7728649194,
                "y": 4317963.686705299,
                "yaw": 1.7983661653953904
            },
            "heading": 1.7983661653953904,
            "speeds": {
                "vmax": 20.0
            },
            "type": 1,
            "driving_direction": 1,
            "id": "1003_2",
            "lane_type": 1
        },
        {
            "pos": {
                "x": 566904.6600978429,
                "y": 4317964.17382293,
                "yaw": 1.7983661653953904
            },
            "heading": 1.7983661653953904,
            "speeds": {
                "vmax": 20.0
            },
            "type": 1,
            "driving_direction": 1,
            "id": "1003_2",
            "lane_type": 1
        },
        {
            "pos": {
                "x": 566904.5473307665,
                "y": 4317964.6609405605,
                "yaw": 1.7983661653953904
            },
            "heading": 1.7983661653953904,
            "speeds": {
                "vmax": 20.0
            },
            "type": 1,
            "driving_direction": 1,
            "id": "1003_2",
            "lane_type": 1
        },
        {
            "pos": {
                "x": 566904.43456369,
                "y": 4317965.148058192,
                "yaw": 1.7983661653953904
            },
            "heading": 1.7983661653953904,
            "speeds": {
                "vmax": 20.0
            },
            "type": 1,
            "driving_direction": 1,
            "id": "1003_2",
            "lane_type": 1
        },
        {
            "pos": {
                "x": 566904.3217966135,
                "y": 4317965.635175823,
                "yaw": 1.7983661653953904
            },
            "heading": 1.7983661653953904,
            "speeds": {
                "vmax": 20.0
            },
            "type": 1,
            "driving_direction": 1,
            "id": "1003_2",
            "lane_type": 1
        },
        {
            "pos": {
                "x": 566904.209029537,
                "y": 4317966.122293454,
                "yaw": 1.7983661653953904
            },
            "heading": 1.7983661653953904,
            "speeds": {
                "vmax": 20.0
            },
            "type": 1,
            "driving_direction": 1,
            "id": "1003_2",
            "lane_type": 1
        },
        {
            "pos": {
                "x": 566904.0962624606,
                "y": 4317966.609411085,
                "yaw": 1.7983661653953904
            },
            "heading": 1.7983661653953904,
            "speeds": {
                "vmax": 20.0
            },
            "type": 1,
            "driving_direction": 1,
            "id": "1003_2",
            "lane_type": 1
        },
        {
            "pos": {
                "x": 566903.9834953841,
                "y": 4317967.096528716,
                "yaw": 1.7983661653953904
            },
            "heading": 1.7983661653953904,
            "speeds": {
                "vmax": 20.0
            },
            "type": 1,
            "driving_direction": 1,
            "id": "1003_2",
            "lane_type": 1
        },
        {
            "pos": {
                "x": 566903.8707283075,
                "y": 4317967.583646347,
                "yaw": 1.7983661653953904
            },
            "heading": 1.7983661653953904,
            "speeds": {
                "vmax": 20.0
            },
            "type": 1,
            "driving_direction": 1,
            "id": "1003_2",
            "lane_type": 1
        },
        {
            "pos": {
                "x": 566903.757961231,
                "y": 4317968.070763978,
                "yaw": 1.7983661653953904
            },
            "heading": 1.7983661653953904,
            "speeds": {
                "vmax": 20.0
            },
            "type": 1,
            "driving_direction": 1,
            "id": "1003_2",
            "lane_type": 1
        },
        {
            "pos": {
                "x": 566903.6627883193,
                "y": 4317968.481880456,
                "yaw": 1.7983661653953904
            },
            "heading": 1.7983661653953904,
            "speeds": {
                "vmax": 20.0
            },
            "type": 1,
            "driving_direction": 1,
            "id": "1003_2",
            "lane_type": 1
        }
    ],
    "is_final_navi": true
}