{
    "header": {
        "trace_id": "fc013392-961d-4d32-8136-566b95f26eed",
        "trans_id": "bd4999fd-4ead-443f-b130-4427a15f4188",
        "che_id": "A520",
        "timestamp": "2025-02-20T03:39:43.563749Z"
    },
    "task_id": "fc013392-961d-4d32-8136-566b95f26eed",
    "navi_id": "A520_fc013392-961d-4d32-8136-566b95f26eed_7",
    "seq_num": 7,
    "dest_type": 3,
    "mode": 2,
    "waypoints": [
        {
            "pos": {
                "x": 566916.0780124813,
                "y": 4317934.432957178,
                "yaw": 1.798872027714843
            },
            "heading": 1.798872027714843,
            "speeds": {
                "vmax": 20.0
            },
            "type": 1,
            "driving_direction": 1,
            "id": "1005_3",
            "lane_type": 1
        },
        {
            "pos": {
                "x": 566915.9638930226,
                "y": 4317934.924609182,
                "yaw": 1.7988720738957973
            },
            "heading": 1.7988720738957973,
            "speeds": {
                "vmax": 20.0
            },
            "type": 1,
            "driving_direction": 1,
            "id": "1005_3",
            "lane_type": 1
        },
        {
            "pos": {
                "x": 566915.8497744097,
                "y": 4317935.4162575435,
                "yaw": 1.7988719014160992
            },
            "heading": 1.7988719014160992,
            "speeds": {
                "vmax": 20.0
            },
            "type": 1,
            "driving_direction": 1,
            "id": "1005_3",
            "lane_type": 1
        },
        {
            "pos": {
                "x": 566915.7356595267,
                "y": 4317935.907889834,
                "yaw": 1.798871775244188
            },
            "heading": 1.798871775244188,
            "speeds": {
                "vmax": 20.0
            },
            "type": 1,
            "driving_direction": 1,
            "id": "1005_3",
            "lane_type": 1
        },
        {
            "pos": {
                "x": 566915.6215416531,
                "y": 4317936.39953501,
                "yaw": 1.798871764148589
            },
            "heading": 1.798871764148589,
            "speeds": {
                "vmax": 20.0
            },
            "type": 1,
            "driving_direction": 1,
            "id": "1005_3",
            "lane_type": 1
        },
        {
            "pos": {
                "x": 566915.5074237187,
                "y": 4317936.891180446,
                "yaw": 1.7988718442637404
            },
            "heading": 1.7988718442637404,
            "speeds": {
                "vmax": 20.0
            },
            "type": 1,
            "driving_direction": 1,
            "id": "1005_3",
            "lane_type": 1
        },
        {
            "pos": {
                "x": 566915.3933068394,
                "y": 4317937.382821337,
                "yaw": 1.7988721537578507
            },
            "heading": 1.7988721537578507,
            "speeds": {
                "vmax": 20.0
            },
            "type": 1,
            "driving_direction": 1,
            "id": "1005_3",
            "lane_type": 1
        },
        {
            "pos": {
                "x": 566915.2791888331,
                "y": 4317937.874467086,
                "yaw": 1.798871695257754
            },
            "heading": 1.798871695257754,
            "speeds": {
                "vmax": 20.0
            },
            "type": 1,
            "driving_direction": 1,
            "id": "1005_3",
            "lane_type": 1
        },
        {
            "pos": {
                "x": 566915.1650719221,
                "y": 4317938.366108112,
                "yaw": 1.798872027714843
            },
            "heading": 1.798872027714843,
            "speeds": {
                "vmax": 20.0
            },
            "type": 1,
            "driving_direction": 1,
            "id": "1005_3",
            "lane_type": 1
        },
        {
            "pos": {
                "x": 566915.0509535074,
                "y": 4317938.857755619,
                "yaw": 1.7988717872407365
            },
            "heading": 1.7988717872407365,
            "speeds": {
                "vmax": 20.0
            },
            "type": 1,
            "driving_direction": 1,
            "id": "1005_3",
            "lane_type": 1
        },
        {
            "pos": {
                "x": 566914.936834692,
                "y": 4317939.349404852,
                "yaw": 1.7988717746005767
            },
            "heading": 1.7988717746005767,
            "speeds": {
                "vmax": 20.0
            },
            "type": 1,
            "driving_direction": 1,
            "id": "1005_3",
            "lane_type": 1
        },
        {
            "pos": {
                "x": 566914.8227263644,
                "y": 4317939.841008902,
                "yaw": 1.798871845098881
            },
            "heading": 1.798871845098881,
            "speeds": {
                "vmax": 20.0
            },
            "type": 1,
            "driving_direction": 1,
            "id": "1003_3",
            "lane_type": 1
        },
        {
            "pos": {
                "x": 566914.7096747097,
                "y": 4317940.3280605655,
                "yaw": 1.798871845098881
            },
            "heading": 1.798871845098881,
            "speeds": {
                "vmax": 20.0
            },
            "type": 1,
            "driving_direction": 1,
            "id": "1003_3",
            "lane_type": 1
        },
        {
            "pos": {
                "x": 566914.596623055,
                "y": 4317940.815112229,
                "yaw": 1.798871845098881
            },
            "heading": 1.798871845098881,
            "speeds": {
                "vmax": 20.0
            },
            "type": 1,
            "driving_direction": 1,
            "id": "1003_3",
            "lane_type": 1
        },
        {
            "pos": {
                "x": 566914.4835714004,
                "y": 4317941.302163893,
                "yaw": 1.798871845098881
            },
            "heading": 1.798871845098881,
            "speeds": {
                "vmax": 20.0
            },
            "type": 1,
            "driving_direction": 1,
            "id": "1003_3",
            "lane_type": 1
        },
        {
            "pos": {
                "x": 566914.3705197457,
                "y": 4317941.789215557,
                "yaw": 1.798871845098881
            },
            "heading": 1.798871845098881,
            "speeds": {
                "vmax": 20.0
            },
            "type": 1,
            "driving_direction": 1,
            "id": "1003_3",
            "lane_type": 1
        },
        {
            "pos": {
                "x": 566914.2574680911,
                "y": 4317942.276267221,
                "yaw": 1.798871845098881
            },
            "heading": 1.798871845098881,
            "speeds": {
                "vmax": 20.0
            },
            "type": 1,
            "driving_direction": 1,
            "id": "1003_3",
            "lane_type": 1
        },
        {
            "pos": {
                "x": 566914.1444164364,
                "y": 4317942.763318885,
                "yaw": 1.798871845098881
            },
            "heading": 1.798871845098881,
            "speeds": {
                "vmax": 20.0
            },
            "type": 1,
            "driving_direction": 1,
            "id": "1003_3",
            "lane_type": 1
        },
        {
            "pos": {
                "x": 566914.0313647818,
                "y": 4317943.250370549,
                "yaw": 1.798871845098881
            },
            "heading": 1.798871845098881,
            "speeds": {
                "vmax": 20.0
            },
            "type": 1,
            "driving_direction": 1,
            "id": "1003_3",
            "lane_type": 1
        },
        {
            "pos": {
                "x": 566913.9183131271,
                "y": 4317943.737422213,
                "yaw": 1.798871845098881
            },
            "heading": 1.798871845098881,
            "speeds": {
                "vmax": 20.0
            },
            "type": 1,
            "driving_direction": 1,
            "id": "1003_3",
            "lane_type": 1
        },
        {
            "pos": {
                "x": 566913.8052614725,
                "y": 4317944.224473878,
                "yaw": 1.798871845098881
            },
            "heading": 1.798871845098881,
            "speeds": {
                "vmax": 20.0
            },
            "type": 1,
            "driving_direction": 1,
            "id": "1003_3",
            "lane_type": 1
        },
        {
            "pos": {
                "x": 566913.6922098178,
                "y": 4317944.711525542,
                "yaw": 1.798871845098881
            },
            "heading": 1.798871845098881,
            "speeds": {
                "vmax": 20.0
            },
            "type": 1,
            "driving_direction": 1,
            "id": "1003_3",
            "lane_type": 1
        },
        {
            "pos": {
                "x": 566913.5791581632,
                "y": 4317945.198577206,
                "yaw": 1.798871845098881
            },
            "heading": 1.798871845098881,
            "speeds": {
                "vmax": 20.0
            },
            "type": 1,
            "driving_direction": 1,
            "id": "1003_3",
            "lane_type": 1
        },
        {
            "pos": {
                "x": 566913.4661065085,
                "y": 4317945.68562887,
                "yaw": 1.798871845098881
            },
            "heading": 1.798871845098881,
            "speeds": {
                "vmax": 20.0
            },
            "type": 1,
            "driving_direction": 1,
            "id": "1003_3",
            "lane_type": 1
        },
        {
            "pos": {
                "x": 566913.3530548539,
                "y": 4317946.1726805335,
                "yaw": 1.798871845098881
            },
            "heading": 1.798871845098881,
            "speeds": {
                "vmax": 20.0
            },
            "type": 1,
            "driving_direction": 1,
            "id": "1003_3",
            "lane_type": 1
        },
        {
            "pos": {
                "x": 566913.2400031992,
                "y": 4317946.659732197,
                "yaw": 1.798871845098881
            },
            "heading": 1.798871845098881,
            "speeds": {
                "vmax": 20.0
            },
            "type": 1,
            "driving_direction": 1,
            "id": "1003_3",
            "lane_type": 1
        },
        {
            "pos": {
                "x": 566913.1269515445,
                "y": 4317947.146783861,
                "yaw": 1.798871845098881
            },
            "heading": 1.798871845098881,
            "speeds": {
                "vmax": 20.0
            },
            "type": 1,
            "driving_direction": 1,
            "id": "1003_3",
            "lane_type": 1
        },
        {
            "pos": {
                "x": 566913.0138998899,
                "y": 4317947.633835525,
                "yaw": 1.798871845098881
            },
            "heading": 1.798871845098881,
            "speeds": {
                "vmax": 20.0
            },
            "type": 1,
            "driving_direction": 1,
            "id": "1003_3",
            "lane_type": 1
        },
        {
            "pos": {
                "x": 566912.9008482352,
                "y": 4317948.120887189,
                "yaw": 1.798871845098881
            },
            "heading": 1.798871845098881,
            "speeds": {
                "vmax": 20.0
            },
            "type": 1,
            "driving_direction": 1,
            "id": "1003_3",
            "lane_type": 1
        },
        {
            "pos": {
                "x": 566912.7877965806,
                "y": 4317948.607938853,
                "yaw": 1.798871845098881
            },
            "heading": 1.798871845098881,
            "speeds": {
                "vmax": 20.0
            },
            "type": 1,
            "driving_direction": 1,
            "id": "1003_3",
            "lane_type": 1
        },
        {
            "pos": {
                "x": 566912.6747449259,
                "y": 4317949.094990517,
                "yaw": 1.798871845098881
            },
            "heading": 1.798871845098881,
            "speeds": {
                "vmax": 20.0
            },
            "type": 1,
            "driving_direction": 1,
            "id": "1003_3",
            "lane_type": 1
        },
        {
            "pos": {
                "x": 566912.5616932713,
                "y": 4317949.582042181,
                "yaw": 1.798871845098881
            },
            "heading": 1.798871845098881,
            "speeds": {
                "vmax": 20.0
            },
            "type": 1,
            "driving_direction": 1,
            "id": "1003_3",
            "lane_type": 1
        },
        {
            "pos": {
                "x": 566912.4486416166,
                "y": 4317950.069093845,
                "yaw": 1.798871845098881
            },
            "heading": 1.798871845098881,
            "speeds": {
                "vmax": 20.0
            },
            "type": 1,
            "driving_direction": 1,
            "id": "1003_3",
            "lane_type": 1
        },
        {
            "pos": {
                "x": 566912.335589962,
                "y": 4317950.556145509,
                "yaw": 1.798871845098881
            },
            "heading": 1.798871845098881,
            "speeds": {
                "vmax": 20.0
            },
            "type": 1,
            "driving_direction": 1,
            "id": "1003_3",
            "lane_type": 1
        },
        {
            "pos": {
                "x": 566912.2225383073,
                "y": 4317951.043197173,
                "yaw": 1.798871845098881
            },
            "heading": 1.798871845098881,
            "speeds": {
                "vmax": 20.0
            },
            "type": 1,
            "driving_direction": 1,
            "id": "1003_3",
            "lane_type": 1
        },
        {
            "pos": {
                "x": 566912.1094866527,
                "y": 4317951.530248837,
                "yaw": 1.798871845098881
            },
            "heading": 1.798871845098881,
            "speeds": {
                "vmax": 20.0
            },
            "type": 1,
            "driving_direction": 1,
            "id": "1003_3",
            "lane_type": 1
        },
        {
            "pos": {
                "x": 566911.996434998,
                "y": 4317952.017300501,
                "yaw": 1.798871845098881
            },
            "heading": 1.798871845098881,
            "speeds": {
                "vmax": 20.0
            },
            "type": 1,
            "driving_direction": 1,
            "id": "1003_3",
            "lane_type": 1
        },
        {
            "pos": {
                "x": 566911.8833833433,
                "y": 4317952.504352164,
                "yaw": 1.798871845098881
            },
            "heading": 1.798871845098881,
            "speeds": {
                "vmax": 20.0
            },
            "type": 1,
            "driving_direction": 1,
            "id": "1003_3",
            "lane_type": 1
        },
        {
            "pos": {
                "x": 566911.7703316887,
                "y": 4317952.991403829,
                "yaw": 1.798871845098881
            },
            "heading": 1.798871845098881,
            "speeds": {
                "vmax": 20.0
            },
            "type": 1,
            "driving_direction": 1,
            "id": "1003_3",
            "lane_type": 1
        },
        {
            "pos": {
                "x": 566911.657280034,
                "y": 4317953.478455493,
                "yaw": 1.798871845098881
            },
            "heading": 1.798871845098881,
            "speeds": {
                "vmax": 20.0
            },
            "type": 1,
            "driving_direction": 1,
            "id": "1003_3",
            "lane_type": 1
        },
        {
            "pos": {
                "x": 566911.5442283794,
                "y": 4317953.965507157,
                "yaw": 1.798871845098881
            },
            "heading": 1.798871845098881,
            "speeds": {
                "vmax": 20.0
            },
            "type": 1,
            "driving_direction": 1,
            "id": "1003_3",
            "lane_type": 1
        },
        {
            "pos": {
                "x": 566911.4311767247,
                "y": 4317954.452558821,
                "yaw": 1.798871845098881
            },
            "heading": 1.798871845098881,
            "speeds": {
                "vmax": 20.0
            },
            "type": 1,
            "driving_direction": 1,
            "id": "1003_3",
            "lane_type": 1
        },
        {
            "pos": {
                "x": 566911.3181250701,
                "y": 4317954.939610485,
                "yaw": 1.798871845098881
            },
            "heading": 1.798871845098881,
            "speeds": {
                "vmax": 20.0
            },
            "type": 1,
            "driving_direction": 1,
            "id": "1003_3",
            "lane_type": 1
        },
        {
            "pos": {
                "x": 566911.2050734154,
                "y": 4317955.426662149,
                "yaw": 1.798871845098881
            },
            "heading": 1.798871845098881,
            "speeds": {
                "vmax": 20.0
            },
            "type": 1,
            "driving_direction": 1,
            "id": "1003_3",
            "lane_type": 1
        },
        {
            "pos": {
                "x": 566911.0920217608,
                "y": 4317955.913713813,
                "yaw": 1.798871845098881
            },
            "heading": 1.798871845098881,
            "speeds": {
                "vmax": 20.0
            },
            "type": 1,
            "driving_direction": 1,
            "id": "1003_3",
            "lane_type": 1
        },
        {
            "pos": {
                "x": 566910.9789701061,
                "y": 4317956.400765477,
                "yaw": 1.798871845098881
            },
            "heading": 1.798871845098881,
            "speeds": {
                "vmax": 20.0
            },
            "type": 1,
            "driving_direction": 1,
            "id": "1003_3",
            "lane_type": 1
        },
        {
            "pos": {
                "x": 566910.8659184515,
                "y": 4317956.887817141,
                "yaw": 1.798871845098881
            },
            "heading": 1.798871845098881,
            "speeds": {
                "vmax": 20.0
            },
            "type": 1,
            "driving_direction": 1,
            "id": "1003_3",
            "lane_type": 1
        },
        {
            "pos": {
                "x": 566910.7528667968,
                "y": 4317957.374868805,
                "yaw": 1.798871845098881
            },
            "heading": 1.798871845098881,
            "speeds": {
                "vmax": 20.0
            },
            "type": 1,
            "driving_direction": 1,
            "id": "1003_3",
            "lane_type": 1
        },
        {
            "pos": {
                "x": 566910.6398151421,
                "y": 4317957.8619204685,
                "yaw": 1.798871845098881
            },
            "heading": 1.798871845098881,
            "speeds": {
                "vmax": 20.0
            },
            "type": 1,
            "driving_direction": 1,
            "id": "1003_3",
            "lane_type": 1
        },
        {
            "pos": {
                "x": 566910.5267634875,
                "y": 4317958.348972132,
                "yaw": 1.798871845098881
            },
            "heading": 1.798871845098881,
            "speeds": {
                "vmax": 20.0
            },
            "type": 1,
            "driving_direction": 1,
            "id": "1003_3",
            "lane_type": 1
        },
        {
            "pos": {
                "x": 566910.4137118328,
                "y": 4317958.836023796,
                "yaw": 1.798871845098881
            },
            "heading": 1.798871845098881,
            "speeds": {
                "vmax": 20.0
            },
            "type": 1,
            "driving_direction": 1,
            "id": "1003_3",
            "lane_type": 1
        },
        {
            "pos": {
                "x": 566910.3006601782,
                "y": 4317959.32307546,
                "yaw": 1.798871845098881
            },
            "heading": 1.798871845098881,
            "speeds": {
                "vmax": 20.0
            },
            "type": 1,
            "driving_direction": 1,
            "id": "1003_3",
            "lane_type": 1
        },
        {
            "pos": {
                "x": 566910.1876085235,
                "y": 4317959.810127124,
                "yaw": 1.798871845098881
            },
            "heading": 1.798871845098881,
            "speeds": {
                "vmax": 20.0
            },
            "type": 1,
            "driving_direction": 1,
            "id": "1003_3",
            "lane_type": 1
        },
        {
            "pos": {
                "x": 566910.0745568689,
                "y": 4317960.297178788,
                "yaw": 1.798871845098881
            },
            "heading": 1.798871845098881,
            "speeds": {
                "vmax": 20.0
            },
            "type": 1,
            "driving_direction": 1,
            "id": "1003_3",
            "lane_type": 1
        },
        {
            "pos": {
                "x": 566909.9615052142,
                "y": 4317960.784230452,
                "yaw": 1.798871845098881
            },
            "heading": 1.798871845098881,
            "speeds": {
                "vmax": 20.0
            },
            "type": 1,
            "driving_direction": 1,
            "id": "1003_3",
            "lane_type": 1
        },
        {
            "pos": {
                "x": 566909.8484535596,
                "y": 4317961.271282117,
                "yaw": 1.798871845098881
            },
            "heading": 1.798871845098881,
            "speeds": {
                "vmax": 20.0
            },
            "type": 1,
            "driving_direction": 1,
            "id": "1003_3",
            "lane_type": 1
        },
        {
            "pos": {
                "x": 566909.7354019049,
                "y": 4317961.758333781,
                "yaw": 1.798871845098881
            },
            "heading": 1.798871845098881,
            "speeds": {
                "vmax": 20.0
            },
            "type": 1,
            "driving_direction": 1,
            "id": "1003_3",
            "lane_type": 1
        },
        {
            "pos": {
                "x": 566909.6223502503,
                "y": 4317962.245385445,
                "yaw": 1.798871845098881
            },
            "heading": 1.798871845098881,
            "speeds": {
                "vmax": 20.0
            },
            "type": 1,
            "driving_direction": 1,
            "id": "1003_3",
            "lane_type": 1
        },
        {
            "pos": {
                "x": 566909.5092985956,
                "y": 4317962.732437109,
                "yaw": 1.798871845098881
            },
            "heading": 1.798871845098881,
            "speeds": {
                "vmax": 20.0
            },
            "type": 1,
            "driving_direction": 1,
            "id": "1003_3",
            "lane_type": 1
        },
        {
            "pos": {
                "x": 566909.396246941,
                "y": 4317963.219488773,
                "yaw": 1.798871845098881
            },
            "heading": 1.798871845098881,
            "speeds": {
                "vmax": 20.0
            },
            "type": 1,
            "driving_direction": 1,
            "id": "1003_3",
            "lane_type": 1
        },
        {
            "pos": {
                "x": 566909.2831952863,
                "y": 4317963.7065404365,
                "yaw": 1.798871845098881
            },
            "heading": 1.798871845098881,
            "speeds": {
                "vmax": 20.0
            },
            "type": 1,
            "driving_direction": 1,
            "id": "1003_3",
            "lane_type": 1
        },
        {
            "pos": {
                "x": 566909.1701436316,
                "y": 4317964.1935921,
                "yaw": 1.798871845098881
            },
            "heading": 1.798871845098881,
            "speeds": {
                "vmax": 20.0
            },
            "type": 1,
            "driving_direction": 1,
            "id": "1003_3",
            "lane_type": 1
        },
        {
            "pos": {
                "x": 566909.057091977,
                "y": 4317964.680643764,
                "yaw": 1.798871845098881
            },
            "heading": 1.798871845098881,
            "speeds": {
                "vmax": 20.0
            },
            "type": 1,
            "driving_direction": 1,
            "id": "1003_3",
            "lane_type": 1
        },
        {
            "pos": {
                "x": 566908.9440403223,
                "y": 4317965.167695428,
                "yaw": 1.798871845098881
            },
            "heading": 1.798871845098881,
            "speeds": {
                "vmax": 20.0
            },
            "type": 1,
            "driving_direction": 1,
            "id": "1003_3",
            "lane_type": 1
        },
        {
            "pos": {
                "x": 566908.8309886677,
                "y": 4317965.654747092,
                "yaw": 1.798871845098881
            },
            "heading": 1.798871845098881,
            "speeds": {
                "vmax": 20.0
            },
            "type": 1,
            "driving_direction": 1,
            "id": "1003_3",
            "lane_type": 1
        },
        {
            "pos": {
                "x": 566908.717937013,
                "y": 4317966.141798756,
                "yaw": 1.798871845098881
            },
            "heading": 1.798871845098881,
            "speeds": {
                "vmax": 20.0
            },
            "type": 1,
            "driving_direction": 1,
            "id": "1003_3",
            "lane_type": 1
        },
        {
            "pos": {
                "x": 566908.6048853584,
                "y": 4317966.62885042,
                "yaw": 1.798871845098881
            },
            "heading": 1.798871845098881,
            "speeds": {
                "vmax": 20.0
            },
            "type": 1,
            "driving_direction": 1,
            "id": "1003_3",
            "lane_type": 1
        },
        {
            "pos": {
                "x": 566908.4918337037,
                "y": 4317967.115902084,
                "yaw": 1.798871845098881
            },
            "heading": 1.798871845098881,
            "speeds": {
                "vmax": 20.0
            },
            "type": 1,
            "driving_direction": 1,
            "id": "1003_3",
            "lane_type": 1
        },
        {
            "pos": {
                "x": 566908.378782049,
                "y": 4317967.602953748,
                "yaw": 1.798871845098881
            },
            "heading": 1.798871845098881,
            "speeds": {
                "vmax": 20.0
            },
            "type": 1,
            "driving_direction": 1,
            "id": "1003_3",
            "lane_type": 1
        },
        {
            "pos": {
                "x": 566908.2657303944,
                "y": 4317968.090005412,
                "yaw": 1.798871845098881
            },
            "heading": 1.798871845098881,
            "speeds": {
                "vmax": 20.0
            },
            "type": 1,
            "driving_direction": 1,
            "id": "1003_3",
            "lane_type": 1
        },
        {
            "pos": {
                "x": 566908.1526787397,
                "y": 4317968.577057076,
                "yaw": 1.798871845098881
            },
            "heading": 1.798871845098881,
            "speeds": {
                "vmax": 20.0
            },
            "type": 1,
            "driving_direction": 1,
            "id": "1003_3",
            "lane_type": 1
        },
        {
            "pos": {
                "x": 566908.0396270851,
                "y": 4317969.06410874,
                "yaw": 1.798871845098881
            },
            "heading": 1.798871845098881,
            "speeds": {
                "vmax": 20.0
            },
            "type": 1,
            "driving_direction": 1,
            "id": "1003_3",
            "lane_type": 1
        },
        {
            "pos": {
                "x": 566907.9265754304,
                "y": 4317969.551160404,
                "yaw": 1.798871845098881
            },
            "heading": 1.798871845098881,
            "speeds": {
                "vmax": 20.0
            },
            "type": 1,
            "driving_direction": 1,
            "id": "1003_3",
            "lane_type": 1
        },
        {
            "pos": {
                "x": 566907.8135237758,
                "y": 4317970.038212068,
                "yaw": 1.798871845098881
            },
            "heading": 1.798871845098881,
            "speeds": {
                "vmax": 20.0
            },
            "type": 1,
            "driving_direction": 1,
            "id": "1003_3",
            "lane_type": 1
        },
        {
            "pos": {
                "x": 566907.7004721211,
                "y": 4317970.525263732,
                "yaw": 1.798871845098881
            },
            "heading": 1.798871845098881,
            "speeds": {
                "vmax": 20.0
            },
            "type": 1,
            "driving_direction": 1,
            "id": "1003_3",
            "lane_type": 1
        },
        {
            "pos": {
                "x": 566907.5874204665,
                "y": 4317971.012315396,
                "yaw": 1.798871845098881
            },
            "heading": 1.798871845098881,
            "speeds": {
                "vmax": 20.0
            },
            "type": 1,
            "driving_direction": 1,
            "id": "1003_3",
            "lane_type": 1
        },
        {
            "pos": {
                "x": 566907.4743688118,
                "y": 4317971.49936706,
                "yaw": 1.798871845098881
            },
            "heading": 1.798871845098881,
            "speeds": {
                "vmax": 20.0
            },
            "type": 1,
            "driving_direction": 1,
            "id": "1003_3",
            "lane_type": 1
        },
        {
            "pos": {
                "x": 566907.3613171572,
                "y": 4317971.986418724,
                "yaw": 1.798871845098881
            },
            "heading": 1.798871845098881,
            "speeds": {
                "vmax": 20.0
            },
            "type": 1,
            "driving_direction": 1,
            "id": "1003_3",
            "lane_type": 1
        },
        {
            "pos": {
                "x": 566907.2482655025,
                "y": 4317972.473470388,
                "yaw": 1.798871845098881
            },
            "heading": 1.798871845098881,
            "speeds": {
                "vmax": 20.0
            },
            "type": 1,
            "driving_direction": 1,
            "id": "1003_3",
            "lane_type": 1
        },
        {
            "pos": {
                "x": 566907.1352138479,
                "y": 4317972.960522052,
                "yaw": 1.798871845098881
            },
            "heading": 1.798871845098881,
            "speeds": {
                "vmax": 20.0
            },
            "type": 1,
            "driving_direction": 1,
            "id": "1003_3",
            "lane_type": 1
        },
        {
            "pos": {
                "x": 566907.0221621932,
                "y": 4317973.447573716,
                "yaw": 1.798871845098881
            },
            "heading": 1.798871845098881,
            "speeds": {
                "vmax": 20.0
            },
            "type": 1,
            "driving_direction": 1,
            "id": "1003_3",
            "lane_type": 1
        },
        {
            "pos": {
                "x": 566906.9091105385,
                "y": 4317973.93462538,
                "yaw": 1.798871845098881
            },
            "heading": 1.798871845098881,
            "speeds": {
                "vmax": 20.0
            },
            "type": 1,
            "driving_direction": 1,
            "id": "1003_3",
            "lane_type": 1
        },
        {
            "pos": {
                "x": 566906.7960588839,
                "y": 4317974.421677044,
                "yaw": 1.798871845098881
            },
            "heading": 1.798871845098881,
            "speeds": {
                "vmax": 20.0
            },
            "type": 1,
            "driving_direction": 1,
            "id": "1003_3",
            "lane_type": 1
        },
        {
            "pos": {
                "x": 566906.6830072292,
                "y": 4317974.908728708,
                "yaw": 1.798871845098881
            },
            "heading": 1.798871845098881,
            "speeds": {
                "vmax": 20.0
            },
            "type": 1,
            "driving_direction": 1,
            "id": "1003_3",
            "lane_type": 1
        },
        {
            "pos": {
                "x": 566906.5699555746,
                "y": 4317975.3957803715,
                "yaw": 1.798871845098881
            },
            "heading": 1.798871845098881,
            "speeds": {
                "vmax": 20.0
            },
            "type": 1,
            "driving_direction": 1,
            "id": "1003_3",
            "lane_type": 1
        },
        {
            "pos": {
                "x": 566906.4569039199,
                "y": 4317975.882832035,
                "yaw": 1.798871845098881
            },
            "heading": 1.798871845098881,
            "speeds": {
                "vmax": 20.0
            },
            "type": 1,
            "driving_direction": 1,
            "id": "1003_3",
            "lane_type": 1
        },
        {
            "pos": {
                "x": 566906.3438522653,
                "y": 4317976.369883699,
                "yaw": 1.798871845098881
            },
            "heading": 1.798871845098881,
            "speeds": {
                "vmax": 20.0
            },
            "type": 1,
            "driving_direction": 1,
            "id": "1003_3",
            "lane_type": 1
        },
        {
            "pos": {
                "x": 566906.2308006106,
                "y": 4317976.856935363,
                "yaw": 1.798871845098881
            },
            "heading": 1.798871845098881,
            "speeds": {
                "vmax": 20.0
            },
            "type": 1,
            "driving_direction": 1,
            "id": "1003_3",
            "lane_type": 1
        },
        {
            "pos": {
                "x": 566906.117748956,
                "y": 4317977.343987027,
                "yaw": 1.798871845098881
            },
            "heading": 1.798871845098881,
            "speeds": {
                "vmax": 20.0
            },
            "type": 1,
            "driving_direction": 1,
            "id": "1003_3",
            "lane_type": 1
        },
        {
            "pos": {
                "x": 566906.0046973013,
                "y": 4317977.831038691,
                "yaw": 1.798871845098881
            },
            "heading": 1.798871845098881,
            "speeds": {
                "vmax": 20.0
            },
            "type": 1,
            "driving_direction": 1,
            "id": "1003_3",
            "lane_type": 1
        },
        {
            "pos": {
                "x": 566905.8916456467,
                "y": 4317978.318090356,
                "yaw": 1.798871845098881
            },
            "heading": 1.798871845098881,
            "speeds": {
                "vmax": 20.0
            },
            "type": 1,
            "driving_direction": 1,
            "id": "1003_3",
            "lane_type": 1
        },
        {
            "pos": {
                "x": 566905.778593992,
                "y": 4317978.80514202,
                "yaw": 1.798871845098881
            },
            "heading": 1.798871845098881,
            "speeds": {
                "vmax": 20.0
            },
            "type": 1,
            "driving_direction": 1,
            "id": "1003_3",
            "lane_type": 1
        },
        {
            "pos": {
                "x": 566905.6655423373,
                "y": 4317979.292193684,
                "yaw": 1.798871845098881
            },
            "heading": 1.798871845098881,
            "speeds": {
                "vmax": 20.0
            },
            "type": 1,
            "driving_direction": 1,
            "id": "1003_3",
            "lane_type": 1
        },
        {
            "pos": {
                "x": 566905.5524906827,
                "y": 4317979.779245348,
                "yaw": 1.798871845098881
            },
            "heading": 1.798871845098881,
            "speeds": {
                "vmax": 20.0
            },
            "type": 1,
            "driving_direction": 1,
            "id": "1003_3",
            "lane_type": 1
        },
        {
            "pos": {
                "x": 566905.439439028,
                "y": 4317980.266297012,
                "yaw": 1.798871845098881
            },
            "heading": 1.798871845098881,
            "speeds": {
                "vmax": 20.0
            },
            "type": 1,
            "driving_direction": 1,
            "id": "1003_3",
            "lane_type": 1
        },
        {
            "pos": {
                "x": 566905.3263873734,
                "y": 4317980.753348676,
                "yaw": 1.798871845098881
            },
            "heading": 1.798871845098881,
            "speeds": {
                "vmax": 20.0
            },
            "type": 1,
            "driving_direction": 1,
            "id": "1003_3",
            "lane_type": 1
        },
        {
            "pos": {
                "x": 566905.2133357187,
                "y": 4317981.2404003395,
                "yaw": 1.798871845098881
            },
            "heading": 1.798871845098881,
            "speeds": {
                "vmax": 20.0
            },
            "type": 1,
            "driving_direction": 1,
            "id": "1003_3",
            "lane_type": 1
        },
        {
            "pos": {
                "x": 566905.1002840641,
                "y": 4317981.727452003,
                "yaw": 1.798871845098881
            },
            "heading": 1.798871845098881,
            "speeds": {
                "vmax": 20.0
            },
            "type": 1,
            "driving_direction": 1,
            "id": "1003_3",
            "lane_type": 1
        },
        {
            "pos": {
                "x": 566904.9872324094,
                "y": 4317982.214503667,
                "yaw": 1.798871845098881
            },
            "heading": 1.798871845098881,
            "speeds": {
                "vmax": 20.0
            },
            "type": 1,
            "driving_direction": 1,
            "id": "1003_3",
            "lane_type": 1
        },
        {
            "pos": {
                "x": 566904.8741807548,
                "y": 4317982.701555331,
                "yaw": 1.798871845098881
            },
            "heading": 1.798871845098881,
            "speeds": {
                "vmax": 20.0
            },
            "type": 1,
            "driving_direction": 1,
            "id": "1003_3",
            "lane_type": 1
        },
        {
            "pos": {
                "x": 566904.7611291001,
                "y": 4317983.188606995,
                "yaw": 1.798871845098881
            },
            "heading": 1.798871845098881,
            "speeds": {
                "vmax": 20.0
            },
            "type": 1,
            "driving_direction": 1,
            "id": "1003_3",
            "lane_type": 1
        },
        {
            "pos": {
                "x": 566904.6480774455,
                "y": 4317983.675658659,
                "yaw": 1.798871845098881
            },
            "heading": 1.798871845098881,
            "speeds": {
                "vmax": 20.0
            },
            "type": 1,
            "driving_direction": 1,
            "id": "1003_3",
            "lane_type": 1
        },
        {
            "pos": {
                "x": 566904.5350257908,
                "y": 4317984.162710323,
                "yaw": 1.798871845098881
            },
            "heading": 1.798871845098881,
            "speeds": {
                "vmax": 20.0
            },
            "type": 1,
            "driving_direction": 1,
            "id": "1003_3",
            "lane_type": 1
        },
        {
            "pos": {
                "x": 566904.4219741361,
                "y": 4317984.649761987,
                "yaw": 1.798871845098881
            },
            "heading": 1.798871845098881,
            "speeds": {
                "vmax": 20.0
            },
            "type": 1,
            "driving_direction": 1,
            "id": "1003_3",
            "lane_type": 1
        },
        {
            "pos": {
                "x": 566904.3089224815,
                "y": 4317985.136813651,
                "yaw": 1.798871845098881
            },
            "heading": 1.798871845098881,
            "speeds": {
                "vmax": 20.0
            },
            "type": 1,
            "driving_direction": 1,
            "id": "1003_3",
            "lane_type": 1
        },
        {
            "pos": {
                "x": 566904.1958708268,
                "y": 4317985.623865315,
                "yaw": 1.798871845098881
            },
            "heading": 1.798871845098881,
            "speeds": {
                "vmax": 20.0
            },
            "type": 1,
            "driving_direction": 1,
            "id": "1003_3",
            "lane_type": 1
        },
        {
            "pos": {
                "x": 566904.0828191722,
                "y": 4317986.110916979,
                "yaw": 1.798871845098881
            },
            "heading": 1.798871845098881,
            "speeds": {
                "vmax": 20.0
            },
            "type": 1,
            "driving_direction": 1,
            "id": "1003_3",
            "lane_type": 1
        },
        {
            "pos": {
                "x": 566903.9697675175,
                "y": 4317986.5979686435,
                "yaw": 1.798871845098881
            },
            "heading": 1.798871845098881,
            "speeds": {
                "vmax": 20.0
            },
            "type": 1,
            "driving_direction": 1,
            "id": "1003_3",
            "lane_type": 1
        },
        {
            "pos": {
                "x": 566903.8567158629,
                "y": 4317987.085020307,
                "yaw": 1.798871845098881
            },
            "heading": 1.798871845098881,
            "speeds": {
                "vmax": 20.0
            },
            "type": 1,
            "driving_direction": 1,
            "id": "1003_3",
            "lane_type": 1
        },
        {
            "pos": {
                "x": 566903.7436642082,
                "y": 4317987.572071971,
                "yaw": 1.798871845098881
            },
            "heading": 1.798871845098881,
            "speeds": {
                "vmax": 20.0
            },
            "type": 1,
            "driving_direction": 1,
            "id": "1003_3",
            "lane_type": 1
        },
        {
            "pos": {
                "x": 566903.6306125536,
                "y": 4317988.059123635,
                "yaw": 1.798871845098881
            },
            "heading": 1.798871845098881,
            "speeds": {
                "vmax": 20.0
            },
            "type": 1,
            "driving_direction": 1,
            "id": "1003_3",
            "lane_type": 1
        },
        {
            "pos": {
                "x": 566903.5175608989,
                "y": 4317988.546175299,
                "yaw": 1.798871845098881
            },
            "heading": 1.798871845098881,
            "speeds": {
                "vmax": 20.0
            },
            "type": 1,
            "driving_direction": 1,
            "id": "1003_3",
            "lane_type": 1
        },
        {
            "pos": {
                "x": 566903.4045092443,
                "y": 4317989.033226963,
                "yaw": 1.798871845098881
            },
            "heading": 1.798871845098881,
            "speeds": {
                "vmax": 20.0
            },
            "type": 1,
            "driving_direction": 1,
            "id": "1003_3",
            "lane_type": 1
        },
        {
            "pos": {
                "x": 566903.2914575896,
                "y": 4317989.520278627,
                "yaw": 1.798871845098881
            },
            "heading": 1.798871845098881,
            "speeds": {
                "vmax": 20.0
            },
            "type": 1,
            "driving_direction": 1,
            "id": "1003_3",
            "lane_type": 1
        },
        {
            "pos": {
                "x": 566903.178405935,
                "y": 4317990.007330291,
                "yaw": 1.798871845098881
            },
            "heading": 1.798871845098881,
            "speeds": {
                "vmax": 20.0
            },
            "type": 1,
            "driving_direction": 1,
            "id": "1003_3",
            "lane_type": 1
        },
        {
            "pos": {
                "x": 566903.0653542803,
                "y": 4317990.494381955,
                "yaw": 1.798871845098881
            },
            "heading": 1.798871845098881,
            "speeds": {
                "vmax": 20.0
            },
            "type": 1,
            "driving_direction": 1,
            "id": "1003_3",
            "lane_type": 1
        },
        {
            "pos": {
                "x": 566902.9523026256,
                "y": 4317990.981433619,
                "yaw": 1.798871845098881
            },
            "heading": 1.798871845098881,
            "speeds": {
                "vmax": 20.0
            },
            "type": 1,
            "driving_direction": 1,
            "id": "1003_3",
            "lane_type": 1
        },
        {
            "pos": {
                "x": 566902.839250971,
                "y": 4317991.468485283,
                "yaw": 1.798871845098881
            },
            "heading": 1.798871845098881,
            "speeds": {
                "vmax": 20.0
            },
            "type": 1,
            "driving_direction": 1,
            "id": "1003_3",
            "lane_type": 1
        },
        {
            "pos": {
                "x": 566902.7261993163,
                "y": 4317991.955536947,
                "yaw": 1.798871845098881
            },
            "heading": 1.798871845098881,
            "speeds": {
                "vmax": 20.0
            },
            "type": 1,
            "driving_direction": 1,
            "id": "1003_3",
            "lane_type": 1
        },
        {
            "pos": {
                "x": 566902.6131476617,
                "y": 4317992.442588611,
                "yaw": 1.798871845098881
            },
            "heading": 1.798871845098881,
            "speeds": {
                "vmax": 20.0
            },
            "type": 1,
            "driving_direction": 1,
            "id": "1003_3",
            "lane_type": 1
        },
        {
            "pos": {
                "x": 566902.500096007,
                "y": 4317992.9296402745,
                "yaw": 1.798871845098881
            },
            "heading": 1.798871845098881,
            "speeds": {
                "vmax": 20.0
            },
            "type": 1,
            "driving_direction": 1,
            "id": "1003_3",
            "lane_type": 1
        },
        {
            "pos": {
                "x": 566902.3870443524,
                "y": 4317993.416691938,
                "yaw": 1.798871845098881
            },
            "heading": 1.798871845098881,
            "speeds": {
                "vmax": 20.0
            },
            "type": 1,
            "driving_direction": 1,
            "id": "1003_3",
            "lane_type": 1
        },
        {
            "pos": {
                "x": 566902.2739926977,
                "y": 4317993.903743602,
                "yaw": 1.798871845098881
            },
            "heading": 1.798871845098881,
            "speeds": {
                "vmax": 20.0
            },
            "type": 1,
            "driving_direction": 1,
            "id": "1003_3",
            "lane_type": 1
        },
        {
            "pos": {
                "x": 566902.160941043,
                "y": 4317994.390795266,
                "yaw": 1.798871845098881
            },
            "heading": 1.798871845098881,
            "speeds": {
                "vmax": 20.0
            },
            "type": 1,
            "driving_direction": 1,
            "id": "1003_3",
            "lane_type": 1
        },
        {
            "pos": {
                "x": 566902.0478893884,
                "y": 4317994.877846931,
                "yaw": 1.798871845098881
            },
            "heading": 1.798871845098881,
            "speeds": {
                "vmax": 20.0
            },
            "type": 1,
            "driving_direction": 1,
            "id": "1003_3",
            "lane_type": 1
        },
        {
            "pos": {
                "x": 566901.9348377337,
                "y": 4317995.364898595,
                "yaw": 1.798871845098881
            },
            "heading": 1.798871845098881,
            "speeds": {
                "vmax": 20.0
            },
            "type": 1,
            "driving_direction": 1,
            "id": "1003_3",
            "lane_type": 1
        },
        {
            "pos": {
                "x": 566901.8217860791,
                "y": 4317995.851950259,
                "yaw": 1.798871845098881
            },
            "heading": 1.798871845098881,
            "speeds": {
                "vmax": 20.0
            },
            "type": 1,
            "driving_direction": 1,
            "id": "1003_3",
            "lane_type": 1
        },
        {
            "pos": {
                "x": 566901.7087344244,
                "y": 4317996.339001923,
                "yaw": 1.798871845098881
            },
            "heading": 1.798871845098881,
            "speeds": {
                "vmax": 20.0
            },
            "type": 1,
            "driving_direction": 1,
            "id": "1003_3",
            "lane_type": 1
        },
        {
            "pos": {
                "x": 566901.5956827698,
                "y": 4317996.826053587,
                "yaw": 1.798871845098881
            },
            "heading": 1.798871845098881,
            "speeds": {
                "vmax": 20.0
            },
            "type": 1,
            "driving_direction": 1,
            "id": "1003_3",
            "lane_type": 1
        },
        {
            "pos": {
                "x": 566901.4826311151,
                "y": 4317997.313105251,
                "yaw": 1.798871845098881
            },
            "heading": 1.798871845098881,
            "speeds": {
                "vmax": 20.0
            },
            "type": 1,
            "driving_direction": 1,
            "id": "1003_3",
            "lane_type": 1
        },
        {
            "pos": {
                "x": 566901.3695794605,
                "y": 4317997.800156915,
                "yaw": 1.798871845098881
            },
            "heading": 1.798871845098881,
            "speeds": {
                "vmax": 20.0
            },
            "type": 1,
            "driving_direction": 1,
            "id": "1003_3",
            "lane_type": 1
        },
        {
            "pos": {
                "x": 566901.2565278058,
                "y": 4317998.287208579,
                "yaw": 1.798871845098881
            },
            "heading": 1.798871845098881,
            "speeds": {
                "vmax": 20.0
            },
            "type": 1,
            "driving_direction": 1,
            "id": "1003_3",
            "lane_type": 1
        },
        {
            "pos": {
                "x": 566901.1434761512,
                "y": 4317998.7742602425,
                "yaw": 1.798871845098881
            },
            "heading": 1.798871845098881,
            "speeds": {
                "vmax": 20.0
            },
            "type": 1,
            "driving_direction": 1,
            "id": "1003_3",
            "lane_type": 1
        },
        {
            "pos": {
                "x": 566901.0304244965,
                "y": 4317999.261311906,
                "yaw": 1.798871845098881
            },
            "heading": 1.798871845098881,
            "speeds": {
                "vmax": 20.0
            },
            "type": 1,
            "driving_direction": 1,
            "id": "1003_3",
            "lane_type": 1
        },
        {
            "pos": {
                "x": 566900.9173728419,
                "y": 4317999.74836357,
                "yaw": 1.798871845098881
            },
            "heading": 1.798871845098881,
            "speeds": {
                "vmax": 20.0
            },
            "type": 1,
            "driving_direction": 1,
            "id": "1003_3",
            "lane_type": 1
        },
        {
            "pos": {
                "x": 566900.8043211872,
                "y": 4318000.235415234,
                "yaw": 1.798871845098881
            },
            "heading": 1.798871845098881,
            "speeds": {
                "vmax": 20.0
            },
            "type": 1,
            "driving_direction": 1,
            "id": "1003_3",
            "lane_type": 1
        },
        {
            "pos": {
                "x": 566900.6912695325,
                "y": 4318000.722466898,
                "yaw": 1.798871845098881
            },
            "heading": 1.798871845098881,
            "speeds": {
                "vmax": 20.0
            },
            "type": 1,
            "driving_direction": 1,
            "id": "1003_3",
            "lane_type": 1
        },
        {
            "pos": {
                "x": 566900.5782178779,
                "y": 4318001.209518562,
                "yaw": 1.798871845098881
            },
            "heading": 1.798871845098881,
            "speeds": {
                "vmax": 20.0
            },
            "type": 1,
            "driving_direction": 1,
            "id": "1003_3",
            "lane_type": 1
        },
        {
            "pos": {
                "x": 566900.4651662232,
                "y": 4318001.696570226,
                "yaw": 1.798871845098881
            },
            "heading": 1.798871845098881,
            "speeds": {
                "vmax": 20.0
            },
            "type": 1,
            "driving_direction": 1,
            "id": "1003_3",
            "lane_type": 1
        },
        {
            "pos": {
                "x": 566900.3521145686,
                "y": 4318002.18362189,
                "yaw": 1.798871845098881
            },
            "heading": 1.798871845098881,
            "speeds": {
                "vmax": 20.0
            },
            "type": 1,
            "driving_direction": 1,
            "id": "1003_3",
            "lane_type": 1
        },
        {
            "pos": {
                "x": 566900.2390629139,
                "y": 4318002.670673554,
                "yaw": 1.798871845098881
            },
            "heading": 1.798871845098881,
            "speeds": {
                "vmax": 20.0
            },
            "type": 1,
            "driving_direction": 1,
            "id": "1003_3",
            "lane_type": 1
        },
        {
            "pos": {
                "x": 566900.1260112593,
                "y": 4318003.157725218,
                "yaw": 1.798871845098881
            },
            "heading": 1.798871845098881,
            "speeds": {
                "vmax": 20.0
            },
            "type": 1,
            "driving_direction": 1,
            "id": "1003_3",
            "lane_type": 1
        },
        {
            "pos": {
                "x": 566900.0129596046,
                "y": 4318003.644776883,
                "yaw": 1.798871845098881
            },
            "heading": 1.798871845098881,
            "speeds": {
                "vmax": 20.0
            },
            "type": 1,
            "driving_direction": 1,
            "id": "1003_3",
            "lane_type": 1
        },
        {
            "pos": {
                "x": 566899.89990795,
                "y": 4318004.1318285465,
                "yaw": 1.798871845098881
            },
            "heading": 1.798871845098881,
            "speeds": {
                "vmax": 20.0
            },
            "type": 1,
            "driving_direction": 1,
            "id": "1003_3",
            "lane_type": 1
        },
        {
            "pos": {
                "x": 566899.7868562953,
                "y": 4318004.61888021,
                "yaw": 1.798871845098881
            },
            "heading": 1.798871845098881,
            "speeds": {
                "vmax": 20.0
            },
            "type": 1,
            "driving_direction": 1,
            "id": "1003_3",
            "lane_type": 1
        },
        {
            "pos": {
                "x": 566899.6738046407,
                "y": 4318005.105931874,
                "yaw": 1.798871845098881
            },
            "heading": 1.798871845098881,
            "speeds": {
                "vmax": 20.0
            },
            "type": 1,
            "driving_direction": 1,
            "id": "1003_3",
            "lane_type": 1
        },
        {
            "pos": {
                "x": 566899.560752986,
                "y": 4318005.592983538,
                "yaw": 1.798871845098881
            },
            "heading": 1.798871845098881,
            "speeds": {
                "vmax": 20.0
            },
            "type": 1,
            "driving_direction": 1,
            "id": "1003_3",
            "lane_type": 1
        },
        {
            "pos": {
                "x": 566899.4477013313,
                "y": 4318006.080035202,
                "yaw": 1.798871845098881
            },
            "heading": 1.798871845098881,
            "speeds": {
                "vmax": 20.0
            },
            "type": 1,
            "driving_direction": 1,
            "id": "1003_3",
            "lane_type": 1
        },
        {
            "pos": {
                "x": 566899.3346496767,
                "y": 4318006.567086866,
                "yaw": 1.798871845098881
            },
            "heading": 1.798871845098881,
            "speeds": {
                "vmax": 20.0
            },
            "type": 1,
            "driving_direction": 1,
            "id": "1003_3",
            "lane_type": 1
        },
        {
            "pos": {
                "x": 566899.221598022,
                "y": 4318007.05413853,
                "yaw": 1.798871845098881
            },
            "heading": 1.798871845098881,
            "speeds": {
                "vmax": 20.0
            },
            "type": 1,
            "driving_direction": 1,
            "id": "1003_3",
            "lane_type": 1
        },
        {
            "pos": {
                "x": 566899.1085463674,
                "y": 4318007.541190194,
                "yaw": 1.798871845098881
            },
            "heading": 1.798871845098881,
            "speeds": {
                "vmax": 20.0
            },
            "type": 1,
            "driving_direction": 1,
            "id": "1003_3",
            "lane_type": 1
        },
        {
            "pos": {
                "x": 566898.9954947127,
                "y": 4318008.028241858,
                "yaw": 1.798871845098881
            },
            "heading": 1.798871845098881,
            "speeds": {
                "vmax": 20.0
            },
            "type": 1,
            "driving_direction": 1,
            "id": "1003_3",
            "lane_type": 1
        },
        {
            "pos": {
                "x": 566898.9858598452,
                "y": 4318008.069751009,
                "yaw": 1.798871845098881
            },
            "heading": 1.798871845098881,
            "speeds": {
                "vmax": 20.0
            },
            "type": 1,
            "driving_direction": 1,
            "id": "1003_3",
            "lane_type": 1
        }
    ],
    "is_final_navi": true
}