{
    "header": {
        "trace_id": "42092e8b-84d9-47f2-a160-4f871d6c617a",
        "trans_id": "c0eab8b7-c92f-4cc2-b037-b564f086b06a",
        "che_id": "A521",
        "timestamp": "2025-02-20T09:51:54.596021Z"
    },
    "task_id": "42092e8b-84d9-47f2-a160-4f871d6c617a",
    "navi_id": "A521_42092e8b-84d9-47f2-a160-4f871d6c617a_2256",
    "seq_num": 2256,
    "dest_type": 2,
    "mode": 2,
    "waypoints": [
        {
            "pos": {
                "x": 566900.2327387818,
                "y": 4318002.697919219,
                "yaw": 1.7988718477872345
            },
            "heading": 1.7988718477872345,
            "speeds": {
                "vmax": 20.0
            },
            "type": 1,
            "driving_direction": 1,
            "id": "1003_3",
            "lane_type": 1
        },
        {
            "pos": {
                "x": 566900.1196871278,
                "y": 4318003.184970883,
                "yaw": 1.7988718477872345
            },
            "heading": 1.7988718477872345,
            "speeds": {
                "vmax": 20.0
            },
            "type": 1,
            "driving_direction": 1,
            "id": "1003_3",
            "lane_type": 1
        },
        {
            "pos": {
                "x": 566900.0066354736,
                "y": 4318003.672022547,
                "yaw": 1.7988718477872345
            },
            "heading": 1.7988718477872345,
            "speeds": {
                "vmax": 20.0
            },
            "type": 1,
            "driving_direction": 1,
            "id": "1003_3",
            "lane_type": 1
        },
        {
            "pos": {
                "x": 566899.8935838195,
                "y": 4318004.1590742115,
                "yaw": 1.7988718477872345
            },
            "heading": 1.7988718477872345,
            "speeds": {
                "vmax": 20.0
            },
            "type": 1,
            "driving_direction": 1,
            "id": "1003_3",
            "lane_type": 1
        },
        {
            "pos": {
                "x": 566899.7805321654,
                "y": 4318004.646125875,
                "yaw": 1.7988718477872345
            },
            "heading": 1.7988718477872345,
            "speeds": {
                "vmax": 20.0
            },
            "type": 1,
            "driving_direction": 1,
            "id": "1003_3",
            "lane_type": 1
        },
        {
            "pos": {
                "x": 566899.6674805112,
                "y": 4318005.133177539,
                "yaw": 1.7988718477872345
            },
            "heading": 1.7988718477872345,
            "speeds": {
                "vmax": 20.0
            },
            "type": 1,
            "driving_direction": 1,
            "id": "1003_3",
            "lane_type": 1
        },
        {
            "pos": {
                "x": 566899.5544288572,
                "y": 4318005.620229203,
                "yaw": 1.7988718477872345
            },
            "heading": 1.7988718477872345,
            "speeds": {
                "vmax": 20.0
            },
            "type": 1,
            "driving_direction": 1,
            "id": "1003_3",
            "lane_type": 1
        },
        {
            "pos": {
                "x": 566899.4413772031,
                "y": 4318006.107280867,
                "yaw": 1.7988718477872345
            },
            "heading": 1.7988718477872345,
            "speeds": {
                "vmax": 20.0
            },
            "type": 1,
            "driving_direction": 1,
            "id": "1003_3",
            "lane_type": 1
        },
        {
            "pos": {
                "x": 566899.328325549,
                "y": 4318006.594332532,
                "yaw": 1.7988718477872345
            },
            "heading": 1.7988718477872345,
            "speeds": {
                "vmax": 20.0
            },
            "type": 1,
            "driving_direction": 1,
            "id": "1003_3",
            "lane_type": 1
        },
        {
            "pos": {
                "x": 566899.2152738948,
                "y": 4318007.081384196,
                "yaw": 1.7988718477872345
            },
            "heading": 1.7988718477872345,
            "speeds": {
                "vmax": 20.0
            },
            "type": 1,
            "driving_direction": 1,
            "id": "1003_3",
            "lane_type": 1
        },
        {
            "pos": {
                "x": 566899.1022222408,
                "y": 4318007.56843586,
                "yaw": 1.7988718477872345
            },
            "heading": 1.7988718477872345,
            "speeds": {
                "vmax": 20.0
            },
            "type": 1,
            "driving_direction": 1,
            "id": "1003_3",
            "lane_type": 1
        },
        {
            "pos": {
                "x": 566898.9891705867,
                "y": 4318008.055487524,
                "yaw": 1.7988718477872345
            },
            "heading": 1.7988718477872345,
            "speeds": {
                "vmax": 20.0
            },
            "type": 1,
            "driving_direction": 1,
            "id": "1003_3",
            "lane_type": 1
        },
        {
            "pos": {
                "x": 566898.8761189325,
                "y": 4318008.542539188,
                "yaw": 1.7988718477872345
            },
            "heading": 1.7988718477872345,
            "speeds": {
                "vmax": 20.0
            },
            "type": 1,
            "driving_direction": 1,
            "id": "1003_3",
            "lane_type": 1
        },
        {
            "pos": {
                "x": 566898.7630672784,
                "y": 4318009.029590853,
                "yaw": 1.7988718477872345
            },
            "heading": 1.7988718477872345,
            "speeds": {
                "vmax": 20.0
            },
            "type": 1,
            "driving_direction": 1,
            "id": "1003_3",
            "lane_type": 1
        },
        {
            "pos": {
                "x": 566898.6500156244,
                "y": 4318009.5166425165,
                "yaw": 1.7988718477872345
            },
            "heading": 1.7988718477872345,
            "speeds": {
                "vmax": 20.0
            },
            "type": 1,
            "driving_direction": 1,
            "id": "1003_3",
            "lane_type": 1
        },
        {
            "pos": {
                "x": 566898.5369639702,
                "y": 4318010.00369418,
                "yaw": 1.7988718477872345
            },
            "heading": 1.7988718477872345,
            "speeds": {
                "vmax": 20.0
            },
            "type": 1,
            "driving_direction": 1,
            "id": "1003_3",
            "lane_type": 1
        },
        {
            "pos": {
                "x": 566898.4239123161,
                "y": 4318010.490745844,
                "yaw": 1.7988718477872345
            },
            "heading": 1.7988718477872345,
            "speeds": {
                "vmax": 20.0
            },
            "type": 1,
            "driving_direction": 1,
            "id": "1003_3",
            "lane_type": 1
        },
        {
            "pos": {
                "x": 566898.310860662,
                "y": 4318010.977797508,
                "yaw": 1.7988718477872345
            },
            "heading": 1.7988718477872345,
            "speeds": {
                "vmax": 20.0
            },
            "type": 1,
            "driving_direction": 1,
            "id": "1003_3",
            "lane_type": 1
        },
        {
            "pos": {
                "x": 566898.197809008,
                "y": 4318011.464849172,
                "yaw": 1.7988718477872345
            },
            "heading": 1.7988718477872345,
            "speeds": {
                "vmax": 20.0
            },
            "type": 1,
            "driving_direction": 1,
            "id": "1003_3",
            "lane_type": 1
        },
        {
            "pos": {
                "x": 566898.0847573538,
                "y": 4318011.951900837,
                "yaw": 1.7988718477872345
            },
            "heading": 1.7988718477872345,
            "speeds": {
                "vmax": 20.0
            },
            "type": 1,
            "driving_direction": 1,
            "id": "1003_3",
            "lane_type": 1
        },
        {
            "pos": {
                "x": 566897.9717056997,
                "y": 4318012.438952501,
                "yaw": 1.7988718477872345
            },
            "heading": 1.7988718477872345,
            "speeds": {
                "vmax": 20.0
            },
            "type": 1,
            "driving_direction": 1,
            "id": "1003_3",
            "lane_type": 1
        },
        {
            "pos": {
                "x": 566897.8586540456,
                "y": 4318012.926004165,
                "yaw": 1.7988718477872345
            },
            "heading": 1.7988718477872345,
            "speeds": {
                "vmax": 20.0
            },
            "type": 1,
            "driving_direction": 1,
            "id": "1003_3",
            "lane_type": 1
        },
        {
            "pos": {
                "x": 566897.7456023914,
                "y": 4318013.413055829,
                "yaw": 1.7988718477872345
            },
            "heading": 1.7988718477872345,
            "speeds": {
                "vmax": 20.0
            },
            "type": 1,
            "driving_direction": 1,
            "id": "1003_3",
            "lane_type": 1
        },
        {
            "pos": {
                "x": 566897.6325507374,
                "y": 4318013.900107493,
                "yaw": 1.7988718477872345
            },
            "heading": 1.7988718477872345,
            "speeds": {
                "vmax": 20.0
            },
            "type": 1,
            "driving_direction": 1,
            "id": "1003_3",
            "lane_type": 1
        },
        {
            "pos": {
                "x": 566897.5194990833,
                "y": 4318014.387159158,
                "yaw": 1.7988718477872345
            },
            "heading": 1.7988718477872345,
            "speeds": {
                "vmax": 20.0
            },
            "type": 1,
            "driving_direction": 1,
            "id": "1003_3",
            "lane_type": 1
        },
        {
            "pos": {
                "x": 566897.4064474291,
                "y": 4318014.874210821,
                "yaw": 1.7988718477872345
            },
            "heading": 1.7988718477872345,
            "speeds": {
                "vmax": 20.0
            },
            "type": 1,
            "driving_direction": 1,
            "id": "1003_3",
            "lane_type": 1
        },
        {
            "pos": {
                "x": 566897.293395775,
                "y": 4318015.361262485,
                "yaw": 1.7988718477872345
            },
            "heading": 1.7988718477872345,
            "speeds": {
                "vmax": 20.0
            },
            "type": 1,
            "driving_direction": 1,
            "id": "1003_3",
            "lane_type": 1
        },
        {
            "pos": {
                "x": 566897.180344121,
                "y": 4318015.848314149,
                "yaw": 1.7988718477872345
            },
            "heading": 1.7988718477872345,
            "speeds": {
                "vmax": 20.0
            },
            "type": 1,
            "driving_direction": 1,
            "id": "1003_3",
            "lane_type": 1
        },
        {
            "pos": {
                "x": 566897.0672924668,
                "y": 4318016.335365813,
                "yaw": 1.7988718477872345
            },
            "heading": 1.7988718477872345,
            "speeds": {
                "vmax": 20.0
            },
            "type": 1,
            "driving_direction": 1,
            "id": "1003_3",
            "lane_type": 1
        },
        {
            "pos": {
                "x": 566896.9542408127,
                "y": 4318016.822417478,
                "yaw": 1.7988718477872345
            },
            "heading": 1.7988718477872345,
            "speeds": {
                "vmax": 20.0
            },
            "type": 1,
            "driving_direction": 1,
            "id": "1003_3",
            "lane_type": 1
        },
        {
            "pos": {
                "x": 566896.8411891586,
                "y": 4318017.309469142,
                "yaw": 1.7988718477872345
            },
            "heading": 1.7988718477872345,
            "speeds": {
                "vmax": 20.0
            },
            "type": 1,
            "driving_direction": 1,
            "id": "1003_3",
            "lane_type": 1
        },
        {
            "pos": {
                "x": 566896.7281375045,
                "y": 4318017.796520806,
                "yaw": 1.7988718477872345
            },
            "heading": 1.7988718477872345,
            "speeds": {
                "vmax": 20.0
            },
            "type": 1,
            "driving_direction": 1,
            "id": "1003_3",
            "lane_type": 1
        },
        {
            "pos": {
                "x": 566896.6150858504,
                "y": 4318018.28357247,
                "yaw": 1.7988718477872345
            },
            "heading": 1.7988718477872345,
            "speeds": {
                "vmax": 20.0
            },
            "type": 1,
            "driving_direction": 1,
            "id": "1003_3",
            "lane_type": 1
        },
        {
            "pos": {
                "x": 566896.5020341963,
                "y": 4318018.770624134,
                "yaw": 1.7988718477872345
            },
            "heading": 1.7988718477872345,
            "speeds": {
                "vmax": 20.0
            },
            "type": 1,
            "driving_direction": 1,
            "id": "1003_3",
            "lane_type": 1
        },
        {
            "pos": {
                "x": 566896.3889825422,
                "y": 4318019.257675799,
                "yaw": 1.7988718477872345
            },
            "heading": 1.7988718477872345,
            "speeds": {
                "vmax": 20.0
            },
            "type": 1,
            "driving_direction": 1,
            "id": "1003_3",
            "lane_type": 1
        },
        {
            "pos": {
                "x": 566896.275930888,
                "y": 4318019.7447274625,
                "yaw": 1.7988718477872345
            },
            "heading": 1.7988718477872345,
            "speeds": {
                "vmax": 20.0
            },
            "type": 1,
            "driving_direction": 1,
            "id": "1003_3",
            "lane_type": 1
        },
        {
            "pos": {
                "x": 566896.162879234,
                "y": 4318020.231779126,
                "yaw": 1.7988718477872345
            },
            "heading": 1.7988718477872345,
            "speeds": {
                "vmax": 20.0
            },
            "type": 1,
            "driving_direction": 1,
            "id": "1003_3",
            "lane_type": 1
        },
        {
            "pos": {
                "x": 566896.0498275799,
                "y": 4318020.71883079,
                "yaw": 1.7988718477872345
            },
            "heading": 1.7988718477872345,
            "speeds": {
                "vmax": 20.0
            },
            "type": 1,
            "driving_direction": 1,
            "id": "1003_3",
            "lane_type": 1
        },
        {
            "pos": {
                "x": 566895.9367759257,
                "y": 4318021.205882454,
                "yaw": 1.7988718477872345
            },
            "heading": 1.7988718477872345,
            "speeds": {
                "vmax": 20.0
            },
            "type": 1,
            "driving_direction": 1,
            "id": "1003_3",
            "lane_type": 1
        },
        {
            "pos": {
                "x": 566895.8237242716,
                "y": 4318021.692934119,
                "yaw": 1.7988718477872345
            },
            "heading": 1.7988718477872345,
            "speeds": {
                "vmax": 20.0
            },
            "type": 1,
            "driving_direction": 1,
            "id": "1003_3",
            "lane_type": 1
        },
        {
            "pos": {
                "x": 566895.7106726175,
                "y": 4318022.179985783,
                "yaw": 1.7988718477872345
            },
            "heading": 1.7988718477872345,
            "speeds": {
                "vmax": 20.0
            },
            "type": 1,
            "driving_direction": 1,
            "id": "1003_3",
            "lane_type": 1
        },
        {
            "pos": {
                "x": 566895.5976209634,
                "y": 4318022.667037447,
                "yaw": 1.7988718477872345
            },
            "heading": 1.7988718477872345,
            "speeds": {
                "vmax": 20.0
            },
            "type": 1,
            "driving_direction": 1,
            "id": "1003_3",
            "lane_type": 1
        },
        {
            "pos": {
                "x": 566895.5921916717,
                "y": 4318022.690428043,
                "yaw": 1.7988718477872345
            },
            "heading": 1.7988718477872345,
            "speeds": {
                "vmax": 20.0
            },
            "type": 1,
            "driving_direction": 1,
            "id": "1003_3",
            "lane_type": 1
        },
        {
            "pos": {
                "x": 566895.4791356084,
                "y": 4318023.1774986945,
                "yaw": 1.7988718320485824
            },
            "heading": 1.7988718320485824,
            "speeds": {
                "vmax": 20.0
            },
            "type": 1,
            "driving_direction": 1,
            "id": "1066_3",
            "lane_type": 1
        },
        {
            "pos": {
                "x": 566895.3680797494,
                "y": 4318023.655952059,
                "yaw": 1.798871813377484
            },
            "heading": 1.798871813377484,
            "speeds": {
                "vmax": 20.0
            },
            "type": 1,
            "driving_direction": 1,
            "id": "1066_3",
            "lane_type": 1
        },
        {
            "pos": {
                "x": 566895.2570180139,
                "y": 4318024.134430742,
                "yaw": 1.798871890888144
            },
            "heading": 1.798871890888144,
            "speeds": {
                "vmax": 20.0
            },
            "type": 1,
            "driving_direction": 1,
            "id": "1066_3",
            "lane_type": 1
        },
        {
            "pos": {
                "x": 566895.145962823,
                "y": 4318024.61288123,
                "yaw": 1.7988718222235969
            },
            "heading": 1.7988718222235969,
            "speeds": {
                "vmax": 20.0
            },
            "type": 1,
            "driving_direction": 1,
            "id": "1066_3",
            "lane_type": 1
        },
        {
            "pos": {
                "x": 566895.0349073593,
                "y": 4318025.091332892,
                "yaw": 1.7988719197110041
            },
            "heading": 1.7988719197110041,
            "speeds": {
                "vmax": 20.0
            },
            "type": 1,
            "driving_direction": 1,
            "id": "1066_3",
            "lane_type": 1
        },
        {
            "pos": {
                "x": 566894.9238483324,
                "y": 4318025.569799906,
                "yaw": 1.7988719105368438
            },
            "heading": 1.7988719105368438,
            "speeds": {
                "vmax": 20.0
            },
            "type": 1,
            "driving_direction": 1,
            "id": "1066_3",
            "lane_type": 1
        },
        {
            "pos": {
                "x": 566894.8127883293,
                "y": 4318026.048271125,
                "yaw": 1.7988717848827624
            },
            "heading": 1.7988717848827624,
            "speeds": {
                "vmax": 20.0
            },
            "type": 1,
            "driving_direction": 1,
            "id": "1066_3",
            "lane_type": 1
        },
        {
            "pos": {
                "x": 566894.7017258537,
                "y": 4318026.526752995,
                "yaw": 1.7988717752758856
            },
            "heading": 1.7988717752758856,
            "speeds": {
                "vmax": 20.0
            },
            "type": 1,
            "driving_direction": 1,
            "id": "1066_3",
            "lane_type": 1
        },
        {
            "pos": {
                "x": 566894.5906650065,
                "y": 4318027.005227852,
                "yaw": 1.7988716584671425
            },
            "heading": 1.7988716584671425,
            "speeds": {
                "vmax": 20.0
            },
            "type": 1,
            "driving_direction": 1,
            "id": "1066_3",
            "lane_type": 1
        },
        {
            "pos": {
                "x": 566894.4796059532,
                "y": 4318027.48369498,
                "yaw": 1.7988720269107763
            },
            "heading": 1.7988720269107763,
            "speeds": {
                "vmax": 20.0
            },
            "type": 1,
            "driving_direction": 1,
            "id": "1066_3",
            "lane_type": 1
        },
        {
            "pos": {
                "x": 566894.3685461946,
                "y": 4318027.962165145,
                "yaw": 1.7988717458014312
            },
            "heading": 1.7988717458014312,
            "speeds": {
                "vmax": 20.0
            },
            "type": 1,
            "driving_direction": 1,
            "id": "1066_3",
            "lane_type": 1
        },
        {
            "pos": {
                "x": 566894.257485677,
                "y": 4318028.440638581,
                "yaw": 1.7988717361945892
            },
            "heading": 1.7988717361945892,
            "speeds": {
                "vmax": 20.0
            },
            "type": 1,
            "driving_direction": 1,
            "id": "1066_3",
            "lane_type": 1
        },
        {
            "pos": {
                "x": 566894.1464252116,
                "y": 4318028.919111792,
                "yaw": 1.798871871998837
            },
            "heading": 1.798871871998837,
            "speeds": {
                "vmax": 20.0
            },
            "type": 1,
            "driving_direction": 1,
            "id": "1066_3",
            "lane_type": 1
        },
        {
            "pos": {
                "x": 566894.0353645885,
                "y": 4318029.397585683,
                "yaw": 1.7988718329181366
            },
            "heading": 1.7988718329181366,
            "speeds": {
                "vmax": 20.0
            },
            "type": 1,
            "driving_direction": 1,
            "id": "1066_3",
            "lane_type": 1
        },
        {
            "pos": {
                "x": 566893.924306442,
                "y": 4318029.876048904,
                "yaw": 1.7988717459104697
            },
            "heading": 1.7988717459104697,
            "speeds": {
                "vmax": 20.0
            },
            "type": 1,
            "driving_direction": 1,
            "id": "1066_3",
            "lane_type": 1
        },
        {
            "pos": {
                "x": 566893.8132433395,
                "y": 4318030.354533475,
                "yaw": 1.7988719106452231
            },
            "heading": 1.7988719106452231,
            "speeds": {
                "vmax": 20.0
            },
            "type": 1,
            "driving_direction": 1,
            "id": "1066_3",
            "lane_type": 1
        },
        {
            "pos": {
                "x": 566893.702186715,
                "y": 4318030.832990139,
                "yaw": 1.7988717154528682
            },
            "heading": 1.7988717154528682,
            "speeds": {
                "vmax": 20.0
            },
            "type": 1,
            "driving_direction": 1,
            "id": "1066_3",
            "lane_type": 1
        },
        {
            "pos": {
                "x": 566893.5911149539,
                "y": 4318031.311406442,
                "yaw": 1.7865845768115214
            },
            "heading": 1.7865845768115214,
            "speeds": {
                "vmax": 15.0
            },
            "type": 2,
            "driving_direction": 1,
            "id": "1876_0",
            "lane_type": 4
        },
        {
            "pos": {
                "x": 566893.4809051643,
                "y": 4318031.814185602,
                "yaw": 1.7865810762345222
            },
            "heading": 1.7865810762345222,
            "speeds": {
                "vmax": 15.0
            },
            "type": 2,
            "driving_direction": 1,
            "id": "1876_0",
            "lane_type": 4
        },
        {
            "pos": {
                "x": 566893.3680903909,
                "y": 4318032.328864209,
                "yaw": 1.786576147508395
            },
            "heading": 1.786576147508395,
            "speeds": {
                "vmax": 15.0
            },
            "type": 2,
            "driving_direction": 1,
            "id": "1876_0",
            "lane_type": 4
        },
        {
            "pos": {
                "x": 566893.2529090291,
                "y": 4318032.854348628,
                "yaw": 1.7865666503105717
            },
            "heading": 1.7865666503105717,
            "speeds": {
                "vmax": 15.0
            },
            "type": 2,
            "driving_direction": 1,
            "id": "1876_0",
            "lane_type": 4
        },
        {
            "pos": {
                "x": 566893.1355994734,
                "y": 4318033.3895452265,
                "yaw": 1.7866732781111334
            },
            "heading": 1.7866732781111334,
            "speeds": {
                "vmax": 15.0
            },
            "type": 2,
            "driving_direction": 1,
            "id": "1876_0",
            "lane_type": 4
        },
        {
            "pos": {
                "x": 566893.0189277884,
                "y": 4318033.921380959,
                "yaw": 1.7866624422089397
            },
            "heading": 1.7866624422089397,
            "speeds": {
                "vmax": 15.0
            },
            "type": 2,
            "driving_direction": 1,
            "id": "1876_0",
            "lane_type": 4
        },
        {
            "pos": {
                "x": 566892.9061162386,
                "y": 4318034.436045423,
                "yaw": 1.7865803840560466
            },
            "heading": 1.7865803840560466,
            "speeds": {
                "vmax": 15.0
            },
            "type": 2,
            "driving_direction": 1,
            "id": "1876_0",
            "lane_type": 4
        },
        {
            "pos": {
                "x": 566892.7920533273,
                "y": 4318034.956407467,
                "yaw": 1.7865859292374546
            },
            "heading": 1.7865859292374546,
            "speeds": {
                "vmax": 15.0
            },
            "type": 2,
            "driving_direction": 1,
            "id": "1876_0",
            "lane_type": 4
        },
        {
            "pos": {
                "x": 566892.6769333803,
                "y": 4318035.481575562,
                "yaw": 1.7865917700310905
            },
            "heading": 1.7865917700310905,
            "speeds": {
                "vmax": 15.0
            },
            "type": 2,
            "driving_direction": 1,
            "id": "1876_0",
            "lane_type": 4
        },
        {
            "pos": {
                "x": 566892.5609507231,
                "y": 4318036.010658185,
                "yaw": 1.7866520347553962
            },
            "heading": 1.7866520347553962,
            "speeds": {
                "vmax": 15.0
            },
            "type": 2,
            "driving_direction": 1,
            "id": "1876_0",
            "lane_type": 4
        },
        {
            "pos": {
                "x": 566892.4455418782,
                "y": 4318036.536854555,
                "yaw": 1.7866789497491615
            },
            "heading": 1.7866789497491615,
            "speeds": {
                "vmax": 15.0
            },
            "type": 2,
            "driving_direction": 1,
            "id": "1876_0",
            "lane_type": 4
        },
        {
            "pos": {
                "x": 566892.3307330834,
                "y": 4318037.060444953,
                "yaw": 1.7866422662033588
            },
            "heading": 1.7866422662033588,
            "speeds": {
                "vmax": 15.0
            },
            "type": 2,
            "driving_direction": 1,
            "id": "1876_0",
            "lane_type": 4
        },
        {
            "pos": {
                "x": 566892.2160591746,
                "y": 4318037.583469886,
                "yaw": 1.7866397296709666
            },
            "heading": 1.7866397296709666,
            "speeds": {
                "vmax": 15.0
            },
            "type": 2,
            "driving_direction": 1,
            "id": "1876_0",
            "lane_type": 4
        },
        {
            "pos": {
                "x": 566892.1012936272,
                "y": 4318038.106874558,
                "yaw": 1.786652706809466
            },
            "heading": 1.786652706809466,
            "speeds": {
                "vmax": 15.0
            },
            "type": 2,
            "driving_direction": 1,
            "id": "1876_0",
            "lane_type": 4
        },
        {
            "pos": {
                "x": 566891.9865271376,
                "y": 4318038.630258154,
                "yaw": 1.7866311584149788
            },
            "heading": 1.7866311584149788,
            "speeds": {
                "vmax": 15.0
            },
            "type": 2,
            "driving_direction": 1,
            "id": "1876_0",
            "lane_type": 4
        },
        {
            "pos": {
                "x": 566891.8710683127,
                "y": 4318039.156939775,
                "yaw": 1.7866206630491075
            },
            "heading": 1.7866206630491075,
            "speeds": {
                "vmax": 15.0
            },
            "type": 2,
            "driving_direction": 1,
            "id": "1876_0",
            "lane_type": 4
        },
        {
            "pos": {
                "x": 566891.7558300134,
                "y": 4318039.68250877,
                "yaw": 1.786685237479214
            },
            "heading": 1.786685237479214,
            "speeds": {
                "vmax": 15.0
            },
            "type": 2,
            "driving_direction": 1,
            "id": "1876_0",
            "lane_type": 4
        },
        {
            "pos": {
                "x": 566891.6404656444,
                "y": 4318040.208431147,
                "yaw": 1.7867471103173995
            },
            "heading": 1.7867471103173995,
            "speeds": {
                "vmax": 15.0
            },
            "type": 2,
            "driving_direction": 1,
            "id": "1876_0",
            "lane_type": 4
        },
        {
            "pos": {
                "x": 566891.5259529264,
                "y": 4318040.7304032,
                "yaw": 1.7867293479259996
            },
            "heading": 1.7867293479259996,
            "speeds": {
                "vmax": 15.0
            },
            "type": 2,
            "driving_direction": 1,
            "id": "1876_0",
            "lane_type": 4
        },
        {
            "pos": {
                "x": 566891.4111942928,
                "y": 4318041.253673464,
                "yaw": 1.7866256703918155
            },
            "heading": 1.7866256703918155,
            "speeds": {
                "vmax": 15.0
            },
            "type": 2,
            "driving_direction": 1,
            "id": "1876_0",
            "lane_type": 4
        },
        {
            "pos": {
                "x": 566891.2954133477,
                "y": 4318041.7819572585,
                "yaw": 1.7865629230728184
            },
            "heading": 1.7865629230728184,
            "speeds": {
                "vmax": 15.0
            },
            "type": 2,
            "driving_direction": 1,
            "id": "1876_0",
            "lane_type": 4
        },
        {
            "pos": {
                "x": 566891.1811827084,
                "y": 4318042.303053409,
                "yaw": 1.7867205786007225
            },
            "heading": 1.7867205786007225,
            "speeds": {
                "vmax": 15.0
            },
            "type": 2,
            "driving_direction": 1,
            "id": "1876_0",
            "lane_type": 4
        },
        {
            "pos": {
                "x": 566891.065642193,
                "y": 4318042.829383643,
                "yaw": 1.786936178675855
            },
            "heading": 1.786936178675855,
            "speeds": {
                "vmax": 15.0
            },
            "type": 2,
            "driving_direction": 1,
            "id": "1876_0",
            "lane_type": 4
        },
        {
            "pos": {
                "x": 566890.9517548713,
                "y": 4318043.347979546,
                "yaw": 1.786811405586721
            },
            "heading": 1.786811405586721,
            "speeds": {
                "vmax": 15.0
            },
            "type": 2,
            "driving_direction": 1,
            "id": "1876_0",
            "lane_type": 4
        },
        {
            "pos": {
                "x": 566890.8341794135,
                "y": 4318043.884373719,
                "yaw": 1.7865742907929165
            },
            "heading": 1.7865742907929165,
            "speeds": {
                "vmax": 15.0
            },
            "type": 2,
            "driving_direction": 1,
            "id": "1876_0",
            "lane_type": 4
        },
        {
            "pos": {
                "x": 566890.7189395829,
                "y": 4318044.409991475,
                "yaw": 1.7866689196544134
            },
            "heading": 1.7866689196544134,
            "speeds": {
                "vmax": 15.0
            },
            "type": 2,
            "driving_direction": 1,
            "id": "1876_0",
            "lane_type": 4
        },
        {
            "pos": {
                "x": 566890.606927264,
                "y": 4318044.92063135,
                "yaw": 1.7869470345483103
            },
            "heading": 1.7869470345483103,
            "speeds": {
                "vmax": 15.0
            },
            "type": 2,
            "driving_direction": 1,
            "id": "1876_0",
            "lane_type": 4
        },
        {
            "pos": {
                "x": 566890.4930055672,
                "y": 4318045.438678265,
                "yaw": 1.7870689645665976
            },
            "heading": 1.7870689645665976,
            "speeds": {
                "vmax": 15.0
            },
            "type": 2,
            "driving_direction": 1,
            "id": "1876_0",
            "lane_type": 4
        },
        {
            "pos": {
                "x": 566890.3722013136,
                "y": 4318045.989369653,
                "yaw": 1.7867627909940134
            },
            "heading": 1.7867627909940134,
            "speeds": {
                "vmax": 15.0
            },
            "type": 2,
            "driving_direction": 1,
            "id": "1876_0",
            "lane_type": 4
        },
        {
            "pos": {
                "x": 566890.256506365,
                "y": 4318046.516308217,
                "yaw": 1.7870266504249752
            },
            "heading": 1.7870266504249752,
            "speeds": {
                "vmax": 15.0
            },
            "type": 2,
            "driving_direction": 1,
            "id": "1876_0",
            "lane_type": 4
        },
        {
            "pos": {
                "x": 566890.1470048426,
                "y": 4318047.014396502,
                "yaw": 1.78701571737113
            },
            "heading": 1.78701571737113,
            "speeds": {
                "vmax": 15.0
            },
            "type": 2,
            "driving_direction": 1,
            "id": "1876_0",
            "lane_type": 4
        },
        {
            "pos": {
                "x": 566890.020712665,
                "y": 4318047.590261627,
                "yaw": 1.7869282129334592
            },
            "heading": 1.7869282129334592,
            "speeds": {
                "vmax": 15.0
            },
            "type": 2,
            "driving_direction": 1,
            "id": "1876_0",
            "lane_type": 4
        },
        {
            "pos": {
                "x": 566889.9025870316,
                "y": 4318048.125645993,
                "yaw": 1.7881657520662417
            },
            "heading": 1.7881657520662417,
            "speeds": {
                "vmax": 15.0
            },
            "type": 2,
            "driving_direction": 1,
            "id": "1876_0",
            "lane_type": 4
        },
        {
            "pos": {
                "x": 566889.8003427873,
                "y": 4318048.588610539,
                "yaw": 1.78760007655075
            },
            "heading": 1.78760007655075,
            "speeds": {
                "vmax": 15.0
            },
            "type": 2,
            "driving_direction": 1,
            "id": "1876_0",
            "lane_type": 4
        },
        {
            "pos": {
                "x": 566889.689142046,
                "y": 4318049.096143313,
                "yaw": 1.787030809363041
            },
            "heading": 1.787030809363041,
            "speeds": {
                "vmax": 15.0
            },
            "type": 2,
            "driving_direction": 1,
            "id": "1876_0",
            "lane_type": 4
        },
        {
            "pos": {
                "x": 566889.5632148788,
                "y": 4318049.666802456,
                "yaw": 1.789122738342069
            },
            "heading": 1.789122738342069,
            "speeds": {
                "vmax": 15.0
            },
            "type": 2,
            "driving_direction": 1,
            "id": "1876_0",
            "lane_type": 4
        },
        {
            "pos": {
                "x": 566889.4387594877,
                "y": 4318050.22107449,
                "yaw": 1.7933843248345565
            },
            "heading": 1.7933843248345565,
            "speeds": {
                "vmax": 15.0
            },
            "type": 2,
            "driving_direction": 1,
            "id": "1876_0",
            "lane_type": 4
        },
        {
            "pos": {
                "x": 566889.3381910005,
                "y": 4318050.654303189,
                "yaw": 1.8007853853467706
            },
            "heading": 1.8007853853467706,
            "speeds": {
                "vmax": 15.0
            },
            "type": 2,
            "driving_direction": 1,
            "id": "1876_0",
            "lane_type": 4
        },
        {
            "pos": {
                "x": 566889.2156837569,
                "y": 4318051.173128597,
                "yaw": 1.8097858562454685
            },
            "heading": 1.8097858562454685,
            "speeds": {
                "vmax": 15.0
            },
            "type": 2,
            "driving_direction": 1,
            "id": "1876_0",
            "lane_type": 4
        },
        {
            "pos": {
                "x": 566889.084565642,
                "y": 4318051.691565865,
                "yaw": 1.8276334112696713
            },
            "heading": 1.8276334112696713,
            "speeds": {
                "vmax": 15.0
            },
            "type": 2,
            "driving_direction": 1,
            "id": "1876_0",
            "lane_type": 4
        },
        {
            "pos": {
                "x": 566888.9436854905,
                "y": 4318052.205982487,
                "yaw": 1.8493888920266925
            },
            "heading": 1.8493888920266925,
            "speeds": {
                "vmax": 15.0
            },
            "type": 2,
            "driving_direction": 1,
            "id": "1876_0",
            "lane_type": 4
        },
        {
            "pos": {
                "x": 566888.787778988,
                "y": 4318052.72572259,
                "yaw": 1.8768991253939946
            },
            "heading": 1.8768991253939946,
            "speeds": {
                "vmax": 15.0
            },
            "type": 2,
            "driving_direction": 1,
            "id": "1876_0",
            "lane_type": 4
        },
        {
            "pos": {
                "x": 566888.6206673752,
                "y": 4318053.223222403,
                "yaw": 1.9102105810152044
            },
            "heading": 1.9102105810152044,
            "speeds": {
                "vmax": 15.0
            },
            "type": 2,
            "driving_direction": 1,
            "id": "1876_0",
            "lane_type": 4
        },
        {
            "pos": {
                "x": 566888.4349618313,
                "y": 4318053.72224579,
                "yaw": 1.9496353886091577
            },
            "heading": 1.9496353886091577,
            "speeds": {
                "vmax": 15.0
            },
            "type": 2,
            "driving_direction": 1,
            "id": "1876_0",
            "lane_type": 4
        },
        {
            "pos": {
                "x": 566888.2258013494,
                "y": 4318054.211876517,
                "yaw": 1.9938457017309215
            },
            "heading": 1.9938457017309215,
            "speeds": {
                "vmax": 15.0
            },
            "type": 2,
            "driving_direction": 1,
            "id": "1876_0",
            "lane_type": 4
        },
        {
            "pos": {
                "x": 566887.9973539787,
                "y": 4318054.6930327015,
                "yaw": 2.0378421221280507
            },
            "heading": 2.0378421221280507,
            "speeds": {
                "vmax": 15.0
            },
            "type": 2,
            "driving_direction": 1,
            "id": "1876_0",
            "lane_type": 4
        },
        {
            "pos": {
                "x": 566887.7458239389,
                "y": 4318055.162375547,
                "yaw": 2.0887263817922364
            },
            "heading": 2.0887263817922364,
            "speeds": {
                "vmax": 15.0
            },
            "type": 2,
            "driving_direction": 1,
            "id": "1876_0",
            "lane_type": 4
        },
        {
            "pos": {
                "x": 566887.4699201062,
                "y": 4318055.617942327,
                "yaw": 2.1472317076479013
            },
            "heading": 2.1472317076479013,
            "speeds": {
                "vmax": 15.0
            },
            "type": 2,
            "driving_direction": 1,
            "id": "1876_0",
            "lane_type": 4
        },
        {
            "pos": {
                "x": 566887.1655429893,
                "y": 4318056.054758901,
                "yaw": 2.2047732257152286
            },
            "heading": 2.2047732257152286,
            "speeds": {
                "vmax": 15.0
            },
            "type": 2,
            "driving_direction": 1,
            "id": "1876_0",
            "lane_type": 4
        },
        {
            "pos": {
                "x": 566886.8394125759,
                "y": 4318056.475788151,
                "yaw": 2.2540203064722792
            },
            "heading": 2.2540203064722792,
            "speeds": {
                "vmax": 15.0
            },
            "type": 2,
            "driving_direction": 1,
            "id": "1876_0",
            "lane_type": 4
        },
        {
            "pos": {
                "x": 566886.4927845015,
                "y": 4318056.881688077,
                "yaw": 2.30407901867111
            },
            "heading": 2.30407901867111,
            "speeds": {
                "vmax": 15.0
            },
            "type": 2,
            "driving_direction": 1,
            "id": "1876_0",
            "lane_type": 4
        },
        {
            "pos": {
                "x": 566886.125182481,
                "y": 4318057.269417556,
                "yaw": 2.3522328863745754
            },
            "heading": 2.3522328863745754,
            "speeds": {
                "vmax": 15.0
            },
            "type": 2,
            "driving_direction": 1,
            "id": "1876_0",
            "lane_type": 4
        },
        {
            "pos": {
                "x": 566885.7406229026,
                "y": 4318057.640396265,
                "yaw": 2.399788184199101
            },
            "heading": 2.399788184199101,
            "speeds": {
                "vmax": 15.0
            },
            "type": 2,
            "driving_direction": 1,
            "id": "1876_0",
            "lane_type": 4
        },
        {
            "pos": {
                "x": 566885.3376950077,
                "y": 4318057.9919179045,
                "yaw": 2.4455577841796146
            },
            "heading": 2.4455577841796146,
            "speeds": {
                "vmax": 15.0
            },
            "type": 2,
            "driving_direction": 1,
            "id": "1876_0",
            "lane_type": 4
        },
        {
            "pos": {
                "x": 566884.9210692028,
                "y": 4318058.325575642,
                "yaw": 2.495831497422141
            },
            "heading": 2.495831497422141,
            "speeds": {
                "vmax": 15.0
            },
            "type": 2,
            "driving_direction": 1,
            "id": "1876_0",
            "lane_type": 4
        },
        {
            "pos": {
                "x": 566884.485580121,
                "y": 4318058.634889213,
                "yaw": 2.555306436852817
            },
            "heading": 2.555306436852817,
            "speeds": {
                "vmax": 15.0
            },
            "type": 2,
            "driving_direction": 1,
            "id": "1876_0",
            "lane_type": 4
        },
        {
            "pos": {
                "x": 566884.0318021993,
                "y": 4318058.917259429,
                "yaw": 2.615811892759373
            },
            "heading": 2.615811892759373,
            "speeds": {
                "vmax": 15.0
            },
            "type": 2,
            "driving_direction": 1,
            "id": "1876_0",
            "lane_type": 4
        },
        {
            "pos": {
                "x": 566883.5618117927,
                "y": 4318059.171844607,
                "yaw": 2.679009666820358
            },
            "heading": 2.679009666820358,
            "speeds": {
                "vmax": 15.0
            },
            "type": 2,
            "driving_direction": 1,
            "id": "1876_0",
            "lane_type": 4
        },
        {
            "pos": {
                "x": 566883.0765535922,
                "y": 4318059.394636959,
                "yaw": 2.749090713563084
            },
            "heading": 2.749090713563084,
            "speeds": {
                "vmax": 15.0
            },
            "type": 2,
            "driving_direction": 1,
            "id": "1876_0",
            "lane_type": 4
        },
        {
            "pos": {
                "x": 566882.5748966088,
                "y": 4318059.581800213,
                "yaw": 2.8182031555277076
            },
            "heading": 2.8182031555277076,
            "speeds": {
                "vmax": 15.0
            },
            "type": 2,
            "driving_direction": 1,
            "id": "1876_0",
            "lane_type": 4
        },
        {
            "pos": {
                "x": 566882.0622291788,
                "y": 4318059.735729425,
                "yaw": 2.8810663855193654
            },
            "heading": 2.8810663855193654,
            "speeds": {
                "vmax": 15.0
            },
            "type": 2,
            "driving_direction": 1,
            "id": "1876_0",
            "lane_type": 4
        },
        {
            "pos": {
                "x": 566881.5418405612,
                "y": 4318059.858190005,
                "yaw": 2.9385136883130634
            },
            "heading": 2.9385136883130634,
            "speeds": {
                "vmax": 15.0
            },
            "type": 2,
            "driving_direction": 1,
            "id": "1876_0",
            "lane_type": 4
        },
        {
            "pos": {
                "x": 566881.0146760555,
                "y": 4318059.952212626,
                "yaw": 2.9930293138121
            },
            "heading": 2.9930293138121,
            "speeds": {
                "vmax": 15.0
            },
            "type": 2,
            "driving_direction": 1,
            "id": "1876_0",
            "lane_type": 4
        },
        {
            "pos": {
                "x": 566880.4835730111,
                "y": 4318060.017311117,
                "yaw": 3.0471150367682234
            },
            "heading": 3.0471150367682234,
            "speeds": {
                "vmax": 15.0
            },
            "type": 2,
            "driving_direction": 1,
            "id": "1876_0",
            "lane_type": 4
        },
        {
            "pos": {
                "x": 566879.9495211109,
                "y": 4318060.053852563,
                "yaw": 3.098448553231928
            },
            "heading": 3.098448553231928,
            "speeds": {
                "vmax": 15.0
            },
            "type": 2,
            "driving_direction": 1,
            "id": "1876_0",
            "lane_type": 4
        },
        {
            "pos": {
                "x": 566879.4147976628,
                "y": 4318060.064106077,
                "yaw": -3.140057604603785
            },
            "heading": -3.140057604603785,
            "speeds": {
                "vmax": 15.0
            },
            "type": 2,
            "driving_direction": 1,
            "id": "1876_0",
            "lane_type": 4
        },
        {
            "pos": {
                "x": 566878.8802788144,
                "y": 4318060.052762634,
                "yaw": -3.1045279492907123
            },
            "heading": -3.1045279492907123,
            "speeds": {
                "vmax": 15.0
            },
            "type": 2,
            "driving_direction": 1,
            "id": "1876_0",
            "lane_type": 4
        },
        {
            "pos": {
                "x": 566878.3454082191,
                "y": 4318060.024824817,
                "yaw": -3.0754183401035617
            },
            "heading": -3.0754183401035617,
            "speeds": {
                "vmax": 15.0
            },
            "type": 2,
            "driving_direction": 1,
            "id": "1876_0",
            "lane_type": 4
        },
        {
            "pos": {
                "x": 566877.8120297214,
                "y": 4318059.982260261,
                "yaw": -3.048853424439208
            },
            "heading": -3.048853424439208,
            "speeds": {
                "vmax": 15.0
            },
            "type": 2,
            "driving_direction": 1,
            "id": "1876_0",
            "lane_type": 4
        },
        {
            "pos": {
                "x": 566877.2796291203,
                "y": 4318059.925986442,
                "yaw": -3.0263475218841425
            },
            "heading": -3.0263475218841425,
            "speeds": {
                "vmax": 15.0
            },
            "type": 2,
            "driving_direction": 1,
            "id": "1876_0",
            "lane_type": 4
        },
        {
            "pos": {
                "x": 566876.7486606443,
                "y": 4318059.859391332,
                "yaw": -3.0111686022328144
            },
            "heading": -3.0111686022328144,
            "speeds": {
                "vmax": 15.0
            },
            "type": 2,
            "driving_direction": 1,
            "id": "1876_0",
            "lane_type": 4
        },
        {
            "pos": {
                "x": 566876.218521221,
                "y": 4318059.786961309,
                "yaw": -3.0056148610009776
            },
            "heading": -3.0056148610009776,
            "speeds": {
                "vmax": 15.0
            },
            "type": 2,
            "driving_direction": 1,
            "id": "1876_0",
            "lane_type": 4
        },
        {
            "pos": {
                "x": 566875.6883649975,
                "y": 4318059.714330421,
                "yaw": -3.0058619236609156
            },
            "heading": -3.0058619236609156,
            "speeds": {
                "vmax": 15.0
            },
            "type": 2,
            "driving_direction": 1,
            "id": "1876_0",
            "lane_type": 4
        },
        {
            "pos": {
                "x": 566875.1588422108,
                "y": 4318059.64218178,
                "yaw": -3.0022117263929937
            },
            "heading": -3.0022117263929937,
            "speeds": {
                "vmax": 15.0
            },
            "type": 2,
            "driving_direction": 1,
            "id": "1876_0",
            "lane_type": 4
        },
        {
            "pos": {
                "x": 566874.6286742254,
                "y": 4318059.565691698,
                "yaw": -2.992721231965713
            },
            "heading": -2.992721231965713,
            "speeds": {
                "vmax": 15.0
            },
            "type": 2,
            "driving_direction": 1,
            "id": "1876_0",
            "lane_type": 4
        },
        {
            "pos": {
                "x": 566874.1026518997,
                "y": 4318059.483860893,
                "yaw": -2.9823629979714785
            },
            "heading": -2.9823629979714785,
            "speeds": {
                "vmax": 15.0
            },
            "type": 2,
            "driving_direction": 1,
            "id": "1876_0",
            "lane_type": 4
        },
        {
            "pos": {
                "x": 566873.5742714807,
                "y": 4318059.396481123,
                "yaw": -2.974701362316764
            },
            "heading": -2.974701362316764,
            "speeds": {
                "vmax": 15.0
            },
            "type": 2,
            "driving_direction": 1,
            "id": "1876_0",
            "lane_type": 4
        },
        {
            "pos": {
                "x": 566873.0456789755,
                "y": 4318059.305874994,
                "yaw": -2.9701522904979654
            },
            "heading": -2.9701522904979654,
            "speeds": {
                "vmax": 15.0
            },
            "type": 2,
            "driving_direction": 1,
            "id": "1876_0",
            "lane_type": 4
        },
        {
            "pos": {
                "x": 566872.5175332084,
                "y": 4318059.213547885,
                "yaw": -2.9677874092345293
            },
            "heading": -2.9677874092345293,
            "speeds": {
                "vmax": 15.0
            },
            "type": 2,
            "driving_direction": 1,
            "id": "1876_0",
            "lane_type": 4
        },
        {
            "pos": {
                "x": 566871.9900629519,
                "y": 4318059.120546149,
                "yaw": -2.9671569125565944
            },
            "heading": -2.9671569125565944,
            "speeds": {
                "vmax": 15.0
            },
            "type": 2,
            "driving_direction": 1,
            "id": "1876_0",
            "lane_type": 4
        },
        {
            "pos": {
                "x": 566871.4626525361,
                "y": 4318059.027656984,
                "yaw": -2.9681968512927988
            },
            "heading": -2.9681968512927988,
            "speeds": {
                "vmax": 15.0
            },
            "type": 2,
            "driving_direction": 1,
            "id": "1876_0",
            "lane_type": 4
        },
        {
            "pos": {
                "x": 566870.9358962086,
                "y": 4318058.9359756885,
                "yaw": -2.915582214729236
            },
            "heading": -2.915582214729236,
            "speeds": {
                "vmax": 10.0
            },
            "type": 1,
            "driving_direction": 1,
            "id": "1877_0",
            "lane_type": 62
        },
        {
            "pos": {
                "x": 566870.4486121029,
                "y": 4318058.823930161,
                "yaw": -2.915582214729236
            },
            "heading": -2.915582214729236,
            "speeds": {
                "vmax": 10.0
            },
            "type": 1,
            "driving_direction": 1,
            "id": "1877_0",
            "lane_type": 62
        },
        {
            "pos": {
                "x": 566869.961327997,
                "y": 4318058.711884634,
                "yaw": -2.915582214729236
            },
            "heading": -2.915582214729236,
            "speeds": {
                "vmax": 10.0
            },
            "type": 1,
            "driving_direction": 1,
            "id": "1877_0",
            "lane_type": 62
        },
        {
            "pos": {
                "x": 566869.4740438913,
                "y": 4318058.599839105,
                "yaw": -2.915582214729236
            },
            "heading": -2.915582214729236,
            "speeds": {
                "vmax": 10.0
            },
            "type": 1,
            "driving_direction": 1,
            "id": "1877_0",
            "lane_type": 62
        },
        {
            "pos": {
                "x": 566868.9867597856,
                "y": 4318058.487793578,
                "yaw": -2.915582214729236
            },
            "heading": -2.915582214729236,
            "speeds": {
                "vmax": 10.0
            },
            "type": 1,
            "driving_direction": 1,
            "id": "1877_0",
            "lane_type": 62
        },
        {
            "pos": {
                "x": 566868.4994756798,
                "y": 4318058.37574805,
                "yaw": -2.915582214729236
            },
            "heading": -2.915582214729236,
            "speeds": {
                "vmax": 10.0
            },
            "type": 1,
            "driving_direction": 1,
            "id": "1877_0",
            "lane_type": 62
        },
        {
            "pos": {
                "x": 566868.012191574,
                "y": 4318058.263702523,
                "yaw": -2.915582214729236
            },
            "heading": -2.915582214729236,
            "speeds": {
                "vmax": 10.0
            },
            "type": 1,
            "driving_direction": 1,
            "id": "1877_0",
            "lane_type": 62
        },
        {
            "pos": {
                "x": 566867.5249074682,
                "y": 4318058.151656995,
                "yaw": -2.915582214729236
            },
            "heading": -2.915582214729236,
            "speeds": {
                "vmax": 10.0
            },
            "type": 1,
            "driving_direction": 1,
            "id": "1877_0",
            "lane_type": 62
        },
        {
            "pos": {
                "x": 566867.0376233625,
                "y": 4318058.039611467,
                "yaw": -2.915582214729236
            },
            "heading": -2.915582214729236,
            "speeds": {
                "vmax": 10.0
            },
            "type": 1,
            "driving_direction": 1,
            "id": "1877_0",
            "lane_type": 62
        },
        {
            "pos": {
                "x": 566866.5503392568,
                "y": 4318057.92756594,
                "yaw": -2.915582214729236
            },
            "heading": -2.915582214729236,
            "speeds": {
                "vmax": 10.0
            },
            "type": 1,
            "driving_direction": 1,
            "id": "1877_0",
            "lane_type": 62
        },
        {
            "pos": {
                "x": 566866.0630551509,
                "y": 4318057.815520412,
                "yaw": -2.915582214729236
            },
            "heading": -2.915582214729236,
            "speeds": {
                "vmax": 10.0
            },
            "type": 1,
            "driving_direction": 1,
            "id": "1877_0",
            "lane_type": 62
        },
        {
            "pos": {
                "x": 566865.5757710452,
                "y": 4318057.703474885,
                "yaw": -2.915582214729236
            },
            "heading": -2.915582214729236,
            "speeds": {
                "vmax": 10.0
            },
            "type": 1,
            "driving_direction": 1,
            "id": "1877_0",
            "lane_type": 62
        },
        {
            "pos": {
                "x": 566865.0884869394,
                "y": 4318057.5914293565,
                "yaw": -2.915582214729236
            },
            "heading": -2.915582214729236,
            "speeds": {
                "vmax": 10.0
            },
            "type": 1,
            "driving_direction": 1,
            "id": "1877_0",
            "lane_type": 62
        },
        {
            "pos": {
                "x": 566864.6012028336,
                "y": 4318057.479383829,
                "yaw": -2.915582214729236
            },
            "heading": -2.915582214729236,
            "speeds": {
                "vmax": 10.0
            },
            "type": 1,
            "driving_direction": 1,
            "id": "1877_0",
            "lane_type": 62
        },
        {
            "pos": {
                "x": 566864.1139187278,
                "y": 4318057.367338302,
                "yaw": -2.915582214729236
            },
            "heading": -2.915582214729236,
            "speeds": {
                "vmax": 10.0
            },
            "type": 1,
            "driving_direction": 1,
            "id": "1877_0",
            "lane_type": 62
        },
        {
            "pos": {
                "x": 566863.6266346221,
                "y": 4318057.255292774,
                "yaw": -2.915582214729236
            },
            "heading": -2.915582214729236,
            "speeds": {
                "vmax": 10.0
            },
            "type": 1,
            "driving_direction": 1,
            "id": "1877_0",
            "lane_type": 62
        },
        {
            "pos": {
                "x": 566863.1393505164,
                "y": 4318057.143247246,
                "yaw": -2.915582214729236
            },
            "heading": -2.915582214729236,
            "speeds": {
                "vmax": 10.0
            },
            "type": 1,
            "driving_direction": 1,
            "id": "1877_0",
            "lane_type": 62
        },
        {
            "pos": {
                "x": 566862.6520664105,
                "y": 4318057.031201718,
                "yaw": -2.915582214729236
            },
            "heading": -2.915582214729236,
            "speeds": {
                "vmax": 10.0
            },
            "type": 1,
            "driving_direction": 1,
            "id": "1877_0",
            "lane_type": 62
        },
        {
            "pos": {
                "x": 566862.1647823048,
                "y": 4318056.919156191,
                "yaw": -2.915582214729236
            },
            "heading": -2.915582214729236,
            "speeds": {
                "vmax": 10.0
            },
            "type": 1,
            "driving_direction": 1,
            "id": "1877_0",
            "lane_type": 62
        },
        {
            "pos": {
                "x": 566862.1586295174,
                "y": 4318056.917741426,
                "yaw": -2.915582214729236
            },
            "heading": -2.915582214729236,
            "speeds": {
                "vmax": 10.0
            },
            "type": 1,
            "driving_direction": 1,
            "id": "1877_0",
            "lane_type": 62
        }
    ]
}