{
    "header": {
        "trace_id": "e3c7a0fc-c8d5-4647-a675-69cb0e25a194",
        "trans_id": "9edc58b1-6794-4b06-bdf0-1022dfd2d7a9",
        "che_id": "A522",
        "timestamp": "2025-02-20T03:36:31.103129Z"
    },
    "task_id": "e3c7a0fc-c8d5-4647-a675-69cb0e25a194",
    "navi_id": "A522_e3c7a0fc-c8d5-4647-a675-69cb0e25a194_6",
    "seq_num": 6,
    "dest_type": 3,
    "mode": 2,
    "waypoints": [
        {
            "pos": {
                "x": 566908.6048853584,
                "y": 4317966.62885042,
                "yaw": 1.798871845098881
            },
            "heading": 1.798871845098881,
            "speeds": {
                "vmax": 20.0
            },
            "type": 1,
            "driving_direction": 1,
            "id": "1003_3",
            "lane_type": 1
        },
        {
            "pos": {
                "x": 566908.4918337037,
                "y": 4317967.115902084,
                "yaw": 1.798871845098881
            },
            "heading": 1.798871845098881,
            "speeds": {
                "vmax": 20.0
            },
            "type": 1,
            "driving_direction": 1,
            "id": "1003_3",
            "lane_type": 1
        },
        {
            "pos": {
                "x": 566908.378782049,
                "y": 4317967.602953748,
                "yaw": 1.798871845098881
            },
            "heading": 1.798871845098881,
            "speeds": {
                "vmax": 20.0
            },
            "type": 1,
            "driving_direction": 1,
            "id": "1003_3",
            "lane_type": 1
        },
        {
            "pos": {
                "x": 566908.2657303944,
                "y": 4317968.090005412,
                "yaw": 1.798871845098881
            },
            "heading": 1.798871845098881,
            "speeds": {
                "vmax": 20.0
            },
            "type": 1,
            "driving_direction": 1,
            "id": "1003_3",
            "lane_type": 1
        },
        {
            "pos": {
                "x": 566908.1526787397,
                "y": 4317968.577057076,
                "yaw": 1.798871845098881
            },
            "heading": 1.798871845098881,
            "speeds": {
                "vmax": 20.0
            },
            "type": 1,
            "driving_direction": 1,
            "id": "1003_3",
            "lane_type": 1
        },
        {
            "pos": {
                "x": 566908.0396270851,
                "y": 4317969.06410874,
                "yaw": 1.798871845098881
            },
            "heading": 1.798871845098881,
            "speeds": {
                "vmax": 20.0
            },
            "type": 1,
            "driving_direction": 1,
            "id": "1003_3",
            "lane_type": 1
        },
        {
            "pos": {
                "x": 566907.9265754304,
                "y": 4317969.551160404,
                "yaw": 1.798871845098881
            },
            "heading": 1.798871845098881,
            "speeds": {
                "vmax": 20.0
            },
            "type": 1,
            "driving_direction": 1,
            "id": "1003_3",
            "lane_type": 1
        },
        {
            "pos": {
                "x": 566907.8135237758,
                "y": 4317970.038212068,
                "yaw": 1.798871845098881
            },
            "heading": 1.798871845098881,
            "speeds": {
                "vmax": 20.0
            },
            "type": 1,
            "driving_direction": 1,
            "id": "1003_3",
            "lane_type": 1
        },
        {
            "pos": {
                "x": 566907.7004721211,
                "y": 4317970.525263732,
                "yaw": 1.798871845098881
            },
            "heading": 1.798871845098881,
            "speeds": {
                "vmax": 20.0
            },
            "type": 1,
            "driving_direction": 1,
            "id": "1003_3",
            "lane_type": 1
        },
        {
            "pos": {
                "x": 566907.5874204665,
                "y": 4317971.012315396,
                "yaw": 1.798871845098881
            },
            "heading": 1.798871845098881,
            "speeds": {
                "vmax": 20.0
            },
            "type": 1,
            "driving_direction": 1,
            "id": "1003_3",
            "lane_type": 1
        },
        {
            "pos": {
                "x": 566907.4743688118,
                "y": 4317971.49936706,
                "yaw": 1.798871845098881
            },
            "heading": 1.798871845098881,
            "speeds": {
                "vmax": 20.0
            },
            "type": 1,
            "driving_direction": 1,
            "id": "1003_3",
            "lane_type": 1
        },
        {
            "pos": {
                "x": 566907.3613171572,
                "y": 4317971.986418724,
                "yaw": 1.798871845098881
            },
            "heading": 1.798871845098881,
            "speeds": {
                "vmax": 20.0
            },
            "type": 1,
            "driving_direction": 1,
            "id": "1003_3",
            "lane_type": 1
        },
        {
            "pos": {
                "x": 566907.2482655025,
                "y": 4317972.473470388,
                "yaw": 1.798871845098881
            },
            "heading": 1.798871845098881,
            "speeds": {
                "vmax": 20.0
            },
            "type": 1,
            "driving_direction": 1,
            "id": "1003_3",
            "lane_type": 1
        },
        {
            "pos": {
                "x": 566907.1352138479,
                "y": 4317972.960522052,
                "yaw": 1.798871845098881
            },
            "heading": 1.798871845098881,
            "speeds": {
                "vmax": 20.0
            },
            "type": 1,
            "driving_direction": 1,
            "id": "1003_3",
            "lane_type": 1
        },
        {
            "pos": {
                "x": 566907.0221621932,
                "y": 4317973.447573716,
                "yaw": 1.798871845098881
            },
            "heading": 1.798871845098881,
            "speeds": {
                "vmax": 20.0
            },
            "type": 1,
            "driving_direction": 1,
            "id": "1003_3",
            "lane_type": 1
        },
        {
            "pos": {
                "x": 566906.9091105385,
                "y": 4317973.93462538,
                "yaw": 1.798871845098881
            },
            "heading": 1.798871845098881,
            "speeds": {
                "vmax": 20.0
            },
            "type": 1,
            "driving_direction": 1,
            "id": "1003_3",
            "lane_type": 1
        },
        {
            "pos": {
                "x": 566906.7960588839,
                "y": 4317974.421677044,
                "yaw": 1.798871845098881
            },
            "heading": 1.798871845098881,
            "speeds": {
                "vmax": 20.0
            },
            "type": 1,
            "driving_direction": 1,
            "id": "1003_3",
            "lane_type": 1
        },
        {
            "pos": {
                "x": 566906.6830072292,
                "y": 4317974.908728708,
                "yaw": 1.798871845098881
            },
            "heading": 1.798871845098881,
            "speeds": {
                "vmax": 20.0
            },
            "type": 1,
            "driving_direction": 1,
            "id": "1003_3",
            "lane_type": 1
        },
        {
            "pos": {
                "x": 566906.5699555746,
                "y": 4317975.3957803715,
                "yaw": 1.798871845098881
            },
            "heading": 1.798871845098881,
            "speeds": {
                "vmax": 20.0
            },
            "type": 1,
            "driving_direction": 1,
            "id": "1003_3",
            "lane_type": 1
        },
        {
            "pos": {
                "x": 566906.4569039199,
                "y": 4317975.882832035,
                "yaw": 1.798871845098881
            },
            "heading": 1.798871845098881,
            "speeds": {
                "vmax": 20.0
            },
            "type": 1,
            "driving_direction": 1,
            "id": "1003_3",
            "lane_type": 1
        },
        {
            "pos": {
                "x": 566906.3438522653,
                "y": 4317976.369883699,
                "yaw": 1.798871845098881
            },
            "heading": 1.798871845098881,
            "speeds": {
                "vmax": 20.0
            },
            "type": 1,
            "driving_direction": 1,
            "id": "1003_3",
            "lane_type": 1
        },
        {
            "pos": {
                "x": 566906.2308006106,
                "y": 4317976.856935363,
                "yaw": 1.798871845098881
            },
            "heading": 1.798871845098881,
            "speeds": {
                "vmax": 20.0
            },
            "type": 1,
            "driving_direction": 1,
            "id": "1003_3",
            "lane_type": 1
        },
        {
            "pos": {
                "x": 566906.117748956,
                "y": 4317977.343987027,
                "yaw": 1.798871845098881
            },
            "heading": 1.798871845098881,
            "speeds": {
                "vmax": 20.0
            },
            "type": 1,
            "driving_direction": 1,
            "id": "1003_3",
            "lane_type": 1
        },
        {
            "pos": {
                "x": 566906.0046973013,
                "y": 4317977.831038691,
                "yaw": 1.798871845098881
            },
            "heading": 1.798871845098881,
            "speeds": {
                "vmax": 20.0
            },
            "type": 1,
            "driving_direction": 1,
            "id": "1003_3",
            "lane_type": 1
        },
        {
            "pos": {
                "x": 566905.8916456467,
                "y": 4317978.318090356,
                "yaw": 1.798871845098881
            },
            "heading": 1.798871845098881,
            "speeds": {
                "vmax": 20.0
            },
            "type": 1,
            "driving_direction": 1,
            "id": "1003_3",
            "lane_type": 1
        },
        {
            "pos": {
                "x": 566905.778593992,
                "y": 4317978.80514202,
                "yaw": 1.798871845098881
            },
            "heading": 1.798871845098881,
            "speeds": {
                "vmax": 20.0
            },
            "type": 1,
            "driving_direction": 1,
            "id": "1003_3",
            "lane_type": 1
        },
        {
            "pos": {
                "x": 566905.6655423373,
                "y": 4317979.292193684,
                "yaw": 1.798871845098881
            },
            "heading": 1.798871845098881,
            "speeds": {
                "vmax": 20.0
            },
            "type": 1,
            "driving_direction": 1,
            "id": "1003_3",
            "lane_type": 1
        },
        {
            "pos": {
                "x": 566905.5524906827,
                "y": 4317979.779245348,
                "yaw": 1.798871845098881
            },
            "heading": 1.798871845098881,
            "speeds": {
                "vmax": 20.0
            },
            "type": 1,
            "driving_direction": 1,
            "id": "1003_3",
            "lane_type": 1
        },
        {
            "pos": {
                "x": 566905.439439028,
                "y": 4317980.266297012,
                "yaw": 1.798871845098881
            },
            "heading": 1.798871845098881,
            "speeds": {
                "vmax": 20.0
            },
            "type": 1,
            "driving_direction": 1,
            "id": "1003_3",
            "lane_type": 1
        },
        {
            "pos": {
                "x": 566905.3263873734,
                "y": 4317980.753348676,
                "yaw": 1.798871845098881
            },
            "heading": 1.798871845098881,
            "speeds": {
                "vmax": 20.0
            },
            "type": 1,
            "driving_direction": 1,
            "id": "1003_3",
            "lane_type": 1
        },
        {
            "pos": {
                "x": 566905.2133357187,
                "y": 4317981.2404003395,
                "yaw": 1.798871845098881
            },
            "heading": 1.798871845098881,
            "speeds": {
                "vmax": 20.0
            },
            "type": 1,
            "driving_direction": 1,
            "id": "1003_3",
            "lane_type": 1
        },
        {
            "pos": {
                "x": 566905.1002840641,
                "y": 4317981.727452003,
                "yaw": 1.798871845098881
            },
            "heading": 1.798871845098881,
            "speeds": {
                "vmax": 20.0
            },
            "type": 1,
            "driving_direction": 1,
            "id": "1003_3",
            "lane_type": 1
        },
        {
            "pos": {
                "x": 566904.9872324094,
                "y": 4317982.214503667,
                "yaw": 1.798871845098881
            },
            "heading": 1.798871845098881,
            "speeds": {
                "vmax": 20.0
            },
            "type": 1,
            "driving_direction": 1,
            "id": "1003_3",
            "lane_type": 1
        },
        {
            "pos": {
                "x": 566904.8741807548,
                "y": 4317982.701555331,
                "yaw": 1.798871845098881
            },
            "heading": 1.798871845098881,
            "speeds": {
                "vmax": 20.0
            },
            "type": 1,
            "driving_direction": 1,
            "id": "1003_3",
            "lane_type": 1
        },
        {
            "pos": {
                "x": 566904.7611291001,
                "y": 4317983.188606995,
                "yaw": 1.798871845098881
            },
            "heading": 1.798871845098881,
            "speeds": {
                "vmax": 20.0
            },
            "type": 1,
            "driving_direction": 1,
            "id": "1003_3",
            "lane_type": 1
        },
        {
            "pos": {
                "x": 566904.6480774455,
                "y": 4317983.675658659,
                "yaw": 1.798871845098881
            },
            "heading": 1.798871845098881,
            "speeds": {
                "vmax": 20.0
            },
            "type": 1,
            "driving_direction": 1,
            "id": "1003_3",
            "lane_type": 1
        },
        {
            "pos": {
                "x": 566904.5350257908,
                "y": 4317984.162710323,
                "yaw": 1.798871845098881
            },
            "heading": 1.798871845098881,
            "speeds": {
                "vmax": 20.0
            },
            "type": 1,
            "driving_direction": 1,
            "id": "1003_3",
            "lane_type": 1
        },
        {
            "pos": {
                "x": 566904.4219741361,
                "y": 4317984.649761987,
                "yaw": 1.798871845098881
            },
            "heading": 1.798871845098881,
            "speeds": {
                "vmax": 20.0
            },
            "type": 1,
            "driving_direction": 1,
            "id": "1003_3",
            "lane_type": 1
        },
        {
            "pos": {
                "x": 566904.3089224815,
                "y": 4317985.136813651,
                "yaw": 1.798871845098881
            },
            "heading": 1.798871845098881,
            "speeds": {
                "vmax": 20.0
            },
            "type": 1,
            "driving_direction": 1,
            "id": "1003_3",
            "lane_type": 1
        },
        {
            "pos": {
                "x": 566904.1958708268,
                "y": 4317985.623865315,
                "yaw": 1.798871845098881
            },
            "heading": 1.798871845098881,
            "speeds": {
                "vmax": 20.0
            },
            "type": 1,
            "driving_direction": 1,
            "id": "1003_3",
            "lane_type": 1
        },
        {
            "pos": {
                "x": 566904.0828191722,
                "y": 4317986.110916979,
                "yaw": 1.798871845098881
            },
            "heading": 1.798871845098881,
            "speeds": {
                "vmax": 20.0
            },
            "type": 1,
            "driving_direction": 1,
            "id": "1003_3",
            "lane_type": 1
        },
        {
            "pos": {
                "x": 566903.9697675175,
                "y": 4317986.5979686435,
                "yaw": 1.798871845098881
            },
            "heading": 1.798871845098881,
            "speeds": {
                "vmax": 20.0
            },
            "type": 1,
            "driving_direction": 1,
            "id": "1003_3",
            "lane_type": 1
        },
        {
            "pos": {
                "x": 566903.8567158629,
                "y": 4317987.085020307,
                "yaw": 1.798871845098881
            },
            "heading": 1.798871845098881,
            "speeds": {
                "vmax": 20.0
            },
            "type": 1,
            "driving_direction": 1,
            "id": "1003_3",
            "lane_type": 1
        },
        {
            "pos": {
                "x": 566903.7436642082,
                "y": 4317987.572071971,
                "yaw": 1.798871845098881
            },
            "heading": 1.798871845098881,
            "speeds": {
                "vmax": 20.0
            },
            "type": 1,
            "driving_direction": 1,
            "id": "1003_3",
            "lane_type": 1
        },
        {
            "pos": {
                "x": 566903.6306125536,
                "y": 4317988.059123635,
                "yaw": 1.798871845098881
            },
            "heading": 1.798871845098881,
            "speeds": {
                "vmax": 20.0
            },
            "type": 1,
            "driving_direction": 1,
            "id": "1003_3",
            "lane_type": 1
        },
        {
            "pos": {
                "x": 566903.5175608989,
                "y": 4317988.546175299,
                "yaw": 1.798871845098881
            },
            "heading": 1.798871845098881,
            "speeds": {
                "vmax": 20.0
            },
            "type": 1,
            "driving_direction": 1,
            "id": "1003_3",
            "lane_type": 1
        },
        {
            "pos": {
                "x": 566903.4045092443,
                "y": 4317989.033226963,
                "yaw": 1.798871845098881
            },
            "heading": 1.798871845098881,
            "speeds": {
                "vmax": 20.0
            },
            "type": 1,
            "driving_direction": 1,
            "id": "1003_3",
            "lane_type": 1
        },
        {
            "pos": {
                "x": 566903.2914575896,
                "y": 4317989.520278627,
                "yaw": 1.798871845098881
            },
            "heading": 1.798871845098881,
            "speeds": {
                "vmax": 20.0
            },
            "type": 1,
            "driving_direction": 1,
            "id": "1003_3",
            "lane_type": 1
        },
        {
            "pos": {
                "x": 566903.178405935,
                "y": 4317990.007330291,
                "yaw": 1.798871845098881
            },
            "heading": 1.798871845098881,
            "speeds": {
                "vmax": 20.0
            },
            "type": 1,
            "driving_direction": 1,
            "id": "1003_3",
            "lane_type": 1
        },
        {
            "pos": {
                "x": 566903.0653542803,
                "y": 4317990.494381955,
                "yaw": 1.798871845098881
            },
            "heading": 1.798871845098881,
            "speeds": {
                "vmax": 20.0
            },
            "type": 1,
            "driving_direction": 1,
            "id": "1003_3",
            "lane_type": 1
        },
        {
            "pos": {
                "x": 566902.9523026256,
                "y": 4317990.981433619,
                "yaw": 1.798871845098881
            },
            "heading": 1.798871845098881,
            "speeds": {
                "vmax": 20.0
            },
            "type": 1,
            "driving_direction": 1,
            "id": "1003_3",
            "lane_type": 1
        },
        {
            "pos": {
                "x": 566902.839250971,
                "y": 4317991.468485283,
                "yaw": 1.798871845098881
            },
            "heading": 1.798871845098881,
            "speeds": {
                "vmax": 20.0
            },
            "type": 1,
            "driving_direction": 1,
            "id": "1003_3",
            "lane_type": 1
        },
        {
            "pos": {
                "x": 566902.7261993163,
                "y": 4317991.955536947,
                "yaw": 1.798871845098881
            },
            "heading": 1.798871845098881,
            "speeds": {
                "vmax": 20.0
            },
            "type": 1,
            "driving_direction": 1,
            "id": "1003_3",
            "lane_type": 1
        },
        {
            "pos": {
                "x": 566902.6131476617,
                "y": 4317992.442588611,
                "yaw": 1.798871845098881
            },
            "heading": 1.798871845098881,
            "speeds": {
                "vmax": 20.0
            },
            "type": 1,
            "driving_direction": 1,
            "id": "1003_3",
            "lane_type": 1
        },
        {
            "pos": {
                "x": 566902.500096007,
                "y": 4317992.9296402745,
                "yaw": 1.798871845098881
            },
            "heading": 1.798871845098881,
            "speeds": {
                "vmax": 20.0
            },
            "type": 1,
            "driving_direction": 1,
            "id": "1003_3",
            "lane_type": 1
        },
        {
            "pos": {
                "x": 566902.3870443524,
                "y": 4317993.416691938,
                "yaw": 1.798871845098881
            },
            "heading": 1.798871845098881,
            "speeds": {
                "vmax": 20.0
            },
            "type": 1,
            "driving_direction": 1,
            "id": "1003_3",
            "lane_type": 1
        },
        {
            "pos": {
                "x": 566902.2739926977,
                "y": 4317993.903743602,
                "yaw": 1.798871845098881
            },
            "heading": 1.798871845098881,
            "speeds": {
                "vmax": 20.0
            },
            "type": 1,
            "driving_direction": 1,
            "id": "1003_3",
            "lane_type": 1
        },
        {
            "pos": {
                "x": 566902.160941043,
                "y": 4317994.390795266,
                "yaw": 1.798871845098881
            },
            "heading": 1.798871845098881,
            "speeds": {
                "vmax": 20.0
            },
            "type": 1,
            "driving_direction": 1,
            "id": "1003_3",
            "lane_type": 1
        },
        {
            "pos": {
                "x": 566902.0478893884,
                "y": 4317994.877846931,
                "yaw": 1.798871845098881
            },
            "heading": 1.798871845098881,
            "speeds": {
                "vmax": 20.0
            },
            "type": 1,
            "driving_direction": 1,
            "id": "1003_3",
            "lane_type": 1
        },
        {
            "pos": {
                "x": 566901.9348377337,
                "y": 4317995.364898595,
                "yaw": 1.798871845098881
            },
            "heading": 1.798871845098881,
            "speeds": {
                "vmax": 20.0
            },
            "type": 1,
            "driving_direction": 1,
            "id": "1003_3",
            "lane_type": 1
        },
        {
            "pos": {
                "x": 566901.8217860791,
                "y": 4317995.851950259,
                "yaw": 1.798871845098881
            },
            "heading": 1.798871845098881,
            "speeds": {
                "vmax": 20.0
            },
            "type": 1,
            "driving_direction": 1,
            "id": "1003_3",
            "lane_type": 1
        },
        {
            "pos": {
                "x": 566901.7087344244,
                "y": 4317996.339001923,
                "yaw": 1.798871845098881
            },
            "heading": 1.798871845098881,
            "speeds": {
                "vmax": 20.0
            },
            "type": 1,
            "driving_direction": 1,
            "id": "1003_3",
            "lane_type": 1
        },
        {
            "pos": {
                "x": 566901.5956827698,
                "y": 4317996.826053587,
                "yaw": 1.798871845098881
            },
            "heading": 1.798871845098881,
            "speeds": {
                "vmax": 20.0
            },
            "type": 1,
            "driving_direction": 1,
            "id": "1003_3",
            "lane_type": 1
        },
        {
            "pos": {
                "x": 566901.4826311151,
                "y": 4317997.313105251,
                "yaw": 1.798871845098881
            },
            "heading": 1.798871845098881,
            "speeds": {
                "vmax": 20.0
            },
            "type": 1,
            "driving_direction": 1,
            "id": "1003_3",
            "lane_type": 1
        },
        {
            "pos": {
                "x": 566901.3695794605,
                "y": 4317997.800156915,
                "yaw": 1.798871845098881
            },
            "heading": 1.798871845098881,
            "speeds": {
                "vmax": 20.0
            },
            "type": 1,
            "driving_direction": 1,
            "id": "1003_3",
            "lane_type": 1
        },
        {
            "pos": {
                "x": 566901.2565278058,
                "y": 4317998.287208579,
                "yaw": 1.798871845098881
            },
            "heading": 1.798871845098881,
            "speeds": {
                "vmax": 20.0
            },
            "type": 1,
            "driving_direction": 1,
            "id": "1003_3",
            "lane_type": 1
        },
        {
            "pos": {
                "x": 566901.1434761512,
                "y": 4317998.7742602425,
                "yaw": 1.798871845098881
            },
            "heading": 1.798871845098881,
            "speeds": {
                "vmax": 20.0
            },
            "type": 1,
            "driving_direction": 1,
            "id": "1003_3",
            "lane_type": 1
        },
        {
            "pos": {
                "x": 566901.0304244965,
                "y": 4317999.261311906,
                "yaw": 1.798871845098881
            },
            "heading": 1.798871845098881,
            "speeds": {
                "vmax": 20.0
            },
            "type": 1,
            "driving_direction": 1,
            "id": "1003_3",
            "lane_type": 1
        },
        {
            "pos": {
                "x": 566900.9173728419,
                "y": 4317999.74836357,
                "yaw": 1.798871845098881
            },
            "heading": 1.798871845098881,
            "speeds": {
                "vmax": 20.0
            },
            "type": 1,
            "driving_direction": 1,
            "id": "1003_3",
            "lane_type": 1
        },
        {
            "pos": {
                "x": 566900.8043211872,
                "y": 4318000.235415234,
                "yaw": 1.798871845098881
            },
            "heading": 1.798871845098881,
            "speeds": {
                "vmax": 20.0
            },
            "type": 1,
            "driving_direction": 1,
            "id": "1003_3",
            "lane_type": 1
        },
        {
            "pos": {
                "x": 566900.6912695325,
                "y": 4318000.722466898,
                "yaw": 1.798871845098881
            },
            "heading": 1.798871845098881,
            "speeds": {
                "vmax": 20.0
            },
            "type": 1,
            "driving_direction": 1,
            "id": "1003_3",
            "lane_type": 1
        },
        {
            "pos": {
                "x": 566900.5782178779,
                "y": 4318001.209518562,
                "yaw": 1.798871845098881
            },
            "heading": 1.798871845098881,
            "speeds": {
                "vmax": 20.0
            },
            "type": 1,
            "driving_direction": 1,
            "id": "1003_3",
            "lane_type": 1
        },
        {
            "pos": {
                "x": 566900.4651662232,
                "y": 4318001.696570226,
                "yaw": 1.798871845098881
            },
            "heading": 1.798871845098881,
            "speeds": {
                "vmax": 20.0
            },
            "type": 1,
            "driving_direction": 1,
            "id": "1003_3",
            "lane_type": 1
        },
        {
            "pos": {
                "x": 566900.3521145686,
                "y": 4318002.18362189,
                "yaw": 1.798871845098881
            },
            "heading": 1.798871845098881,
            "speeds": {
                "vmax": 20.0
            },
            "type": 1,
            "driving_direction": 1,
            "id": "1003_3",
            "lane_type": 1
        },
        {
            "pos": {
                "x": 566900.2390629139,
                "y": 4318002.670673554,
                "yaw": 1.798871845098881
            },
            "heading": 1.798871845098881,
            "speeds": {
                "vmax": 20.0
            },
            "type": 1,
            "driving_direction": 1,
            "id": "1003_3",
            "lane_type": 1
        },
        {
            "pos": {
                "x": 566900.1260112593,
                "y": 4318003.157725218,
                "yaw": 1.798871845098881
            },
            "heading": 1.798871845098881,
            "speeds": {
                "vmax": 20.0
            },
            "type": 1,
            "driving_direction": 1,
            "id": "1003_3",
            "lane_type": 1
        },
        {
            "pos": {
                "x": 566900.0129596046,
                "y": 4318003.644776883,
                "yaw": 1.798871845098881
            },
            "heading": 1.798871845098881,
            "speeds": {
                "vmax": 20.0
            },
            "type": 1,
            "driving_direction": 1,
            "id": "1003_3",
            "lane_type": 1
        },
        {
            "pos": {
                "x": 566899.89990795,
                "y": 4318004.1318285465,
                "yaw": 1.798871845098881
            },
            "heading": 1.798871845098881,
            "speeds": {
                "vmax": 20.0
            },
            "type": 1,
            "driving_direction": 1,
            "id": "1003_3",
            "lane_type": 1
        },
        {
            "pos": {
                "x": 566899.7868562953,
                "y": 4318004.61888021,
                "yaw": 1.798871845098881
            },
            "heading": 1.798871845098881,
            "speeds": {
                "vmax": 20.0
            },
            "type": 1,
            "driving_direction": 1,
            "id": "1003_3",
            "lane_type": 1
        },
        {
            "pos": {
                "x": 566899.6738046407,
                "y": 4318005.105931874,
                "yaw": 1.798871845098881
            },
            "heading": 1.798871845098881,
            "speeds": {
                "vmax": 20.0
            },
            "type": 1,
            "driving_direction": 1,
            "id": "1003_3",
            "lane_type": 1
        },
        {
            "pos": {
                "x": 566899.560752986,
                "y": 4318005.592983538,
                "yaw": 1.798871845098881
            },
            "heading": 1.798871845098881,
            "speeds": {
                "vmax": 20.0
            },
            "type": 1,
            "driving_direction": 1,
            "id": "1003_3",
            "lane_type": 1
        },
        {
            "pos": {
                "x": 566899.4477013313,
                "y": 4318006.080035202,
                "yaw": 1.798871845098881
            },
            "heading": 1.798871845098881,
            "speeds": {
                "vmax": 20.0
            },
            "type": 1,
            "driving_direction": 1,
            "id": "1003_3",
            "lane_type": 1
        },
        {
            "pos": {
                "x": 566899.3346496767,
                "y": 4318006.567086866,
                "yaw": 1.798871845098881
            },
            "heading": 1.798871845098881,
            "speeds": {
                "vmax": 20.0
            },
            "type": 1,
            "driving_direction": 1,
            "id": "1003_3",
            "lane_type": 1
        },
        {
            "pos": {
                "x": 566899.221598022,
                "y": 4318007.05413853,
                "yaw": 1.798871845098881
            },
            "heading": 1.798871845098881,
            "speeds": {
                "vmax": 20.0
            },
            "type": 1,
            "driving_direction": 1,
            "id": "1003_3",
            "lane_type": 1
        },
        {
            "pos": {
                "x": 566899.1085463674,
                "y": 4318007.541190194,
                "yaw": 1.798871845098881
            },
            "heading": 1.798871845098881,
            "speeds": {
                "vmax": 20.0
            },
            "type": 1,
            "driving_direction": 1,
            "id": "1003_3",
            "lane_type": 1
        },
        {
            "pos": {
                "x": 566898.9954947127,
                "y": 4318008.028241858,
                "yaw": 1.798871845098881
            },
            "heading": 1.798871845098881,
            "speeds": {
                "vmax": 20.0
            },
            "type": 1,
            "driving_direction": 1,
            "id": "1003_3",
            "lane_type": 1
        },
        {
            "pos": {
                "x": 566898.9858598452,
                "y": 4318008.069751009,
                "yaw": 1.798871845098881
            },
            "heading": 1.798871845098881,
            "speeds": {
                "vmax": 20.0
            },
            "type": 1,
            "driving_direction": 1,
            "id": "1003_3",
            "lane_type": 1
        }
    ],
    "is_final_navi": true
}