{
    "header": {
        "trace_id": "59d9171eb6564464b13b76fd367cca54",
        "trans_id": "73a9790e-a788-4b35-9d7e-e7fb762ab977",
        "che_id": "A524",
        "timestamp": "2025-02-20T09:51:56.711783Z"
    },
    "task_id": "59d9171eb6564464b13b76fd367cca54",
    "navi_id": "A524_59d9171eb6564464b13b76fd367cca54_2244",
    "seq_num": 2244,
    "dest_type": 1,
    "mode": 2,
    "waypoints": [
        {
            "pos": {
                "x": 566861.6807413155,
                "y": 4318056.808287978,
                "yaw": -2.915582370171143
            },
            "heading": -2.915582370171143,
            "speeds": {
                "vmax": 10.0
            },
            "type": 1,
            "driving_direction": 1,
            "id": "1877_0",
            "lane_type": 62
        },
        {
            "pos": {
                "x": 566861.1934634817,
                "y": 4318056.696215177,
                "yaw": -2.915582370171143
            },
            "heading": -2.915582370171143,
            "speeds": {
                "vmax": 10.0
            },
            "type": 1,
            "driving_direction": 1,
            "id": "1877_0",
            "lane_type": 62
        },
        {
            "pos": {
                "x": 566860.706185648,
                "y": 4318056.584142376,
                "yaw": -2.915582370171143
            },
            "heading": -2.915582370171143,
            "speeds": {
                "vmax": 10.0
            },
            "type": 1,
            "driving_direction": 1,
            "id": "1877_0",
            "lane_type": 62
        },
        {
            "pos": {
                "x": 566860.2189078144,
                "y": 4318056.4720695745,
                "yaw": -2.915582370171143
            },
            "heading": -2.915582370171143,
            "speeds": {
                "vmax": 10.0
            },
            "type": 1,
            "driving_direction": 1,
            "id": "1877_0",
            "lane_type": 62
        },
        {
            "pos": {
                "x": 566859.7316299806,
                "y": 4318056.359996773,
                "yaw": -2.915582370171143
            },
            "heading": -2.915582370171143,
            "speeds": {
                "vmax": 10.0
            },
            "type": 1,
            "driving_direction": 1,
            "id": "1877_0",
            "lane_type": 62
        },
        {
            "pos": {
                "x": 566859.2443521469,
                "y": 4318056.247923972,
                "yaw": -2.915582370171143
            },
            "heading": -2.915582370171143,
            "speeds": {
                "vmax": 10.0
            },
            "type": 1,
            "driving_direction": 1,
            "id": "1877_0",
            "lane_type": 62
        },
        {
            "pos": {
                "x": 566858.7570743131,
                "y": 4318056.135851171,
                "yaw": -2.915582370171143
            },
            "heading": -2.915582370171143,
            "speeds": {
                "vmax": 10.0
            },
            "type": 1,
            "driving_direction": 1,
            "id": "1877_0",
            "lane_type": 62
        },
        {
            "pos": {
                "x": 566858.2697964795,
                "y": 4318056.02377837,
                "yaw": -2.915582370171143
            },
            "heading": -2.915582370171143,
            "speeds": {
                "vmax": 10.0
            },
            "type": 1,
            "driving_direction": 1,
            "id": "1877_0",
            "lane_type": 62
        },
        {
            "pos": {
                "x": 566857.7825186457,
                "y": 4318055.911705568,
                "yaw": -2.915582370171143
            },
            "heading": -2.915582370171143,
            "speeds": {
                "vmax": 10.0
            },
            "type": 1,
            "driving_direction": 1,
            "id": "1877_0",
            "lane_type": 62
        },
        {
            "pos": {
                "x": 566857.295240812,
                "y": 4318055.799632767,
                "yaw": -2.915582370171143
            },
            "heading": -2.915582370171143,
            "speeds": {
                "vmax": 10.0
            },
            "type": 1,
            "driving_direction": 1,
            "id": "1877_0",
            "lane_type": 62
        },
        {
            "pos": {
                "x": 566856.8079629783,
                "y": 4318055.687559966,
                "yaw": -2.915582370171143
            },
            "heading": -2.915582370171143,
            "speeds": {
                "vmax": 10.0
            },
            "type": 1,
            "driving_direction": 1,
            "id": "1877_0",
            "lane_type": 62
        },
        {
            "pos": {
                "x": 566856.3206851446,
                "y": 4318055.575487165,
                "yaw": -2.915582370171143
            },
            "heading": -2.915582370171143,
            "speeds": {
                "vmax": 10.0
            },
            "type": 1,
            "driving_direction": 1,
            "id": "1877_0",
            "lane_type": 62
        },
        {
            "pos": {
                "x": 566855.8334073109,
                "y": 4318055.463414364,
                "yaw": -2.915582370171143
            },
            "heading": -2.915582370171143,
            "speeds": {
                "vmax": 10.0
            },
            "type": 1,
            "driving_direction": 1,
            "id": "1877_0",
            "lane_type": 62
        },
        {
            "pos": {
                "x": 566855.3461294771,
                "y": 4318055.351341562,
                "yaw": -2.915582370171143
            },
            "heading": -2.915582370171143,
            "speeds": {
                "vmax": 10.0
            },
            "type": 1,
            "driving_direction": 1,
            "id": "1877_0",
            "lane_type": 62
        },
        {
            "pos": {
                "x": 566854.8588516434,
                "y": 4318055.239268761,
                "yaw": -2.915582370171143
            },
            "heading": -2.915582370171143,
            "speeds": {
                "vmax": 10.0
            },
            "type": 1,
            "driving_direction": 1,
            "id": "1877_0",
            "lane_type": 62
        },
        {
            "pos": {
                "x": 566854.3715738097,
                "y": 4318055.12719596,
                "yaw": -2.915582370171143
            },
            "heading": -2.915582370171143,
            "speeds": {
                "vmax": 10.0
            },
            "type": 1,
            "driving_direction": 1,
            "id": "1877_0",
            "lane_type": 62
        },
        {
            "pos": {
                "x": 566854.3569626873,
                "y": 4318055.123835435,
                "yaw": -2.915582370171143
            },
            "heading": -2.915582370171143,
            "speeds": {
                "vmax": 10.0
            },
            "type": 1,
            "driving_direction": 1,
            "id": "1877_0",
            "lane_type": 62
        },
        {
            "pos": {
                "x": 566853.8694461193,
                "y": 4318055.011736455,
                "yaw": -2.8976737677511544
            },
            "heading": -2.8976737677511544,
            "speeds": {
                "vmax": 15.0
            },
            "type": 2,
            "driving_direction": 1,
            "id": "1878_0",
            "lane_type": 4
        },
        {
            "pos": {
                "x": 566853.3823175011,
                "y": 4318054.8905125465,
                "yaw": -2.900381643794583
            },
            "heading": -2.900381643794583,
            "speeds": {
                "vmax": 15.0
            },
            "type": 2,
            "driving_direction": 1,
            "id": "1878_0",
            "lane_type": 4
        },
        {
            "pos": {
                "x": 566852.8943803785,
                "y": 4318054.77189207,
                "yaw": -2.9043200123041273
            },
            "heading": -2.9043200123041273,
            "speeds": {
                "vmax": 15.0
            },
            "type": 2,
            "driving_direction": 1,
            "id": "1878_0",
            "lane_type": 4
        },
        {
            "pos": {
                "x": 566852.4061646825,
                "y": 4318054.654446853,
                "yaw": -2.9052728792804605
            },
            "heading": -2.9052728792804605,
            "speeds": {
                "vmax": 15.0
            },
            "type": 2,
            "driving_direction": 1,
            "id": "1878_0",
            "lane_type": 4
        },
        {
            "pos": {
                "x": 566851.9180365531,
                "y": 4318054.536748579,
                "yaw": -2.9032921376020635
            },
            "heading": -2.9032921376020635,
            "speeds": {
                "vmax": 15.0
            },
            "type": 2,
            "driving_direction": 1,
            "id": "1878_0",
            "lane_type": 4
        },
        {
            "pos": {
                "x": 566851.4302837311,
                "y": 4318054.41733736,
                "yaw": -2.898312911460642
            },
            "heading": -2.898312911460642,
            "speeds": {
                "vmax": 15.0
            },
            "type": 2,
            "driving_direction": 1,
            "id": "1878_0",
            "lane_type": 4
        },
        {
            "pos": {
                "x": 566850.9433538895,
                "y": 4318054.294738244,
                "yaw": -2.890179390639906
            },
            "heading": -2.890179390639906,
            "speeds": {
                "vmax": 15.0
            },
            "type": 2,
            "driving_direction": 1,
            "id": "1878_0",
            "lane_type": 4
        },
        {
            "pos": {
                "x": 566850.4576081494,
                "y": 4318054.167345587,
                "yaw": -2.878612891090002
            },
            "heading": -2.878612891090002,
            "speeds": {
                "vmax": 15.0
            },
            "type": 2,
            "driving_direction": 1,
            "id": "1878_0",
            "lane_type": 4
        },
        {
            "pos": {
                "x": 566849.9734743943,
                "y": 4318054.033382019,
                "yaw": -2.864262289031885
            },
            "heading": -2.864262289031885,
            "speeds": {
                "vmax": 15.0
            },
            "type": 2,
            "driving_direction": 1,
            "id": "1878_0",
            "lane_type": 4
        },
        {
            "pos": {
                "x": 566849.4921253398,
                "y": 4318053.892217549,
                "yaw": -2.850924884538519
            },
            "heading": -2.850924884538519,
            "speeds": {
                "vmax": 15.0
            },
            "type": 2,
            "driving_direction": 1,
            "id": "1878_0",
            "lane_type": 4
        },
        {
            "pos": {
                "x": 566849.0118591145,
                "y": 4318053.7455948265,
                "yaw": -2.8403668395874107
            },
            "heading": -2.8403668395874107,
            "speeds": {
                "vmax": 15.0
            },
            "type": 2,
            "driving_direction": 1,
            "id": "1878_0",
            "lane_type": 4
        },
        {
            "pos": {
                "x": 566848.5331213658,
                "y": 4318053.594080808,
                "yaw": -2.8301712122819236
            },
            "heading": -2.8301712122819236,
            "speeds": {
                "vmax": 15.0
            },
            "type": 2,
            "driving_direction": 1,
            "id": "1878_0",
            "lane_type": 4
        },
        {
            "pos": {
                "x": 566848.0559679575,
                "y": 4318053.437662162,
                "yaw": -2.8198841361949194
            },
            "heading": -2.8198841361949194,
            "speeds": {
                "vmax": 15.0
            },
            "type": 2,
            "driving_direction": 1,
            "id": "1878_0",
            "lane_type": 4
        },
        {
            "pos": {
                "x": 566847.580444715,
                "y": 4318053.276304462,
                "yaw": -2.809486943426122
            },
            "heading": -2.809486943426122,
            "speeds": {
                "vmax": 15.0
            },
            "type": 2,
            "driving_direction": 1,
            "id": "1878_0",
            "lane_type": 4
        },
        {
            "pos": {
                "x": 566847.1066301041,
                "y": 4318053.10996457,
                "yaw": -2.798924306726277
            },
            "heading": -2.798924306726277,
            "speeds": {
                "vmax": 15.0
            },
            "type": 2,
            "driving_direction": 1,
            "id": "1878_0",
            "lane_type": 4
        },
        {
            "pos": {
                "x": 566846.6334718439,
                "y": 4318052.938147318,
                "yaw": -2.788581268190411
            },
            "heading": -2.788581268190411,
            "speeds": {
                "vmax": 15.0
            },
            "type": 2,
            "driving_direction": 1,
            "id": "1878_0",
            "lane_type": 4
        },
        {
            "pos": {
                "x": 566846.1631135908,
                "y": 4318052.762014721,
                "yaw": -2.778983167767878
            },
            "heading": -2.778983167767878,
            "speeds": {
                "vmax": 15.0
            },
            "type": 2,
            "driving_direction": 1,
            "id": "1878_0",
            "lane_type": 4
        },
        {
            "pos": {
                "x": 566845.695845504,
                "y": 4318052.582118787,
                "yaw": -2.769148210734781
            },
            "heading": -2.769148210734781,
            "speeds": {
                "vmax": 15.0
            },
            "type": 2,
            "driving_direction": 1,
            "id": "1878_0",
            "lane_type": 4
        },
        {
            "pos": {
                "x": 566845.2291190524,
                "y": 4318052.396671364,
                "yaw": -2.757164189532196
            },
            "heading": -2.757164189532196,
            "speeds": {
                "vmax": 15.0
            },
            "type": 2,
            "driving_direction": 1,
            "id": "1878_0",
            "lane_type": 4
        },
        {
            "pos": {
                "x": 566844.7651041364,
                "y": 4318052.204942082,
                "yaw": -2.7421054301135963
            },
            "heading": -2.7421054301135963,
            "speeds": {
                "vmax": 15.0
            },
            "type": 2,
            "driving_direction": 1,
            "id": "1878_0",
            "lane_type": 4
        },
        {
            "pos": {
                "x": 566844.3043166645,
                "y": 4318052.005408578,
                "yaw": -2.7237157375535506
            },
            "heading": -2.7237157375535506,
            "speeds": {
                "vmax": 15.0
            },
            "type": 2,
            "driving_direction": 1,
            "id": "1878_0",
            "lane_type": 4
        },
        {
            "pos": {
                "x": 566843.847714782,
                "y": 4318051.796555159,
                "yaw": -2.7029310724679254
            },
            "heading": -2.7029310724679254,
            "speeds": {
                "vmax": 15.0
            },
            "type": 2,
            "driving_direction": 1,
            "id": "1878_0",
            "lane_type": 4
        },
        {
            "pos": {
                "x": 566843.3956771337,
                "y": 4318051.578101805,
                "yaw": -2.6816622794616114
            },
            "heading": -2.6816622794616114,
            "speeds": {
                "vmax": 15.0
            },
            "type": 2,
            "driving_direction": 1,
            "id": "1878_0",
            "lane_type": 4
        },
        {
            "pos": {
                "x": 566842.9484340942,
                "y": 4318051.350020139,
                "yaw": -2.6602375151732134
            },
            "heading": -2.6602375151732134,
            "speeds": {
                "vmax": 15.0
            },
            "type": 2,
            "driving_direction": 1,
            "id": "1878_0",
            "lane_type": 4
        },
        {
            "pos": {
                "x": 566842.5061867104,
                "y": 4318051.112371856,
                "yaw": -2.6376794841859867
            },
            "heading": -2.6376794841859867,
            "speeds": {
                "vmax": 15.0
            },
            "type": 2,
            "driving_direction": 1,
            "id": "1878_0",
            "lane_type": 4
        },
        {
            "pos": {
                "x": 566842.0698893324,
                "y": 4318050.864138234,
                "yaw": -2.611663920834103
            },
            "heading": -2.611663920834103,
            "speeds": {
                "vmax": 15.0
            },
            "type": 2,
            "driving_direction": 1,
            "id": "1878_0",
            "lane_type": 4
        },
        {
            "pos": {
                "x": 566841.6409912526,
                "y": 4318050.603656217,
                "yaw": -2.582169231306417
            },
            "heading": -2.582169231306417,
            "speeds": {
                "vmax": 15.0
            },
            "type": 2,
            "driving_direction": 1,
            "id": "1878_0",
            "lane_type": 4
        },
        {
            "pos": {
                "x": 566841.2203388014,
                "y": 4318050.330242718,
                "yaw": -2.54967293188263
            },
            "heading": -2.54967293188263,
            "speeds": {
                "vmax": 15.0
            },
            "type": 2,
            "driving_direction": 1,
            "id": "1878_0",
            "lane_type": 4
        },
        {
            "pos": {
                "x": 566840.8097294678,
                "y": 4318050.042280339,
                "yaw": -2.512261823386396
            },
            "heading": -2.512261823386396,
            "speeds": {
                "vmax": 15.0
            },
            "type": 2,
            "driving_direction": 1,
            "id": "1878_0",
            "lane_type": 4
        },
        {
            "pos": {
                "x": 566840.4112874672,
                "y": 4318049.738249803,
                "yaw": -2.471279178734585
            },
            "heading": -2.471279178734585,
            "speeds": {
                "vmax": 15.0
            },
            "type": 2,
            "driving_direction": 1,
            "id": "1878_0",
            "lane_type": 4
        },
        {
            "pos": {
                "x": 566840.0261001983,
                "y": 4318049.418141475,
                "yaw": -2.428599605949959
            },
            "heading": -2.428599605949959,
            "speeds": {
                "vmax": 15.0
            },
            "type": 2,
            "driving_direction": 1,
            "id": "1878_0",
            "lane_type": 4
        },
        {
            "pos": {
                "x": 566839.6557930317,
                "y": 4318049.081713126,
                "yaw": -2.383521584946186
            },
            "heading": -2.383521584946186,
            "speeds": {
                "vmax": 15.0
            },
            "type": 2,
            "driving_direction": 1,
            "id": "1878_0",
            "lane_type": 4
        },
        {
            "pos": {
                "x": 566839.301702135,
                "y": 4318048.72892653,
                "yaw": -2.3362586843319906
            },
            "heading": -2.3362586843319906,
            "speeds": {
                "vmax": 15.0
            },
            "type": 2,
            "driving_direction": 1,
            "id": "1878_0",
            "lane_type": 4
        },
        {
            "pos": {
                "x": 566838.9654189879,
                "y": 4318048.359680073,
                "yaw": -2.284499458791584
            },
            "heading": -2.284499458791584,
            "speeds": {
                "vmax": 15.0
            },
            "type": 2,
            "driving_direction": 1,
            "id": "1878_0",
            "lane_type": 4
        },
        {
            "pos": {
                "x": 566838.6508088353,
                "y": 4318047.973006415,
                "yaw": -2.2312627107126386
            },
            "heading": -2.2312627107126386,
            "speeds": {
                "vmax": 15.0
            },
            "type": 2,
            "driving_direction": 1,
            "id": "1878_0",
            "lane_type": 4
        },
        {
            "pos": {
                "x": 566838.3554565314,
                "y": 4318047.571779277,
                "yaw": -2.1895734478604574
            },
            "heading": -2.1895734478604574,
            "speeds": {
                "vmax": 15.0
            },
            "type": 2,
            "driving_direction": 1,
            "id": "1878_0",
            "lane_type": 4
        },
        {
            "pos": {
                "x": 566838.0733145247,
                "y": 4318047.1609061025,
                "yaw": -2.15437888787176
            },
            "heading": -2.15437888787176,
            "speeds": {
                "vmax": 15.0
            },
            "type": 2,
            "driving_direction": 1,
            "id": "1878_0",
            "lane_type": 4
        },
        {
            "pos": {
                "x": 566837.8074794,
                "y": 4318046.73951174,
                "yaw": -2.118913163947272
            },
            "heading": -2.118913163947272,
            "speeds": {
                "vmax": 15.0
            },
            "type": 2,
            "driving_direction": 1,
            "id": "1878_0",
            "lane_type": 4
        },
        {
            "pos": {
                "x": 566837.5540922708,
                "y": 4318046.309406489,
                "yaw": -2.08894604095373
            },
            "heading": -2.08894604095373,
            "speeds": {
                "vmax": 15.0
            },
            "type": 2,
            "driving_direction": 1,
            "id": "1878_0",
            "lane_type": 4
        },
        {
            "pos": {
                "x": 566837.3127600213,
                "y": 4318045.8705406,
                "yaw": -2.060871337155784
            },
            "heading": -2.060871337155784,
            "speeds": {
                "vmax": 15.0
            },
            "type": 2,
            "driving_direction": 1,
            "id": "1878_0",
            "lane_type": 4
        },
        {
            "pos": {
                "x": 566837.0829300513,
                "y": 4318045.425274198,
                "yaw": -2.0397938482175597
            },
            "heading": -2.0397938482175597,
            "speeds": {
                "vmax": 15.0
            },
            "type": 2,
            "driving_direction": 1,
            "id": "1878_0",
            "lane_type": 4
        },
        {
            "pos": {
                "x": 566836.8595895595,
                "y": 4318044.975994686,
                "yaw": -2.0301244922241013
            },
            "heading": -2.0301244922241013,
            "speeds": {
                "vmax": 15.0
            },
            "type": 2,
            "driving_direction": 1,
            "id": "1878_0",
            "lane_type": 4
        },
        {
            "pos": {
                "x": 566836.6380631397,
                "y": 4318044.5261907745,
                "yaw": -2.0247834210399267
            },
            "heading": -2.0247834210399267,
            "speeds": {
                "vmax": 15.0
            },
            "type": 2,
            "driving_direction": 1,
            "id": "1878_0",
            "lane_type": 4
        },
        {
            "pos": {
                "x": 566836.4196988766,
                "y": 4318044.073975226,
                "yaw": -2.023496429409346
            },
            "heading": -2.023496429409346,
            "speeds": {
                "vmax": 15.0
            },
            "type": 2,
            "driving_direction": 1,
            "id": "1878_0",
            "lane_type": 4
        },
        {
            "pos": {
                "x": 566836.1982657252,
                "y": 4318043.62307315,
                "yaw": -2.0377397134979587
            },
            "heading": -2.0377397134979587,
            "speeds": {
                "vmax": 15.0
            },
            "type": 2,
            "driving_direction": 1,
            "id": "1878_0",
            "lane_type": 4
        },
        {
            "pos": {
                "x": 566835.9669743774,
                "y": 4318043.1781060845,
                "yaw": -2.0617411098735166
            },
            "heading": -2.0617411098735166,
            "speeds": {
                "vmax": 15.0
            },
            "type": 2,
            "driving_direction": 1,
            "id": "1878_0",
            "lane_type": 4
        },
        {
            "pos": {
                "x": 566835.7254234666,
                "y": 4318042.740027775,
                "yaw": -2.088534170501946
            },
            "heading": -2.088534170501946,
            "speeds": {
                "vmax": 15.0
            },
            "type": 2,
            "driving_direction": 1,
            "id": "1878_0",
            "lane_type": 4
        },
        {
            "pos": {
                "x": 566835.4717625573,
                "y": 4318042.310296162,
                "yaw": -2.11509988492055
            },
            "heading": -2.11509988492055,
            "speeds": {
                "vmax": 15.0
            },
            "type": 2,
            "driving_direction": 1,
            "id": "1878_0",
            "lane_type": 4
        },
        {
            "pos": {
                "x": 566835.2087999161,
                "y": 4318041.887154836,
                "yaw": -2.1411742894614822
            },
            "heading": -2.1411742894614822,
            "speeds": {
                "vmax": 15.0
            },
            "type": 2,
            "driving_direction": 1,
            "id": "1878_0",
            "lane_type": 4
        },
        {
            "pos": {
                "x": 566834.9345560753,
                "y": 4318041.473803888,
                "yaw": -2.1772855406850002
            },
            "heading": -2.1772855406850002,
            "speeds": {
                "vmax": 15.0
            },
            "type": 2,
            "driving_direction": 1,
            "id": "1878_0",
            "lane_type": 4
        },
        {
            "pos": {
                "x": 566834.6381068116,
                "y": 4318041.065263712,
                "yaw": -2.230468775478855
            },
            "heading": -2.230468775478855,
            "speeds": {
                "vmax": 15.0
            },
            "type": 2,
            "driving_direction": 1,
            "id": "1878_0",
            "lane_type": 4
        },
        {
            "pos": {
                "x": 566834.3254752381,
                "y": 4318040.689256358,
                "yaw": -2.2972018404695977
            },
            "heading": -2.2972018404695977,
            "speeds": {
                "vmax": 15.0
            },
            "type": 2,
            "driving_direction": 1,
            "id": "1878_0",
            "lane_type": 4
        },
        {
            "pos": {
                "x": 566833.9828644509,
                "y": 4318040.326930663,
                "yaw": -2.3533630494449795
            },
            "heading": -2.3533630494449795,
            "speeds": {
                "vmax": 15.0
            },
            "type": 2,
            "driving_direction": 1,
            "id": "1878_0",
            "lane_type": 4
        },
        {
            "pos": {
                "x": 566833.6223708359,
                "y": 4318039.981128148,
                "yaw": -2.4045295613297086
            },
            "heading": -2.4045295613297086,
            "speeds": {
                "vmax": 15.0
            },
            "type": 2,
            "driving_direction": 1,
            "id": "1878_0",
            "lane_type": 4
        },
        {
            "pos": {
                "x": 566833.2435105713,
                "y": 4318039.654393116,
                "yaw": -2.4571337616502955
            },
            "heading": -2.4571337616502955,
            "speeds": {
                "vmax": 15.0
            },
            "type": 2,
            "driving_direction": 1,
            "id": "1878_0",
            "lane_type": 4
        },
        {
            "pos": {
                "x": 566832.8479207832,
                "y": 4318039.347545335,
                "yaw": -2.5058772445023667
            },
            "heading": -2.5058772445023667,
            "speeds": {
                "vmax": 15.0
            },
            "type": 2,
            "driving_direction": 1,
            "id": "1878_0",
            "lane_type": 4
        },
        {
            "pos": {
                "x": 566832.4378231065,
                "y": 4318039.058500728,
                "yaw": -2.5489194782619413
            },
            "heading": -2.5489194782619413,
            "speeds": {
                "vmax": 15.0
            },
            "type": 2,
            "driving_direction": 1,
            "id": "1878_0",
            "lane_type": 4
        },
        {
            "pos": {
                "x": 566832.016514909,
                "y": 4318038.786479043,
                "yaw": -2.586668666697623
            },
            "heading": -2.586668666697623,
            "speeds": {
                "vmax": 15.0
            },
            "type": 2,
            "driving_direction": 1,
            "id": "1878_0",
            "lane_type": 4
        },
        {
            "pos": {
                "x": 566831.5857987506,
                "y": 4318038.529311065,
                "yaw": -2.6171615404666877
            },
            "heading": -2.6171615404666877,
            "speeds": {
                "vmax": 15.0
            },
            "type": 2,
            "driving_direction": 1,
            "id": "1878_0",
            "lane_type": 4
        },
        {
            "pos": {
                "x": 566831.1482474043,
                "y": 4318038.283623472,
                "yaw": -2.643251238696889
            },
            "heading": -2.643251238696889,
            "speeds": {
                "vmax": 15.0
            },
            "type": 2,
            "driving_direction": 1,
            "id": "1878_0",
            "lane_type": 4
        },
        {
            "pos": {
                "x": 566830.7042861099,
                "y": 4318038.049254466,
                "yaw": -2.6727020485297186
            },
            "heading": -2.6727020485297186,
            "speeds": {
                "vmax": 15.0
            },
            "type": 2,
            "driving_direction": 1,
            "id": "1878_0",
            "lane_type": 4
        },
        {
            "pos": {
                "x": 566830.2527661809,
                "y": 4318037.829531614,
                "yaw": -2.708859460138274
            },
            "heading": -2.708859460138274,
            "speeds": {
                "vmax": 15.0
            },
            "type": 2,
            "driving_direction": 1,
            "id": "1878_0",
            "lane_type": 4
        },
        {
            "pos": {
                "x": 566829.7930758041,
                "y": 4318037.627728356,
                "yaw": -2.747611253359832
            },
            "heading": -2.747611253359832,
            "speeds": {
                "vmax": 15.0
            },
            "type": 2,
            "driving_direction": 1,
            "id": "1878_0",
            "lane_type": 4
        },
        {
            "pos": {
                "x": 566829.3263806634,
                "y": 4318037.443736015,
                "yaw": -2.7779819867022586
            },
            "heading": -2.7779819867022586,
            "speeds": {
                "vmax": 15.0
            },
            "type": 2,
            "driving_direction": 1,
            "id": "1878_0",
            "lane_type": 4
        },
        {
            "pos": {
                "x": 566828.8557770122,
                "y": 4318037.270633424,
                "yaw": -2.7936913594735517
            },
            "heading": -2.7936913594735517,
            "speeds": {
                "vmax": 15.0
            },
            "type": 2,
            "driving_direction": 1,
            "id": "1878_0",
            "lane_type": 4
        },
        {
            "pos": {
                "x": 566828.3837638374,
                "y": 4318037.10172344,
                "yaw": -2.7986150572204793
            },
            "heading": -2.7986150572204793,
            "speeds": {
                "vmax": 15.0
            },
            "type": 2,
            "driving_direction": 1,
            "id": "1878_0",
            "lane_type": 4
        },
        {
            "pos": {
                "x": 566827.9110285591,
                "y": 4318036.933327744,
                "yaw": -2.8036829137176973
            },
            "heading": -2.8036829137176973,
            "speeds": {
                "vmax": 15.0
            },
            "type": 2,
            "driving_direction": 1,
            "id": "1878_0",
            "lane_type": 4
        },
        {
            "pos": {
                "x": 566827.4368355877,
                "y": 4318036.76890289,
                "yaw": -2.811483159290327
            },
            "heading": -2.811483159290327,
            "speeds": {
                "vmax": 15.0
            },
            "type": 2,
            "driving_direction": 1,
            "id": "1878_0",
            "lane_type": 4
        },
        {
            "pos": {
                "x": 566826.9613489363,
                "y": 4318036.607848277,
                "yaw": -2.8167836247357396
            },
            "heading": -2.8167836247357396,
            "speeds": {
                "vmax": 15.0
            },
            "type": 2,
            "driving_direction": 1,
            "id": "1878_0",
            "lane_type": 4
        },
        {
            "pos": {
                "x": 566826.4853935391,
                "y": 4318036.448483312,
                "yaw": -2.81855865923668
            },
            "heading": -2.81855865923668,
            "speeds": {
                "vmax": 15.0
            },
            "type": 2,
            "driving_direction": 1,
            "id": "1878_0",
            "lane_type": 4
        },
        {
            "pos": {
                "x": 566826.0093805636,
                "y": 4318036.289152392,
                "yaw": -2.8169499710927983
            },
            "heading": -2.8169499710927983,
            "speeds": {
                "vmax": 15.0
            },
            "type": 2,
            "driving_direction": 1,
            "id": "1878_0",
            "lane_type": 4
        },
        {
            "pos": {
                "x": 566825.5318136446,
                "y": 4318036.129169079,
                "yaw": -2.914186358096378
            },
            "heading": -2.914186358096378,
            "speeds": {
                "vmax": 20.0
            },
            "type": 1,
            "driving_direction": 1,
            "id": "1166_1",
            "lane_type": 8
        },
        {
            "pos": {
                "x": 566825.0459672369,
                "y": 4318036.016739827,
                "yaw": -2.914186299708779
            },
            "heading": -2.914186299708779,
            "speeds": {
                "vmax": 20.0
            },
            "type": 1,
            "driving_direction": 1,
            "id": "1166_1",
            "lane_type": 8
        },
        {
            "pos": {
                "x": 566824.5599612694,
                "y": 4318035.904273651,
                "yaw": -2.914186993933697
            },
            "heading": -2.914186993933697,
            "speeds": {
                "vmax": 20.0
            },
            "type": 1,
            "driving_direction": 1,
            "id": "1166_1",
            "lane_type": 8
        },
        {
            "pos": {
                "x": 566824.0740396779,
                "y": 4318035.791827001,
                "yaw": -2.9141864570291824
            },
            "heading": -2.9141864570291824,
            "speeds": {
                "vmax": 20.0
            },
            "type": 1,
            "driving_direction": 1,
            "id": "1166_1",
            "lane_type": 8
        },
        {
            "pos": {
                "x": 566823.5880384964,
                "y": 4318035.679361932,
                "yaw": -2.9141864235580655
            },
            "heading": -2.9141864235580655,
            "speeds": {
                "vmax": 20.0
            },
            "type": 1,
            "driving_direction": 1,
            "id": "1166_1",
            "lane_type": 8
        },
        {
            "pos": {
                "x": 566823.1020911892,
                "y": 4318035.566909332,
                "yaw": -2.914186513366047
            },
            "heading": -2.914186513366047,
            "speeds": {
                "vmax": 20.0
            },
            "type": 1,
            "driving_direction": 1,
            "id": "1166_1",
            "lane_type": 8
        },
        {
            "pos": {
                "x": 566822.6161229409,
                "y": 4318035.454451884,
                "yaw": -2.914186620984464
            },
            "heading": -2.914186620984464,
            "speeds": {
                "vmax": 20.0
            },
            "type": 1,
            "driving_direction": 1,
            "id": "1166_1",
            "lane_type": 8
        },
        {
            "pos": {
                "x": 566822.1301139148,
                "y": 4318035.341985,
                "yaw": -2.914186079945372
            },
            "heading": -2.914186079945372,
            "speeds": {
                "vmax": 20.0
            },
            "type": 1,
            "driving_direction": 1,
            "id": "1166_1",
            "lane_type": 8
        },
        {
            "pos": {
                "x": 566821.6441752742,
                "y": 4318035.229534405,
                "yaw": -2.914187020687132
            },
            "heading": -2.914187020687132,
            "speeds": {
                "vmax": 20.0
            },
            "type": 1,
            "driving_direction": 1,
            "id": "1166_1",
            "lane_type": 8
        },
        {
            "pos": {
                "x": 566821.1582159118,
                "y": 4318035.117079015,
                "yaw": -2.9141862758855903
            },
            "heading": -2.9141862758855903,
            "speeds": {
                "vmax": 20.0
            },
            "type": 1,
            "driving_direction": 1,
            "id": "1166_1",
            "lane_type": 8
        },
        {
            "pos": {
                "x": 566820.6722348111,
                "y": 4318035.0046185935,
                "yaw": -2.914185763144355
            },
            "heading": -2.914185763144355,
            "speeds": {
                "vmax": 20.0
            },
            "type": 1,
            "driving_direction": 1,
            "id": "1166_1",
            "lane_type": 8
        },
        {
            "pos": {
                "x": 566820.1862756968,
                "y": 4318034.892163261,
                "yaw": -2.914187430120752
            },
            "heading": -2.914187430120752,
            "speeds": {
                "vmax": 20.0
            },
            "type": 1,
            "driving_direction": 1,
            "id": "1166_1",
            "lane_type": 8
        },
        {
            "pos": {
                "x": 566819.7003261166,
                "y": 4318034.779710133,
                "yaw": -2.9141859295666883
            },
            "heading": -2.9141859295666883,
            "speeds": {
                "vmax": 20.0
            },
            "type": 1,
            "driving_direction": 1,
            "id": "1166_1",
            "lane_type": 8
        },
        {
            "pos": {
                "x": 566819.2143396675,
                "y": 4318034.667248474,
                "yaw": -2.914186702694427
            },
            "heading": -2.914186702694427,
            "speeds": {
                "vmax": 20.0
            },
            "type": 1,
            "driving_direction": 1,
            "id": "1166_1",
            "lane_type": 8
        },
        {
            "pos": {
                "x": 566818.7283919515,
                "y": 4318034.554795779,
                "yaw": -2.914186461021937
            },
            "heading": -2.914186461021937,
            "speeds": {
                "vmax": 20.0
            },
            "type": 1,
            "driving_direction": 1,
            "id": "1166_1",
            "lane_type": 8
        },
        {
            "pos": {
                "x": 566818.2424225649,
                "y": 4318034.442338068,
                "yaw": -2.9141861657949804
            },
            "heading": -2.9141861657949804,
            "speeds": {
                "vmax": 20.0
            },
            "type": 1,
            "driving_direction": 1,
            "id": "1166_1",
            "lane_type": 8
        },
        {
            "pos": {
                "x": 566817.7564572673,
                "y": 4318034.329881304,
                "yaw": -2.914186078528101
            },
            "heading": -2.914186078528101,
            "speeds": {
                "vmax": 20.0
            },
            "type": 1,
            "driving_direction": 1,
            "id": "1166_1",
            "lane_type": 8
        },
        {
            "pos": {
                "x": 566817.270492599,
                "y": 4318034.217424686,
                "yaw": -2.914187403326103
            },
            "heading": -2.914187403326103,
            "speeds": {
                "vmax": 20.0
            },
            "type": 1,
            "driving_direction": 1,
            "id": "1166_1",
            "lane_type": 8
        },
        {
            "pos": {
                "x": 566816.7845315698,
                "y": 4318034.104968909,
                "yaw": -2.914186125508078
            },
            "heading": -2.914186125508078,
            "speeds": {
                "vmax": 20.0
            },
            "type": 1,
            "driving_direction": 1,
            "id": "1166_1",
            "lane_type": 8
        },
        {
            "pos": {
                "x": 566816.2985623763,
                "y": 4318033.9925112445,
                "yaw": -2.9141863067341234
            },
            "heading": -2.9141863067341234,
            "speeds": {
                "vmax": 20.0
            },
            "type": 1,
            "driving_direction": 1,
            "id": "1166_1",
            "lane_type": 8
        },
        {
            "pos": {
                "x": 566815.8125962727,
                "y": 4318033.880054293,
                "yaw": -2.914186875817485
            },
            "heading": -2.914186875817485,
            "speeds": {
                "vmax": 20.0
            },
            "type": 1,
            "driving_direction": 1,
            "id": "1166_1",
            "lane_type": 8
        },
        {
            "pos": {
                "x": 566815.326636157,
                "y": 4318033.767598728,
                "yaw": -2.914186466425204
            },
            "heading": -2.914186466425204,
            "speeds": {
                "vmax": 20.0
            },
            "type": 1,
            "driving_direction": 1,
            "id": "1166_1",
            "lane_type": 8
        },
        {
            "pos": {
                "x": 566814.8406703076,
                "y": 4318033.655141836,
                "yaw": -2.9141861940253833
            },
            "heading": -2.9141861940253833,
            "speeds": {
                "vmax": 20.0
            },
            "type": 1,
            "driving_direction": 1,
            "id": "1166_1",
            "lane_type": 8
        },
        {
            "pos": {
                "x": 566814.3546912591,
                "y": 4318033.54268189,
                "yaw": -2.914186512113501
            },
            "heading": -2.914186512113501,
            "speeds": {
                "vmax": 20.0
            },
            "type": 1,
            "driving_direction": 1,
            "id": "1166_1",
            "lane_type": 8
        },
        {
            "pos": {
                "x": 566813.8687315333,
                "y": 4318033.430226414,
                "yaw": -2.9141867577015024
            },
            "heading": -2.9141867577015024,
            "speeds": {
                "vmax": 20.0
            },
            "type": 1,
            "driving_direction": 1,
            "id": "1166_1",
            "lane_type": 8
        },
        {
            "pos": {
                "x": 566813.3827640117,
                "y": 4318033.317769136,
                "yaw": -2.914186223543118
            },
            "heading": -2.914186223543118,
            "speeds": {
                "vmax": 20.0
            },
            "type": 1,
            "driving_direction": 1,
            "id": "1166_1",
            "lane_type": 8
        },
        {
            "pos": {
                "x": 566812.8967893448,
                "y": 4318033.205310203,
                "yaw": -2.9141866273746424
            },
            "heading": -2.9141866273746424,
            "speeds": {
                "vmax": 20.0
            },
            "type": 1,
            "driving_direction": 1,
            "id": "1166_1",
            "lane_type": 8
        },
        {
            "pos": {
                "x": 566812.4108717669,
                "y": 4318033.092864482,
                "yaw": -2.9141864768747605
            },
            "heading": -2.9141864768747605,
            "speeds": {
                "vmax": 20.0
            },
            "type": 1,
            "driving_direction": 1,
            "id": "1166_1",
            "lane_type": 8
        },
        {
            "pos": {
                "x": 566811.9249364813,
                "y": 4318032.980414663,
                "yaw": -2.9149382749758264
            },
            "heading": -2.9149382749758264,
            "speeds": {
                "vmax": 20.0
            },
            "type": 1,
            "driving_direction": 1,
            "id": "1167_1",
            "lane_type": 3
        },
        {
            "pos": {
                "x": 566811.455466944,
                "y": 4318032.872147188,
                "yaw": -2.914978392032506
            },
            "heading": -2.914978392032506,
            "speeds": {
                "vmax": 20.0
            },
            "type": 1,
            "driving_direction": 1,
            "id": "1167_1",
            "lane_type": 3
        },
        {
            "pos": {
                "x": 566810.9859269955,
                "y": 4318032.763902854,
                "yaw": -2.9150428330079055
            },
            "heading": -2.9150428330079055,
            "speeds": {
                "vmax": 20.0
            },
            "type": 1,
            "driving_direction": 1,
            "id": "1167_1",
            "lane_type": 3
        },
        {
            "pos": {
                "x": 566810.5164083703,
                "y": 4318032.655687163,
                "yaw": -2.915078841994106
            },
            "heading": -2.915078841994106,
            "speeds": {
                "vmax": 20.0
            },
            "type": 1,
            "driving_direction": 1,
            "id": "1167_1",
            "lane_type": 3
        },
        {
            "pos": {
                "x": 566810.0468610639,
                "y": 4318032.547477322,
                "yaw": -2.9150947283831514
            },
            "heading": -2.9150947283831514,
            "speeds": {
                "vmax": 20.0
            },
            "type": 1,
            "driving_direction": 1,
            "id": "1167_1",
            "lane_type": 3
        },
        {
            "pos": {
                "x": 566809.5773358183,
                "y": 4318032.439275894,
                "yaw": -2.9150927190936216
            },
            "heading": -2.9150927190936216,
            "speeds": {
                "vmax": 20.0
            },
            "type": 1,
            "driving_direction": 1,
            "id": "1167_1",
            "lane_type": 3
        },
        {
            "pos": {
                "x": 566809.1078003068,
                "y": 4318032.331066586,
                "yaw": -2.915072271779698
            },
            "heading": -2.915072271779698,
            "speeds": {
                "vmax": 20.0
            },
            "type": 1,
            "driving_direction": 1,
            "id": "1167_1",
            "lane_type": 3
        },
        {
            "pos": {
                "x": 566808.6382632084,
                "y": 4318032.2228418775,
                "yaw": -2.9150291296606894
            },
            "heading": -2.9150291296606894,
            "speeds": {
                "vmax": 20.0
            },
            "type": 1,
            "driving_direction": 1,
            "id": "1167_1",
            "lane_type": 3
        },
        {
            "pos": {
                "x": 566808.1687326886,
                "y": 4318032.11459161,
                "yaw": -2.914956230712332
            },
            "heading": -2.914956230712332,
            "speeds": {
                "vmax": 20.0
            },
            "type": 1,
            "driving_direction": 1,
            "id": "1167_1",
            "lane_type": 3
        },
        {
            "pos": {
                "x": 566807.6992287275,
                "y": 4318032.006302796,
                "yaw": -2.914836648993847
            },
            "heading": -2.914836648993847,
            "speeds": {
                "vmax": 20.0
            },
            "type": 1,
            "driving_direction": 1,
            "id": "1167_1",
            "lane_type": 3
        },
        {
            "pos": {
                "x": 566807.2297545865,
                "y": 4318031.897946103,
                "yaw": -2.914619080695879
            },
            "heading": -2.914619080695879,
            "speeds": {
                "vmax": 20.0
            },
            "type": 1,
            "driving_direction": 1,
            "id": "1167_1",
            "lane_type": 3
        },
        {
            "pos": {
                "x": 566806.7602635967,
                "y": 4318031.789444987,
                "yaw": -2.9140894498819523
            },
            "heading": -2.9140894498819523,
            "speeds": {
                "vmax": 20.0
            },
            "type": 1,
            "driving_direction": 1,
            "id": "1167_1",
            "lane_type": 3
        },
        {
            "pos": {
                "x": 566806.2909098289,
                "y": 4318031.68059234,
                "yaw": -2.912599674190525
            },
            "heading": -2.912599674190525,
            "speeds": {
                "vmax": 20.0
            },
            "type": 1,
            "driving_direction": 1,
            "id": "1167_1",
            "lane_type": 3
        },
        {
            "pos": {
                "x": 566805.821787946,
                "y": 4318031.570704859,
                "yaw": -2.9117817380580293
            },
            "heading": -2.9117817380580293,
            "speeds": {
                "vmax": 20.0
            },
            "type": 1,
            "driving_direction": 1,
            "id": "1168_1",
            "lane_type": 3
        },
        {
            "pos": {
                "x": 566805.3392763853,
                "y": 4318031.4578241315,
                "yaw": -2.9117814995871916
            },
            "heading": -2.9117814995871916,
            "speeds": {
                "vmax": 20.0
            },
            "type": 1,
            "driving_direction": 1,
            "id": "1168_1",
            "lane_type": 3
        },
        {
            "pos": {
                "x": 566804.8566063596,
                "y": 4318031.344906332,
                "yaw": -2.9117816235505294
            },
            "heading": -2.9117816235505294,
            "speeds": {
                "vmax": 20.0
            },
            "type": 1,
            "driving_direction": 1,
            "id": "1168_1",
            "lane_type": 3
        },
        {
            "pos": {
                "x": 566804.3740201313,
                "y": 4318031.232008135,
                "yaw": -2.9117813923821823
            },
            "heading": -2.9117813923821823,
            "speeds": {
                "vmax": 20.0
            },
            "type": 1,
            "driving_direction": 1,
            "id": "1168_1",
            "lane_type": 3
        },
        {
            "pos": {
                "x": 566803.8913548589,
                "y": 4318031.119091448,
                "yaw": -2.9117813642690327
            },
            "heading": -2.9117813642690327,
            "speeds": {
                "vmax": 20.0
            },
            "type": 1,
            "driving_direction": 1,
            "id": "1168_1",
            "lane_type": 3
        },
        {
            "pos": {
                "x": 566803.4087430912,
                "y": 4318031.006187277,
                "yaw": -2.911782116247583
            },
            "heading": -2.911782116247583,
            "speeds": {
                "vmax": 20.0
            },
            "type": 1,
            "driving_direction": 1,
            "id": "1168_1",
            "lane_type": 3
        },
        {
            "pos": {
                "x": 566802.9261105262,
                "y": 4318030.893278242,
                "yaw": -2.911781630621577
            },
            "heading": -2.911781630621577,
            "speeds": {
                "vmax": 20.0
            },
            "type": 1,
            "driving_direction": 1,
            "id": "1168_1",
            "lane_type": 3
        },
        {
            "pos": {
                "x": 566802.4434374631,
                "y": 4318030.780359731,
                "yaw": -2.9117813451616166
            },
            "heading": -2.9117813451616166,
            "speeds": {
                "vmax": 20.0
            },
            "type": 1,
            "driving_direction": 1,
            "id": "1168_1",
            "lane_type": 3
        },
        {
            "pos": {
                "x": 566801.9608343022,
                "y": 4318030.667457574,
                "yaw": -2.9117816209520355
            },
            "heading": -2.9117816209520355,
            "speeds": {
                "vmax": 20.0
            },
            "type": 1,
            "driving_direction": 1,
            "id": "1168_1",
            "lane_type": 3
        },
        {
            "pos": {
                "x": 566801.4782105623,
                "y": 4318030.554550603,
                "yaw": -2.9117818532027053
            },
            "heading": -2.9117818532027053,
            "speeds": {
                "vmax": 20.0
            },
            "type": 1,
            "driving_direction": 1,
            "id": "1168_1",
            "lane_type": 3
        },
        {
            "pos": {
                "x": 566800.9955652328,
                "y": 4318030.4416385805,
                "yaw": -2.911782027045261
            },
            "heading": -2.911782027045261,
            "speeds": {
                "vmax": 20.0
            },
            "type": 1,
            "driving_direction": 1,
            "id": "1168_1",
            "lane_type": 3
        },
        {
            "pos": {
                "x": 566800.512941739,
                "y": 4318030.328731666,
                "yaw": -2.911781357549079
            },
            "heading": -2.911781357549079,
            "speeds": {
                "vmax": 20.0
            },
            "type": 1,
            "driving_direction": 1,
            "id": "1168_1",
            "lane_type": 3
        },
        {
            "pos": {
                "x": 566800.0303277139,
                "y": 4318030.215826968,
                "yaw": -2.911781522569749
            },
            "heading": -2.911781522569749,
            "speeds": {
                "vmax": 20.0
            },
            "type": 1,
            "driving_direction": 1,
            "id": "1168_1",
            "lane_type": 3
        },
        {
            "pos": {
                "x": 566799.5476770727,
                "y": 4318030.102913703,
                "yaw": -2.91178196766925
            },
            "heading": -2.91178196766925,
            "speeds": {
                "vmax": 20.0
            },
            "type": 1,
            "driving_direction": 1,
            "id": "1168_1",
            "lane_type": 3
        },
        {
            "pos": {
                "x": 566799.065064899,
                "y": 4318029.990009437,
                "yaw": -2.911781374965786
            },
            "heading": -2.911781374965786,
            "speeds": {
                "vmax": 20.0
            },
            "type": 1,
            "driving_direction": 1,
            "id": "1168_1",
            "lane_type": 3
        },
        {
            "pos": {
                "x": 566798.5824312035,
                "y": 4318029.877100137,
                "yaw": -2.911780804158665
            },
            "heading": -2.911780804158665,
            "speeds": {
                "vmax": 20.0
            },
            "type": 1,
            "driving_direction": 1,
            "id": "1168_1",
            "lane_type": 3
        },
        {
            "pos": {
                "x": 566798.0998015688,
                "y": 4318029.764191788,
                "yaw": -2.9117816752499848
            },
            "heading": -2.9117816752499848,
            "speeds": {
                "vmax": 20.0
            },
            "type": 1,
            "driving_direction": 1,
            "id": "1168_1",
            "lane_type": 3
        },
        {
            "pos": {
                "x": 566797.617172559,
                "y": 4318029.651283583,
                "yaw": -2.911782017135397
            },
            "heading": -2.911782017135397,
            "speeds": {
                "vmax": 20.0
            },
            "type": 1,
            "driving_direction": 1,
            "id": "1168_1",
            "lane_type": 3
        },
        {
            "pos": {
                "x": 566797.1345471635,
                "y": 4318029.538376223,
                "yaw": -2.911782059279168
            },
            "heading": -2.911782059279168,
            "speeds": {
                "vmax": 20.0
            },
            "type": 1,
            "driving_direction": 1,
            "id": "1168_1",
            "lane_type": 3
        },
        {
            "pos": {
                "x": 566796.6519136599,
                "y": 4318029.425466968,
                "yaw": -2.911781600874715
            },
            "heading": -2.911781600874715,
            "speeds": {
                "vmax": 20.0
            },
            "type": 1,
            "driving_direction": 1,
            "id": "1168_1",
            "lane_type": 3
        },
        {
            "pos": {
                "x": 566796.1692832245,
                "y": 4318029.312558429,
                "yaw": -2.9117814879213033
            },
            "heading": -2.9117814879213033,
            "speeds": {
                "vmax": 20.0
            },
            "type": 1,
            "driving_direction": 1,
            "id": "1168_1",
            "lane_type": 3
        },
        {
            "pos": {
                "x": 566795.6866587363,
                "y": 4318029.199651283,
                "yaw": -2.9117814019360977
            },
            "heading": -2.9117814019360977,
            "speeds": {
                "vmax": 20.0
            },
            "type": 1,
            "driving_direction": 1,
            "id": "1168_1",
            "lane_type": 3
        },
        {
            "pos": {
                "x": 566795.2040285534,
                "y": 4318029.086742805,
                "yaw": -2.911781809363191
            },
            "heading": -2.911781809363191,
            "speeds": {
                "vmax": 20.0
            },
            "type": 1,
            "driving_direction": 1,
            "id": "1168_1",
            "lane_type": 3
        },
        {
            "pos": {
                "x": 566794.7213852622,
                "y": 4318028.973831259,
                "yaw": -2.9117814614982294
            },
            "heading": -2.9117814614982294,
            "speeds": {
                "vmax": 20.0
            },
            "type": 1,
            "driving_direction": 1,
            "id": "1168_1",
            "lane_type": 3
        },
        {
            "pos": {
                "x": 566794.238761161,
                "y": 4318028.860924203,
                "yaw": -2.911781669445418
            },
            "heading": -2.911781669445418,
            "speeds": {
                "vmax": 20.0
            },
            "type": 1,
            "driving_direction": 1,
            "id": "1168_1",
            "lane_type": 3
        },
        {
            "pos": {
                "x": 566793.7561293177,
                "y": 4318028.748015337,
                "yaw": -2.9117818226665935
            },
            "heading": -2.9117818226665935,
            "speeds": {
                "vmax": 20.0
            },
            "type": 1,
            "driving_direction": 1,
            "id": "1168_1",
            "lane_type": 3
        },
        {
            "pos": {
                "x": 566793.2734903779,
                "y": 4318028.635104809,
                "yaw": -2.9117812234239584
            },
            "heading": -2.9117812234239584,
            "speeds": {
                "vmax": 20.0
            },
            "type": 1,
            "driving_direction": 1,
            "id": "1168_1",
            "lane_type": 3
        },
        {
            "pos": {
                "x": 566792.7909081355,
                "y": 4318028.522207545,
                "yaw": -2.9117816904979326
            },
            "heading": -2.9117816904979326,
            "speeds": {
                "vmax": 20.0
            },
            "type": 1,
            "driving_direction": 1,
            "id": "1168_1",
            "lane_type": 3
        },
        {
            "pos": {
                "x": 566792.3083083065,
                "y": 4318028.409306167,
                "yaw": -2.911767013822061
            },
            "heading": -2.911767013822061,
            "speeds": {
                "vmax": 20.0
            },
            "type": 1,
            "driving_direction": 1,
            "id": "1169_1",
            "lane_type": 8
        },
        {
            "pos": {
                "x": 566791.8225498619,
                "y": 4318028.295658371,
                "yaw": -2.911753456672737
            },
            "heading": -2.911753456672737,
            "speeds": {
                "vmax": 20.0
            },
            "type": 1,
            "driving_direction": 1,
            "id": "1169_1",
            "lane_type": 8
        },
        {
            "pos": {
                "x": 566791.3365276544,
                "y": 4318028.181934925,
                "yaw": -2.911727398587062
            },
            "heading": -2.911727398587062,
            "speeds": {
                "vmax": 20.0
            },
            "type": 1,
            "driving_direction": 1,
            "id": "1169_1",
            "lane_type": 8
        },
        {
            "pos": {
                "x": 566790.8506588826,
                "y": 4318028.0682347175,
                "yaw": -2.9117041036554148
            },
            "heading": -2.9117041036554148,
            "speeds": {
                "vmax": 20.0
            },
            "type": 1,
            "driving_direction": 1,
            "id": "1169_1",
            "lane_type": 8
        }
    ]
}