{
    "header": {
        "trace_id": "6f04faf5fd704f66a89ba27855906e0d",
        "trans_id": "45bb8f98-d9ad-44fd-8391-a93042a2e7f9",
        "che_id": "A525",
        "timestamp": "2025-02-20T09:51:57.971160Z"
    },
    "task_id": "6f04faf5fd704f66a89ba27855906e0d",
    "navi_id": "A525_6f04faf5fd704f66a89ba27855906e0d_2261",
    "seq_num": 2261,
    "dest_type": 1,
    "mode": 2,
    "waypoints": [
        {
            "pos": {
                "x": 566827.4420250121,
                "y": 4318032.3921577865,
                "yaw": -2.863089489271081
            },
            "heading": -2.863089489271081,
            "speeds": {
                "vmax": 15.0
            },
            "type": 2,
            "driving_direction": 1,
            "id": "4511_0",
            "lane_type": 4
        },
        {
            "pos": {
                "x": 566826.9609096015,
                "y": 4318032.255388519,
                "yaw": -2.864411671519748
            },
            "heading": -2.864411671519748,
            "speeds": {
                "vmax": 15.0
            },
            "type": 2,
            "driving_direction": 1,
            "id": "4511_0",
            "lane_type": 4
        },
        {
            "pos": {
                "x": 566826.4799638039,
                "y": 4318032.118442176,
                "yaw": -2.9146279040993397
            },
            "heading": -2.9146279040993397,
            "speeds": {
                "vmax": 10.0
            },
            "type": 3,
            "driving_direction": 1
        },
        {
            "pos": {
                "x": 566825.9918364004,
                "y": 4318032.013756869,
                "yaw": -2.9146279040993397
            },
            "heading": -2.9146279040993397,
            "speeds": {
                "vmax": 10.0
            },
            "type": 3,
            "driving_direction": 1
        },
        {
            "pos": {
                "x": 566825.5018731278,
                "y": 4318031.924186456,
                "yaw": -2.9146279040993397
            },
            "heading": -2.9146279040993397,
            "speeds": {
                "vmax": 10.0
            },
            "type": 3,
            "driving_direction": 1
        },
        {
            "pos": {
                "x": 566825.0101715775,
                "y": 4318031.848927463,
                "yaw": -2.9146279040993397
            },
            "heading": -2.9146279040993397,
            "speeds": {
                "vmax": 10.0
            },
            "type": 3,
            "driving_direction": 1
        },
        {
            "pos": {
                "x": 566824.5168293396,
                "y": 4318031.787176412,
                "yaw": -2.9146279040993397
            },
            "heading": -2.9146279040993397,
            "speeds": {
                "vmax": 10.0
            },
            "type": 3,
            "driving_direction": 1
        },
        {
            "pos": {
                "x": 566824.0219440055,
                "y": 4318031.73812983,
                "yaw": -2.9146279040993397
            },
            "heading": -2.9146279040993397,
            "speeds": {
                "vmax": 10.0
            },
            "type": 3,
            "driving_direction": 1
        },
        {
            "pos": {
                "x": 566823.5256131659,
                "y": 4318031.70098424,
                "yaw": -2.9146279040993397
            },
            "heading": -2.9146279040993397,
            "speeds": {
                "vmax": 10.0
            },
            "type": 3,
            "driving_direction": 1
        },
        {
            "pos": {
                "x": 566823.0279344118,
                "y": 4318031.674936169,
                "yaw": -2.9146279040993397
            },
            "heading": -2.9146279040993397,
            "speeds": {
                "vmax": 10.0
            },
            "type": 3,
            "driving_direction": 1
        },
        {
            "pos": {
                "x": 566822.5290053333,
                "y": 4318031.659182137,
                "yaw": -2.9146279040993397
            },
            "heading": -2.9146279040993397,
            "speeds": {
                "vmax": 10.0
            },
            "type": 3,
            "driving_direction": 1
        },
        {
            "pos": {
                "x": 566822.0289235224,
                "y": 4318031.652918675,
                "yaw": -2.9146279040993397
            },
            "heading": -2.9146279040993397,
            "speeds": {
                "vmax": 10.0
            },
            "type": 3,
            "driving_direction": 1
        },
        {
            "pos": {
                "x": 566821.5277865693,
                "y": 4318031.655342306,
                "yaw": -2.9146279040993397
            },
            "heading": -2.9146279040993397,
            "speeds": {
                "vmax": 10.0
            },
            "type": 3,
            "driving_direction": 1
        },
        {
            "pos": {
                "x": 566821.0256920645,
                "y": 4318031.66564955,
                "yaw": -2.9146279040993397
            },
            "heading": -2.9146279040993397,
            "speeds": {
                "vmax": 10.0
            },
            "type": 3,
            "driving_direction": 1
        },
        {
            "pos": {
                "x": 566820.5227375993,
                "y": 4318031.683036936,
                "yaw": -2.9146279040993397
            },
            "heading": -2.9146279040993397,
            "speeds": {
                "vmax": 10.0
            },
            "type": 3,
            "driving_direction": 1
        },
        {
            "pos": {
                "x": 566820.0190207647,
                "y": 4318031.706700991,
                "yaw": -2.9146279040993397
            },
            "heading": -2.9146279040993397,
            "speeds": {
                "vmax": 10.0
            },
            "type": 3,
            "driving_direction": 1
        },
        {
            "pos": {
                "x": 566819.5146391513,
                "y": 4318031.735838237,
                "yaw": -2.9146279040993397
            },
            "heading": -2.9146279040993397,
            "speeds": {
                "vmax": 10.0
            },
            "type": 3,
            "driving_direction": 1
        },
        {
            "pos": {
                "x": 566819.0096903497,
                "y": 4318031.769645197,
                "yaw": -2.9146279040993397
            },
            "heading": -2.9146279040993397,
            "speeds": {
                "vmax": 10.0
            },
            "type": 3,
            "driving_direction": 1
        },
        {
            "pos": {
                "x": 566818.5042719509,
                "y": 4318031.807318397,
                "yaw": -2.9146279040993397
            },
            "heading": -2.9146279040993397,
            "speeds": {
                "vmax": 10.0
            },
            "type": 3,
            "driving_direction": 1
        },
        {
            "pos": {
                "x": 566817.9984815458,
                "y": 4318031.848054362,
                "yaw": -2.9146279040993397
            },
            "heading": -2.9146279040993397,
            "speeds": {
                "vmax": 10.0
            },
            "type": 3,
            "driving_direction": 1
        },
        {
            "pos": {
                "x": 566817.4924167256,
                "y": 4318031.89104962,
                "yaw": -2.9146279040993397
            },
            "heading": -2.9146279040993397,
            "speeds": {
                "vmax": 10.0
            },
            "type": 3,
            "driving_direction": 1
        },
        {
            "pos": {
                "x": 566816.9861750808,
                "y": 4318031.935500693,
                "yaw": -2.9146279040993397
            },
            "heading": -2.9146279040993397,
            "speeds": {
                "vmax": 10.0
            },
            "type": 3,
            "driving_direction": 1
        },
        {
            "pos": {
                "x": 566816.4798542019,
                "y": 4318031.980604103,
                "yaw": -2.9146279040993397
            },
            "heading": -2.9146279040993397,
            "speeds": {
                "vmax": 10.0
            },
            "type": 3,
            "driving_direction": 1
        },
        {
            "pos": {
                "x": 566815.9735516802,
                "y": 4318032.025556378,
                "yaw": -2.9146279040993397
            },
            "heading": -2.9146279040993397,
            "speeds": {
                "vmax": 10.0
            },
            "type": 3,
            "driving_direction": 1
        },
        {
            "pos": {
                "x": 566815.4673651063,
                "y": 4318032.069554042,
                "yaw": -2.9146279040993397
            },
            "heading": -2.9146279040993397,
            "speeds": {
                "vmax": 10.0
            },
            "type": 3,
            "driving_direction": 1
        },
        {
            "pos": {
                "x": 566814.9613920712,
                "y": 4318032.111793621,
                "yaw": -2.9146279040993397
            },
            "heading": -2.9146279040993397,
            "speeds": {
                "vmax": 10.0
            },
            "type": 3,
            "driving_direction": 1
        },
        {
            "pos": {
                "x": 566814.4557301658,
                "y": 4318032.151471639,
                "yaw": -2.9146279040993397
            },
            "heading": -2.9146279040993397,
            "speeds": {
                "vmax": 10.0
            },
            "type": 3,
            "driving_direction": 1
        },
        {
            "pos": {
                "x": 566813.9504769808,
                "y": 4318032.187784619,
                "yaw": -2.9146279040993397
            },
            "heading": -2.9146279040993397,
            "speeds": {
                "vmax": 10.0
            },
            "type": 3,
            "driving_direction": 1
        },
        {
            "pos": {
                "x": 566813.4457301069,
                "y": 4318032.219929088,
                "yaw": -2.9146279040993397
            },
            "heading": -2.9146279040993397,
            "speeds": {
                "vmax": 10.0
            },
            "type": 3,
            "driving_direction": 1
        },
        {
            "pos": {
                "x": 566812.9415871352,
                "y": 4318032.2471015705,
                "yaw": -2.9146279040993397
            },
            "heading": -2.9146279040993397,
            "speeds": {
                "vmax": 10.0
            },
            "type": 3,
            "driving_direction": 1
        },
        {
            "pos": {
                "x": 566812.4381456565,
                "y": 4318032.26849859,
                "yaw": -2.9146279040993397
            },
            "heading": -2.9146279040993397,
            "speeds": {
                "vmax": 10.0
            },
            "type": 3,
            "driving_direction": 1
        },
        {
            "pos": {
                "x": 566811.9355032614,
                "y": 4318032.283316673,
                "yaw": -2.9146279040993397
            },
            "heading": -2.9146279040993397,
            "speeds": {
                "vmax": 10.0
            },
            "type": 3,
            "driving_direction": 1
        },
        {
            "pos": {
                "x": 566811.4337575411,
                "y": 4318032.290752343,
                "yaw": -2.9146279040993397
            },
            "heading": -2.9146279040993397,
            "speeds": {
                "vmax": 10.0
            },
            "type": 3,
            "driving_direction": 1
        },
        {
            "pos": {
                "x": 566810.9330060862,
                "y": 4318032.290002125,
                "yaw": -2.9146279040993397
            },
            "heading": -2.9146279040993397,
            "speeds": {
                "vmax": 10.0
            },
            "type": 3,
            "driving_direction": 1
        },
        {
            "pos": {
                "x": 566810.4333464876,
                "y": 4318032.280262544,
                "yaw": -2.9146279040993397
            },
            "heading": -2.9146279040993397,
            "speeds": {
                "vmax": 10.0
            },
            "type": 3,
            "driving_direction": 1
        },
        {
            "pos": {
                "x": 566809.9348763361,
                "y": 4318032.260730125,
                "yaw": -2.9146279040993397
            },
            "heading": -2.9146279040993397,
            "speeds": {
                "vmax": 10.0
            },
            "type": 3,
            "driving_direction": 1
        },
        {
            "pos": {
                "x": 566809.4376932227,
                "y": 4318032.230601392,
                "yaw": -2.9146279040993397
            },
            "heading": -2.9146279040993397,
            "speeds": {
                "vmax": 10.0
            },
            "type": 3,
            "driving_direction": 1
        },
        {
            "pos": {
                "x": 566808.941894738,
                "y": 4318032.189072871,
                "yaw": -2.9146279040993397
            },
            "heading": -2.9146279040993397,
            "speeds": {
                "vmax": 10.0
            },
            "type": 3,
            "driving_direction": 1
        },
        {
            "pos": {
                "x": 566808.4475784728,
                "y": 4318032.1353410855,
                "yaw": -2.9146279040993397
            },
            "heading": -2.9146279040993397,
            "speeds": {
                "vmax": 10.0
            },
            "type": 3,
            "driving_direction": 1
        },
        {
            "pos": {
                "x": 566807.9548420184,
                "y": 4318032.06860256,
                "yaw": -2.9146279040993397
            },
            "heading": -2.9146279040993397,
            "speeds": {
                "vmax": 10.0
            },
            "type": 3,
            "driving_direction": 1
        },
        {
            "pos": {
                "x": 566807.4637829652,
                "y": 4318031.988053822,
                "yaw": -2.9146279040993397
            },
            "heading": -2.9146279040993397,
            "speeds": {
                "vmax": 10.0
            },
            "type": 3,
            "driving_direction": 1
        },
        {
            "pos": {
                "x": 566806.9744989041,
                "y": 4318031.892891393,
                "yaw": -2.9146279040993397
            },
            "heading": -2.9146279040993397,
            "speeds": {
                "vmax": 10.0
            },
            "type": 3,
            "driving_direction": 1
        },
        {
            "pos": {
                "x": 566806.6702279879,
                "y": 4318031.825772399,
                "yaw": -2.9117824838782598
            },
            "heading": -2.9117824838782598,
            "speeds": {
                "vmax": 20.0
            },
            "type": 1,
            "driving_direction": 1,
            "id": "1167_1",
            "lane_type": 3
        },
        {
            "pos": {
                "x": 566806.1838017025,
                "y": 4318031.710059526,
                "yaw": -2.9117824838782598
            },
            "heading": -2.9117824838782598,
            "speeds": {
                "vmax": 20.0
            },
            "type": 1,
            "driving_direction": 1,
            "id": "1167_1",
            "lane_type": 3
        },
        {
            "pos": {
                "x": 566805.697375417,
                "y": 4318031.594346655,
                "yaw": -2.9117824838782598
            },
            "heading": -2.9117824838782598,
            "speeds": {
                "vmax": 20.0
            },
            "type": 1,
            "driving_direction": 1,
            "id": "1167_1",
            "lane_type": 3
        },
        {
            "pos": {
                "x": 566805.2109491315,
                "y": 4318031.478633782,
                "yaw": -2.9117824838782598
            },
            "heading": -2.9117824838782598,
            "speeds": {
                "vmax": 20.0
            },
            "type": 1,
            "driving_direction": 1,
            "id": "1168_1",
            "lane_type": 3
        },
        {
            "pos": {
                "x": 566804.724522846,
                "y": 4318031.36292091,
                "yaw": -2.9117824838782598
            },
            "heading": -2.9117824838782598,
            "speeds": {
                "vmax": 20.0
            },
            "type": 1,
            "driving_direction": 1,
            "id": "1168_1",
            "lane_type": 3
        },
        {
            "pos": {
                "x": 566804.2380965606,
                "y": 4318031.247208037,
                "yaw": -2.9117824838782598
            },
            "heading": -2.9117824838782598,
            "speeds": {
                "vmax": 20.0
            },
            "type": 1,
            "driving_direction": 1,
            "id": "1168_1",
            "lane_type": 3
        },
        {
            "pos": {
                "x": 566803.7516702751,
                "y": 4318031.131495166,
                "yaw": -2.9117824838782598
            },
            "heading": -2.9117824838782598,
            "speeds": {
                "vmax": 20.0
            },
            "type": 1,
            "driving_direction": 1,
            "id": "1168_1",
            "lane_type": 3
        },
        {
            "pos": {
                "x": 566803.2652439896,
                "y": 4318031.015782293,
                "yaw": -2.9117824838782598
            },
            "heading": -2.9117824838782598,
            "speeds": {
                "vmax": 20.0
            },
            "type": 1,
            "driving_direction": 1,
            "id": "1168_1",
            "lane_type": 3
        },
        {
            "pos": {
                "x": 566802.7788177043,
                "y": 4318030.900069421,
                "yaw": -2.9117824838782598
            },
            "heading": -2.9117824838782598,
            "speeds": {
                "vmax": 20.0
            },
            "type": 1,
            "driving_direction": 1,
            "id": "1168_1",
            "lane_type": 3
        },
        {
            "pos": {
                "x": 566802.2923914188,
                "y": 4318030.784356548,
                "yaw": -2.9117824838782598
            },
            "heading": -2.9117824838782598,
            "speeds": {
                "vmax": 20.0
            },
            "type": 1,
            "driving_direction": 1,
            "id": "1168_1",
            "lane_type": 3
        },
        {
            "pos": {
                "x": 566801.8059651334,
                "y": 4318030.668643676,
                "yaw": -2.9117824838782598
            },
            "heading": -2.9117824838782598,
            "speeds": {
                "vmax": 20.0
            },
            "type": 1,
            "driving_direction": 1,
            "id": "1168_1",
            "lane_type": 3
        },
        {
            "pos": {
                "x": 566801.3195388479,
                "y": 4318030.552930804,
                "yaw": -2.9117824838782598
            },
            "heading": -2.9117824838782598,
            "speeds": {
                "vmax": 20.0
            },
            "type": 1,
            "driving_direction": 1,
            "id": "1168_1",
            "lane_type": 3
        },
        {
            "pos": {
                "x": 566800.8331125624,
                "y": 4318030.437217931,
                "yaw": -2.9117824838782598
            },
            "heading": -2.9117824838782598,
            "speeds": {
                "vmax": 20.0
            },
            "type": 1,
            "driving_direction": 1,
            "id": "1168_1",
            "lane_type": 3
        },
        {
            "pos": {
                "x": 566800.346686277,
                "y": 4318030.3215050595,
                "yaw": -2.9117824838782598
            },
            "heading": -2.9117824838782598,
            "speeds": {
                "vmax": 20.0
            },
            "type": 1,
            "driving_direction": 1,
            "id": "1168_1",
            "lane_type": 3
        },
        {
            "pos": {
                "x": 566799.8602599915,
                "y": 4318030.205792187,
                "yaw": -2.9117824838782598
            },
            "heading": -2.9117824838782598,
            "speeds": {
                "vmax": 20.0
            },
            "type": 1,
            "driving_direction": 1,
            "id": "1168_1",
            "lane_type": 3
        },
        {
            "pos": {
                "x": 566799.373833706,
                "y": 4318030.090079315,
                "yaw": -2.9117824838782598
            },
            "heading": -2.9117824838782598,
            "speeds": {
                "vmax": 20.0
            },
            "type": 1,
            "driving_direction": 1,
            "id": "1168_1",
            "lane_type": 3
        },
        {
            "pos": {
                "x": 566798.8874074206,
                "y": 4318029.974366442,
                "yaw": -2.9117824838782598
            },
            "heading": -2.9117824838782598,
            "speeds": {
                "vmax": 20.0
            },
            "type": 1,
            "driving_direction": 1,
            "id": "1168_1",
            "lane_type": 3
        },
        {
            "pos": {
                "x": 566798.4009811351,
                "y": 4318029.8586535705,
                "yaw": -2.9117824838782598
            },
            "heading": -2.9117824838782598,
            "speeds": {
                "vmax": 20.0
            },
            "type": 1,
            "driving_direction": 1,
            "id": "1168_1",
            "lane_type": 3
        },
        {
            "pos": {
                "x": 566797.9145548496,
                "y": 4318029.742940698,
                "yaw": -2.9117824838782598
            },
            "heading": -2.9117824838782598,
            "speeds": {
                "vmax": 20.0
            },
            "type": 1,
            "driving_direction": 1,
            "id": "1168_1",
            "lane_type": 3
        },
        {
            "pos": {
                "x": 566797.4281285641,
                "y": 4318029.627227825,
                "yaw": -2.9117824838782598
            },
            "heading": -2.9117824838782598,
            "speeds": {
                "vmax": 20.0
            },
            "type": 1,
            "driving_direction": 1,
            "id": "1168_1",
            "lane_type": 3
        },
        {
            "pos": {
                "x": 566796.9417022787,
                "y": 4318029.511514953,
                "yaw": -2.9117824838782598
            },
            "heading": -2.9117824838782598,
            "speeds": {
                "vmax": 20.0
            },
            "type": 1,
            "driving_direction": 1,
            "id": "1168_1",
            "lane_type": 3
        },
        {
            "pos": {
                "x": 566796.4552759932,
                "y": 4318029.395802081,
                "yaw": -2.9117824838782598
            },
            "heading": -2.9117824838782598,
            "speeds": {
                "vmax": 20.0
            },
            "type": 1,
            "driving_direction": 1,
            "id": "1168_1",
            "lane_type": 3
        },
        {
            "pos": {
                "x": 566795.9688497079,
                "y": 4318029.280089209,
                "yaw": -2.9117824838782598
            },
            "heading": -2.9117824838782598,
            "speeds": {
                "vmax": 20.0
            },
            "type": 1,
            "driving_direction": 1,
            "id": "1168_1",
            "lane_type": 3
        },
        {
            "pos": {
                "x": 566795.4824234224,
                "y": 4318029.164376336,
                "yaw": -2.9117824838782598
            },
            "heading": -2.9117824838782598,
            "speeds": {
                "vmax": 20.0
            },
            "type": 1,
            "driving_direction": 1,
            "id": "1168_1",
            "lane_type": 3
        },
        {
            "pos": {
                "x": 566794.9959971369,
                "y": 4318029.048663464,
                "yaw": -2.9117824838782598
            },
            "heading": -2.9117824838782598,
            "speeds": {
                "vmax": 20.0
            },
            "type": 1,
            "driving_direction": 1,
            "id": "1168_1",
            "lane_type": 3
        },
        {
            "pos": {
                "x": 566794.5095708515,
                "y": 4318028.932950592,
                "yaw": -2.9117824838782598
            },
            "heading": -2.9117824838782598,
            "speeds": {
                "vmax": 20.0
            },
            "type": 1,
            "driving_direction": 1,
            "id": "1168_1",
            "lane_type": 3
        },
        {
            "pos": {
                "x": 566794.023144566,
                "y": 4318028.81723772,
                "yaw": -2.9117824838782598
            },
            "heading": -2.9117824838782598,
            "speeds": {
                "vmax": 20.0
            },
            "type": 1,
            "driving_direction": 1,
            "id": "1168_1",
            "lane_type": 3
        },
        {
            "pos": {
                "x": 566793.5367182805,
                "y": 4318028.701524847,
                "yaw": -2.9117824838782598
            },
            "heading": -2.9117824838782598,
            "speeds": {
                "vmax": 20.0
            },
            "type": 1,
            "driving_direction": 1,
            "id": "1168_1",
            "lane_type": 3
        },
        {
            "pos": {
                "x": 566793.050291995,
                "y": 4318028.585811975,
                "yaw": -2.9117824838782598
            },
            "heading": -2.9117824838782598,
            "speeds": {
                "vmax": 20.0
            },
            "type": 1,
            "driving_direction": 1,
            "id": "1168_1",
            "lane_type": 3
        },
        {
            "pos": {
                "x": 566792.5638657096,
                "y": 4318028.470099103,
                "yaw": -2.9117824838782598
            },
            "heading": -2.9117824838782598,
            "speeds": {
                "vmax": 20.0
            },
            "type": 1,
            "driving_direction": 1,
            "id": "1168_1",
            "lane_type": 3
        },
        {
            "pos": {
                "x": 566792.3083083067,
                "y": 4318028.409306169,
                "yaw": -2.9117824838782598
            },
            "heading": -2.9117824838782598,
            "speeds": {
                "vmax": 20.0
            },
            "type": 1,
            "driving_direction": 1,
            "id": "1168_1",
            "lane_type": 3
        },
        {
            "pos": {
                "x": 566792.3083083065,
                "y": 4318028.409306167,
                "yaw": -2.911767013822061
            },
            "heading": -2.911767013822061,
            "speeds": {
                "vmax": 20.0
            },
            "type": 1,
            "driving_direction": 1,
            "id": "1169_1",
            "lane_type": 8
        },
        {
            "pos": {
                "x": 566791.8225498619,
                "y": 4318028.295658371,
                "yaw": -2.911753456672737
            },
            "heading": -2.911753456672737,
            "speeds": {
                "vmax": 20.0
            },
            "type": 1,
            "driving_direction": 1,
            "id": "1169_1",
            "lane_type": 8
        },
        {
            "pos": {
                "x": 566791.3365276544,
                "y": 4318028.181934925,
                "yaw": -2.911727398587062
            },
            "heading": -2.911727398587062,
            "speeds": {
                "vmax": 20.0
            },
            "type": 1,
            "driving_direction": 1,
            "id": "1169_1",
            "lane_type": 8
        },
        {
            "pos": {
                "x": 566790.8506588826,
                "y": 4318028.0682347175,
                "yaw": -2.9117041036554148
            },
            "heading": -2.9117041036554148,
            "speeds": {
                "vmax": 20.0
            },
            "type": 1,
            "driving_direction": 1,
            "id": "1169_1",
            "lane_type": 8
        },
        {
            "pos": {
                "x": 566790.3647319917,
                "y": 4318027.9545097025,
                "yaw": -2.911683461093187
            },
            "heading": -2.911683461093187,
            "speeds": {
                "vmax": 20.0
            },
            "type": 1,
            "driving_direction": 1,
            "id": "1169_1",
            "lane_type": 8
        },
        {
            "pos": {
                "x": 566789.8787460299,
                "y": 4318027.840761083,
                "yaw": -2.911666294795059
            },
            "heading": -2.911666294795059,
            "speeds": {
                "vmax": 20.0
            },
            "type": 1,
            "driving_direction": 1,
            "id": "1169_1",
            "lane_type": 8
        },
        {
            "pos": {
                "x": 566789.3928554272,
                "y": 4318027.727026398,
                "yaw": -2.911651012046764
            },
            "heading": -2.911651012046764,
            "speeds": {
                "vmax": 20.0
            },
            "type": 1,
            "driving_direction": 1,
            "id": "1169_1",
            "lane_type": 8
        },
        {
            "pos": {
                "x": 566788.9068544128,
                "y": 4318027.613259012,
                "yaw": -2.911638882495139
            },
            "heading": -2.911638882495139,
            "speeds": {
                "vmax": 20.0
            },
            "type": 1,
            "driving_direction": 1,
            "id": "1169_1",
            "lane_type": 8
        },
        {
            "pos": {
                "x": 566788.421053083,
                "y": 4318027.499532878,
                "yaw": -2.9116299545406514
            },
            "heading": -2.9116299545406514,
            "speeds": {
                "vmax": 20.0
            },
            "type": 1,
            "driving_direction": 1,
            "id": "1169_1",
            "lane_type": 8
        },
        {
            "pos": {
                "x": 566787.9350159916,
                "y": 4318027.385747705,
                "yaw": -2.9116236843543524
            },
            "heading": -2.9116236843543524,
            "speeds": {
                "vmax": 20.0
            },
            "type": 1,
            "driving_direction": 1,
            "id": "1169_1",
            "lane_type": 8
        },
        {
            "pos": {
                "x": 566787.4491867791,
                "y": 4318027.272008681,
                "yaw": -2.9116204003794426
            },
            "heading": -2.9116204003794426,
            "speeds": {
                "vmax": 20.0
            },
            "type": 1,
            "driving_direction": 1,
            "id": "1169_1",
            "lane_type": 8
        },
        {
            "pos": {
                "x": 566786.9632912605,
                "y": 4318027.158253219,
                "yaw": -2.9116201760405325
            },
            "heading": -2.9116201760405325,
            "speeds": {
                "vmax": 20.0
            },
            "type": 1,
            "driving_direction": 1,
            "id": "1169_1",
            "lane_type": 8
        },
        {
            "pos": {
                "x": 566786.4773747751,
                "y": 4318027.044493416,
                "yaw": -2.911622600908122
            },
            "heading": -2.911622600908122,
            "speeds": {
                "vmax": 20.0
            },
            "type": 1,
            "driving_direction": 1,
            "id": "1169_1",
            "lane_type": 8
        },
        {
            "pos": {
                "x": 566785.9914458643,
                "y": 4318026.930732772,
                "yaw": -2.9116280986487815
            },
            "heading": -2.9116280986487815,
            "speeds": {
                "vmax": 20.0
            },
            "type": 1,
            "driving_direction": 1,
            "id": "1169_1",
            "lane_type": 8
        },
        {
            "pos": {
                "x": 566785.5054916872,
                "y": 4318026.816969776,
                "yaw": -2.9116363525787663
            },
            "heading": -2.9116363525787663,
            "speeds": {
                "vmax": 20.0
            },
            "type": 1,
            "driving_direction": 1,
            "id": "1169_1",
            "lane_type": 8
        },
        {
            "pos": {
                "x": 566785.0195539775,
                "y": 4318026.7032156745,
                "yaw": -2.911647605442533
            },
            "heading": -2.911647605442533,
            "speeds": {
                "vmax": 20.0
            },
            "type": 1,
            "driving_direction": 1,
            "id": "1169_1",
            "lane_type": 8
        },
        {
            "pos": {
                "x": 566784.5336940533,
                "y": 4318026.589486277,
                "yaw": -2.9116620128098094
            },
            "heading": -2.9116620128098094,
            "speeds": {
                "vmax": 20.0
            },
            "type": 1,
            "driving_direction": 1,
            "id": "1169_1",
            "lane_type": 8
        },
        {
            "pos": {
                "x": 566784.0477580589,
                "y": 4318026.475747086,
                "yaw": -2.911678874013017
            },
            "heading": -2.911678874013017,
            "speeds": {
                "vmax": 20.0
            },
            "type": 1,
            "driving_direction": 1,
            "id": "1169_1",
            "lane_type": 8
        },
        {
            "pos": {
                "x": 566783.5618071561,
                "y": 4318026.362013847,
                "yaw": -2.911698674595256
            },
            "heading": -2.911698674595256,
            "speeds": {
                "vmax": 20.0
            },
            "type": 1,
            "driving_direction": 1,
            "id": "1169_1",
            "lane_type": 8
        },
        {
            "pos": {
                "x": 566783.0759207185,
                "y": 4318026.248306537,
                "yaw": -2.911721160031829
            },
            "heading": -2.911721160031829,
            "speeds": {
                "vmax": 20.0
            },
            "type": 1,
            "driving_direction": 1,
            "id": "1169_1",
            "lane_type": 8
        },
        {
            "pos": {
                "x": 566782.5899376718,
                "y": 4318026.13458892,
                "yaw": -2.911746483135717
            },
            "heading": -2.911746483135717,
            "speeds": {
                "vmax": 20.0
            },
            "type": 1,
            "driving_direction": 1,
            "id": "1169_1",
            "lane_type": 8
        },
        {
            "pos": {
                "x": 566782.1040523998,
                "y": 4318026.02090781,
                "yaw": -2.9117744774573633
            },
            "heading": -2.9117744774573633,
            "speeds": {
                "vmax": 20.0
            },
            "type": 1,
            "driving_direction": 1,
            "id": "1169_1",
            "lane_type": 8
        },
        {
            "pos": {
                "x": 566781.6180867731,
                "y": 4318025.90722293,
                "yaw": -2.9118052576887
            },
            "heading": -2.9118052576887,
            "speeds": {
                "vmax": 20.0
            },
            "type": 1,
            "driving_direction": 1,
            "id": "1169_1",
            "lane_type": 8
        },
        {
            "pos": {
                "x": 566781.1321593367,
                "y": 4318025.793563317,
                "yaw": -2.911838473120403
            },
            "heading": -2.911838473120403,
            "speeds": {
                "vmax": 20.0
            },
            "type": 1,
            "driving_direction": 1,
            "id": "1169_1",
            "lane_type": 8
        },
        {
            "pos": {
                "x": 566780.6462320933,
                "y": 4318025.679921383,
                "yaw": -2.911873853868016
            },
            "heading": -2.911873853868016,
            "speeds": {
                "vmax": 20.0
            },
            "type": 1,
            "driving_direction": 1,
            "id": "1169_1",
            "lane_type": 8
        },
        {
            "pos": {
                "x": 566780.1602405276,
                "y": 4318025.566283312,
                "yaw": -2.91191203723604
            },
            "heading": -2.91191203723604,
            "speeds": {
                "vmax": 20.0
            },
            "type": 1,
            "driving_direction": 1,
            "id": "1169_1",
            "lane_type": 8
        },
        {
            "pos": {
                "x": 566779.674326811,
                "y": 4318025.452683561,
                "yaw": -2.9119523358085977
            },
            "heading": -2.9119523358085977,
            "speeds": {
                "vmax": 20.0
            },
            "type": 1,
            "driving_direction": 1,
            "id": "1169_1",
            "lane_type": 8
        },
        {
            "pos": {
                "x": 566779.1883776399,
                "y": 4318025.339096839,
                "yaw": -2.9119950876130765
            },
            "heading": -2.9119950876130765,
            "speeds": {
                "vmax": 20.0
            },
            "type": 1,
            "driving_direction": 1,
            "id": "1169_1",
            "lane_type": 8
        },
        {
            "pos": {
                "x": 566778.7023911192,
                "y": 4318025.225523855,
                "yaw": -2.9120403040376743
            },
            "heading": -2.9120403040376743,
            "speeds": {
                "vmax": 20.0
            },
            "type": 1,
            "driving_direction": 1,
            "id": "1169_1",
            "lane_type": 8
        },
        {
            "pos": {
                "x": 566778.2164291416,
                "y": 4318025.111980189,
                "yaw": -2.912086994670472
            },
            "heading": -2.912086994670472,
            "speeds": {
                "vmax": 20.0
            },
            "type": 1,
            "driving_direction": 1,
            "id": "1169_1",
            "lane_type": 8
        },
        {
            "pos": {
                "x": 566777.7304745882,
                "y": 4318024.998462912,
                "yaw": -2.9121361182148515
            },
            "heading": -2.9121361182148515,
            "speeds": {
                "vmax": 20.0
            },
            "type": 1,
            "driving_direction": 1,
            "id": "1169_1",
            "lane_type": 8
        },
        {
            "pos": {
                "x": 566777.2444943404,
                "y": 4318024.8849653145,
                "yaw": -2.9121874387761184
            },
            "heading": -2.9121874387761184,
            "speeds": {
                "vmax": 20.0
            },
            "type": 1,
            "driving_direction": 1,
            "id": "1169_1",
            "lane_type": 8
        },
        {
            "pos": {
                "x": 566776.7584954888,
                "y": 4318024.771490041,
                "yaw": -2.91223989293366
            },
            "heading": -2.91223989293366,
            "speeds": {
                "vmax": 20.0
            },
            "type": 1,
            "driving_direction": 1,
            "id": "1169_1",
            "lane_type": 8
        },
        {
            "pos": {
                "x": 566776.2725044913,
                "y": 4318024.6580439545,
                "yaw": -2.9122925942081723
            },
            "heading": -2.9122925942081723,
            "speeds": {
                "vmax": 20.0
            },
            "type": 1,
            "driving_direction": 1,
            "id": "1169_1",
            "lane_type": 8
        },
        {
            "pos": {
                "x": 566775.7865175873,
                "y": 4318024.544625277,
                "yaw": -2.9123427184667072
            },
            "heading": -2.9123427184667072,
            "speeds": {
                "vmax": 20.0
            },
            "type": 1,
            "driving_direction": 1,
            "id": "1169_1",
            "lane_type": 8
        },
        {
            "pos": {
                "x": 566775.3005102103,
                "y": 4318024.431226835,
                "yaw": -2.912390131521678
            },
            "heading": -2.912390131521678,
            "speeds": {
                "vmax": 20.0
            },
            "type": 1,
            "driving_direction": 1,
            "id": "1169_1",
            "lane_type": 8
        },
        {
            "pos": {
                "x": 566774.8145069975,
                "y": 4318024.317852981,
                "yaw": -2.912435065109086
            },
            "heading": -2.912435065109086,
            "speeds": {
                "vmax": 20.0
            },
            "type": 1,
            "driving_direction": 1,
            "id": "1169_1",
            "lane_type": 8
        },
        {
            "pos": {
                "x": 566774.3284931951,
                "y": 4318024.20449894,
                "yaw": -2.9124771459889613
            },
            "heading": -2.9124771459889613,
            "speeds": {
                "vmax": 20.0
            },
            "type": 1,
            "driving_direction": 1,
            "id": "1169_1",
            "lane_type": 8
        },
        {
            "pos": {
                "x": 566773.8424728587,
                "y": 4318024.091164358,
                "yaw": -2.912517015566915
            },
            "heading": -2.912517015566915,
            "speeds": {
                "vmax": 20.0
            },
            "type": 1,
            "driving_direction": 1,
            "id": "1169_1",
            "lane_type": 8
        },
        {
            "pos": {
                "x": 566773.3564499478,
                "y": 4318023.977848897,
                "yaw": -2.9125541964475388
            },
            "heading": -2.9125541964475388,
            "speeds": {
                "vmax": 20.0
            },
            "type": 1,
            "driving_direction": 1,
            "id": "1169_1",
            "lane_type": 8
        },
        {
            "pos": {
                "x": 566772.8704294345,
                "y": 4318023.864552464,
                "yaw": -2.912588981998428
            },
            "heading": -2.912588981998428,
            "speeds": {
                "vmax": 20.0
            },
            "type": 1,
            "driving_direction": 1,
            "id": "1169_1",
            "lane_type": 8
        },
        {
            "pos": {
                "x": 566772.3844035318,
                "y": 4318023.751272049,
                "yaw": -2.9126215243751052
            },
            "heading": -2.9126215243751052,
            "speeds": {
                "vmax": 20.0
            },
            "type": 1,
            "driving_direction": 1,
            "id": "1169_1",
            "lane_type": 8
        },
        {
            "pos": {
                "x": 566771.8983690556,
                "y": 4318023.638005744,
                "yaw": -2.91265199873634
            },
            "heading": -2.91265199873634,
            "speeds": {
                "vmax": 20.0
            },
            "type": 1,
            "driving_direction": 1,
            "id": "1169_1",
            "lane_type": 8
        },
        {
            "pos": {
                "x": 566771.4123296601,
                "y": 4318023.524753254,
                "yaw": -2.9126797046177706
            },
            "heading": -2.9126797046177706,
            "speeds": {
                "vmax": 20.0
            },
            "type": 1,
            "driving_direction": 1,
            "id": "1169_1",
            "lane_type": 8
        },
        {
            "pos": {
                "x": 566770.9262978067,
                "y": 4318023.411516344,
                "yaw": -2.912705933769559
            },
            "heading": -2.912705933769559,
            "speeds": {
                "vmax": 20.0
            },
            "type": 1,
            "driving_direction": 1,
            "id": "1169_1",
            "lane_type": 8
        },
        {
            "pos": {
                "x": 566770.4402519835,
                "y": 4318023.298288911,
                "yaw": -2.9127297312922455
            },
            "heading": -2.9127297312922455,
            "speeds": {
                "vmax": 20.0
            },
            "type": 1,
            "driving_direction": 1,
            "id": "1169_1",
            "lane_type": 8
        },
        {
            "pos": {
                "x": 566769.9542006156,
                "y": 4318023.185071843,
                "yaw": -2.9127512795007617
            },
            "heading": -2.9127512795007617,
            "speeds": {
                "vmax": 20.0
            },
            "type": 1,
            "driving_direction": 1,
            "id": "1169_1",
            "lane_type": 8
        },
        {
            "pos": {
                "x": 566769.4681562101,
                "y": 4318023.071866987,
                "yaw": -2.912770988089889
            },
            "heading": -2.912770988089889,
            "speeds": {
                "vmax": 20.0
            },
            "type": 1,
            "driving_direction": 1,
            "id": "1169_1",
            "lane_type": 8
        },
        {
            "pos": {
                "x": 566768.9821194944,
                "y": 4318022.958673472,
                "yaw": -2.912788563798217
            },
            "heading": -2.912788563798217,
            "speeds": {
                "vmax": 20.0
            },
            "type": 1,
            "driving_direction": 1,
            "id": "1169_1",
            "lane_type": 8
        },
        {
            "pos": {
                "x": 566768.4960736008,
                "y": 4318022.845486334,
                "yaw": -2.9128042707567467
            },
            "heading": -2.9128042707567467,
            "speeds": {
                "vmax": 20.0
            },
            "type": 1,
            "driving_direction": 1,
            "id": "1169_1",
            "lane_type": 8
        },
        {
            "pos": {
                "x": 566768.0100037769,
                "y": 4318022.7323010955,
                "yaw": -2.9128177501035717
            },
            "heading": -2.9128177501035717,
            "speeds": {
                "vmax": 20.0
            },
            "type": 1,
            "driving_direction": 1,
            "id": "1169_1",
            "lane_type": 8
        },
        {
            "pos": {
                "x": 566767.5239461982,
                "y": 4318022.619125201,
                "yaw": -2.9128298196927296
            },
            "heading": -2.9128298196927296,
            "speeds": {
                "vmax": 20.0
            },
            "type": 1,
            "driving_direction": 1,
            "id": "1169_1",
            "lane_type": 8
        },
        {
            "pos": {
                "x": 566767.0379002632,
                "y": 4318022.505957525,
                "yaw": -2.9128392985009945
            },
            "heading": -2.9128392985009945,
            "speeds": {
                "vmax": 20.0
            },
            "type": 1,
            "driving_direction": 1,
            "id": "1169_1",
            "lane_type": 8
        },
        {
            "pos": {
                "x": 566766.5518698478,
                "y": 4318022.3927979795,
                "yaw": -2.91284724471902
            },
            "heading": -2.91284724471902,
            "speeds": {
                "vmax": 20.0
            },
            "type": 1,
            "driving_direction": 1,
            "id": "1169_1",
            "lane_type": 8
        },
        {
            "pos": {
                "x": 566766.0657825697,
                "y": 4318022.279628656,
                "yaw": -2.9128530370149277
            },
            "heading": -2.9128530370149277,
            "speeds": {
                "vmax": 20.0
            },
            "type": 1,
            "driving_direction": 1,
            "id": "1169_1",
            "lane_type": 8
        },
        {
            "pos": {
                "x": 566765.5797176943,
                "y": 4318022.166467113,
                "yaw": -2.9128569152646895
            },
            "heading": -2.9128569152646895,
            "speeds": {
                "vmax": 20.0
            },
            "type": 1,
            "driving_direction": 1,
            "id": "1169_1",
            "lane_type": 8
        },
        {
            "pos": {
                "x": 566765.093689767,
                "y": 4318022.0533157755,
                "yaw": -2.912859259950837
            },
            "heading": -2.912859259950837,
            "speeds": {
                "vmax": 20.0
            },
            "type": 1,
            "driving_direction": 1,
            "id": "1169_1",
            "lane_type": 8
        },
        {
            "pos": {
                "x": 566764.6076153426,
                "y": 4318021.940154164,
                "yaw": -2.912859626648197
            },
            "heading": -2.912859626648197,
            "speeds": {
                "vmax": 20.0
            },
            "type": 1,
            "driving_direction": 1,
            "id": "1169_1",
            "lane_type": 8
        },
        {
            "pos": {
                "x": 566764.1215410242,
                "y": 4318021.826992204,
                "yaw": -2.9128577734059005
            },
            "heading": -2.9128577734059005,
            "speeds": {
                "vmax": 20.0
            },
            "type": 1,
            "driving_direction": 1,
            "id": "1169_1",
            "lane_type": 8
        },
        {
            "pos": {
                "x": 566763.6355364657,
                "y": 4318021.713845203,
                "yaw": -2.9128541798439103
            },
            "heading": -2.9128541798439103,
            "speeds": {
                "vmax": 20.0
            },
            "type": 1,
            "driving_direction": 1,
            "id": "1169_1",
            "lane_type": 8
        },
        {
            "pos": {
                "x": 566763.1494268564,
                "y": 4318021.600671332,
                "yaw": -2.9128488050073873
            },
            "heading": -2.9128488050073873,
            "speeds": {
                "vmax": 20.0
            },
            "type": 1,
            "driving_direction": 1,
            "id": "1169_1",
            "lane_type": 8
        },
        {
            "pos": {
                "x": 566762.6633936861,
                "y": 4318021.487512032,
                "yaw": -2.9128413535381545
            },
            "heading": -2.9128413535381545,
            "speeds": {
                "vmax": 20.0
            },
            "type": 1,
            "driving_direction": 1,
            "id": "1169_1",
            "lane_type": 8
        },
        {
            "pos": {
                "x": 566762.1773220345,
                "y": 4318021.374339457,
                "yaw": -2.9128321230014023
            },
            "heading": -2.9128321230014023,
            "speeds": {
                "vmax": 20.0
            },
            "type": 1,
            "driving_direction": 1,
            "id": "1169_1",
            "lane_type": 8
        },
        {
            "pos": {
                "x": 566761.6912849462,
                "y": 4318021.261169701,
                "yaw": -2.9128207768166727
            },
            "heading": -2.9128207768166727,
            "speeds": {
                "vmax": 20.0
            },
            "type": 1,
            "driving_direction": 1,
            "id": "1169_1",
            "lane_type": 8
        },
        {
            "pos": {
                "x": 566761.2052029537,
                "y": 4318021.147983192,
                "yaw": -2.912807485909056
            },
            "heading": -2.912807485909056,
            "speeds": {
                "vmax": 20.0
            },
            "type": 1,
            "driving_direction": 1,
            "id": "1169_1",
            "lane_type": 8
        },
        {
            "pos": {
                "x": 566760.7192274153,
                "y": 4318021.034814294,
                "yaw": -2.9127924363423183
            },
            "heading": -2.9127924363423183,
            "speeds": {
                "vmax": 20.0
            },
            "type": 1,
            "driving_direction": 1,
            "id": "1169_1",
            "lane_type": 8
        },
        {
            "pos": {
                "x": 566760.2331046116,
                "y": 4318020.921602698,
                "yaw": -2.9127752164805116
            },
            "heading": -2.9127752164805116,
            "speeds": {
                "vmax": 20.0
            },
            "type": 1,
            "driving_direction": 1,
            "id": "1169_1",
            "lane_type": 8
        },
        {
            "pos": {
                "x": 566759.7470523727,
                "y": 4318020.808398293,
                "yaw": -2.9127561383326173
            },
            "heading": -2.9127561383326173,
            "speeds": {
                "vmax": 20.0
            },
            "type": 1,
            "driving_direction": 1,
            "id": "1169_1",
            "lane_type": 8
        },
        {
            "pos": {
                "x": 566759.2610500283,
                "y": 4318020.6951951925,
                "yaw": -2.912734935412636
            },
            "heading": -2.912734935412636,
            "speeds": {
                "vmax": 20.0
            },
            "type": 1,
            "driving_direction": 1,
            "id": "1169_1",
            "lane_type": 8
        },
        {
            "pos": {
                "x": 566758.775065586,
                "y": 4318020.58198486,
                "yaw": -2.9831273297042693
            },
            "heading": -2.9831273297042693,
            "speeds": {
                "vmax": 15.0
            },
            "type": 2,
            "driving_direction": 1,
            "id": "1259_0",
            "lane_type": 31
        },
        {
            "pos": {
                "x": 566758.2523178679,
                "y": 4318020.498449944,
                "yaw": -2.9840358520156087
            },
            "heading": -2.9840358520156087,
            "speeds": {
                "vmax": 15.0
            },
            "type": 2,
            "driving_direction": 1,
            "id": "1259_0",
            "lane_type": 31
        },
        {
            "pos": {
                "x": 566757.7049169338,
                "y": 4318020.4119373225,
                "yaw": -2.985663528905723
            },
            "heading": -2.985663528905723,
            "speeds": {
                "vmax": 15.0
            },
            "type": 2,
            "driving_direction": 1,
            "id": "1259_0",
            "lane_type": 31
        },
        {
            "pos": {
                "x": 566757.1686836098,
                "y": 4318020.328061335,
                "yaw": -2.986666168634335
            },
            "heading": -2.986666168634335,
            "speeds": {
                "vmax": 15.0
            },
            "type": 2,
            "driving_direction": 1,
            "id": "1259_0",
            "lane_type": 31
        },
        {
            "pos": {
                "x": 566756.6297041599,
                "y": 4318020.243992708,
                "yaw": -2.9863351743359345
            },
            "heading": -2.9863351743359345,
            "speeds": {
                "vmax": 15.0
            },
            "type": 2,
            "driving_direction": 1,
            "id": "1259_0",
            "lane_type": 31
        },
        {
            "pos": {
                "x": 566756.0864186957,
                "y": 4318020.158670898,
                "yaw": -2.9851124031563714
            },
            "heading": -2.9851124031563714,
            "speeds": {
                "vmax": 15.0
            },
            "type": 2,
            "driving_direction": 1,
            "id": "1259_0",
            "lane_type": 31
        },
        {
            "pos": {
                "x": 566755.5491326067,
                "y": 4318020.07350768,
                "yaw": -2.9827356355475856
            },
            "heading": -2.9827356355475856,
            "speeds": {
                "vmax": 15.0
            },
            "type": 2,
            "driving_direction": 1,
            "id": "1259_0",
            "lane_type": 31
        },
        {
            "pos": {
                "x": 566755.0074059698,
                "y": 4318019.985772965,
                "yaw": -2.9786205894400313
            },
            "heading": -2.9786205894400313,
            "speeds": {
                "vmax": 15.0
            },
            "type": 2,
            "driving_direction": 1,
            "id": "1259_0",
            "lane_type": 31
        },
        {
            "pos": {
                "x": 566754.4656483489,
                "y": 4318019.8952526115,
                "yaw": -2.9699719542160663
            },
            "heading": -2.9699719542160663,
            "speeds": {
                "vmax": 15.0
            },
            "type": 2,
            "driving_direction": 1,
            "id": "1259_0",
            "lane_type": 31
        },
        {
            "pos": {
                "x": 566753.9315513237,
                "y": 4318019.798824962,
                "yaw": -2.958039036900315
            },
            "heading": -2.958039036900315,
            "speeds": {
                "vmax": 15.0
            },
            "type": 2,
            "driving_direction": 1,
            "id": "1259_0",
            "lane_type": 31
        },
        {
            "pos": {
                "x": 566753.4146055509,
                "y": 4318019.700051099,
                "yaw": -2.9366609711104963
            },
            "heading": -2.9366609711104963,
            "speeds": {
                "vmax": 15.0
            },
            "type": 2,
            "driving_direction": 1,
            "id": "1259_0",
            "lane_type": 31
        },
        {
            "pos": {
                "x": 566752.8860704378,
                "y": 4318019.58136671,
                "yaw": -2.892044300894711
            },
            "heading": -2.892044300894711,
            "speeds": {
                "vmax": 15.0
            },
            "type": 2,
            "driving_direction": 1,
            "id": "1259_0",
            "lane_type": 31
        },
        {
            "pos": {
                "x": 566752.36523271,
                "y": 4318019.43319498,
                "yaw": -2.8221233453604486
            },
            "heading": -2.8221233453604486,
            "speeds": {
                "vmax": 15.0
            },
            "type": 2,
            "driving_direction": 1,
            "id": "1259_0",
            "lane_type": 31
        },
        {
            "pos": {
                "x": 566751.8551967016,
                "y": 4318019.242811675,
                "yaw": -2.760564140335466
            },
            "heading": -2.760564140335466,
            "speeds": {
                "vmax": 15.0
            },
            "type": 2,
            "driving_direction": 1,
            "id": "1259_0",
            "lane_type": 31
        },
        {
            "pos": {
                "x": 566751.3543069566,
                "y": 4318019.0292523,
                "yaw": -2.7159985272426272
            },
            "heading": -2.7159985272426272,
            "speeds": {
                "vmax": 15.0
            },
            "type": 2,
            "driving_direction": 1,
            "id": "1259_0",
            "lane_type": 31
        },
        {
            "pos": {
                "x": 566750.8632268613,
                "y": 4318018.793692822,
                "yaw": -2.661514049729953
            },
            "heading": -2.661514049729953,
            "speeds": {
                "vmax": 15.0
            },
            "type": 2,
            "driving_direction": 1,
            "id": "1259_0",
            "lane_type": 31
        },
        {
            "pos": {
                "x": 566750.3882899127,
                "y": 4318018.527699508,
                "yaw": -2.6039102854388783
            },
            "heading": -2.6039102854388783,
            "speeds": {
                "vmax": 15.0
            },
            "type": 2,
            "driving_direction": 1,
            "id": "1259_0",
            "lane_type": 31
        },
        {
            "pos": {
                "x": 566749.9283115417,
                "y": 4318018.236931722,
                "yaw": -2.5419093255845184
            },
            "heading": -2.5419093255845184,
            "speeds": {
                "vmax": 15.0
            },
            "type": 2,
            "driving_direction": 1,
            "id": "1259_0",
            "lane_type": 31
        },
        {
            "pos": {
                "x": 566749.4896841944,
                "y": 4318017.914476783,
                "yaw": -2.4656184703588164
            },
            "heading": -2.4656184703588164,
            "speeds": {
                "vmax": 15.0
            },
            "type": 2,
            "driving_direction": 1,
            "id": "1259_0",
            "lane_type": 31
        }
    ]
}