{
    "header": {
        "trace_id": "c6dadfd1a8364653a8aaceda87454f32",
        "trans_id": "f51c221b-6fe7-4a96-a98b-cd3c8f6d2c65",
        "che_id": "A528",
        "timestamp": "2025-02-20T03:39:37.757922Z"
    },
    "task_id": "c6dadfd1a8364653a8aaceda87454f32",
    "navi_id": "A528_c6dadfd1a8364653a8aaceda87454f32_12",
    "seq_num": 12,
    "dest_type": 6,
    "mode": 2,
    "waypoints": [
        {
            "pos": {
                "x": 566923.5318965255,
                "y": 4317863.329323025,
                "yaw": 1.7988000507224668
            },
            "heading": 1.7988000507224668,
            "speeds": {
                "vmax": 20.0
            },
            "type": 1,
            "driving_direction": 1,
            "id": "1014_1",
            "lane_type": 1
        },
        {
            "pos": {
                "x": 566923.4181128687,
                "y": 4317863.819687728,
                "yaw": 1.7988001802395632
            },
            "heading": 1.7988001802395632,
            "speeds": {
                "vmax": 20.0
            },
            "type": 1,
            "driving_direction": 1,
            "id": "1014_1",
            "lane_type": 1
        },
        {
            "pos": {
                "x": 566923.304330057,
                "y": 4317864.310048787,
                "yaw": 1.7988003194355195
            },
            "heading": 1.7988003194355195,
            "speeds": {
                "vmax": 20.0
            },
            "type": 1,
            "driving_direction": 1,
            "id": "1014_1",
            "lane_type": 1
        },
        {
            "pos": {
                "x": 566923.1905434857,
                "y": 4317864.800426047,
                "yaw": 1.798800056357778
            },
            "heading": 1.798800056357778,
            "speeds": {
                "vmax": 20.0
            },
            "type": 1,
            "driving_direction": 1,
            "id": "1014_1",
            "lane_type": 1
        },
        {
            "pos": {
                "x": 566923.0767577579,
                "y": 4317865.290799674,
                "yaw": 1.7988002727248917
            },
            "heading": 1.7988002727248917,
            "speeds": {
                "vmax": 20.0
            },
            "type": 1,
            "driving_direction": 1,
            "id": "1014_1",
            "lane_type": 1
        },
        {
            "pos": {
                "x": 566922.9629757493,
                "y": 4317865.781157272,
                "yaw": 1.7988003758335374
            },
            "heading": 1.7988003758335374,
            "speeds": {
                "vmax": 20.0
            },
            "type": 1,
            "driving_direction": 1,
            "id": "1014_1",
            "lane_type": 1
        },
        {
            "pos": {
                "x": 566922.8491907588,
                "y": 4317866.271527721,
                "yaw": 1.798800285222497
            },
            "heading": 1.798800285222497,
            "speeds": {
                "vmax": 20.0
            },
            "type": 1,
            "driving_direction": 1,
            "id": "1014_1",
            "lane_type": 1
        },
        {
            "pos": {
                "x": 566922.7354057075,
                "y": 4317866.761898432,
                "yaw": 1.7988002158593521
            },
            "heading": 1.7988002158593521,
            "speeds": {
                "vmax": 20.0
            },
            "type": 1,
            "driving_direction": 1,
            "id": "1014_1",
            "lane_type": 1
        },
        {
            "pos": {
                "x": 566922.6216217082,
                "y": 4317867.25226461,
                "yaw": 1.7988002963145184
            },
            "heading": 1.7988002963145184,
            "speeds": {
                "vmax": 20.0
            },
            "type": 1,
            "driving_direction": 1,
            "id": "1014_1",
            "lane_type": 1
        },
        {
            "pos": {
                "x": 566922.5078365852,
                "y": 4317867.742635629,
                "yaw": 1.7987999976152764
            },
            "heading": 1.7987999976152764,
            "speeds": {
                "vmax": 20.0
            },
            "type": 1,
            "driving_direction": 1,
            "id": "1014_1",
            "lane_type": 1
        },
        {
            "pos": {
                "x": 566922.3940525547,
                "y": 4317868.233001941,
                "yaw": 1.7988006181351537
            },
            "heading": 1.7988006181351537,
            "speeds": {
                "vmax": 20.0
            },
            "type": 1,
            "driving_direction": 1,
            "id": "1014_1",
            "lane_type": 1
        },
        {
            "pos": {
                "x": 566922.2802670244,
                "y": 4317868.723374715,
                "yaw": 1.7988000905698354
            },
            "heading": 1.7988000905698354,
            "speeds": {
                "vmax": 20.0
            },
            "type": 1,
            "driving_direction": 1,
            "id": "1014_1",
            "lane_type": 1
        },
        {
            "pos": {
                "x": 566922.1664810947,
                "y": 4317869.213749212,
                "yaw": 1.7988003734930982
            },
            "heading": 1.7988003734930982,
            "speeds": {
                "vmax": 20.0
            },
            "type": 1,
            "driving_direction": 1,
            "id": "1014_1",
            "lane_type": 1
        },
        {
            "pos": {
                "x": 566922.0527056223,
                "y": 4317869.704078641,
                "yaw": 1.7988004246822076
            },
            "heading": 1.7988004246822076,
            "speeds": {
                "vmax": 20.0
            },
            "type": 1,
            "driving_direction": 1,
            "id": "1013_1",
            "lane_type": 1
        },
        {
            "pos": {
                "x": 566921.9403123907,
                "y": 4317870.188451134,
                "yaw": 1.7988001026789364
            },
            "heading": 1.7988001026789364,
            "speeds": {
                "vmax": 20.0
            },
            "type": 1,
            "driving_direction": 1,
            "id": "1013_1",
            "lane_type": 1
        },
        {
            "pos": {
                "x": 566921.8279110177,
                "y": 4317870.672858712,
                "yaw": 1.7988002918269186
            },
            "heading": 1.7988002918269186,
            "speeds": {
                "vmax": 20.0
            },
            "type": 1,
            "driving_direction": 1,
            "id": "1013_1",
            "lane_type": 1
        },
        {
            "pos": {
                "x": 566921.7155104793,
                "y": 4317871.157262693,
                "yaw": 1.7988000606191938
            },
            "heading": 1.7988000606191938,
            "speeds": {
                "vmax": 20.0
            },
            "type": 1,
            "driving_direction": 1,
            "id": "1013_1",
            "lane_type": 1
        },
        {
            "pos": {
                "x": 566921.6031062275,
                "y": 4317871.641682679,
                "yaw": 1.7988003176031173
            },
            "heading": 1.7988003176031173,
            "speeds": {
                "vmax": 20.0
            },
            "type": 1,
            "driving_direction": 1,
            "id": "1013_1",
            "lane_type": 1
        },
        {
            "pos": {
                "x": 566921.4907028086,
                "y": 4317872.126099074,
                "yaw": 1.7988003854490557
            },
            "heading": 1.7988003854490557,
            "speeds": {
                "vmax": 20.0
            },
            "type": 1,
            "driving_direction": 1,
            "id": "1013_1",
            "lane_type": 1
        },
        {
            "pos": {
                "x": 566921.3783030636,
                "y": 4317872.610499635,
                "yaw": 1.7988003386381162
            },
            "heading": 1.7988003386381162,
            "speeds": {
                "vmax": 20.0
            },
            "type": 1,
            "driving_direction": 1,
            "id": "1013_1",
            "lane_type": 1
        },
        {
            "pos": {
                "x": 566921.2659003732,
                "y": 4317873.094912892,
                "yaw": 1.798800165469039
            },
            "heading": 1.798800165469039,
            "speeds": {
                "vmax": 20.0
            },
            "type": 1,
            "driving_direction": 1,
            "id": "1013_1",
            "lane_type": 1
        },
        {
            "pos": {
                "x": 566921.1534976226,
                "y": 4317873.579326408,
                "yaw": 1.7988001766969741
            },
            "heading": 1.7988001766969741,
            "speeds": {
                "vmax": 20.0
            },
            "type": 1,
            "driving_direction": 1,
            "id": "1013_1",
            "lane_type": 1
        },
        {
            "pos": {
                "x": 566921.0410959114,
                "y": 4317874.063735444,
                "yaw": 1.7988001766969741
            },
            "heading": 1.7988001766969741,
            "speeds": {
                "vmax": 20.0
            },
            "type": 1,
            "driving_direction": 1,
            "id": "1013_1",
            "lane_type": 1
        },
        {
            "pos": {
                "x": 566920.9286930901,
                "y": 4317874.5481492635,
                "yaw": 1.7988002581415539
            },
            "heading": 1.7988002581415539,
            "speeds": {
                "vmax": 20.0
            },
            "type": 1,
            "driving_direction": 1,
            "id": "1013_1",
            "lane_type": 1
        },
        {
            "pos": {
                "x": 566920.8162913478,
                "y": 4317875.032558434,
                "yaw": 1.7988003629914064
            },
            "heading": 1.7988003629914064,
            "speeds": {
                "vmax": 20.0
            },
            "type": 1,
            "driving_direction": 1,
            "id": "1013_1",
            "lane_type": 1
        },
        {
            "pos": {
                "x": 566920.7038881244,
                "y": 4317875.516973987,
                "yaw": 1.7988004219779177
            },
            "heading": 1.7988004219779177,
            "speeds": {
                "vmax": 20.0
            },
            "type": 1,
            "driving_direction": 1,
            "id": "1013_1",
            "lane_type": 1
        },
        {
            "pos": {
                "x": 566920.591484506,
                "y": 4317876.001391242,
                "yaw": 1.798799952438015
            },
            "heading": 1.798799952438015,
            "speeds": {
                "vmax": 20.0
            },
            "type": 1,
            "driving_direction": 1,
            "id": "1013_1",
            "lane_type": 1
        },
        {
            "pos": {
                "x": 566920.4790912179,
                "y": 4317876.485763978,
                "yaw": 1.7988002043750022
            },
            "heading": 1.7988002043750022,
            "speeds": {
                "vmax": 20.0
            },
            "type": 1,
            "driving_direction": 1,
            "id": "1012_1",
            "lane_type": 1
        },
        {
            "pos": {
                "x": 566920.3647239762,
                "y": 4317876.97864371,
                "yaw": 1.7988001851043283
            },
            "heading": 1.7988001851043283,
            "speeds": {
                "vmax": 20.0
            },
            "type": 1,
            "driving_direction": 1,
            "id": "1012_1",
            "lane_type": 1
        },
        {
            "pos": {
                "x": 566920.2503484503,
                "y": 4317877.471559145,
                "yaw": 1.7988001768693234
            },
            "heading": 1.7988001768693234,
            "speeds": {
                "vmax": 20.0
            },
            "type": 1,
            "driving_direction": 1,
            "id": "1012_1",
            "lane_type": 1
        },
        {
            "pos": {
                "x": 566920.1359737737,
                "y": 4317877.964470918,
                "yaw": 1.79880000669102
            },
            "heading": 1.79880000669102,
            "speeds": {
                "vmax": 20.0
            },
            "type": 1,
            "driving_direction": 1,
            "id": "1012_1",
            "lane_type": 1
        },
        {
            "pos": {
                "x": 566920.0215953181,
                "y": 4317878.457398977,
                "yaw": 1.7988004308162315
            },
            "heading": 1.7988004308162315,
            "speeds": {
                "vmax": 20.0
            },
            "type": 1,
            "driving_direction": 1,
            "id": "1012_1",
            "lane_type": 1
        },
        {
            "pos": {
                "x": 566919.9072177105,
                "y": 4317878.950323384,
                "yaw": 1.7988001888367584
            },
            "heading": 1.7988001888367584,
            "speeds": {
                "vmax": 20.0
            },
            "type": 1,
            "driving_direction": 1,
            "id": "1012_1",
            "lane_type": 1
        },
        {
            "pos": {
                "x": 566919.7928438412,
                "y": 4317879.443231679,
                "yaw": 1.7988001428332963
            },
            "heading": 1.7988001428332963,
            "speeds": {
                "vmax": 20.0
            },
            "type": 1,
            "driving_direction": 1,
            "id": "1012_1",
            "lane_type": 1
        },
        {
            "pos": {
                "x": 566919.6784669748,
                "y": 4317879.93615289,
                "yaw": 1.798800429885454
            },
            "heading": 1.798800429885454,
            "speeds": {
                "vmax": 20.0
            },
            "type": 1,
            "driving_direction": 1,
            "id": "1012_1",
            "lane_type": 1
        },
        {
            "pos": {
                "x": 566919.564090047,
                "y": 4317880.429074366,
                "yaw": 1.798800280842935
            },
            "heading": 1.798800280842935,
            "speeds": {
                "vmax": 20.0
            },
            "type": 1,
            "driving_direction": 1,
            "id": "1012_1",
            "lane_type": 1
        },
        {
            "pos": {
                "x": 566919.4497141768,
                "y": 4317880.921991283,
                "yaw": 1.7988003608818026
            },
            "heading": 1.7988003608818026,
            "speeds": {
                "vmax": 20.0
            },
            "type": 1,
            "driving_direction": 1,
            "id": "1012_1",
            "lane_type": 1
        },
        {
            "pos": {
                "x": 566919.335337177,
                "y": 4317881.414913069,
                "yaw": 1.7988003723824502
            },
            "heading": 1.7988003723824502,
            "speeds": {
                "vmax": 20.0
            },
            "type": 1,
            "driving_direction": 1,
            "id": "1012_1",
            "lane_type": 1
        },
        {
            "pos": {
                "x": 566919.2209612755,
                "y": 4317881.907830123,
                "yaw": 1.7988002353062869
            },
            "heading": 1.7988002353062869,
            "speeds": {
                "vmax": 20.0
            },
            "type": 1,
            "driving_direction": 1,
            "id": "1012_1",
            "lane_type": 1
        },
        {
            "pos": {
                "x": 566919.1065838664,
                "y": 4317882.400753673,
                "yaw": 1.7988003848142966
            },
            "heading": 1.7988003848142966,
            "speeds": {
                "vmax": 20.0
            },
            "type": 1,
            "driving_direction": 1,
            "id": "1012_1",
            "lane_type": 1
        },
        {
            "pos": {
                "x": 566918.9922060557,
                "y": 4317882.893678954,
                "yaw": 1.7988002890812185
            },
            "heading": 1.7988002890812185,
            "speeds": {
                "vmax": 20.0
            },
            "type": 1,
            "driving_direction": 1,
            "id": "1012_1",
            "lane_type": 1
        },
        {
            "pos": {
                "x": 566918.8778387567,
                "y": 4317883.386558932,
                "yaw": 1.7988002472373112
            },
            "heading": 1.7988002472373112,
            "speeds": {
                "vmax": 20.0
            },
            "type": 1,
            "driving_direction": 1,
            "id": "1011_1",
            "lane_type": 1
        },
        {
            "pos": {
                "x": 566918.765091216,
                "y": 4317883.872458363,
                "yaw": 1.798800146496081
            },
            "heading": 1.798800146496081,
            "speeds": {
                "vmax": 20.0
            },
            "type": 1,
            "driving_direction": 1,
            "id": "1011_1",
            "lane_type": 1
        },
        {
            "pos": {
                "x": 566918.6523355084,
                "y": 4317884.358392989,
                "yaw": 1.7988002076674412
            },
            "heading": 1.7988002076674412,
            "speeds": {
                "vmax": 20.0
            },
            "type": 1,
            "driving_direction": 1,
            "id": "1011_1",
            "lane_type": 1
        },
        {
            "pos": {
                "x": 566918.5395806379,
                "y": 4317884.844324009,
                "yaw": 1.7988002436116168
            },
            "heading": 1.7988002436116168,
            "speeds": {
                "vmax": 20.0
            },
            "type": 1,
            "driving_direction": 1,
            "id": "1011_1",
            "lane_type": 1
        },
        {
            "pos": {
                "x": 566918.4268220423,
                "y": 4317885.330271082,
                "yaw": 1.798800233364738
            },
            "heading": 1.798800233364738,
            "speeds": {
                "vmax": 20.0
            },
            "type": 1,
            "driving_direction": 1,
            "id": "1011_1",
            "lane_type": 1
        },
        {
            "pos": {
                "x": 566918.3140642825,
                "y": 4317885.816214554,
                "yaw": 1.7988003588529358
            },
            "heading": 1.7988003588529358,
            "speeds": {
                "vmax": 20.0
            },
            "type": 1,
            "driving_direction": 1,
            "id": "1011_1",
            "lane_type": 1
        },
        {
            "pos": {
                "x": 566918.201310208,
                "y": 4317886.302142143,
                "yaw": 1.798800149810181
            },
            "heading": 1.798800149810181,
            "speeds": {
                "vmax": 20.0
            },
            "type": 1,
            "driving_direction": 1,
            "id": "1011_1",
            "lane_type": 1
        },
        {
            "pos": {
                "x": 566918.0885531786,
                "y": 4317886.7880824655,
                "yaw": 1.798800220752793
            },
            "heading": 1.798800220752793,
            "speeds": {
                "vmax": 20.0
            },
            "type": 1,
            "driving_direction": 1,
            "id": "1011_1",
            "lane_type": 1
        },
        {
            "pos": {
                "x": 566917.9757960892,
                "y": 4317887.274023049,
                "yaw": 1.7988004638457964
            },
            "heading": 1.7988004638457964,
            "speeds": {
                "vmax": 20.0
            },
            "type": 1,
            "driving_direction": 1,
            "id": "1011_1",
            "lane_type": 1
        },
        {
            "pos": {
                "x": 566917.8630400422,
                "y": 4317887.759959137,
                "yaw": 1.7988002319456715
            },
            "heading": 1.7988002319456715,
            "speeds": {
                "vmax": 20.0
            },
            "type": 1,
            "driving_direction": 1,
            "id": "1011_1",
            "lane_type": 1
        },
        {
            "pos": {
                "x": 566917.7502828815,
                "y": 4317888.245900026,
                "yaw": 1.7988000000458393
            },
            "heading": 1.7988000000458393,
            "speeds": {
                "vmax": 20.0
            },
            "type": 1,
            "driving_direction": 1,
            "id": "1011_1",
            "lane_type": 1
        },
        {
            "pos": {
                "x": 566917.6375268035,
                "y": 4317888.73183625,
                "yaw": 1.7988001045665012
            },
            "heading": 1.7988001045665012,
            "speeds": {
                "vmax": 20.0
            },
            "type": 1,
            "driving_direction": 1,
            "id": "1011_1",
            "lane_type": 1
        },
        {
            "pos": {
                "x": 566917.5247692394,
                "y": 4317889.217778877,
                "yaw": 1.798800406933167
            },
            "heading": 1.798800406933167,
            "speeds": {
                "vmax": 20.0
            },
            "type": 1,
            "driving_direction": 1,
            "id": "1011_1",
            "lane_type": 1
        },
        {
            "pos": {
                "x": 566917.4120112793,
                "y": 4317889.703723213,
                "yaw": 1.7988002403006969
            },
            "heading": 1.7988002403006969,
            "speeds": {
                "vmax": 20.0
            },
            "type": 1,
            "driving_direction": 1,
            "id": "1011_1",
            "lane_type": 1
        },
        {
            "pos": {
                "x": 566917.2992636821,
                "y": 4317890.189622887,
                "yaw": 1.7988003438048314
            },
            "heading": 1.7988003438048314,
            "speeds": {
                "vmax": 20.0
            },
            "type": 1,
            "driving_direction": 1,
            "id": "1010_1",
            "lane_type": 1
        },
        {
            "pos": {
                "x": 566917.1869892061,
                "y": 4317890.673483588,
                "yaw": 1.79880032416979
            },
            "heading": 1.79880032416979,
            "speeds": {
                "vmax": 20.0
            },
            "type": 1,
            "driving_direction": 1,
            "id": "1010_1",
            "lane_type": 1
        },
        {
            "pos": {
                "x": 566917.0747065971,
                "y": 4317891.1573793385,
                "yaw": 1.7987999779349846
            },
            "heading": 1.7987999779349846,
            "speeds": {
                "vmax": 20.0
            },
            "type": 1,
            "driving_direction": 1,
            "id": "1010_1",
            "lane_type": 1
        },
        {
            "pos": {
                "x": 566916.9624248222,
                "y": 4317891.641271494,
                "yaw": 1.7988004334016625
            },
            "heading": 1.7988004334016625,
            "speeds": {
                "vmax": 20.0
            },
            "type": 1,
            "driving_direction": 1,
            "id": "1010_1",
            "lane_type": 1
        },
        {
            "pos": {
                "x": 566916.8501393375,
                "y": 4317892.125179638,
                "yaw": 1.798800387964539
            },
            "heading": 1.798800387964539,
            "speeds": {
                "vmax": 20.0
            },
            "type": 1,
            "driving_direction": 1,
            "id": "1010_1",
            "lane_type": 1
        },
        {
            "pos": {
                "x": 566916.7378546849,
                "y": 4317892.609084196,
                "yaw": 1.798800234720146
            },
            "heading": 1.798800234720146,
            "speeds": {
                "vmax": 20.0
            },
            "type": 1,
            "driving_direction": 1,
            "id": "1010_1",
            "lane_type": 1
        },
        {
            "pos": {
                "x": 566916.6255737026,
                "y": 4317893.092972936,
                "yaw": 1.7988002576755548
            },
            "heading": 1.7988002576755548,
            "speeds": {
                "vmax": 20.0
            },
            "type": 1,
            "driving_direction": 1,
            "id": "1010_1",
            "lane_type": 1
        },
        {
            "pos": {
                "x": 566916.5132897777,
                "y": 4317893.576874358,
                "yaw": 1.7988004685464474
            },
            "heading": 1.7988004685464474,
            "speeds": {
                "vmax": 20.0
            },
            "type": 1,
            "driving_direction": 1,
            "id": "1010_1",
            "lane_type": 1
        },
        {
            "pos": {
                "x": 566916.4010057929,
                "y": 4317894.060776038,
                "yaw": 1.7987999325026114
            },
            "heading": 1.7987999325026114,
            "speeds": {
                "vmax": 20.0
            },
            "type": 1,
            "driving_direction": 1,
            "id": "1010_1",
            "lane_type": 1
        },
        {
            "pos": {
                "x": 566916.2887228461,
                "y": 4317894.544673245,
                "yaw": 1.7988002469102609
            },
            "heading": 1.7988002469102609,
            "speeds": {
                "vmax": 20.0
            },
            "type": 1,
            "driving_direction": 1,
            "id": "1010_1",
            "lane_type": 1
        },
        {
            "pos": {
                "x": 566916.1764387904,
                "y": 4317895.02857523,
                "yaw": 1.7988005730331769
            },
            "heading": 1.7988005730331769,
            "speeds": {
                "vmax": 20.0
            },
            "type": 1,
            "driving_direction": 1,
            "id": "1010_1",
            "lane_type": 1
        },
        {
            "pos": {
                "x": 566916.0641558128,
                "y": 4317895.512472568,
                "yaw": 1.7988000491789815
            },
            "heading": 1.7988000491789815,
            "speeds": {
                "vmax": 20.0
            },
            "type": 1,
            "driving_direction": 1,
            "id": "1010_1",
            "lane_type": 1
        },
        {
            "pos": {
                "x": 566915.9518713554,
                "y": 4317895.996376285,
                "yaw": 1.7988001780452327
            },
            "heading": 1.7988001780452327,
            "speeds": {
                "vmax": 20.0
            },
            "type": 1,
            "driving_direction": 1,
            "id": "1010_1",
            "lane_type": 1
        },
        {
            "pos": {
                "x": 566915.8395865036,
                "y": 4317896.480281702,
                "yaw": 1.7988000341319605
            },
            "heading": 1.7988000341319605,
            "speeds": {
                "vmax": 20.0
            },
            "type": 1,
            "driving_direction": 1,
            "id": "1010_1",
            "lane_type": 1
        },
        {
            "pos": {
                "x": 566915.7273119711,
                "y": 4317896.964142646,
                "yaw": 1.79880017642821
            },
            "heading": 1.79880017642821,
            "speeds": {
                "vmax": 20.0
            },
            "type": 1,
            "driving_direction": 1,
            "id": "1009_1",
            "lane_type": 1
        },
        {
            "pos": {
                "x": 566915.6128976471,
                "y": 4317897.4572252855,
                "yaw": 1.7988004657076935
            },
            "heading": 1.7988004657076935,
            "speeds": {
                "vmax": 20.0
            },
            "type": 1,
            "driving_direction": 1,
            "id": "1009_1",
            "lane_type": 1
        },
        {
            "pos": {
                "x": 566915.4984750354,
                "y": 4317897.9503436405,
                "yaw": 1.798800148935771
            },
            "heading": 1.798800148935771,
            "speeds": {
                "vmax": 20.0
            },
            "type": 1,
            "driving_direction": 1,
            "id": "1009_1",
            "lane_type": 1
        },
        {
            "pos": {
                "x": 566915.3840532734,
                "y": 4317898.4434583355,
                "yaw": 1.7988002873548259
            },
            "heading": 1.7988002873548259,
            "speeds": {
                "vmax": 20.0
            },
            "type": 1,
            "driving_direction": 1,
            "id": "1009_1",
            "lane_type": 1
        },
        {
            "pos": {
                "x": 566915.2696277308,
                "y": 4317898.936589322,
                "yaw": 1.798800037242537
            },
            "heading": 1.798800037242537,
            "speeds": {
                "vmax": 20.0
            },
            "type": 1,
            "driving_direction": 1,
            "id": "1009_1",
            "lane_type": 1
        },
        {
            "pos": {
                "x": 566915.1552030365,
                "y": 4317899.429716654,
                "yaw": 1.7988005379385326
            },
            "heading": 1.7988005379385326,
            "speeds": {
                "vmax": 20.0
            },
            "type": 1,
            "driving_direction": 1,
            "id": "1009_1",
            "lane_type": 1
        },
        {
            "pos": {
                "x": 566915.0407820822,
                "y": 4317899.922827867,
                "yaw": 1.7988004119481995
            },
            "heading": 1.7988004119481995,
            "speeds": {
                "vmax": 20.0
            },
            "type": 1,
            "driving_direction": 1,
            "id": "1009_1",
            "lane_type": 1
        },
        {
            "pos": {
                "x": 566914.9263581291,
                "y": 4317900.4159520045,
                "yaw": 1.7988002533329426
            },
            "heading": 1.7988002533329426,
            "speeds": {
                "vmax": 20.0
            },
            "type": 1,
            "driving_direction": 1,
            "id": "1009_1",
            "lane_type": 1
        },
        {
            "pos": {
                "x": 566914.8119341151,
                "y": 4317900.909076403,
                "yaw": 1.798800104351121
            },
            "heading": 1.798800104351121,
            "speeds": {
                "vmax": 20.0
            },
            "type": 1,
            "driving_direction": 1,
            "id": "1009_1",
            "lane_type": 1
        },
        {
            "pos": {
                "x": 566914.6975111591,
                "y": 4317901.402196243,
                "yaw": 1.7988001843570094
            },
            "heading": 1.7988001843570094,
            "speeds": {
                "vmax": 20.0
            },
            "type": 1,
            "driving_direction": 1,
            "id": "1009_1",
            "lane_type": 1
        },
        {
            "pos": {
                "x": 566914.5830870727,
                "y": 4317901.895320955,
                "yaw": 1.7988001158472031
            },
            "heading": 1.7988001158472031,
            "speeds": {
                "vmax": 20.0
            },
            "type": 1,
            "driving_direction": 1,
            "id": "1009_1",
            "lane_type": 1
        },
        {
            "pos": {
                "x": 566914.4686640853,
                "y": 4317902.388440929,
                "yaw": 1.7988005158763427
            },
            "heading": 1.7988005158763427,
            "speeds": {
                "vmax": 20.0
            },
            "type": 1,
            "driving_direction": 1,
            "id": "1009_1",
            "lane_type": 1
        },
        {
            "pos": {
                "x": 566914.3542395897,
                "y": 4317902.881567405,
                "yaw": 1.7988004253051058
            },
            "heading": 1.7988004253051058,
            "speeds": {
                "vmax": 20.0
            },
            "type": 1,
            "driving_direction": 1,
            "id": "1009_1",
            "lane_type": 1
        },
        {
            "pos": {
                "x": 566914.2398146922,
                "y": 4317903.374695612,
                "yaw": 1.7988000325718143
            },
            "heading": 1.7988000325718143,
            "speeds": {
                "vmax": 20.0
            },
            "type": 1,
            "driving_direction": 1,
            "id": "1009_1",
            "lane_type": 1
        },
        {
            "pos": {
                "x": 566914.1254003106,
                "y": 4317903.867778499,
                "yaw": 1.7988002039712667
            },
            "heading": 1.7988002039712667,
            "speeds": {
                "vmax": 20.0
            },
            "type": 1,
            "driving_direction": 1,
            "id": "1008_1",
            "lane_type": 1
        },
        {
            "pos": {
                "x": 566914.0123835292,
                "y": 4317904.354838256,
                "yaw": 1.7988002039712667
            },
            "heading": 1.7988002039712667,
            "speeds": {
                "vmax": 20.0
            },
            "type": 1,
            "driving_direction": 1,
            "id": "1008_1",
            "lane_type": 1
        },
        {
            "pos": {
                "x": 566913.8993667477,
                "y": 4317904.841898013,
                "yaw": 1.7988002039712667
            },
            "heading": 1.7988002039712667,
            "speeds": {
                "vmax": 20.0
            },
            "type": 1,
            "driving_direction": 1,
            "id": "1008_1",
            "lane_type": 1
        },
        {
            "pos": {
                "x": 566913.829557341,
                "y": 4317905.14275026,
                "yaw": 1.7988002039712667
            },
            "heading": 1.7988002039712667,
            "speeds": {
                "vmax": 20.0
            },
            "type": 1,
            "driving_direction": 1,
            "id": "1008_1",
            "lane_type": 1
        }
    ],
    "is_final_navi": true
}