{
    "header": {
        "trace_id": "c34fea9b-9842-403a-ac87-b46f70e98047",
        "trans_id": "28272e42-e1b0-459d-a4ff-cfd73842916d",
        "che_id": "A529",
        "timestamp": "2025-02-20T09:52:01.091638Z"
    },
    "task_id": "c34fea9b-9842-403a-ac87-b46f70e98047",
    "navi_id": "A529_c34fea9b-9842-403a-ac87-b46f70e98047_2249",
    "seq_num": 2249,
    "dest_type": 2,
    "mode": 2,
    "waypoints": [
        {
            "pos": {
                "x": 566895.0464356069,
                "y": 4317986.125824691,
                "yaw": 1.7985963046642899
            },
            "heading": 1.7985963046642899,
            "speeds": {
                "vmax": 20.0
            },
            "type": 1,
            "driving_direction": 1,
            "id": "1003_1",
            "lane_type": 1
        },
        {
            "pos": {
                "x": 566894.9334997302,
                "y": 4317986.612903214,
                "yaw": 1.7985963046642899
            },
            "heading": 1.7985963046642899,
            "speeds": {
                "vmax": 20.0
            },
            "type": 1,
            "driving_direction": 1,
            "id": "1003_1",
            "lane_type": 1
        },
        {
            "pos": {
                "x": 566894.8205638534,
                "y": 4317987.099981737,
                "yaw": 1.7985963046642899
            },
            "heading": 1.7985963046642899,
            "speeds": {
                "vmax": 20.0
            },
            "type": 1,
            "driving_direction": 1,
            "id": "1003_1",
            "lane_type": 1
        },
        {
            "pos": {
                "x": 566894.7076279767,
                "y": 4317987.587060261,
                "yaw": 1.7985963046642899
            },
            "heading": 1.7985963046642899,
            "speeds": {
                "vmax": 20.0
            },
            "type": 1,
            "driving_direction": 1,
            "id": "1003_1",
            "lane_type": 1
        },
        {
            "pos": {
                "x": 566894.5946920998,
                "y": 4317988.074138784,
                "yaw": 1.7985963046642899
            },
            "heading": 1.7985963046642899,
            "speeds": {
                "vmax": 20.0
            },
            "type": 1,
            "driving_direction": 1,
            "id": "1003_1",
            "lane_type": 1
        },
        {
            "pos": {
                "x": 566894.4817562231,
                "y": 4317988.561217307,
                "yaw": 1.7985963046642899
            },
            "heading": 1.7985963046642899,
            "speeds": {
                "vmax": 20.0
            },
            "type": 1,
            "driving_direction": 1,
            "id": "1003_1",
            "lane_type": 1
        },
        {
            "pos": {
                "x": 566894.3688203463,
                "y": 4317989.048295829,
                "yaw": 1.7985963046642899
            },
            "heading": 1.7985963046642899,
            "speeds": {
                "vmax": 20.0
            },
            "type": 1,
            "driving_direction": 1,
            "id": "1003_1",
            "lane_type": 1
        },
        {
            "pos": {
                "x": 566894.2558844696,
                "y": 4317989.535374353,
                "yaw": 1.7985963046642899
            },
            "heading": 1.7985963046642899,
            "speeds": {
                "vmax": 20.0
            },
            "type": 1,
            "driving_direction": 1,
            "id": "1003_1",
            "lane_type": 1
        },
        {
            "pos": {
                "x": 566894.1429485928,
                "y": 4317990.022452876,
                "yaw": 1.7985963046642899
            },
            "heading": 1.7985963046642899,
            "speeds": {
                "vmax": 20.0
            },
            "type": 1,
            "driving_direction": 1,
            "id": "1003_1",
            "lane_type": 1
        },
        {
            "pos": {
                "x": 566894.0300127161,
                "y": 4317990.509531399,
                "yaw": 1.7985963046642899
            },
            "heading": 1.7985963046642899,
            "speeds": {
                "vmax": 20.0
            },
            "type": 1,
            "driving_direction": 1,
            "id": "1003_1",
            "lane_type": 1
        },
        {
            "pos": {
                "x": 566893.9170768393,
                "y": 4317990.9966099225,
                "yaw": 1.7985963046642899
            },
            "heading": 1.7985963046642899,
            "speeds": {
                "vmax": 20.0
            },
            "type": 1,
            "driving_direction": 1,
            "id": "1003_1",
            "lane_type": 1
        },
        {
            "pos": {
                "x": 566893.8041409625,
                "y": 4317991.483688446,
                "yaw": 1.7985963046642899
            },
            "heading": 1.7985963046642899,
            "speeds": {
                "vmax": 20.0
            },
            "type": 1,
            "driving_direction": 1,
            "id": "1003_1",
            "lane_type": 1
        },
        {
            "pos": {
                "x": 566893.6912050857,
                "y": 4317991.970766969,
                "yaw": 1.7985963046642899
            },
            "heading": 1.7985963046642899,
            "speeds": {
                "vmax": 20.0
            },
            "type": 1,
            "driving_direction": 1,
            "id": "1003_1",
            "lane_type": 1
        },
        {
            "pos": {
                "x": 566893.578269209,
                "y": 4317992.457845492,
                "yaw": 1.7985963046642899
            },
            "heading": 1.7985963046642899,
            "speeds": {
                "vmax": 20.0
            },
            "type": 1,
            "driving_direction": 1,
            "id": "1003_1",
            "lane_type": 1
        },
        {
            "pos": {
                "x": 566893.4653333322,
                "y": 4317992.944924016,
                "yaw": 1.7985963046642899
            },
            "heading": 1.7985963046642899,
            "speeds": {
                "vmax": 20.0
            },
            "type": 1,
            "driving_direction": 1,
            "id": "1003_1",
            "lane_type": 1
        },
        {
            "pos": {
                "x": 566893.3523974555,
                "y": 4317993.432002539,
                "yaw": 1.7985963046642899
            },
            "heading": 1.7985963046642899,
            "speeds": {
                "vmax": 20.0
            },
            "type": 1,
            "driving_direction": 1,
            "id": "1003_1",
            "lane_type": 1
        },
        {
            "pos": {
                "x": 566893.2394615787,
                "y": 4317993.919081062,
                "yaw": 1.7985963046642899
            },
            "heading": 1.7985963046642899,
            "speeds": {
                "vmax": 20.0
            },
            "type": 1,
            "driving_direction": 1,
            "id": "1003_1",
            "lane_type": 1
        },
        {
            "pos": {
                "x": 566893.126525702,
                "y": 4317994.406159584,
                "yaw": 1.7985963046642899
            },
            "heading": 1.7985963046642899,
            "speeds": {
                "vmax": 20.0
            },
            "type": 1,
            "driving_direction": 1,
            "id": "1003_1",
            "lane_type": 1
        },
        {
            "pos": {
                "x": 566893.0135898252,
                "y": 4317994.893238108,
                "yaw": 1.7985963046642899
            },
            "heading": 1.7985963046642899,
            "speeds": {
                "vmax": 20.0
            },
            "type": 1,
            "driving_direction": 1,
            "id": "1003_1",
            "lane_type": 1
        },
        {
            "pos": {
                "x": 566892.9006539484,
                "y": 4317995.380316631,
                "yaw": 1.7985963046642899
            },
            "heading": 1.7985963046642899,
            "speeds": {
                "vmax": 20.0
            },
            "type": 1,
            "driving_direction": 1,
            "id": "1003_1",
            "lane_type": 1
        },
        {
            "pos": {
                "x": 566892.7877180717,
                "y": 4317995.867395154,
                "yaw": 1.7985963046642899
            },
            "heading": 1.7985963046642899,
            "speeds": {
                "vmax": 20.0
            },
            "type": 1,
            "driving_direction": 1,
            "id": "1003_1",
            "lane_type": 1
        },
        {
            "pos": {
                "x": 566892.6747821949,
                "y": 4317996.354473677,
                "yaw": 1.7985963046642899
            },
            "heading": 1.7985963046642899,
            "speeds": {
                "vmax": 20.0
            },
            "type": 1,
            "driving_direction": 1,
            "id": "1003_1",
            "lane_type": 1
        },
        {
            "pos": {
                "x": 566892.5618463182,
                "y": 4317996.841552201,
                "yaw": 1.7985963046642899
            },
            "heading": 1.7985963046642899,
            "speeds": {
                "vmax": 20.0
            },
            "type": 1,
            "driving_direction": 1,
            "id": "1003_1",
            "lane_type": 1
        },
        {
            "pos": {
                "x": 566892.4489104414,
                "y": 4317997.328630724,
                "yaw": 1.7985963046642899
            },
            "heading": 1.7985963046642899,
            "speeds": {
                "vmax": 20.0
            },
            "type": 1,
            "driving_direction": 1,
            "id": "1003_1",
            "lane_type": 1
        },
        {
            "pos": {
                "x": 566892.3359745647,
                "y": 4317997.815709247,
                "yaw": 1.7985963046642899
            },
            "heading": 1.7985963046642899,
            "speeds": {
                "vmax": 20.0
            },
            "type": 1,
            "driving_direction": 1,
            "id": "1003_1",
            "lane_type": 1
        },
        {
            "pos": {
                "x": 566892.2230386878,
                "y": 4317998.3027877705,
                "yaw": 1.7985963046642899
            },
            "heading": 1.7985963046642899,
            "speeds": {
                "vmax": 20.0
            },
            "type": 1,
            "driving_direction": 1,
            "id": "1003_1",
            "lane_type": 1
        },
        {
            "pos": {
                "x": 566892.1101028111,
                "y": 4317998.789866294,
                "yaw": 1.7985963046642899
            },
            "heading": 1.7985963046642899,
            "speeds": {
                "vmax": 20.0
            },
            "type": 1,
            "driving_direction": 1,
            "id": "1003_1",
            "lane_type": 1
        },
        {
            "pos": {
                "x": 566891.9971669343,
                "y": 4317999.276944816,
                "yaw": 1.7985963046642899
            },
            "heading": 1.7985963046642899,
            "speeds": {
                "vmax": 20.0
            },
            "type": 1,
            "driving_direction": 1,
            "id": "1003_1",
            "lane_type": 1
        },
        {
            "pos": {
                "x": 566891.8842310576,
                "y": 4317999.764023339,
                "yaw": 1.7985963046642899
            },
            "heading": 1.7985963046642899,
            "speeds": {
                "vmax": 20.0
            },
            "type": 1,
            "driving_direction": 1,
            "id": "1003_1",
            "lane_type": 1
        },
        {
            "pos": {
                "x": 566891.7712951808,
                "y": 4318000.251101863,
                "yaw": 1.7985963046642899
            },
            "heading": 1.7985963046642899,
            "speeds": {
                "vmax": 20.0
            },
            "type": 1,
            "driving_direction": 1,
            "id": "1003_1",
            "lane_type": 1
        },
        {
            "pos": {
                "x": 566891.6583593041,
                "y": 4318000.738180386,
                "yaw": 1.7985963046642899
            },
            "heading": 1.7985963046642899,
            "speeds": {
                "vmax": 20.0
            },
            "type": 1,
            "driving_direction": 1,
            "id": "1003_1",
            "lane_type": 1
        },
        {
            "pos": {
                "x": 566891.5454234272,
                "y": 4318001.225258909,
                "yaw": 1.7985963046642899
            },
            "heading": 1.7985963046642899,
            "speeds": {
                "vmax": 20.0
            },
            "type": 1,
            "driving_direction": 1,
            "id": "1003_1",
            "lane_type": 1
        },
        {
            "pos": {
                "x": 566891.4324875505,
                "y": 4318001.712337432,
                "yaw": 1.7985963046642899
            },
            "heading": 1.7985963046642899,
            "speeds": {
                "vmax": 20.0
            },
            "type": 1,
            "driving_direction": 1,
            "id": "1003_1",
            "lane_type": 1
        },
        {
            "pos": {
                "x": 566891.3195516737,
                "y": 4318002.199415956,
                "yaw": 1.7985963046642899
            },
            "heading": 1.7985963046642899,
            "speeds": {
                "vmax": 20.0
            },
            "type": 1,
            "driving_direction": 1,
            "id": "1003_1",
            "lane_type": 1
        },
        {
            "pos": {
                "x": 566891.206615797,
                "y": 4318002.686494479,
                "yaw": 1.7985963046642899
            },
            "heading": 1.7985963046642899,
            "speeds": {
                "vmax": 20.0
            },
            "type": 1,
            "driving_direction": 1,
            "id": "1003_1",
            "lane_type": 1
        },
        {
            "pos": {
                "x": 566891.0936799203,
                "y": 4318003.173573002,
                "yaw": 1.7985963046642899
            },
            "heading": 1.7985963046642899,
            "speeds": {
                "vmax": 20.0
            },
            "type": 1,
            "driving_direction": 1,
            "id": "1003_1",
            "lane_type": 1
        },
        {
            "pos": {
                "x": 566890.9807440435,
                "y": 4318003.6606515255,
                "yaw": 1.7985963046642899
            },
            "heading": 1.7985963046642899,
            "speeds": {
                "vmax": 20.0
            },
            "type": 1,
            "driving_direction": 1,
            "id": "1003_1",
            "lane_type": 1
        },
        {
            "pos": {
                "x": 566890.8678081668,
                "y": 4318004.147730049,
                "yaw": 1.7985963046642899
            },
            "heading": 1.7985963046642899,
            "speeds": {
                "vmax": 20.0
            },
            "type": 1,
            "driving_direction": 1,
            "id": "1003_1",
            "lane_type": 1
        },
        {
            "pos": {
                "x": 566890.75487229,
                "y": 4318004.634808571,
                "yaw": 1.7985963046642899
            },
            "heading": 1.7985963046642899,
            "speeds": {
                "vmax": 20.0
            },
            "type": 1,
            "driving_direction": 1,
            "id": "1003_1",
            "lane_type": 1
        },
        {
            "pos": {
                "x": 566890.6419364132,
                "y": 4318005.121887094,
                "yaw": 1.7985963046642899
            },
            "heading": 1.7985963046642899,
            "speeds": {
                "vmax": 20.0
            },
            "type": 1,
            "driving_direction": 1,
            "id": "1003_1",
            "lane_type": 1
        },
        {
            "pos": {
                "x": 566890.5290005364,
                "y": 4318005.608965618,
                "yaw": 1.7985963046642899
            },
            "heading": 1.7985963046642899,
            "speeds": {
                "vmax": 20.0
            },
            "type": 1,
            "driving_direction": 1,
            "id": "1003_1",
            "lane_type": 1
        },
        {
            "pos": {
                "x": 566890.4160646597,
                "y": 4318006.096044141,
                "yaw": 1.7985963046642899
            },
            "heading": 1.7985963046642899,
            "speeds": {
                "vmax": 20.0
            },
            "type": 1,
            "driving_direction": 1,
            "id": "1003_1",
            "lane_type": 1
        },
        {
            "pos": {
                "x": 566890.3031287829,
                "y": 4318006.583122664,
                "yaw": 1.7985963046642899
            },
            "heading": 1.7985963046642899,
            "speeds": {
                "vmax": 20.0
            },
            "type": 1,
            "driving_direction": 1,
            "id": "1003_1",
            "lane_type": 1
        },
        {
            "pos": {
                "x": 566890.1901929062,
                "y": 4318007.070201187,
                "yaw": 1.7985963046642899
            },
            "heading": 1.7985963046642899,
            "speeds": {
                "vmax": 20.0
            },
            "type": 1,
            "driving_direction": 1,
            "id": "1003_1",
            "lane_type": 1
        },
        {
            "pos": {
                "x": 566890.0772570294,
                "y": 4318007.557279711,
                "yaw": 1.7985963046642899
            },
            "heading": 1.7985963046642899,
            "speeds": {
                "vmax": 20.0
            },
            "type": 1,
            "driving_direction": 1,
            "id": "1003_1",
            "lane_type": 1
        },
        {
            "pos": {
                "x": 566889.9643211527,
                "y": 4318008.044358234,
                "yaw": 1.7985963046642899
            },
            "heading": 1.7985963046642899,
            "speeds": {
                "vmax": 20.0
            },
            "type": 1,
            "driving_direction": 1,
            "id": "1003_1",
            "lane_type": 1
        },
        {
            "pos": {
                "x": 566889.8513852758,
                "y": 4318008.531436757,
                "yaw": 1.7985963046642899
            },
            "heading": 1.7985963046642899,
            "speeds": {
                "vmax": 20.0
            },
            "type": 1,
            "driving_direction": 1,
            "id": "1003_1",
            "lane_type": 1
        },
        {
            "pos": {
                "x": 566889.7384493991,
                "y": 4318009.01851528,
                "yaw": 1.7985963046642899
            },
            "heading": 1.7985963046642899,
            "speeds": {
                "vmax": 20.0
            },
            "type": 1,
            "driving_direction": 1,
            "id": "1003_1",
            "lane_type": 1
        },
        {
            "pos": {
                "x": 566889.6255135223,
                "y": 4318009.505593804,
                "yaw": 1.7985963046642899
            },
            "heading": 1.7985963046642899,
            "speeds": {
                "vmax": 20.0
            },
            "type": 1,
            "driving_direction": 1,
            "id": "1003_1",
            "lane_type": 1
        },
        {
            "pos": {
                "x": 566889.5125776456,
                "y": 4318009.992672326,
                "yaw": 1.7985963046642899
            },
            "heading": 1.7985963046642899,
            "speeds": {
                "vmax": 20.0
            },
            "type": 1,
            "driving_direction": 1,
            "id": "1003_1",
            "lane_type": 1
        },
        {
            "pos": {
                "x": 566889.3996417688,
                "y": 4318010.479750849,
                "yaw": 1.7985963046642899
            },
            "heading": 1.7985963046642899,
            "speeds": {
                "vmax": 20.0
            },
            "type": 1,
            "driving_direction": 1,
            "id": "1003_1",
            "lane_type": 1
        },
        {
            "pos": {
                "x": 566889.2867058921,
                "y": 4318010.966829373,
                "yaw": 1.7985963046642899
            },
            "heading": 1.7985963046642899,
            "speeds": {
                "vmax": 20.0
            },
            "type": 1,
            "driving_direction": 1,
            "id": "1003_1",
            "lane_type": 1
        },
        {
            "pos": {
                "x": 566889.1737700152,
                "y": 4318011.453907896,
                "yaw": 1.7985963046642899
            },
            "heading": 1.7985963046642899,
            "speeds": {
                "vmax": 20.0
            },
            "type": 1,
            "driving_direction": 1,
            "id": "1003_1",
            "lane_type": 1
        },
        {
            "pos": {
                "x": 566889.0608341385,
                "y": 4318011.940986419,
                "yaw": 1.7985963046642899
            },
            "heading": 1.7985963046642899,
            "speeds": {
                "vmax": 20.0
            },
            "type": 1,
            "driving_direction": 1,
            "id": "1003_1",
            "lane_type": 1
        },
        {
            "pos": {
                "x": 566888.9478982618,
                "y": 4318012.428064942,
                "yaw": 1.7985963046642899
            },
            "heading": 1.7985963046642899,
            "speeds": {
                "vmax": 20.0
            },
            "type": 1,
            "driving_direction": 1,
            "id": "1003_1",
            "lane_type": 1
        },
        {
            "pos": {
                "x": 566888.834962385,
                "y": 4318012.915143466,
                "yaw": 1.7985963046642899
            },
            "heading": 1.7985963046642899,
            "speeds": {
                "vmax": 20.0
            },
            "type": 1,
            "driving_direction": 1,
            "id": "1003_1",
            "lane_type": 1
        },
        {
            "pos": {
                "x": 566888.7220265083,
                "y": 4318013.402221989,
                "yaw": 1.7985963046642899
            },
            "heading": 1.7985963046642899,
            "speeds": {
                "vmax": 20.0
            },
            "type": 1,
            "driving_direction": 1,
            "id": "1003_1",
            "lane_type": 1
        },
        {
            "pos": {
                "x": 566888.6090906315,
                "y": 4318013.889300512,
                "yaw": 1.7985963046642899
            },
            "heading": 1.7985963046642899,
            "speeds": {
                "vmax": 20.0
            },
            "type": 1,
            "driving_direction": 1,
            "id": "1003_1",
            "lane_type": 1
        },
        {
            "pos": {
                "x": 566888.4961547548,
                "y": 4318014.376379035,
                "yaw": 1.7985963046642899
            },
            "heading": 1.7985963046642899,
            "speeds": {
                "vmax": 20.0
            },
            "type": 1,
            "driving_direction": 1,
            "id": "1003_1",
            "lane_type": 1
        },
        {
            "pos": {
                "x": 566888.383218878,
                "y": 4318014.863457559,
                "yaw": 1.7985963046642899
            },
            "heading": 1.7985963046642899,
            "speeds": {
                "vmax": 20.0
            },
            "type": 1,
            "driving_direction": 1,
            "id": "1003_1",
            "lane_type": 1
        },
        {
            "pos": {
                "x": 566888.2702830012,
                "y": 4318015.350536081,
                "yaw": 1.7985963046642899
            },
            "heading": 1.7985963046642899,
            "speeds": {
                "vmax": 20.0
            },
            "type": 1,
            "driving_direction": 1,
            "id": "1003_1",
            "lane_type": 1
        },
        {
            "pos": {
                "x": 566888.1573471244,
                "y": 4318015.837614604,
                "yaw": 1.7985963046642899
            },
            "heading": 1.7985963046642899,
            "speeds": {
                "vmax": 20.0
            },
            "type": 1,
            "driving_direction": 1,
            "id": "1003_1",
            "lane_type": 1
        },
        {
            "pos": {
                "x": 566888.0444112477,
                "y": 4318016.324693128,
                "yaw": 1.7985963046642899
            },
            "heading": 1.7985963046642899,
            "speeds": {
                "vmax": 20.0
            },
            "type": 1,
            "driving_direction": 1,
            "id": "1003_1",
            "lane_type": 1
        },
        {
            "pos": {
                "x": 566887.9314753709,
                "y": 4318016.811771651,
                "yaw": 1.7985963046642899
            },
            "heading": 1.7985963046642899,
            "speeds": {
                "vmax": 20.0
            },
            "type": 1,
            "driving_direction": 1,
            "id": "1003_1",
            "lane_type": 1
        },
        {
            "pos": {
                "x": 566887.8185394942,
                "y": 4318017.298850174,
                "yaw": 1.7985963046642899
            },
            "heading": 1.7985963046642899,
            "speeds": {
                "vmax": 20.0
            },
            "type": 1,
            "driving_direction": 1,
            "id": "1003_1",
            "lane_type": 1
        },
        {
            "pos": {
                "x": 566887.7056036174,
                "y": 4318017.785928697,
                "yaw": 1.7985963046642899
            },
            "heading": 1.7985963046642899,
            "speeds": {
                "vmax": 20.0
            },
            "type": 1,
            "driving_direction": 1,
            "id": "1003_1",
            "lane_type": 1
        },
        {
            "pos": {
                "x": 566887.5926677407,
                "y": 4318018.273007221,
                "yaw": 1.7985963046642899
            },
            "heading": 1.7985963046642899,
            "speeds": {
                "vmax": 20.0
            },
            "type": 1,
            "driving_direction": 1,
            "id": "1003_1",
            "lane_type": 1
        },
        {
            "pos": {
                "x": 566887.4797318638,
                "y": 4318018.760085744,
                "yaw": 1.7985963046642899
            },
            "heading": 1.7985963046642899,
            "speeds": {
                "vmax": 20.0
            },
            "type": 1,
            "driving_direction": 1,
            "id": "1003_1",
            "lane_type": 1
        },
        {
            "pos": {
                "x": 566887.3667959871,
                "y": 4318019.247164267,
                "yaw": 1.7985963046642899
            },
            "heading": 1.7985963046642899,
            "speeds": {
                "vmax": 20.0
            },
            "type": 1,
            "driving_direction": 1,
            "id": "1003_1",
            "lane_type": 1
        },
        {
            "pos": {
                "x": 566887.2538601103,
                "y": 4318019.73424279,
                "yaw": 1.7985963046642899
            },
            "heading": 1.7985963046642899,
            "speeds": {
                "vmax": 20.0
            },
            "type": 1,
            "driving_direction": 1,
            "id": "1003_1",
            "lane_type": 1
        },
        {
            "pos": {
                "x": 566887.1409242336,
                "y": 4318020.221321313,
                "yaw": 1.7985963046642899
            },
            "heading": 1.7985963046642899,
            "speeds": {
                "vmax": 20.0
            },
            "type": 1,
            "driving_direction": 1,
            "id": "1003_1",
            "lane_type": 1
        },
        {
            "pos": {
                "x": 566887.0313924062,
                "y": 4318020.693718591,
                "yaw": 1.7985963046642899
            },
            "heading": 1.7985963046642899,
            "speeds": {
                "vmax": 20.0
            },
            "type": 1,
            "driving_direction": 1,
            "id": "1003_1",
            "lane_type": 1
        },
        {
            "pos": {
                "x": 566886.9184649544,
                "y": 4318021.180556442,
                "yaw": 1.6729524586948028
            },
            "heading": 1.6729524586948028,
            "speeds": {
                "vmax": 15.0
            },
            "type": 2,
            "driving_direction": 1,
            "id": "1562_0",
            "lane_type": 4
        },
        {
            "pos": {
                "x": 566886.8649440657,
                "y": 4318021.702617371,
                "yaw": 1.6736431053375282
            },
            "heading": 1.6736431053375282,
            "speeds": {
                "vmax": 15.0
            },
            "type": 2,
            "driving_direction": 1,
            "id": "1562_0",
            "lane_type": 4
        },
        {
            "pos": {
                "x": 566886.8099294101,
                "y": 4318022.232282888,
                "yaw": 1.6747932473859215
            },
            "heading": 1.6747932473859215,
            "speeds": {
                "vmax": 15.0
            },
            "type": 2,
            "driving_direction": 1,
            "id": "1562_0",
            "lane_type": 4
        },
        {
            "pos": {
                "x": 566886.7537841278,
                "y": 4318022.767727826,
                "yaw": 1.6755865060498312
            },
            "heading": 1.6755865060498312,
            "speeds": {
                "vmax": 15.0
            },
            "type": 2,
            "driving_direction": 1,
            "id": "1562_0",
            "lane_type": 4
        },
        {
            "pos": {
                "x": 566886.697797956,
                "y": 4318023.2984239515,
                "yaw": 1.6760815113797023
            },
            "heading": 1.6760815113797023,
            "speeds": {
                "vmax": 15.0
            },
            "type": 2,
            "driving_direction": 1,
            "id": "1562_0",
            "lane_type": 4
        },
        {
            "pos": {
                "x": 566886.6417174162,
                "y": 4318023.828195693,
                "yaw": 1.6762802325101795
            },
            "heading": 1.6762802325101795,
            "speeds": {
                "vmax": 15.0
            },
            "type": 2,
            "driving_direction": 1,
            "id": "1562_0",
            "lane_type": 4
        },
        {
            "pos": {
                "x": 566886.5855492193,
                "y": 4318024.358644482,
                "yaw": 1.6761754779772422
            },
            "heading": 1.6761754779772422,
            "speeds": {
                "vmax": 15.0
            },
            "type": 2,
            "driving_direction": 1,
            "id": "1562_0",
            "lane_type": 4
        },
        {
            "pos": {
                "x": 566886.5293359,
                "y": 4318024.890790391,
                "yaw": 1.6757630168887603
            },
            "heading": 1.6757630168887603,
            "speeds": {
                "vmax": 15.0
            },
            "type": 2,
            "driving_direction": 1,
            "id": "1562_0",
            "lane_type": 4
        },
        {
            "pos": {
                "x": 566886.473390538,
                "y": 4318025.423478429,
                "yaw": 1.6750276606513268
            },
            "heading": 1.6750276606513268,
            "speeds": {
                "vmax": 15.0
            },
            "type": 2,
            "driving_direction": 1,
            "id": "1562_0",
            "lane_type": 4
        },
        {
            "pos": {
                "x": 566886.418355691,
                "y": 4318025.952065051,
                "yaw": 1.6739847116906637
            },
            "heading": 1.6739847116906637,
            "speeds": {
                "vmax": 15.0
            },
            "type": 2,
            "driving_direction": 1,
            "id": "1562_0",
            "lane_type": 4
        },
        {
            "pos": {
                "x": 566886.3634978038,
                "y": 4318026.485239996,
                "yaw": 1.672570296130141
            },
            "heading": 1.672570296130141,
            "speeds": {
                "vmax": 15.0
            },
            "type": 2,
            "driving_direction": 1,
            "id": "1562_0",
            "lane_type": 4
        },
        {
            "pos": {
                "x": 566886.3097701244,
                "y": 4318027.016276725,
                "yaw": 1.6706979056071765
            },
            "heading": 1.6706979056071765,
            "speeds": {
                "vmax": 15.0
            },
            "type": 2,
            "driving_direction": 1,
            "id": "1562_0",
            "lane_type": 4
        },
        {
            "pos": {
                "x": 566886.2572509487,
                "y": 4318027.54650474,
                "yaw": 1.6683228178900997
            },
            "heading": 1.6683228178900997,
            "speeds": {
                "vmax": 15.0
            },
            "type": 2,
            "driving_direction": 1,
            "id": "1562_0",
            "lane_type": 4
        },
        {
            "pos": {
                "x": 566886.2055798547,
                "y": 4318028.083253311,
                "yaw": 1.6653228711665202
            },
            "heading": 1.6653228711665202,
            "speeds": {
                "vmax": 15.0
            },
            "type": 2,
            "driving_direction": 1,
            "id": "1562_0",
            "lane_type": 4
        },
        {
            "pos": {
                "x": 566886.1570721518,
                "y": 4318028.605910197,
                "yaw": 1.6616391125801238
            },
            "heading": 1.6616391125801238,
            "speeds": {
                "vmax": 15.0
            },
            "type": 2,
            "driving_direction": 1,
            "id": "1562_0",
            "lane_type": 4
        },
        {
            "pos": {
                "x": 566886.110090178,
                "y": 4318029.134478154,
                "yaw": 1.6570201728451075
            },
            "heading": 1.6570201728451075,
            "speeds": {
                "vmax": 15.0
            },
            "type": 2,
            "driving_direction": 1,
            "id": "1562_0",
            "lane_type": 4
        },
        {
            "pos": {
                "x": 566886.0661240162,
                "y": 4318029.663136592,
                "yaw": 1.6515071155902326
            },
            "heading": 1.6515071155902326,
            "speeds": {
                "vmax": 15.0
            },
            "type": 2,
            "driving_direction": 1,
            "id": "1562_0",
            "lane_type": 4
        },
        {
            "pos": {
                "x": 566886.0248913975,
                "y": 4318030.190944191,
                "yaw": 1.6474165407337602
            },
            "heading": 1.6474165407337602,
            "speeds": {
                "vmax": 15.0
            },
            "type": 2,
            "driving_direction": 1,
            "id": "1562_0",
            "lane_type": 4
        },
        {
            "pos": {
                "x": 566885.9846699894,
                "y": 4318030.724741342,
                "yaw": 1.6449149510774703
            },
            "heading": 1.6449149510774703,
            "speeds": {
                "vmax": 15.0
            },
            "type": 2,
            "driving_direction": 1,
            "id": "1562_0",
            "lane_type": 4
        },
        {
            "pos": {
                "x": 566885.9461131133,
                "y": 4318031.2536258595,
                "yaw": 1.6424897510542114
            },
            "heading": 1.6424897510542114,
            "speeds": {
                "vmax": 15.0
            },
            "type": 2,
            "driving_direction": 1,
            "id": "1562_0",
            "lane_type": 4
        },
        {
            "pos": {
                "x": 566885.9076846254,
                "y": 4318031.799193367,
                "yaw": 1.640477606526794
            },
            "heading": 1.640477606526794,
            "speeds": {
                "vmax": 15.0
            },
            "type": 2,
            "driving_direction": 1,
            "id": "1562_0",
            "lane_type": 4
        },
        {
            "pos": {
                "x": 566885.8717429336,
                "y": 4318032.319486519,
                "yaw": 1.6386911662215047
            },
            "heading": 1.6386911662215047,
            "speeds": {
                "vmax": 15.0
            },
            "type": 2,
            "driving_direction": 1,
            "id": "1562_0",
            "lane_type": 4
        },
        {
            "pos": {
                "x": 566885.8349734069,
                "y": 4318032.873513835,
                "yaw": 1.6364463454105689
            },
            "heading": 1.6364463454105689,
            "speeds": {
                "vmax": 15.0
            },
            "type": 2,
            "driving_direction": 1,
            "id": "1562_0",
            "lane_type": 4
        },
        {
            "pos": {
                "x": 566885.7997091254,
                "y": 4318033.415267738,
                "yaw": 1.635892363995667
            },
            "heading": 1.635892363995667,
            "speeds": {
                "vmax": 15.0
            },
            "type": 2,
            "driving_direction": 1,
            "id": "1562_0",
            "lane_type": 4
        },
        {
            "pos": {
                "x": 566885.7671780342,
                "y": 4318033.907887623,
                "yaw": 1.6336735599578374
            },
            "heading": 1.6336735599578374,
            "speeds": {
                "vmax": 15.0
            },
            "type": 2,
            "driving_direction": 1,
            "id": "1562_0",
            "lane_type": 4
        },
        {
            "pos": {
                "x": 566885.736119084,
                "y": 4318034.450460942,
                "yaw": 1.6231344534267655
            },
            "heading": 1.6231344534267655,
            "speeds": {
                "vmax": 15.0
            },
            "type": 2,
            "driving_direction": 1,
            "id": "1562_0",
            "lane_type": 4
        },
        {
            "pos": {
                "x": 566885.7127450944,
                "y": 4318034.974730583,
                "yaw": 1.6078414128568257
            },
            "heading": 1.6078414128568257,
            "speeds": {
                "vmax": 15.0
            },
            "type": 2,
            "driving_direction": 1,
            "id": "1562_0",
            "lane_type": 4
        },
        {
            "pos": {
                "x": 566885.6991816771,
                "y": 4318035.504988503,
                "yaw": 1.5885386808239994
            },
            "heading": 1.5885386808239994,
            "speeds": {
                "vmax": 15.0
            },
            "type": 2,
            "driving_direction": 1,
            "id": "1562_0",
            "lane_type": 4
        },
        {
            "pos": {
                "x": 566885.6954414565,
                "y": 4318036.0376359895,
                "yaw": 1.5697600557330647
            },
            "heading": 1.5697600557330647,
            "speeds": {
                "vmax": 15.0
            },
            "type": 2,
            "driving_direction": 1,
            "id": "1562_0",
            "lane_type": 4
        },
        {
            "pos": {
                "x": 566885.7020425862,
                "y": 4318036.569411309,
                "yaw": 1.5489167736360032
            },
            "heading": 1.5489167736360032,
            "speeds": {
                "vmax": 15.0
            },
            "type": 2,
            "driving_direction": 1,
            "id": "1562_0",
            "lane_type": 4
        },
        {
            "pos": {
                "x": 566885.7211243162,
                "y": 4318037.101446432,
                "yaw": 1.5270336177636488
            },
            "heading": 1.5270336177636488,
            "speeds": {
                "vmax": 15.0
            },
            "type": 2,
            "driving_direction": 1,
            "id": "1562_0",
            "lane_type": 4
        },
        {
            "pos": {
                "x": 566885.7498259097,
                "y": 4318037.632280517,
                "yaw": 1.5071581151070352
            },
            "heading": 1.5071581151070352,
            "speeds": {
                "vmax": 15.0
            },
            "type": 2,
            "driving_direction": 1,
            "id": "1562_0",
            "lane_type": 4
        },
        {
            "pos": {
                "x": 566885.7913549846,
                "y": 4318038.160320516,
                "yaw": 1.4803820250742061
            },
            "heading": 1.4803820250742061,
            "speeds": {
                "vmax": 15.0
            },
            "type": 2,
            "driving_direction": 1,
            "id": "1562_0",
            "lane_type": 4
        },
        {
            "pos": {
                "x": 566885.8488240526,
                "y": 4318038.689613911,
                "yaw": 1.45435711323415
            },
            "heading": 1.45435711323415,
            "speeds": {
                "vmax": 15.0
            },
            "type": 2,
            "driving_direction": 1,
            "id": "1562_0",
            "lane_type": 4
        },
        {
            "pos": {
                "x": 566885.9157852707,
                "y": 4318039.217867643,
                "yaw": 1.4385629222764624
            },
            "heading": 1.4385629222764624,
            "speeds": {
                "vmax": 15.0
            },
            "type": 2,
            "driving_direction": 1,
            "id": "1562_0",
            "lane_type": 4
        },
        {
            "pos": {
                "x": 566885.9901167159,
                "y": 4318039.74383937,
                "yaw": 1.4248218987186818
            },
            "heading": 1.4248218987186818,
            "speeds": {
                "vmax": 15.0
            },
            "type": 2,
            "driving_direction": 1,
            "id": "1562_0",
            "lane_type": 4
        },
        {
            "pos": {
                "x": 566886.0716824918,
                "y": 4318040.269757045,
                "yaw": 1.414123645049856
            },
            "heading": 1.414123645049856,
            "speeds": {
                "vmax": 15.0
            },
            "type": 2,
            "driving_direction": 1,
            "id": "1562_0",
            "lane_type": 4
        },
        {
            "pos": {
                "x": 566886.1559869624,
                "y": 4318040.794977279,
                "yaw": 1.4082878196007313
            },
            "heading": 1.4082878196007313,
            "speeds": {
                "vmax": 15.0
            },
            "type": 2,
            "driving_direction": 1,
            "id": "1562_0",
            "lane_type": 4
        },
        {
            "pos": {
                "x": 566886.2448769943,
                "y": 4318041.318554405,
                "yaw": 1.3986496831871975
            },
            "heading": 1.3986496831871975,
            "speeds": {
                "vmax": 15.0
            },
            "type": 2,
            "driving_direction": 1,
            "id": "1562_0",
            "lane_type": 4
        },
        {
            "pos": {
                "x": 566886.3392555139,
                "y": 4318041.842618238,
                "yaw": 1.3931381278618096
            },
            "heading": 1.3931381278618096,
            "speeds": {
                "vmax": 15.0
            },
            "type": 2,
            "driving_direction": 1,
            "id": "1562_0",
            "lane_type": 4
        },
        {
            "pos": {
                "x": 566886.4316189564,
                "y": 4318042.368217076,
                "yaw": 1.4006221765602835
            },
            "heading": 1.4006221765602835,
            "speeds": {
                "vmax": 15.0
            },
            "type": 2,
            "driving_direction": 1,
            "id": "1562_0",
            "lane_type": 4
        },
        {
            "pos": {
                "x": 566886.5182907276,
                "y": 4318042.895243989,
                "yaw": 1.4165046007608455
            },
            "heading": 1.4165046007608455,
            "speeds": {
                "vmax": 15.0
            },
            "type": 2,
            "driving_direction": 1,
            "id": "1562_0",
            "lane_type": 4
        },
        {
            "pos": {
                "x": 566886.5909619035,
                "y": 4318043.420694003,
                "yaw": 1.445502786825513
            },
            "heading": 1.445502786825513,
            "speeds": {
                "vmax": 15.0
            },
            "type": 2,
            "driving_direction": 1,
            "id": "1562_0",
            "lane_type": 4
        },
        {
            "pos": {
                "x": 566886.6464989198,
                "y": 4318043.947985087,
                "yaw": 1.4776822589164476
            },
            "heading": 1.4776822589164476,
            "speeds": {
                "vmax": 15.0
            },
            "type": 2,
            "driving_direction": 1,
            "id": "1562_0",
            "lane_type": 4
        },
        {
            "pos": {
                "x": 566886.6864545915,
                "y": 4318044.475117764,
                "yaw": 1.5083874882021349
            },
            "heading": 1.5083874882021349,
            "speeds": {
                "vmax": 15.0
            },
            "type": 2,
            "driving_direction": 1,
            "id": "1562_0",
            "lane_type": 4
        },
        {
            "pos": {
                "x": 566886.7081976926,
                "y": 4318045.001456211,
                "yaw": 1.542449180402609
            },
            "heading": 1.542449180402609,
            "speeds": {
                "vmax": 15.0
            },
            "type": 2,
            "driving_direction": 1,
            "id": "1562_0",
            "lane_type": 4
        },
        {
            "pos": {
                "x": 566886.7134621207,
                "y": 4318045.526384089,
                "yaw": 1.5776771333500224
            },
            "heading": 1.5776771333500224,
            "speeds": {
                "vmax": 15.0
            },
            "type": 2,
            "driving_direction": 1,
            "id": "1562_0",
            "lane_type": 4
        },
        {
            "pos": {
                "x": 566886.6964880016,
                "y": 4318046.048463075,
                "yaw": 1.6219700292952746
            },
            "heading": 1.6219700292952746,
            "speeds": {
                "vmax": 15.0
            },
            "type": 2,
            "driving_direction": 1,
            "id": "1562_0",
            "lane_type": 4
        },
        {
            "pos": {
                "x": 566886.6569388187,
                "y": 4318046.569856998,
                "yaw": 1.673265493492502
            },
            "heading": 1.673265493492502,
            "speeds": {
                "vmax": 15.0
            },
            "type": 2,
            "driving_direction": 1,
            "id": "1562_0",
            "lane_type": 4
        },
        {
            "pos": {
                "x": 566886.5856487807,
                "y": 4318047.085695973,
                "yaw": 1.742151562101087
            },
            "heading": 1.742151562101087,
            "speeds": {
                "vmax": 15.0
            },
            "type": 2,
            "driving_direction": 1,
            "id": "1562_0",
            "lane_type": 4
        },
        {
            "pos": {
                "x": 566886.4762980256,
                "y": 4318047.596624112,
                "yaw": 1.8152210835506255
            },
            "heading": 1.8152210835506255,
            "speeds": {
                "vmax": 15.0
            },
            "type": 2,
            "driving_direction": 1,
            "id": "1562_0",
            "lane_type": 4
        },
        {
            "pos": {
                "x": 566886.3315371375,
                "y": 4318048.099913236,
                "yaw": 1.8818461370479211
            },
            "heading": 1.8818461370479211,
            "speeds": {
                "vmax": 15.0
            },
            "type": 2,
            "driving_direction": 1,
            "id": "1562_0",
            "lane_type": 4
        },
        {
            "pos": {
                "x": 566886.1556623364,
                "y": 4318048.593584571,
                "yaw": 1.9468082179909731
            },
            "heading": 1.9468082179909731,
            "speeds": {
                "vmax": 15.0
            },
            "type": 2,
            "driving_direction": 1,
            "id": "1562_0",
            "lane_type": 4
        },
        {
            "pos": {
                "x": 566885.9470443525,
                "y": 4318049.075599536,
                "yaw": 2.017648993707314
            },
            "heading": 2.017648993707314,
            "speeds": {
                "vmax": 15.0
            },
            "type": 2,
            "driving_direction": 1,
            "id": "1562_0",
            "lane_type": 4
        },
        {
            "pos": {
                "x": 566885.7032600419,
                "y": 4318049.541657299,
                "yaw": 2.090995849444809
            },
            "heading": 2.090995849444809,
            "speeds": {
                "vmax": 15.0
            },
            "type": 2,
            "driving_direction": 1,
            "id": "1562_0",
            "lane_type": 4
        },
        {
            "pos": {
                "x": 566885.4260823072,
                "y": 4318049.99003459,
                "yaw": 2.160813610072945
            },
            "heading": 2.160813610072945,
            "speeds": {
                "vmax": 15.0
            },
            "type": 2,
            "driving_direction": 1,
            "id": "1562_0",
            "lane_type": 4
        },
        {
            "pos": {
                "x": 566885.1191064813,
                "y": 4318050.4192667715,
                "yaw": 2.2252947463197703
            },
            "heading": 2.2252947463197703,
            "speeds": {
                "vmax": 15.0
            },
            "type": 2,
            "driving_direction": 1,
            "id": "1562_0",
            "lane_type": 4
        },
        {
            "pos": {
                "x": 566884.7849615328,
                "y": 4318050.829697063,
                "yaw": 2.292913492758821
            },
            "heading": 2.292913492758821,
            "speeds": {
                "vmax": 15.0
            },
            "type": 2,
            "driving_direction": 1,
            "id": "1562_0",
            "lane_type": 4
        },
        {
            "pos": {
                "x": 566884.422789769,
                "y": 4318051.215117887,
                "yaw": 2.3659022405154793
            },
            "heading": 2.3659022405154793,
            "speeds": {
                "vmax": 15.0
            },
            "type": 2,
            "driving_direction": 1,
            "id": "1562_0",
            "lane_type": 4
        },
        {
            "pos": {
                "x": 566884.0330749056,
                "y": 4318051.57351974,
                "yaw": 2.4313495490595862
            },
            "heading": 2.4313495490595862,
            "speeds": {
                "vmax": 15.0
            },
            "type": 2,
            "driving_direction": 1,
            "id": "1562_0",
            "lane_type": 4
        },
        {
            "pos": {
                "x": 566883.6208432993,
                "y": 4318051.908758113,
                "yaw": 2.496867664825944
            },
            "heading": 2.496867664825944,
            "speeds": {
                "vmax": 15.0
            },
            "type": 2,
            "driving_direction": 1,
            "id": "1562_0",
            "lane_type": 4
        },
        {
            "pos": {
                "x": 566883.1884039966,
                "y": 4318052.213602386,
                "yaw": 2.566373200211708
            },
            "heading": 2.566373200211708,
            "speeds": {
                "vmax": 15.0
            },
            "type": 2,
            "driving_direction": 1,
            "id": "1562_0",
            "lane_type": 4
        },
        {
            "pos": {
                "x": 566882.7330983523,
                "y": 4318052.48950457,
                "yaw": 2.632140472527445
            },
            "heading": 2.632140472527445,
            "speeds": {
                "vmax": 15.0
            },
            "type": 2,
            "driving_direction": 1,
            "id": "1562_0",
            "lane_type": 4
        },
        {
            "pos": {
                "x": 566882.262117004,
                "y": 4318052.734946761,
                "yaw": 2.700577480761454
            },
            "heading": 2.700577480761454,
            "speeds": {
                "vmax": 15.0
            },
            "type": 2,
            "driving_direction": 1,
            "id": "1562_0",
            "lane_type": 4
        },
        {
            "pos": {
                "x": 566881.7741533024,
                "y": 4318052.946482206,
                "yaw": 2.7733450044223646
            },
            "heading": 2.7733450044223646,
            "speeds": {
                "vmax": 15.0
            },
            "type": 2,
            "driving_direction": 1,
            "id": "1562_0",
            "lane_type": 4
        },
        {
            "pos": {
                "x": 566881.2718401894,
                "y": 4318053.121362615,
                "yaw": 2.848589832854806
            },
            "heading": 2.848589832854806,
            "speeds": {
                "vmax": 15.0
            },
            "type": 2,
            "driving_direction": 1,
            "id": "1562_0",
            "lane_type": 4
        },
        {
            "pos": {
                "x": 566880.7575473441,
                "y": 4318053.257926016,
                "yaw": 2.9185226413414633
            },
            "heading": 2.9185226413414633,
            "speeds": {
                "vmax": 15.0
            },
            "type": 2,
            "driving_direction": 1,
            "id": "1562_0",
            "lane_type": 4
        },
        {
            "pos": {
                "x": 566880.2351011918,
                "y": 4318053.3608581545,
                "yaw": 2.9714470893660794
            },
            "heading": 2.9714470893660794,
            "speeds": {
                "vmax": 15.0
            },
            "type": 2,
            "driving_direction": 1,
            "id": "1562_0",
            "lane_type": 4
        },
        {
            "pos": {
                "x": 566879.708803823,
                "y": 4318053.439595571,
                "yaw": 3.0268619336790796
            },
            "heading": 3.0268619336790796,
            "speeds": {
                "vmax": 15.0
            },
            "type": 2,
            "driving_direction": 1,
            "id": "1562_0",
            "lane_type": 4
        },
        {
            "pos": {
                "x": 566879.177680813,
                "y": 4318053.485190923,
                "yaw": 3.0947815712081814
            },
            "heading": 3.0947815712081814,
            "speeds": {
                "vmax": 15.0
            },
            "type": 2,
            "driving_direction": 1,
            "id": "1562_0",
            "lane_type": 4
        },
        {
            "pos": {
                "x": 566878.645292969,
                "y": 4318053.492525447,
                "yaw": -3.1180441370310903
            },
            "heading": -3.1180441370310903,
            "speeds": {
                "vmax": 15.0
            },
            "type": 2,
            "driving_direction": 1,
            "id": "1562_0",
            "lane_type": 4
        },
        {
            "pos": {
                "x": 566878.1133283603,
                "y": 4318053.463023611,
                "yaw": -3.0526271287617064
            },
            "heading": -3.0526271287617064,
            "speeds": {
                "vmax": 15.0
            },
            "type": 2,
            "driving_direction": 1,
            "id": "1562_0",
            "lane_type": 4
        },
        {
            "pos": {
                "x": 566877.5848834633,
                "y": 4318053.40065725,
                "yaw": -2.99953854276303
            },
            "heading": -2.99953854276303,
            "speeds": {
                "vmax": 15.0
            },
            "type": 2,
            "driving_direction": 1,
            "id": "1562_0",
            "lane_type": 4
        },
        {
            "pos": {
                "x": 566877.0596511036,
                "y": 4318053.314143484,
                "yaw": -2.9592458374645494
            },
            "heading": -2.9592458374645494,
            "speeds": {
                "vmax": 15.0
            },
            "type": 2,
            "driving_direction": 1,
            "id": "1562_0",
            "lane_type": 4
        },
        {
            "pos": {
                "x": 566876.5375925665,
                "y": 4318053.209068096,
                "yaw": -2.9324092892673015
            },
            "heading": -2.9324092892673015,
            "speeds": {
                "vmax": 15.0
            },
            "type": 2,
            "driving_direction": 1,
            "id": "1562_0",
            "lane_type": 4
        },
        {
            "pos": {
                "x": 566876.0200571931,
                "y": 4318053.094434222,
                "yaw": -2.9217307638229117
            },
            "heading": -2.9217307638229117,
            "speeds": {
                "vmax": 15.0
            },
            "type": 2,
            "driving_direction": 1,
            "id": "1562_0",
            "lane_type": 4
        },
        {
            "pos": {
                "x": 566875.5043847437,
                "y": 4318052.978472817,
                "yaw": -2.9226481813920593
            },
            "heading": -2.9226481813920593,
            "speeds": {
                "vmax": 15.0
            },
            "type": 2,
            "driving_direction": 1,
            "id": "1562_0",
            "lane_type": 4
        },
        {
            "pos": {
                "x": 566874.9838074733,
                "y": 4318052.863628367,
                "yaw": -2.92495199591637
            },
            "heading": -2.92495199591637,
            "speeds": {
                "vmax": 15.0
            },
            "type": 2,
            "driving_direction": 1,
            "id": "1562_0",
            "lane_type": 4
        },
        {
            "pos": {
                "x": 566874.4614871491,
                "y": 4318052.748896157,
                "yaw": -2.9255899820680233
            },
            "heading": -2.9255899820680233,
            "speeds": {
                "vmax": 15.0
            },
            "type": 2,
            "driving_direction": 1,
            "id": "1562_0",
            "lane_type": 4
        },
        {
            "pos": {
                "x": 566873.939313892,
                "y": 4318052.634425115,
                "yaw": -2.925886848602085
            },
            "heading": -2.925886848602085,
            "speeds": {
                "vmax": 15.0
            },
            "type": 2,
            "driving_direction": 1,
            "id": "1562_0",
            "lane_type": 4
        },
        {
            "pos": {
                "x": 566873.4155553894,
                "y": 4318052.519711023,
                "yaw": -2.92595883007489
            },
            "heading": -2.92595883007489,
            "speeds": {
                "vmax": 15.0
            },
            "type": 2,
            "driving_direction": 1,
            "id": "1562_0",
            "lane_type": 4
        },
        {
            "pos": {
                "x": 566872.8913117864,
                "y": 4318052.404870981,
                "yaw": -2.9258639252361407
            },
            "heading": -2.9258639252361407,
            "speeds": {
                "vmax": 15.0
            },
            "type": 2,
            "driving_direction": 1,
            "id": "1562_0",
            "lane_type": 4
        },
        {
            "pos": {
                "x": 566872.3760143216,
                "y": 4318052.291979143,
                "yaw": -2.915582214729236
            },
            "heading": -2.915582214729236,
            "speeds": {
                "vmax": 10.0
            },
            "type": 1,
            "driving_direction": 1,
            "id": "1559_0",
            "lane_type": 62
        },
        {
            "pos": {
                "x": 566871.8887302158,
                "y": 4318052.179933616,
                "yaw": -2.915582214729236
            },
            "heading": -2.915582214729236,
            "speeds": {
                "vmax": 10.0
            },
            "type": 1,
            "driving_direction": 1,
            "id": "1559_0",
            "lane_type": 62
        },
        {
            "pos": {
                "x": 566871.4014461101,
                "y": 4318052.067888088,
                "yaw": -2.915582214729236
            },
            "heading": -2.915582214729236,
            "speeds": {
                "vmax": 10.0
            },
            "type": 1,
            "driving_direction": 1,
            "id": "1559_0",
            "lane_type": 62
        },
        {
            "pos": {
                "x": 566870.9141620043,
                "y": 4318051.95584256,
                "yaw": -2.915582214729236
            },
            "heading": -2.915582214729236,
            "speeds": {
                "vmax": 10.0
            },
            "type": 1,
            "driving_direction": 1,
            "id": "1559_0",
            "lane_type": 62
        },
        {
            "pos": {
                "x": 566870.4268778985,
                "y": 4318051.843797033,
                "yaw": -2.915582214729236
            },
            "heading": -2.915582214729236,
            "speeds": {
                "vmax": 10.0
            },
            "type": 1,
            "driving_direction": 1,
            "id": "1559_0",
            "lane_type": 62
        },
        {
            "pos": {
                "x": 566869.9395937928,
                "y": 4318051.731751505,
                "yaw": -2.915582214729236
            },
            "heading": -2.915582214729236,
            "speeds": {
                "vmax": 10.0
            },
            "type": 1,
            "driving_direction": 1,
            "id": "1559_0",
            "lane_type": 62
        },
        {
            "pos": {
                "x": 566869.452309687,
                "y": 4318051.619705977,
                "yaw": -2.915582214729236
            },
            "heading": -2.915582214729236,
            "speeds": {
                "vmax": 10.0
            },
            "type": 1,
            "driving_direction": 1,
            "id": "1559_0",
            "lane_type": 62
        }
    ]
}