{
    "header": {
        "trace_id": "bedd996810ba41bd9ac18fcbecad43cd",
        "trans_id": "0ddde281-390c-43aa-a5a8-33a4cf6c0b03",
        "che_id": "A530",
        "timestamp": "2025-02-20T03:37:57.767402Z"
    },
    "task_id": "bedd996810ba41bd9ac18fcbecad43cd",
    "navi_id": "A530_bedd996810ba41bd9ac18fcbecad43cd_14",
    "seq_num": 14,
    "dest_type": 6,
    "mode": 2,
    "waypoints": [
        {
            "pos": {
                "x": 566917.8630400422,
                "y": 4317887.759959137,
                "yaw": 1.7988002319456715
            },
            "heading": 1.7988002319456715,
            "speeds": {
                "vmax": 20.0
            },
            "type": 1,
            "driving_direction": 1,
            "id": "1011_1",
            "lane_type": 1
        },
        {
            "pos": {
                "x": 566917.7502828815,
                "y": 4317888.245900026,
                "yaw": 1.7988000000458393
            },
            "heading": 1.7988000000458393,
            "speeds": {
                "vmax": 20.0
            },
            "type": 1,
            "driving_direction": 1,
            "id": "1011_1",
            "lane_type": 1
        },
        {
            "pos": {
                "x": 566917.6375268035,
                "y": 4317888.73183625,
                "yaw": 1.7988001045665012
            },
            "heading": 1.7988001045665012,
            "speeds": {
                "vmax": 20.0
            },
            "type": 1,
            "driving_direction": 1,
            "id": "1011_1",
            "lane_type": 1
        },
        {
            "pos": {
                "x": 566917.5247692394,
                "y": 4317889.217778877,
                "yaw": 1.798800406933167
            },
            "heading": 1.798800406933167,
            "speeds": {
                "vmax": 20.0
            },
            "type": 1,
            "driving_direction": 1,
            "id": "1011_1",
            "lane_type": 1
        },
        {
            "pos": {
                "x": 566917.4120112793,
                "y": 4317889.703723213,
                "yaw": 1.7988002403006969
            },
            "heading": 1.7988002403006969,
            "speeds": {
                "vmax": 20.0
            },
            "type": 1,
            "driving_direction": 1,
            "id": "1011_1",
            "lane_type": 1
        },
        {
            "pos": {
                "x": 566917.2992636821,
                "y": 4317890.189622887,
                "yaw": 1.7988003438048314
            },
            "heading": 1.7988003438048314,
            "speeds": {
                "vmax": 20.0
            },
            "type": 1,
            "driving_direction": 1,
            "id": "1010_1",
            "lane_type": 1
        },
        {
            "pos": {
                "x": 566917.1869892061,
                "y": 4317890.673483588,
                "yaw": 1.79880032416979
            },
            "heading": 1.79880032416979,
            "speeds": {
                "vmax": 20.0
            },
            "type": 1,
            "driving_direction": 1,
            "id": "1010_1",
            "lane_type": 1
        },
        {
            "pos": {
                "x": 566917.0747065971,
                "y": 4317891.1573793385,
                "yaw": 1.7987999779349846
            },
            "heading": 1.7987999779349846,
            "speeds": {
                "vmax": 20.0
            },
            "type": 1,
            "driving_direction": 1,
            "id": "1010_1",
            "lane_type": 1
        },
        {
            "pos": {
                "x": 566916.9624248222,
                "y": 4317891.641271494,
                "yaw": 1.7988004334016625
            },
            "heading": 1.7988004334016625,
            "speeds": {
                "vmax": 20.0
            },
            "type": 1,
            "driving_direction": 1,
            "id": "1010_1",
            "lane_type": 1
        },
        {
            "pos": {
                "x": 566916.8501393375,
                "y": 4317892.125179638,
                "yaw": 1.798800387964539
            },
            "heading": 1.798800387964539,
            "speeds": {
                "vmax": 20.0
            },
            "type": 1,
            "driving_direction": 1,
            "id": "1010_1",
            "lane_type": 1
        },
        {
            "pos": {
                "x": 566916.7378546849,
                "y": 4317892.609084196,
                "yaw": 1.798800234720146
            },
            "heading": 1.798800234720146,
            "speeds": {
                "vmax": 20.0
            },
            "type": 1,
            "driving_direction": 1,
            "id": "1010_1",
            "lane_type": 1
        },
        {
            "pos": {
                "x": 566916.6255737026,
                "y": 4317893.092972936,
                "yaw": 1.7988002576755548
            },
            "heading": 1.7988002576755548,
            "speeds": {
                "vmax": 20.0
            },
            "type": 1,
            "driving_direction": 1,
            "id": "1010_1",
            "lane_type": 1
        },
        {
            "pos": {
                "x": 566916.5132897777,
                "y": 4317893.576874358,
                "yaw": 1.7988004685464474
            },
            "heading": 1.7988004685464474,
            "speeds": {
                "vmax": 20.0
            },
            "type": 1,
            "driving_direction": 1,
            "id": "1010_1",
            "lane_type": 1
        },
        {
            "pos": {
                "x": 566916.4010057929,
                "y": 4317894.060776038,
                "yaw": 1.7987999325026114
            },
            "heading": 1.7987999325026114,
            "speeds": {
                "vmax": 20.0
            },
            "type": 1,
            "driving_direction": 1,
            "id": "1010_1",
            "lane_type": 1
        },
        {
            "pos": {
                "x": 566916.2887228461,
                "y": 4317894.544673245,
                "yaw": 1.7988002469102609
            },
            "heading": 1.7988002469102609,
            "speeds": {
                "vmax": 20.0
            },
            "type": 1,
            "driving_direction": 1,
            "id": "1010_1",
            "lane_type": 1
        },
        {
            "pos": {
                "x": 566916.1764387904,
                "y": 4317895.02857523,
                "yaw": 1.7988005730331769
            },
            "heading": 1.7988005730331769,
            "speeds": {
                "vmax": 20.0
            },
            "type": 1,
            "driving_direction": 1,
            "id": "1010_1",
            "lane_type": 1
        },
        {
            "pos": {
                "x": 566916.0641558128,
                "y": 4317895.512472568,
                "yaw": 1.7988000491789815
            },
            "heading": 1.7988000491789815,
            "speeds": {
                "vmax": 20.0
            },
            "type": 1,
            "driving_direction": 1,
            "id": "1010_1",
            "lane_type": 1
        },
        {
            "pos": {
                "x": 566915.9518713554,
                "y": 4317895.996376285,
                "yaw": 1.7988001780452327
            },
            "heading": 1.7988001780452327,
            "speeds": {
                "vmax": 20.0
            },
            "type": 1,
            "driving_direction": 1,
            "id": "1010_1",
            "lane_type": 1
        },
        {
            "pos": {
                "x": 566915.8395865036,
                "y": 4317896.480281702,
                "yaw": 1.7988000341319605
            },
            "heading": 1.7988000341319605,
            "speeds": {
                "vmax": 20.0
            },
            "type": 1,
            "driving_direction": 1,
            "id": "1010_1",
            "lane_type": 1
        },
        {
            "pos": {
                "x": 566915.7273119711,
                "y": 4317896.964142646,
                "yaw": 1.79880017642821
            },
            "heading": 1.79880017642821,
            "speeds": {
                "vmax": 20.0
            },
            "type": 1,
            "driving_direction": 1,
            "id": "1009_1",
            "lane_type": 1
        },
        {
            "pos": {
                "x": 566915.6128976471,
                "y": 4317897.4572252855,
                "yaw": 1.7988004657076935
            },
            "heading": 1.7988004657076935,
            "speeds": {
                "vmax": 20.0
            },
            "type": 1,
            "driving_direction": 1,
            "id": "1009_1",
            "lane_type": 1
        },
        {
            "pos": {
                "x": 566915.4984750354,
                "y": 4317897.9503436405,
                "yaw": 1.798800148935771
            },
            "heading": 1.798800148935771,
            "speeds": {
                "vmax": 20.0
            },
            "type": 1,
            "driving_direction": 1,
            "id": "1009_1",
            "lane_type": 1
        },
        {
            "pos": {
                "x": 566915.3840532734,
                "y": 4317898.4434583355,
                "yaw": 1.7988002873548259
            },
            "heading": 1.7988002873548259,
            "speeds": {
                "vmax": 20.0
            },
            "type": 1,
            "driving_direction": 1,
            "id": "1009_1",
            "lane_type": 1
        },
        {
            "pos": {
                "x": 566915.2696277308,
                "y": 4317898.936589322,
                "yaw": 1.798800037242537
            },
            "heading": 1.798800037242537,
            "speeds": {
                "vmax": 20.0
            },
            "type": 1,
            "driving_direction": 1,
            "id": "1009_1",
            "lane_type": 1
        },
        {
            "pos": {
                "x": 566915.1552030365,
                "y": 4317899.429716654,
                "yaw": 1.7988005379385326
            },
            "heading": 1.7988005379385326,
            "speeds": {
                "vmax": 20.0
            },
            "type": 1,
            "driving_direction": 1,
            "id": "1009_1",
            "lane_type": 1
        },
        {
            "pos": {
                "x": 566915.0407820822,
                "y": 4317899.922827867,
                "yaw": 1.7988004119481995
            },
            "heading": 1.7988004119481995,
            "speeds": {
                "vmax": 20.0
            },
            "type": 1,
            "driving_direction": 1,
            "id": "1009_1",
            "lane_type": 1
        },
        {
            "pos": {
                "x": 566914.9263581291,
                "y": 4317900.4159520045,
                "yaw": 1.7988002533329426
            },
            "heading": 1.7988002533329426,
            "speeds": {
                "vmax": 20.0
            },
            "type": 1,
            "driving_direction": 1,
            "id": "1009_1",
            "lane_type": 1
        },
        {
            "pos": {
                "x": 566914.8119341151,
                "y": 4317900.909076403,
                "yaw": 1.798800104351121
            },
            "heading": 1.798800104351121,
            "speeds": {
                "vmax": 20.0
            },
            "type": 1,
            "driving_direction": 1,
            "id": "1009_1",
            "lane_type": 1
        },
        {
            "pos": {
                "x": 566914.6975111591,
                "y": 4317901.402196243,
                "yaw": 1.7988001843570094
            },
            "heading": 1.7988001843570094,
            "speeds": {
                "vmax": 20.0
            },
            "type": 1,
            "driving_direction": 1,
            "id": "1009_1",
            "lane_type": 1
        },
        {
            "pos": {
                "x": 566914.5830870727,
                "y": 4317901.895320955,
                "yaw": 1.7988001158472031
            },
            "heading": 1.7988001158472031,
            "speeds": {
                "vmax": 20.0
            },
            "type": 1,
            "driving_direction": 1,
            "id": "1009_1",
            "lane_type": 1
        },
        {
            "pos": {
                "x": 566914.4686640853,
                "y": 4317902.388440929,
                "yaw": 1.7988005158763427
            },
            "heading": 1.7988005158763427,
            "speeds": {
                "vmax": 20.0
            },
            "type": 1,
            "driving_direction": 1,
            "id": "1009_1",
            "lane_type": 1
        },
        {
            "pos": {
                "x": 566914.3542395897,
                "y": 4317902.881567405,
                "yaw": 1.7988004253051058
            },
            "heading": 1.7988004253051058,
            "speeds": {
                "vmax": 20.0
            },
            "type": 1,
            "driving_direction": 1,
            "id": "1009_1",
            "lane_type": 1
        },
        {
            "pos": {
                "x": 566914.2398146922,
                "y": 4317903.374695612,
                "yaw": 1.7988000325718143
            },
            "heading": 1.7988000325718143,
            "speeds": {
                "vmax": 20.0
            },
            "type": 1,
            "driving_direction": 1,
            "id": "1009_1",
            "lane_type": 1
        },
        {
            "pos": {
                "x": 566914.1254003106,
                "y": 4317903.867778499,
                "yaw": 1.7988002039712667
            },
            "heading": 1.7988002039712667,
            "speeds": {
                "vmax": 20.0
            },
            "type": 1,
            "driving_direction": 1,
            "id": "1008_1",
            "lane_type": 1
        },
        {
            "pos": {
                "x": 566914.0123835292,
                "y": 4317904.354838256,
                "yaw": 1.7988002039712667
            },
            "heading": 1.7988002039712667,
            "speeds": {
                "vmax": 20.0
            },
            "type": 1,
            "driving_direction": 1,
            "id": "1008_1",
            "lane_type": 1
        },
        {
            "pos": {
                "x": 566913.8993667477,
                "y": 4317904.841898013,
                "yaw": 1.7988002039712667
            },
            "heading": 1.7988002039712667,
            "speeds": {
                "vmax": 20.0
            },
            "type": 1,
            "driving_direction": 1,
            "id": "1008_1",
            "lane_type": 1
        },
        {
            "pos": {
                "x": 566913.829557341,
                "y": 4317905.14275026,
                "yaw": 1.7988002039712667
            },
            "heading": 1.7988002039712667,
            "speeds": {
                "vmax": 20.0
            },
            "type": 1,
            "driving_direction": 1,
            "id": "1008_1",
            "lane_type": 1
        }
    ],
    "is_final_navi": true
}