{
    "header": {
        "trace_id": "1cf8fab3-c07c-4d2e-8a89-78181ed32ed8",
        "trans_id": "585e419a-d7da-449c-8743-43cb04f9eb7b",
        "che_id": "A532",
        "timestamp": "2025-02-20T03:32:28.491904Z"
    },
    "task_id": "1cf8fab3-c07c-4d2e-8a89-78181ed32ed8",
    "navi_id": "A532_1cf8fab3-c07c-4d2e-8a89-78181ed32ed8_5",
    "seq_num": 5,
    "dest_type": 2,
    "mode": 2,
    "waypoints": [
        {
            "pos": {
                "x": 566891.5209678514,
                "y": 4318020.816410199,
                "yaw": 1.7986408461339773
            },
            "heading": 1.7986408461339773,
            "speeds": {
                "vmax": 20.0
            },
            "type": 1,
            "driving_direction": 1,
            "id": "1003_2",
            "lane_type": 1
        },
        {
            "pos": {
                "x": 566891.407822681,
                "y": 4318021.303440147,
                "yaw": 1.7986408461339773
            },
            "heading": 1.7986408461339773,
            "speeds": {
                "vmax": 20.0
            },
            "type": 1,
            "driving_direction": 1,
            "id": "1003_2",
            "lane_type": 1
        },
        {
            "pos": {
                "x": 566891.3173096973,
                "y": 4318021.693050535,
                "yaw": 1.7986408461339773
            },
            "heading": 1.7986408461339773,
            "speeds": {
                "vmax": 20.0
            },
            "type": 1,
            "driving_direction": 1,
            "id": "1003_2",
            "lane_type": 1
        },
        {
            "pos": {
                "x": 566891.2039149548,
                "y": 4318022.180206442,
                "yaw": 1.6681305821754795
            },
            "heading": 1.6681305821754795,
            "speeds": {
                "vmax": 15.0
            },
            "type": 2,
            "driving_direction": 1,
            "id": "1563_0",
            "lane_type": 4
        },
        {
            "pos": {
                "x": 566891.1517288166,
                "y": 4318022.714644224,
                "yaw": 1.6687101470458756
            },
            "heading": 1.6687101470458756,
            "speeds": {
                "vmax": 15.0
            },
            "type": 2,
            "driving_direction": 1,
            "id": "1563_0",
            "lane_type": 4
        },
        {
            "pos": {
                "x": 566891.0987479311,
                "y": 4318023.25086947,
                "yaw": 1.6692285730678869
            },
            "heading": 1.6692285730678869,
            "speeds": {
                "vmax": 15.0
            },
            "type": 2,
            "driving_direction": 1,
            "id": "1563_0",
            "lane_type": 4
        },
        {
            "pos": {
                "x": 566891.0457690558,
                "y": 4318023.787690103,
                "yaw": 1.6684933219934208
            },
            "heading": 1.6684933219934208,
            "speeds": {
                "vmax": 15.0
            },
            "type": 2,
            "driving_direction": 1,
            "id": "1563_0",
            "lane_type": 4
        },
        {
            "pos": {
                "x": 566890.9936113392,
                "y": 4318024.323718775,
                "yaw": 1.6663523205863005
            },
            "heading": 1.6663523205863005,
            "speeds": {
                "vmax": 15.0
            },
            "type": 2,
            "driving_direction": 1,
            "id": "1563_0",
            "lane_type": 4
        },
        {
            "pos": {
                "x": 566890.9429495021,
                "y": 4318024.860752424,
                "yaw": 1.662548079464162
            },
            "heading": 1.662548079464162,
            "speeds": {
                "vmax": 15.0
            },
            "type": 2,
            "driving_direction": 1,
            "id": "1563_0",
            "lane_type": 4
        },
        {
            "pos": {
                "x": 566890.8941236307,
                "y": 4318025.4059725795,
                "yaw": 1.6582888139880365
            },
            "heading": 1.6582888139880365,
            "speeds": {
                "vmax": 15.0
            },
            "type": 2,
            "driving_direction": 1,
            "id": "1563_0",
            "lane_type": 4
        },
        {
            "pos": {
                "x": 566890.8487650533,
                "y": 4318025.9351134,
                "yaw": 1.6552917177927964
            },
            "heading": 1.6552917177927964,
            "speeds": {
                "vmax": 15.0
            },
            "type": 2,
            "driving_direction": 1,
            "id": "1563_0",
            "lane_type": 4
        },
        {
            "pos": {
                "x": 566890.8022338594,
                "y": 4318026.491279072,
                "yaw": 1.6522087451391443
            },
            "heading": 1.6522087451391443,
            "speeds": {
                "vmax": 15.0
            },
            "type": 2,
            "driving_direction": 1,
            "id": "1563_0",
            "lane_type": 4
        },
        {
            "pos": {
                "x": 566890.7618141419,
                "y": 4318027.004572546,
                "yaw": 1.6465860395972185
            },
            "heading": 1.6465860395972185,
            "speeds": {
                "vmax": 15.0
            },
            "type": 2,
            "driving_direction": 1,
            "id": "1563_0",
            "lane_type": 4
        },
        {
            "pos": {
                "x": 566890.7227673419,
                "y": 4318027.539836172,
                "yaw": 1.640970922958252
            },
            "heading": 1.640970922958252,
            "speeds": {
                "vmax": 15.0
            },
            "type": 2,
            "driving_direction": 1,
            "id": "1563_0",
            "lane_type": 4
        },
        {
            "pos": {
                "x": 566890.6873482172,
                "y": 4318028.064187819,
                "yaw": 1.6342003073754792
            },
            "heading": 1.6342003073754792,
            "speeds": {
                "vmax": 15.0
            },
            "type": 2,
            "driving_direction": 1,
            "id": "1563_0",
            "lane_type": 4
        },
        {
            "pos": {
                "x": 566890.6547532233,
                "y": 4318028.6094313245,
                "yaw": 1.63081636488506
            },
            "heading": 1.63081636488506,
            "speeds": {
                "vmax": 15.0
            },
            "type": 2,
            "driving_direction": 1,
            "id": "1563_0",
            "lane_type": 4
        },
        {
            "pos": {
                "x": 566890.6220722953,
                "y": 4318029.149971968,
                "yaw": 1.6311922553524767
            },
            "heading": 1.6311922553524767,
            "speeds": {
                "vmax": 15.0
            },
            "type": 2,
            "driving_direction": 1,
            "id": "1563_0",
            "lane_type": 4
        },
        {
            "pos": {
                "x": 566890.5894752351,
                "y": 4318029.6890696455,
                "yaw": 1.6287670165382129
            },
            "heading": 1.6287670165382129,
            "speeds": {
                "vmax": 15.0
            },
            "type": 2,
            "driving_direction": 1,
            "id": "1563_0",
            "lane_type": 4
        },
        {
            "pos": {
                "x": 566890.5597160181,
                "y": 4318030.227155756,
                "yaw": 1.6214131561430072
            },
            "heading": 1.6214131561430072,
            "speeds": {
                "vmax": 15.0
            },
            "type": 2,
            "driving_direction": 1,
            "id": "1563_0",
            "lane_type": 4
        },
        {
            "pos": {
                "x": 566890.5350568828,
                "y": 4318030.768825637,
                "yaw": 1.610252270871206
            },
            "heading": 1.610252270871206,
            "speeds": {
                "vmax": 15.0
            },
            "type": 2,
            "driving_direction": 1,
            "id": "1563_0",
            "lane_type": 4
        },
        {
            "pos": {
                "x": 566890.5174296917,
                "y": 4318031.3091643695,
                "yaw": 1.5986607879762098
            },
            "heading": 1.5986607879762098,
            "speeds": {
                "vmax": 15.0
            },
            "type": 2,
            "driving_direction": 1,
            "id": "1563_0",
            "lane_type": 4
        },
        {
            "pos": {
                "x": 566890.5051148194,
                "y": 4318031.852281431,
                "yaw": 1.590558573110472
            },
            "heading": 1.590558573110472,
            "speeds": {
                "vmax": 15.0
            },
            "type": 2,
            "driving_direction": 1,
            "id": "1563_0",
            "lane_type": 4
        },
        {
            "pos": {
                "x": 566890.496366838,
                "y": 4318032.377136115,
                "yaw": 1.5784051684736689
            },
            "heading": 1.5784051684736689,
            "speeds": {
                "vmax": 15.0
            },
            "type": 2,
            "driving_direction": 1,
            "id": "1563_0",
            "lane_type": 4
        },
        {
            "pos": {
                "x": 566890.497819404,
                "y": 4318032.915875878,
                "yaw": 1.5646624894613945
            },
            "heading": 1.5646624894613945,
            "speeds": {
                "vmax": 15.0
            },
            "type": 2,
            "driving_direction": 1,
            "id": "1563_0",
            "lane_type": 4
        },
        {
            "pos": {
                "x": 566890.5028631365,
                "y": 4318033.455296363,
                "yaw": 1.5609131614826794
            },
            "heading": 1.5609131614826794,
            "speeds": {
                "vmax": 15.0
            },
            "type": 2,
            "driving_direction": 1,
            "id": "1563_0",
            "lane_type": 4
        },
        {
            "pos": {
                "x": 566890.5084054186,
                "y": 4318033.999002617,
                "yaw": 1.5592347318926214
            },
            "heading": 1.5592347318926214,
            "speeds": {
                "vmax": 15.0
            },
            "type": 2,
            "driving_direction": 1,
            "id": "1563_0",
            "lane_type": 4
        },
        {
            "pos": {
                "x": 566890.515461914,
                "y": 4318034.52998885,
                "yaw": 1.5516982757533553
            },
            "heading": 1.5516982757533553,
            "speeds": {
                "vmax": 15.0
            },
            "type": 2,
            "driving_direction": 1,
            "id": "1563_0",
            "lane_type": 4
        },
        {
            "pos": {
                "x": 566890.529376168,
                "y": 4318035.066537643,
                "yaw": 1.5458850233679358
            },
            "heading": 1.5458850233679358,
            "speeds": {
                "vmax": 15.0
            },
            "type": 2,
            "driving_direction": 1,
            "id": "1563_0",
            "lane_type": 4
        },
        {
            "pos": {
                "x": 566890.541861482,
                "y": 4318035.6058754455,
                "yaw": 1.5532217550293765
            },
            "heading": 1.5532217550293765,
            "speeds": {
                "vmax": 15.0
            },
            "type": 2,
            "driving_direction": 1,
            "id": "1563_0",
            "lane_type": 4
        },
        {
            "pos": {
                "x": 566890.5477784264,
                "y": 4318036.14533142,
                "yaw": 1.566033768462905
            },
            "heading": 1.566033768462905,
            "speeds": {
                "vmax": 15.0
            },
            "type": 2,
            "driving_direction": 1,
            "id": "1563_0",
            "lane_type": 4
        },
        {
            "pos": {
                "x": 566890.5465807852,
                "y": 4318036.682539105,
                "yaw": 1.5796565891229515
            },
            "heading": 1.5796565891229515,
            "speeds": {
                "vmax": 15.0
            },
            "type": 2,
            "driving_direction": 1,
            "id": "1563_0",
            "lane_type": 4
        },
        {
            "pos": {
                "x": 566890.5377975532,
                "y": 4318037.2213167865,
                "yaw": 1.5991297310455694
            },
            "heading": 1.5991297310455694,
            "speeds": {
                "vmax": 15.0
            },
            "type": 2,
            "driving_direction": 1,
            "id": "1563_0",
            "lane_type": 4
        },
        {
            "pos": {
                "x": 566890.5149341484,
                "y": 4318037.7576593645,
                "yaw": 1.6283752931535915
            },
            "heading": 1.6283752931535915,
            "speeds": {
                "vmax": 15.0
            },
            "type": 2,
            "driving_direction": 1,
            "id": "1563_0",
            "lane_type": 4
        },
        {
            "pos": {
                "x": 566890.4749500335,
                "y": 4318038.292223227,
                "yaw": 1.6614950522080818
            },
            "heading": 1.6614950522080818,
            "speeds": {
                "vmax": 15.0
            },
            "type": 2,
            "driving_direction": 1,
            "id": "1563_0",
            "lane_type": 4
        },
        {
            "pos": {
                "x": 566890.4169023228,
                "y": 4318038.82496221,
                "yaw": 1.7017910382962471
            },
            "heading": 1.7017910382962471,
            "speeds": {
                "vmax": 15.0
            },
            "type": 2,
            "driving_direction": 1,
            "id": "1563_0",
            "lane_type": 4
        },
        {
            "pos": {
                "x": 566890.3337767487,
                "y": 4318039.353059333,
                "yaw": 1.7475521288949012
            },
            "heading": 1.7475521288949012,
            "speeds": {
                "vmax": 15.0
            },
            "type": 2,
            "driving_direction": 1,
            "id": "1563_0",
            "lane_type": 4
        },
        {
            "pos": {
                "x": 566890.2283518963,
                "y": 4318039.87683966,
                "yaw": 1.795597358717991
            },
            "heading": 1.795597358717991,
            "speeds": {
                "vmax": 15.0
            },
            "type": 2,
            "driving_direction": 1,
            "id": "1563_0",
            "lane_type": 4
        },
        {
            "pos": {
                "x": 566890.0953433391,
                "y": 4318040.39278961,
                "yaw": 1.8504361507377973
            },
            "heading": 1.8504361507377973,
            "speeds": {
                "vmax": 15.0
            },
            "type": 2,
            "driving_direction": 1,
            "id": "1563_0",
            "lane_type": 4
        },
        {
            "pos": {
                "x": 566889.933736772,
                "y": 4318040.902290804,
                "yaw": 1.905031007762364
            },
            "heading": 1.905031007762364,
            "speeds": {
                "vmax": 15.0
            },
            "type": 2,
            "driving_direction": 1,
            "id": "1563_0",
            "lane_type": 4
        },
        {
            "pos": {
                "x": 566889.7448350147,
                "y": 4318041.402709207,
                "yaw": 1.9644173828993787
            },
            "heading": 1.9644173828993787,
            "speeds": {
                "vmax": 15.0
            },
            "type": 2,
            "driving_direction": 1,
            "id": "1563_0",
            "lane_type": 4
        },
        {
            "pos": {
                "x": 566889.5240965259,
                "y": 4318041.8903087545,
                "yaw": 2.0290962682832663
            },
            "heading": 2.0290962682832663,
            "speeds": {
                "vmax": 15.0
            },
            "type": 2,
            "driving_direction": 1,
            "id": "1563_0",
            "lane_type": 4
        },
        {
            "pos": {
                "x": 566889.2724315037,
                "y": 4318042.362654459,
                "yaw": 2.0899765723465284
            },
            "heading": 2.0899765723465284,
            "speeds": {
                "vmax": 15.0
            },
            "type": 2,
            "driving_direction": 1,
            "id": "1563_0",
            "lane_type": 4
        },
        {
            "pos": {
                "x": 566888.9935558161,
                "y": 4318042.821027674,
                "yaw": 2.143854997333891
            },
            "heading": 2.143854997333891,
            "speeds": {
                "vmax": 15.0
            },
            "type": 2,
            "driving_direction": 1,
            "id": "1563_0",
            "lane_type": 4
        },
        {
            "pos": {
                "x": 566888.6919522673,
                "y": 4318043.263950928,
                "yaw": 2.1997598628678467
            },
            "heading": 2.1997598628678467,
            "speeds": {
                "vmax": 15.0
            },
            "type": 2,
            "driving_direction": 1,
            "id": "1563_0",
            "lane_type": 4
        },
        {
            "pos": {
                "x": 566888.3640764635,
                "y": 4318043.688617731,
                "yaw": 2.2612997722983805
            },
            "heading": 2.2612997722983805,
            "speeds": {
                "vmax": 15.0
            },
            "type": 2,
            "driving_direction": 1,
            "id": "1563_0",
            "lane_type": 4
        },
        {
            "pos": {
                "x": 566888.0100493963,
                "y": 4318044.092305103,
                "yaw": 2.3185878872534347
            },
            "heading": 2.3185878872534347,
            "speeds": {
                "vmax": 15.0
            },
            "type": 2,
            "driving_direction": 1,
            "id": "1563_0",
            "lane_type": 4
        },
        {
            "pos": {
                "x": 566887.6348823553,
                "y": 4318044.476802956,
                "yaw": 2.3747356050557484
            },
            "heading": 2.3747356050557484,
            "speeds": {
                "vmax": 15.0
            },
            "type": 2,
            "driving_direction": 1,
            "id": "1563_0",
            "lane_type": 4
        },
        {
            "pos": {
                "x": 566887.2380209437,
                "y": 4318044.838510886,
                "yaw": 2.4345141022222956
            },
            "heading": 2.4345141022222956,
            "speeds": {
                "vmax": 15.0
            },
            "type": 2,
            "driving_direction": 1,
            "id": "1563_0",
            "lane_type": 4
        },
        {
            "pos": {
                "x": 566886.8196002964,
                "y": 4318045.175912178,
                "yaw": 2.4932968112393503
            },
            "heading": 2.4932968112393503,
            "speeds": {
                "vmax": 15.0
            },
            "type": 2,
            "driving_direction": 1,
            "id": "1563_0",
            "lane_type": 4
        },
        {
            "pos": {
                "x": 566886.3816679411,
                "y": 4318045.489342041,
                "yaw": 2.5504146542132475
            },
            "heading": 2.5504146542132475,
            "speeds": {
                "vmax": 15.0
            },
            "type": 2,
            "driving_direction": 1,
            "id": "1563_0",
            "lane_type": 4
        },
        {
            "pos": {
                "x": 566885.9276970938,
                "y": 4318045.776259063,
                "yaw": 2.6140078079606206
            },
            "heading": 2.6140078079606206,
            "speeds": {
                "vmax": 15.0
            },
            "type": 2,
            "driving_direction": 1,
            "id": "1563_0",
            "lane_type": 4
        },
        {
            "pos": {
                "x": 566885.4547161974,
                "y": 4318046.031361289,
                "yaw": 2.690934555531669
            },
            "heading": 2.690934555531669,
            "speeds": {
                "vmax": 15.0
            },
            "type": 2,
            "driving_direction": 1,
            "id": "1563_0",
            "lane_type": 4
        },
        {
            "pos": {
                "x": 566884.9624483781,
                "y": 4318046.24696105,
                "yaw": 2.7558530623974975
            },
            "heading": 2.7558530623974975,
            "speeds": {
                "vmax": 15.0
            },
            "type": 2,
            "driving_direction": 1,
            "id": "1563_0",
            "lane_type": 4
        },
        {
            "pos": {
                "x": 566884.4587533902,
                "y": 4318046.437714637,
                "yaw": 2.8002636963441656
            },
            "heading": 2.8002636963441656,
            "speeds": {
                "vmax": 15.0
            },
            "type": 2,
            "driving_direction": 1,
            "id": "1563_0",
            "lane_type": 4
        },
        {
            "pos": {
                "x": 566883.947490404,
                "y": 4318046.607944628,
                "yaw": 2.855418192988301
            },
            "heading": 2.855418192988301,
            "speeds": {
                "vmax": 15.0
            },
            "type": 2,
            "driving_direction": 1,
            "id": "1563_0",
            "lane_type": 4
        },
        {
            "pos": {
                "x": 566883.4272377524,
                "y": 4318046.743032843,
                "yaw": 2.9238209189282394
            },
            "heading": 2.9238209189282394,
            "speeds": {
                "vmax": 15.0
            },
            "type": 2,
            "driving_direction": 1,
            "id": "1563_0",
            "lane_type": 4
        },
        {
            "pos": {
                "x": 566882.898341107,
                "y": 4318046.842318019,
                "yaw": 2.9815323822419635
            },
            "heading": 2.9815323822419635,
            "speeds": {
                "vmax": 15.0
            },
            "type": 2,
            "driving_direction": 1,
            "id": "1563_0",
            "lane_type": 4
        },
        {
            "pos": {
                "x": 566882.3646862308,
                "y": 4318046.915456304,
                "yaw": 3.038026578365563
            },
            "heading": 3.038026578365563,
            "speeds": {
                "vmax": 15.0
            },
            "type": 2,
            "driving_direction": 1,
            "id": "1563_0",
            "lane_type": 4
        },
        {
            "pos": {
                "x": 566881.8281835432,
                "y": 4318046.955138829,
                "yaw": 3.09537028783001
            },
            "heading": 3.09537028783001,
            "speeds": {
                "vmax": 15.0
            },
            "type": 2,
            "driving_direction": 1,
            "id": "1563_0",
            "lane_type": 4
        },
        {
            "pos": {
                "x": 566881.2898004367,
                "y": 4318046.966179242,
                "yaw": -3.131805243663827
            },
            "heading": -3.131805243663827,
            "speeds": {
                "vmax": 15.0
            },
            "type": 2,
            "driving_direction": 1,
            "id": "1563_0",
            "lane_type": 4
        },
        {
            "pos": {
                "x": 566880.7522717325,
                "y": 4318046.945713507,
                "yaw": -3.071921898481306
            },
            "heading": -3.071921898481306,
            "speeds": {
                "vmax": 15.0
            },
            "type": 2,
            "driving_direction": 1,
            "id": "1563_0",
            "lane_type": 4
        },
        {
            "pos": {
                "x": 566880.2166201526,
                "y": 4318046.892689643,
                "yaw": -3.019628005834927
            },
            "heading": -3.019628005834927,
            "speeds": {
                "vmax": 15.0
            },
            "type": 2,
            "driving_direction": 1,
            "id": "1563_0",
            "lane_type": 4
        },
        {
            "pos": {
                "x": 566879.6838077724,
                "y": 4318046.8157619275,
                "yaw": -2.9825809519895685
            },
            "heading": -2.9825809519895685,
            "speeds": {
                "vmax": 15.0
            },
            "type": 2,
            "driving_direction": 1,
            "id": "1563_0",
            "lane_type": 4
        },
        {
            "pos": {
                "x": 566879.1533310707,
                "y": 4318046.722709745,
                "yaw": -2.954346683902709
            },
            "heading": -2.954346683902709,
            "speeds": {
                "vmax": 15.0
            },
            "type": 2,
            "driving_direction": 1,
            "id": "1563_0",
            "lane_type": 4
        },
        {
            "pos": {
                "x": 566878.6260300893,
                "y": 4318046.615810899,
                "yaw": -2.9310707582694837
            },
            "heading": -2.9310707582694837,
            "speeds": {
                "vmax": 15.0
            },
            "type": 2,
            "driving_direction": 1,
            "id": "1563_0",
            "lane_type": 4
        },
        {
            "pos": {
                "x": 566878.1002565005,
                "y": 4318046.498102455,
                "yaw": -2.9175521184831883
            },
            "heading": -2.9175521184831883,
            "speeds": {
                "vmax": 15.0
            },
            "type": 2,
            "driving_direction": 1,
            "id": "1563_0",
            "lane_type": 4
        },
        {
            "pos": {
                "x": 566877.5757256803,
                "y": 4318046.376591144,
                "yaw": -2.911482630241621
            },
            "heading": -2.911482630241621,
            "speeds": {
                "vmax": 15.0
            },
            "type": 2,
            "driving_direction": 1,
            "id": "1563_0",
            "lane_type": 4
        },
        {
            "pos": {
                "x": 566877.0533699533,
                "y": 4318046.252908944,
                "yaw": -2.90663411294819
            },
            "heading": -2.90663411294819,
            "speeds": {
                "vmax": 15.0
            },
            "type": 2,
            "driving_direction": 1,
            "id": "1563_0",
            "lane_type": 4
        },
        {
            "pos": {
                "x": 566876.5306592677,
                "y": 4318046.126500789,
                "yaw": -2.9032096002550682
            },
            "heading": -2.9032096002550682,
            "speeds": {
                "vmax": 15.0
            },
            "type": 2,
            "driving_direction": 1,
            "id": "1563_0",
            "lane_type": 4
        },
        {
            "pos": {
                "x": 566876.0086712267,
                "y": 4318045.999065876,
                "yaw": -2.900961068134731
            },
            "heading": -2.900961068134731,
            "speeds": {
                "vmax": 15.0
            },
            "type": 2,
            "driving_direction": 1,
            "id": "1563_0",
            "lane_type": 4
        },
        {
            "pos": {
                "x": 566875.4850576371,
                "y": 4318045.869959978,
                "yaw": -2.899252143518679
            },
            "heading": -2.899252143518679,
            "speeds": {
                "vmax": 15.0
            },
            "type": 2,
            "driving_direction": 1,
            "id": "1563_0",
            "lane_type": 4
        },
        {
            "pos": {
                "x": 566874.9611659269,
                "y": 4318045.740139538,
                "yaw": -2.898551374857858
            },
            "heading": -2.898551374857858,
            "speeds": {
                "vmax": 15.0
            },
            "type": 2,
            "driving_direction": 1,
            "id": "1563_0",
            "lane_type": 4
        },
        {
            "pos": {
                "x": 566874.4377991003,
                "y": 4318045.610304901,
                "yaw": -2.8986903975475675
            },
            "heading": -2.8986903975475675,
            "speeds": {
                "vmax": 15.0
            },
            "type": 2,
            "driving_direction": 1,
            "id": "1563_0",
            "lane_type": 4
        },
        {
            "pos": {
                "x": 566873.9158107984,
                "y": 4318045.481105976,
                "yaw": -2.9155824599023012
            },
            "heading": -2.9155824599023012,
            "speeds": {
                "vmax": 10.0
            },
            "type": 1,
            "driving_direction": 1,
            "id": "1558_0",
            "lane_type": 62
        },
        {
            "pos": {
                "x": 566873.4285266943,
                "y": 4318045.369060441,
                "yaw": -2.9155824599023012
            },
            "heading": -2.9155824599023012,
            "speeds": {
                "vmax": 10.0
            },
            "type": 1,
            "driving_direction": 1,
            "id": "1558_0",
            "lane_type": 62
        },
        {
            "pos": {
                "x": 566872.9412425901,
                "y": 4318045.257014906,
                "yaw": -2.9155824599023012
            },
            "heading": -2.9155824599023012,
            "speeds": {
                "vmax": 10.0
            },
            "type": 1,
            "driving_direction": 1,
            "id": "1558_0",
            "lane_type": 62
        },
        {
            "pos": {
                "x": 566872.453958486,
                "y": 4318045.144969372,
                "yaw": -2.9155824599023012
            },
            "heading": -2.9155824599023012,
            "speeds": {
                "vmax": 10.0
            },
            "type": 1,
            "driving_direction": 1,
            "id": "1558_0",
            "lane_type": 62
        },
        {
            "pos": {
                "x": 566871.9666743818,
                "y": 4318045.032923837,
                "yaw": -2.9155824599023012
            },
            "heading": -2.9155824599023012,
            "speeds": {
                "vmax": 10.0
            },
            "type": 1,
            "driving_direction": 1,
            "id": "1558_0",
            "lane_type": 62
        },
        {
            "pos": {
                "x": 566871.4793902776,
                "y": 4318044.920878302,
                "yaw": -2.9155824599023012
            },
            "heading": -2.9155824599023012,
            "speeds": {
                "vmax": 10.0
            },
            "type": 1,
            "driving_direction": 1,
            "id": "1558_0",
            "lane_type": 62
        },
        {
            "pos": {
                "x": 566870.9921061735,
                "y": 4318044.808832767,
                "yaw": -2.9155824599023012
            },
            "heading": -2.9155824599023012,
            "speeds": {
                "vmax": 10.0
            },
            "type": 1,
            "driving_direction": 1,
            "id": "1558_0",
            "lane_type": 62
        },
        {
            "pos": {
                "x": 566870.5048220693,
                "y": 4318044.696787233,
                "yaw": -2.9155824599023012
            },
            "heading": -2.9155824599023012,
            "speeds": {
                "vmax": 10.0
            },
            "type": 1,
            "driving_direction": 1,
            "id": "1558_0",
            "lane_type": 62
        },
        {
            "pos": {
                "x": 566870.0175379652,
                "y": 4318044.584741699,
                "yaw": -2.9155824599023012
            },
            "heading": -2.9155824599023012,
            "speeds": {
                "vmax": 10.0
            },
            "type": 1,
            "driving_direction": 1,
            "id": "1558_0",
            "lane_type": 62
        },
        {
            "pos": {
                "x": 566869.530253861,
                "y": 4318044.472696164,
                "yaw": -2.9155824599023012
            },
            "heading": -2.9155824599023012,
            "speeds": {
                "vmax": 10.0
            },
            "type": 1,
            "driving_direction": 1,
            "id": "1558_0",
            "lane_type": 62
        },
        {
            "pos": {
                "x": 566869.0429697569,
                "y": 4318044.360650629,
                "yaw": -2.9155824599023012
            },
            "heading": -2.9155824599023012,
            "speeds": {
                "vmax": 10.0
            },
            "type": 1,
            "driving_direction": 1,
            "id": "1558_0",
            "lane_type": 62
        },
        {
            "pos": {
                "x": 566868.5556856528,
                "y": 4318044.248605095,
                "yaw": -2.9155824599023012
            },
            "heading": -2.9155824599023012,
            "speeds": {
                "vmax": 10.0
            },
            "type": 1,
            "driving_direction": 1,
            "id": "1558_0",
            "lane_type": 62
        },
        {
            "pos": {
                "x": 566868.0684015485,
                "y": 4318044.13655956,
                "yaw": -2.9155824599023012
            },
            "heading": -2.9155824599023012,
            "speeds": {
                "vmax": 10.0
            },
            "type": 1,
            "driving_direction": 1,
            "id": "1558_0",
            "lane_type": 62
        },
        {
            "pos": {
                "x": 566867.5811174444,
                "y": 4318044.024514025,
                "yaw": -2.9155824599023012
            },
            "heading": -2.9155824599023012,
            "speeds": {
                "vmax": 10.0
            },
            "type": 1,
            "driving_direction": 1,
            "id": "1558_0",
            "lane_type": 62
        },
        {
            "pos": {
                "x": 566867.0938333402,
                "y": 4318043.91246849,
                "yaw": -2.9155824599023012
            },
            "heading": -2.9155824599023012,
            "speeds": {
                "vmax": 10.0
            },
            "type": 1,
            "driving_direction": 1,
            "id": "1558_0",
            "lane_type": 62
        },
        {
            "pos": {
                "x": 566866.6065492361,
                "y": 4318043.800422956,
                "yaw": -2.9155824599023012
            },
            "heading": -2.9155824599023012,
            "speeds": {
                "vmax": 10.0
            },
            "type": 1,
            "driving_direction": 1,
            "id": "1558_0",
            "lane_type": 62
        },
        {
            "pos": {
                "x": 566866.1192651319,
                "y": 4318043.688377421,
                "yaw": -2.9155824599023012
            },
            "heading": -2.9155824599023012,
            "speeds": {
                "vmax": 10.0
            },
            "type": 1,
            "driving_direction": 1,
            "id": "1558_0",
            "lane_type": 62
        },
        {
            "pos": {
                "x": 566865.6319810278,
                "y": 4318043.576331886,
                "yaw": -2.9155824599023012
            },
            "heading": -2.9155824599023012,
            "speeds": {
                "vmax": 10.0
            },
            "type": 1,
            "driving_direction": 1,
            "id": "1558_0",
            "lane_type": 62
        },
        {
            "pos": {
                "x": 566865.4166130404,
                "y": 4318043.526810424,
                "yaw": -2.9155824599023012
            },
            "heading": -2.9155824599023012,
            "speeds": {
                "vmax": 10.0
            },
            "type": 1,
            "driving_direction": 1,
            "id": "1558_0",
            "lane_type": 62
        }
    ],
    "is_final_navi": true
}