{
    "header": {
        "trace_id": "165dda09c60749ccb2de0d1b4a299b25",
        "trans_id": "2566fb00-5565-4934-9d3e-b79c5f597b5d",
        "che_id": "A533",
        "timestamp": "2025-02-20T03:40:30.956898Z"
    },
    "task_id": "165dda09c60749ccb2de0d1b4a299b25",
    "navi_id": "A533_165dda09c60749ccb2de0d1b4a299b25_13",
    "seq_num": 13,
    "dest_type": 6,
    "mode": 2,
    "waypoints": [
        {
            "pos": {
                "x": 566915.71515238,
                "y": 4317916.427419034,
                "yaw": 1.7983156327959688
            },
            "heading": 1.7983156327959688,
            "speeds": {
                "vmax": 20.0
            },
            "type": 1,
            "driving_direction": 1,
            "id": "1007_2",
            "lane_type": 1
        },
        {
            "pos": {
                "x": 566915.6024205626,
                "y": 4317916.914333465,
                "yaw": 1.7983112352668529
            },
            "heading": 1.7983112352668529,
            "speeds": {
                "vmax": 20.0
            },
            "type": 1,
            "driving_direction": 1,
            "id": "1007_2",
            "lane_type": 1
        },
        {
            "pos": {
                "x": 566915.4896870358,
                "y": 4317917.401251592,
                "yaw": 1.7983187843108053
            },
            "heading": 1.7983187843108053,
            "speeds": {
                "vmax": 20.0
            },
            "type": 1,
            "driving_direction": 1,
            "id": "1007_2",
            "lane_type": 1
        },
        {
            "pos": {
                "x": 566915.3769472628,
                "y": 4317917.888167832,
                "yaw": 1.7983379966930555
            },
            "heading": 1.7983379966930555,
            "speeds": {
                "vmax": 20.0
            },
            "type": 1,
            "driving_direction": 1,
            "id": "1007_2",
            "lane_type": 1
        },
        {
            "pos": {
                "x": 566915.2642013323,
                "y": 4317918.375053658,
                "yaw": 1.7983686414937174
            },
            "heading": 1.7983686414937174,
            "speeds": {
                "vmax": 20.0
            },
            "type": 1,
            "driving_direction": 1,
            "id": "1006_2",
            "lane_type": 1
        },
        {
            "pos": {
                "x": 566915.1522504743,
                "y": 4317918.858466953,
                "yaw": 1.7983689403303023
            },
            "heading": 1.7983689403303023,
            "speeds": {
                "vmax": 20.0
            },
            "type": 1,
            "driving_direction": 1,
            "id": "1006_2",
            "lane_type": 1
        },
        {
            "pos": {
                "x": 566915.0402915071,
                "y": 4317919.341915265,
                "yaw": 1.7983688405014633
            },
            "heading": 1.7983688405014633,
            "speeds": {
                "vmax": 20.0
            },
            "type": 1,
            "driving_direction": 1,
            "id": "1006_2",
            "lane_type": 1
        },
        {
            "pos": {
                "x": 566914.9283333714,
                "y": 4317919.825359985,
                "yaw": 1.798368987356161
            },
            "heading": 1.798368987356161,
            "speeds": {
                "vmax": 20.0
            },
            "type": 1,
            "driving_direction": 1,
            "id": "1006_2",
            "lane_type": 1
        },
        {
            "pos": {
                "x": 566914.8163715365,
                "y": 4317920.30882068,
                "yaw": 1.7983686565038182
            },
            "heading": 1.7983686565038182,
            "speeds": {
                "vmax": 20.0
            },
            "type": 1,
            "driving_direction": 1,
            "id": "1006_2",
            "lane_type": 1
        },
        {
            "pos": {
                "x": 566914.7044105313,
                "y": 4317920.792277791,
                "yaw": 1.7983686222361774
            },
            "heading": 1.7983686222361774,
            "speeds": {
                "vmax": 20.0
            },
            "type": 1,
            "driving_direction": 1,
            "id": "1006_2",
            "lane_type": 1
        },
        {
            "pos": {
                "x": 566914.5924531859,
                "y": 4317921.2757191,
                "yaw": 1.7983688886024118
            },
            "heading": 1.7983688886024118,
            "speeds": {
                "vmax": 20.0
            },
            "type": 1,
            "driving_direction": 1,
            "id": "1006_2",
            "lane_type": 1
        },
        {
            "pos": {
                "x": 566914.4804929064,
                "y": 4317921.7591730775,
                "yaw": 1.7983687209923478
            },
            "heading": 1.7983687209923478,
            "speeds": {
                "vmax": 20.0
            },
            "type": 1,
            "driving_direction": 1,
            "id": "1006_2",
            "lane_type": 1
        },
        {
            "pos": {
                "x": 566914.368532567,
                "y": 4317922.242627313,
                "yaw": 1.7983686488411206
            },
            "heading": 1.7983686488411206,
            "speeds": {
                "vmax": 20.0
            },
            "type": 1,
            "driving_direction": 1,
            "id": "1006_2",
            "lane_type": 1
        },
        {
            "pos": {
                "x": 566914.2565732629,
                "y": 4317922.72607708,
                "yaw": 1.7983688120861372
            },
            "heading": 1.7983688120861372,
            "speeds": {
                "vmax": 20.0
            },
            "type": 1,
            "driving_direction": 1,
            "id": "1006_2",
            "lane_type": 1
        },
        {
            "pos": {
                "x": 566914.144612853,
                "y": 4317923.209531621,
                "yaw": 1.798368963306105
            },
            "heading": 1.798368963306105,
            "speeds": {
                "vmax": 20.0
            },
            "type": 1,
            "driving_direction": 1,
            "id": "1006_2",
            "lane_type": 1
        },
        {
            "pos": {
                "x": 566914.032653518,
                "y": 4317923.692981521,
                "yaw": 1.798368684916809
            },
            "heading": 1.798368684916809,
            "speeds": {
                "vmax": 20.0
            },
            "type": 1,
            "driving_direction": 1,
            "id": "1006_2",
            "lane_type": 1
        },
        {
            "pos": {
                "x": 566913.9206927074,
                "y": 4317924.176437792,
                "yaw": 1.7983688988147712
            },
            "heading": 1.7983688988147712,
            "speeds": {
                "vmax": 20.0
            },
            "type": 1,
            "driving_direction": 1,
            "id": "1006_2",
            "lane_type": 1
        },
        {
            "pos": {
                "x": 566913.8087315038,
                "y": 4317924.659895761,
                "yaw": 1.798368422162278
            },
            "heading": 1.798368422162278,
            "speeds": {
                "vmax": 20.0
            },
            "type": 1,
            "driving_direction": 1,
            "id": "1006_2",
            "lane_type": 1
        },
        {
            "pos": {
                "x": 566913.6967805895,
                "y": 4317925.143309298,
                "yaw": 1.7983687488389912
            },
            "heading": 1.7983687488389912,
            "speeds": {
                "vmax": 20.0
            },
            "type": 1,
            "driving_direction": 1,
            "id": "1004_2",
            "lane_type": 1
        },
        {
            "pos": {
                "x": 566913.5840290509,
                "y": 4317925.630180003,
                "yaw": 1.798368883456829
            },
            "heading": 1.798368883456829,
            "speeds": {
                "vmax": 20.0
            },
            "type": 1,
            "driving_direction": 1,
            "id": "1004_2",
            "lane_type": 1
        },
        {
            "pos": {
                "x": 566913.4712693449,
                "y": 4317926.117085975,
                "yaw": 1.7983688892622607
            },
            "heading": 1.7983688892622607,
            "speeds": {
                "vmax": 20.0
            },
            "type": 1,
            "driving_direction": 1,
            "id": "1004_2",
            "lane_type": 1
        },
        {
            "pos": {
                "x": 566913.3585104763,
                "y": 4317926.603988329,
                "yaw": 1.7983687919450382
            },
            "heading": 1.7983687919450382,
            "speeds": {
                "vmax": 20.0
            },
            "type": 1,
            "driving_direction": 1,
            "id": "1004_2",
            "lane_type": 1
        },
        {
            "pos": {
                "x": 566913.2457478822,
                "y": 4317927.090906773,
                "yaw": 1.7983685444866002
            },
            "heading": 1.7983685444866002,
            "speeds": {
                "vmax": 20.0
            },
            "type": 1,
            "driving_direction": 1,
            "id": "1004_2",
            "lane_type": 1
        },
        {
            "pos": {
                "x": 566913.1329861238,
                "y": 4317927.577821606,
                "yaw": 1.798368903737029
            },
            "heading": 1.798368903737029,
            "speeds": {
                "vmax": 20.0
            },
            "type": 1,
            "driving_direction": 1,
            "id": "1004_2",
            "lane_type": 1
        },
        {
            "pos": {
                "x": 566913.0202280512,
                "y": 4317928.0647205245,
                "yaw": 1.7983687749342279
            },
            "heading": 1.7983687749342279,
            "speeds": {
                "vmax": 20.0
            },
            "type": 1,
            "driving_direction": 1,
            "id": "1004_2",
            "lane_type": 1
        },
        {
            "pos": {
                "x": 566912.9074670236,
                "y": 4317928.551632203,
                "yaw": 1.798368758661327
            },
            "heading": 1.798368758661327,
            "speeds": {
                "vmax": 20.0
            },
            "type": 1,
            "driving_direction": 1,
            "id": "1004_2",
            "lane_type": 1
        },
        {
            "pos": {
                "x": 566912.7947059358,
                "y": 4317929.038544142,
                "yaw": 1.7983686870225994
            },
            "heading": 1.7983686870225994,
            "speeds": {
                "vmax": 20.0
            },
            "type": 1,
            "driving_direction": 1,
            "id": "1004_2",
            "lane_type": 1
        },
        {
            "pos": {
                "x": 566912.6819458904,
                "y": 4317929.525451578,
                "yaw": 1.7983685488166372
            },
            "heading": 1.7983685488166372,
            "speeds": {
                "vmax": 20.0
            },
            "type": 1,
            "driving_direction": 1,
            "id": "1004_2",
            "lane_type": 1
        },
        {
            "pos": {
                "x": 566912.5691847315,
                "y": 4317930.012363824,
                "yaw": 1.7983685488166372
            },
            "heading": 1.7983685488166372,
            "speeds": {
                "vmax": 20.0
            },
            "type": 1,
            "driving_direction": 1,
            "id": "1004_2",
            "lane_type": 1
        },
        {
            "pos": {
                "x": 566912.4564246552,
                "y": 4317930.499271395,
                "yaw": 1.7983689540306234
            },
            "heading": 1.7983689540306234,
            "speeds": {
                "vmax": 20.0
            },
            "type": 1,
            "driving_direction": 1,
            "id": "1004_2",
            "lane_type": 1
        },
        {
            "pos": {
                "x": 566912.3436630928,
                "y": 4317930.986185383,
                "yaw": 1.798368715973855
            },
            "heading": 1.798368715973855,
            "speeds": {
                "vmax": 20.0
            },
            "type": 1,
            "driving_direction": 1,
            "id": "1004_2",
            "lane_type": 1
        },
        {
            "pos": {
                "x": 566912.2309011342,
                "y": 4317931.47310108,
                "yaw": 1.7983690625584654
            },
            "heading": 1.7983690625584654,
            "speeds": {
                "vmax": 20.0
            },
            "type": 1,
            "driving_direction": 1,
            "id": "1004_2",
            "lane_type": 1
        },
        {
            "pos": {
                "x": 566912.118149539,
                "y": 4317931.95997203,
                "yaw": 1.7983687328640976
            },
            "heading": 1.7983687328640976,
            "speeds": {
                "vmax": 20.0
            },
            "type": 1,
            "driving_direction": 1,
            "id": "1005_2",
            "lane_type": 1
        },
        {
            "pos": {
                "x": 566912.004288601,
                "y": 4317932.451633211,
                "yaw": 1.7983687411291662
            },
            "heading": 1.7983687411291662,
            "speeds": {
                "vmax": 20.0
            },
            "type": 1,
            "driving_direction": 1,
            "id": "1005_2",
            "lane_type": 1
        },
        {
            "pos": {
                "x": 566911.8904194153,
                "y": 4317932.943330009,
                "yaw": 1.798368735059055
            },
            "heading": 1.798368735059055,
            "speeds": {
                "vmax": 20.0
            },
            "type": 1,
            "driving_direction": 1,
            "id": "1005_2",
            "lane_type": 1
        },
        {
            "pos": {
                "x": 566911.7765510753,
                "y": 4317933.435023155,
                "yaw": 1.798368570262453
            },
            "heading": 1.798368570262453,
            "speeds": {
                "vmax": 20.0
            },
            "type": 1,
            "driving_direction": 1,
            "id": "1005_2",
            "lane_type": 1
        },
        {
            "pos": {
                "x": 566911.6626789728,
                "y": 4317933.926732547,
                "yaw": 1.7983685541509133
            },
            "heading": 1.7983685541509133,
            "speeds": {
                "vmax": 20.0
            },
            "type": 1,
            "driving_direction": 1,
            "id": "1005_2",
            "lane_type": 1
        },
        {
            "pos": {
                "x": 566911.5488077148,
                "y": 4317934.418438293,
                "yaw": 1.7983690467618976
            },
            "heading": 1.7983690467618976,
            "speeds": {
                "vmax": 20.0
            },
            "type": 1,
            "driving_direction": 1,
            "id": "1005_2",
            "lane_type": 1
        },
        {
            "pos": {
                "x": 566911.4349401784,
                "y": 4317934.910127968,
                "yaw": 1.7983686218454202
            },
            "heading": 1.7983686218454202,
            "speeds": {
                "vmax": 20.0
            },
            "type": 1,
            "driving_direction": 1,
            "id": "1005_2",
            "lane_type": 1
        },
        {
            "pos": {
                "x": 566911.321069658,
                "y": 4317935.401830528,
                "yaw": 1.7983686859859713
            },
            "heading": 1.7983686859859713,
            "speeds": {
                "vmax": 20.0
            },
            "type": 1,
            "driving_direction": 1,
            "id": "1005_2",
            "lane_type": 1
        },
        {
            "pos": {
                "x": 566911.2071990769,
                "y": 4317935.893533351,
                "yaw": 1.7983688439813315
            },
            "heading": 1.7983688439813315,
            "speeds": {
                "vmax": 20.0
            },
            "type": 1,
            "driving_direction": 1,
            "id": "1005_2",
            "lane_type": 1
        },
        {
            "pos": {
                "x": 566911.0933295485,
                "y": 4317936.385231629,
                "yaw": 1.7983688558047233
            },
            "heading": 1.7983688558047233,
            "speeds": {
                "vmax": 20.0
            },
            "type": 1,
            "driving_direction": 1,
            "id": "1005_2",
            "lane_type": 1
        },
        {
            "pos": {
                "x": 566910.9794588955,
                "y": 4317936.876934761,
                "yaw": 1.7983686952982263
            },
            "heading": 1.7983686952982263,
            "speeds": {
                "vmax": 20.0
            },
            "type": 1,
            "driving_direction": 1,
            "id": "1005_2",
            "lane_type": 1
        },
        {
            "pos": {
                "x": 566910.8655893358,
                "y": 4317937.368633173,
                "yaw": 1.7983687991983208
            },
            "heading": 1.7983687991983208,
            "speeds": {
                "vmax": 20.0
            },
            "type": 1,
            "driving_direction": 1,
            "id": "1005_2",
            "lane_type": 1
        },
        {
            "pos": {
                "x": 566910.7517182754,
                "y": 4317937.860338066,
                "yaw": 1.7983690213305201
            },
            "heading": 1.7983690213305201,
            "speeds": {
                "vmax": 20.0
            },
            "type": 1,
            "driving_direction": 1,
            "id": "1005_2",
            "lane_type": 1
        },
        {
            "pos": {
                "x": 566910.637846815,
                "y": 4317938.352044685,
                "yaw": 1.798368689543131
            },
            "heading": 1.798368689543131,
            "speeds": {
                "vmax": 20.0
            },
            "type": 1,
            "driving_direction": 1,
            "id": "1005_2",
            "lane_type": 1
        },
        {
            "pos": {
                "x": 566910.5239858199,
                "y": 4317938.843706116,
                "yaw": 1.7983661653953904
            },
            "heading": 1.7983661653953904,
            "speeds": {
                "vmax": 20.0
            },
            "type": 1,
            "driving_direction": 1,
            "id": "1003_2",
            "lane_type": 1
        },
        {
            "pos": {
                "x": 566910.411215152,
                "y": 4317939.330822916,
                "yaw": 1.7983661653953904
            },
            "heading": 1.7983661653953904,
            "speeds": {
                "vmax": 20.0
            },
            "type": 1,
            "driving_direction": 1,
            "id": "1003_2",
            "lane_type": 1
        },
        {
            "pos": {
                "x": 566910.2984444842,
                "y": 4317939.817939715,
                "yaw": 1.7983661653953904
            },
            "heading": 1.7983661653953904,
            "speeds": {
                "vmax": 20.0
            },
            "type": 1,
            "driving_direction": 1,
            "id": "1003_2",
            "lane_type": 1
        },
        {
            "pos": {
                "x": 566910.1856738164,
                "y": 4317940.305056515,
                "yaw": 1.7983661653953904
            },
            "heading": 1.7983661653953904,
            "speeds": {
                "vmax": 20.0
            },
            "type": 1,
            "driving_direction": 1,
            "id": "1003_2",
            "lane_type": 1
        },
        {
            "pos": {
                "x": 566910.0729031485,
                "y": 4317940.792173315,
                "yaw": 1.7983661653953904
            },
            "heading": 1.7983661653953904,
            "speeds": {
                "vmax": 20.0
            },
            "type": 1,
            "driving_direction": 1,
            "id": "1003_2",
            "lane_type": 1
        },
        {
            "pos": {
                "x": 566909.9601324806,
                "y": 4317941.2792901145,
                "yaw": 1.7983661653953904
            },
            "heading": 1.7983661653953904,
            "speeds": {
                "vmax": 20.0
            },
            "type": 1,
            "driving_direction": 1,
            "id": "1003_2",
            "lane_type": 1
        },
        {
            "pos": {
                "x": 566909.8473618128,
                "y": 4317941.766406914,
                "yaw": 1.7983661653953904
            },
            "heading": 1.7983661653953904,
            "speeds": {
                "vmax": 20.0
            },
            "type": 1,
            "driving_direction": 1,
            "id": "1003_2",
            "lane_type": 1
        },
        {
            "pos": {
                "x": 566909.734591145,
                "y": 4317942.253523713,
                "yaw": 1.7983661653953904
            },
            "heading": 1.7983661653953904,
            "speeds": {
                "vmax": 20.0
            },
            "type": 1,
            "driving_direction": 1,
            "id": "1003_2",
            "lane_type": 1
        },
        {
            "pos": {
                "x": 566909.6218204771,
                "y": 4317942.740640513,
                "yaw": 1.7983661653953904
            },
            "heading": 1.7983661653953904,
            "speeds": {
                "vmax": 20.0
            },
            "type": 1,
            "driving_direction": 1,
            "id": "1003_2",
            "lane_type": 1
        },
        {
            "pos": {
                "x": 566909.5090498092,
                "y": 4317943.227757312,
                "yaw": 1.7983661653953904
            },
            "heading": 1.7983661653953904,
            "speeds": {
                "vmax": 20.0
            },
            "type": 1,
            "driving_direction": 1,
            "id": "1003_2",
            "lane_type": 1
        },
        {
            "pos": {
                "x": 566909.3962791414,
                "y": 4317943.714874112,
                "yaw": 1.7983661653953904
            },
            "heading": 1.7983661653953904,
            "speeds": {
                "vmax": 20.0
            },
            "type": 1,
            "driving_direction": 1,
            "id": "1003_2",
            "lane_type": 1
        },
        {
            "pos": {
                "x": 566909.2835084735,
                "y": 4317944.201990912,
                "yaw": 1.7983661653953904
            },
            "heading": 1.7983661653953904,
            "speeds": {
                "vmax": 20.0
            },
            "type": 1,
            "driving_direction": 1,
            "id": "1003_2",
            "lane_type": 1
        },
        {
            "pos": {
                "x": 566909.1707378057,
                "y": 4317944.689107711,
                "yaw": 1.7983661653953904
            },
            "heading": 1.7983661653953904,
            "speeds": {
                "vmax": 20.0
            },
            "type": 1,
            "driving_direction": 1,
            "id": "1003_2",
            "lane_type": 1
        },
        {
            "pos": {
                "x": 566909.0579671378,
                "y": 4317945.176224511,
                "yaw": 1.7983661653953904
            },
            "heading": 1.7983661653953904,
            "speeds": {
                "vmax": 20.0
            },
            "type": 1,
            "driving_direction": 1,
            "id": "1003_2",
            "lane_type": 1
        },
        {
            "pos": {
                "x": 566908.94519647,
                "y": 4317945.663341311,
                "yaw": 1.7983661653953904
            },
            "heading": 1.7983661653953904,
            "speeds": {
                "vmax": 20.0
            },
            "type": 1,
            "driving_direction": 1,
            "id": "1003_2",
            "lane_type": 1
        },
        {
            "pos": {
                "x": 566908.8324258021,
                "y": 4317946.1504581105,
                "yaw": 1.7983661653953904
            },
            "heading": 1.7983661653953904,
            "speeds": {
                "vmax": 20.0
            },
            "type": 1,
            "driving_direction": 1,
            "id": "1003_2",
            "lane_type": 1
        },
        {
            "pos": {
                "x": 566908.7196551342,
                "y": 4317946.63757491,
                "yaw": 1.7983661653953904
            },
            "heading": 1.7983661653953904,
            "speeds": {
                "vmax": 20.0
            },
            "type": 1,
            "driving_direction": 1,
            "id": "1003_2",
            "lane_type": 1
        },
        {
            "pos": {
                "x": 566908.6068844664,
                "y": 4317947.12469171,
                "yaw": 1.7983661653953904
            },
            "heading": 1.7983661653953904,
            "speeds": {
                "vmax": 20.0
            },
            "type": 1,
            "driving_direction": 1,
            "id": "1003_2",
            "lane_type": 1
        },
        {
            "pos": {
                "x": 566908.4941137986,
                "y": 4317947.61180851,
                "yaw": 1.7983661653953904
            },
            "heading": 1.7983661653953904,
            "speeds": {
                "vmax": 20.0
            },
            "type": 1,
            "driving_direction": 1,
            "id": "1003_2",
            "lane_type": 1
        },
        {
            "pos": {
                "x": 566908.3813431307,
                "y": 4317948.098925309,
                "yaw": 1.7983661653953904
            },
            "heading": 1.7983661653953904,
            "speeds": {
                "vmax": 20.0
            },
            "type": 1,
            "driving_direction": 1,
            "id": "1003_2",
            "lane_type": 1
        },
        {
            "pos": {
                "x": 566908.2685724628,
                "y": 4317948.586042109,
                "yaw": 1.7983661653953904
            },
            "heading": 1.7983661653953904,
            "speeds": {
                "vmax": 20.0
            },
            "type": 1,
            "driving_direction": 1,
            "id": "1003_2",
            "lane_type": 1
        },
        {
            "pos": {
                "x": 566908.155801795,
                "y": 4317949.073158908,
                "yaw": 1.7983661653953904
            },
            "heading": 1.7983661653953904,
            "speeds": {
                "vmax": 20.0
            },
            "type": 1,
            "driving_direction": 1,
            "id": "1003_2",
            "lane_type": 1
        },
        {
            "pos": {
                "x": 566908.0430311272,
                "y": 4317949.560275707,
                "yaw": 1.7983661653953904
            },
            "heading": 1.7983661653953904,
            "speeds": {
                "vmax": 20.0
            },
            "type": 1,
            "driving_direction": 1,
            "id": "1003_2",
            "lane_type": 1
        },
        {
            "pos": {
                "x": 566907.9302604593,
                "y": 4317950.047392507,
                "yaw": 1.7983661653953904
            },
            "heading": 1.7983661653953904,
            "speeds": {
                "vmax": 20.0
            },
            "type": 1,
            "driving_direction": 1,
            "id": "1003_2",
            "lane_type": 1
        },
        {
            "pos": {
                "x": 566907.8174897914,
                "y": 4317950.534509307,
                "yaw": 1.7983661653953904
            },
            "heading": 1.7983661653953904,
            "speeds": {
                "vmax": 20.0
            },
            "type": 1,
            "driving_direction": 1,
            "id": "1003_2",
            "lane_type": 1
        },
        {
            "pos": {
                "x": 566907.7047191235,
                "y": 4317951.021626106,
                "yaw": 1.7983661653953904
            },
            "heading": 1.7983661653953904,
            "speeds": {
                "vmax": 20.0
            },
            "type": 1,
            "driving_direction": 1,
            "id": "1003_2",
            "lane_type": 1
        },
        {
            "pos": {
                "x": 566907.5919484558,
                "y": 4317951.508742906,
                "yaw": 1.7983661653953904
            },
            "heading": 1.7983661653953904,
            "speeds": {
                "vmax": 20.0
            },
            "type": 1,
            "driving_direction": 1,
            "id": "1003_2",
            "lane_type": 1
        },
        {
            "pos": {
                "x": 566907.4791777879,
                "y": 4317951.995859706,
                "yaw": 1.7983661653953904
            },
            "heading": 1.7983661653953904,
            "speeds": {
                "vmax": 20.0
            },
            "type": 1,
            "driving_direction": 1,
            "id": "1003_2",
            "lane_type": 1
        },
        {
            "pos": {
                "x": 566907.36640712,
                "y": 4317952.4829765055,
                "yaw": 1.7983661653953904
            },
            "heading": 1.7983661653953904,
            "speeds": {
                "vmax": 20.0
            },
            "type": 1,
            "driving_direction": 1,
            "id": "1003_2",
            "lane_type": 1
        },
        {
            "pos": {
                "x": 566907.2536364521,
                "y": 4317952.970093305,
                "yaw": 1.7983661653953904
            },
            "heading": 1.7983661653953904,
            "speeds": {
                "vmax": 20.0
            },
            "type": 1,
            "driving_direction": 1,
            "id": "1003_2",
            "lane_type": 1
        },
        {
            "pos": {
                "x": 566907.1408657844,
                "y": 4317953.457210105,
                "yaw": 1.7983661653953904
            },
            "heading": 1.7983661653953904,
            "speeds": {
                "vmax": 20.0
            },
            "type": 1,
            "driving_direction": 1,
            "id": "1003_2",
            "lane_type": 1
        },
        {
            "pos": {
                "x": 566907.0280951165,
                "y": 4317953.944326905,
                "yaw": 1.7983661653953904
            },
            "heading": 1.7983661653953904,
            "speeds": {
                "vmax": 20.0
            },
            "type": 1,
            "driving_direction": 1,
            "id": "1003_2",
            "lane_type": 1
        },
        {
            "pos": {
                "x": 566906.9153244486,
                "y": 4317954.431443704,
                "yaw": 1.7983661653953904
            },
            "heading": 1.7983661653953904,
            "speeds": {
                "vmax": 20.0
            },
            "type": 1,
            "driving_direction": 1,
            "id": "1003_2",
            "lane_type": 1
        },
        {
            "pos": {
                "x": 566906.8025537808,
                "y": 4317954.918560504,
                "yaw": 1.7983661653953904
            },
            "heading": 1.7983661653953904,
            "speeds": {
                "vmax": 20.0
            },
            "type": 1,
            "driving_direction": 1,
            "id": "1003_2",
            "lane_type": 1
        },
        {
            "pos": {
                "x": 566906.689783113,
                "y": 4317955.405677303,
                "yaw": 1.7983661653953904
            },
            "heading": 1.7983661653953904,
            "speeds": {
                "vmax": 20.0
            },
            "type": 1,
            "driving_direction": 1,
            "id": "1003_2",
            "lane_type": 1
        },
        {
            "pos": {
                "x": 566906.5770124451,
                "y": 4317955.892794102,
                "yaw": 1.7983661653953904
            },
            "heading": 1.7983661653953904,
            "speeds": {
                "vmax": 20.0
            },
            "type": 1,
            "driving_direction": 1,
            "id": "1003_2",
            "lane_type": 1
        },
        {
            "pos": {
                "x": 566906.4642417772,
                "y": 4317956.379910902,
                "yaw": 1.7983661653953904
            },
            "heading": 1.7983661653953904,
            "speeds": {
                "vmax": 20.0
            },
            "type": 1,
            "driving_direction": 1,
            "id": "1003_2",
            "lane_type": 1
        },
        {
            "pos": {
                "x": 566906.3514711094,
                "y": 4317956.867027702,
                "yaw": 1.7983661653953904
            },
            "heading": 1.7983661653953904,
            "speeds": {
                "vmax": 20.0
            },
            "type": 1,
            "driving_direction": 1,
            "id": "1003_2",
            "lane_type": 1
        },
        {
            "pos": {
                "x": 566906.2387004416,
                "y": 4317957.3541445015,
                "yaw": 1.7983661653953904
            },
            "heading": 1.7983661653953904,
            "speeds": {
                "vmax": 20.0
            },
            "type": 1,
            "driving_direction": 1,
            "id": "1003_2",
            "lane_type": 1
        },
        {
            "pos": {
                "x": 566906.1259297737,
                "y": 4317957.841261301,
                "yaw": 1.7983661653953904
            },
            "heading": 1.7983661653953904,
            "speeds": {
                "vmax": 20.0
            },
            "type": 1,
            "driving_direction": 1,
            "id": "1003_2",
            "lane_type": 1
        },
        {
            "pos": {
                "x": 566906.0131591058,
                "y": 4317958.328378101,
                "yaw": 1.7983661653953904
            },
            "heading": 1.7983661653953904,
            "speeds": {
                "vmax": 20.0
            },
            "type": 1,
            "driving_direction": 1,
            "id": "1003_2",
            "lane_type": 1
        },
        {
            "pos": {
                "x": 566905.900388438,
                "y": 4317958.815494901,
                "yaw": 1.7983661653953904
            },
            "heading": 1.7983661653953904,
            "speeds": {
                "vmax": 20.0
            },
            "type": 1,
            "driving_direction": 1,
            "id": "1003_2",
            "lane_type": 1
        },
        {
            "pos": {
                "x": 566905.7876177701,
                "y": 4317959.3026117,
                "yaw": 1.7983661653953904
            },
            "heading": 1.7983661653953904,
            "speeds": {
                "vmax": 20.0
            },
            "type": 1,
            "driving_direction": 1,
            "id": "1003_2",
            "lane_type": 1
        },
        {
            "pos": {
                "x": 566905.6748471023,
                "y": 4317959.7897285,
                "yaw": 1.7983661653953904
            },
            "heading": 1.7983661653953904,
            "speeds": {
                "vmax": 20.0
            },
            "type": 1,
            "driving_direction": 1,
            "id": "1003_2",
            "lane_type": 1
        },
        {
            "pos": {
                "x": 566905.5620764344,
                "y": 4317960.2768453,
                "yaw": 1.7983661653953904
            },
            "heading": 1.7983661653953904,
            "speeds": {
                "vmax": 20.0
            },
            "type": 1,
            "driving_direction": 1,
            "id": "1003_2",
            "lane_type": 1
        },
        {
            "pos": {
                "x": 566905.4669002299,
                "y": 4317960.687962206,
                "yaw": 1.7983661653953904
            },
            "heading": 1.7983661653953904,
            "speeds": {
                "vmax": 20.0
            },
            "type": 1,
            "driving_direction": 1,
            "id": "1003_2",
            "lane_type": 1
        }
    ],
    "is_final_navi": true
}