{
    "header": {
        "trace_id": "037c22cd07514df9bade54db16a6761d",
        "trans_id": "8e0ef7df-1234-41f3-a5bb-9a78a36b3c76",
        "che_id": "A534",
        "timestamp": "2025-02-20T03:35:06.301728Z"
    },
    "task_id": "037c22cd07514df9bade54db16a6761d",
    "navi_id": "A534_037c22cd07514df9bade54db16a6761d_18",
    "seq_num": 18,
    "dest_type": 6,
    "mode": 2,
    "waypoints": [
        {
            "pos": {
                "x": 566909.5090498092,
                "y": 4317943.227757312,
                "yaw": 1.7983661653953904
            },
            "heading": 1.7983661653953904,
            "speeds": {
                "vmax": 20.0
            },
            "type": 1,
            "driving_direction": 1,
            "id": "1003_2",
            "lane_type": 1
        },
        {
            "pos": {
                "x": 566909.3962791414,
                "y": 4317943.714874112,
                "yaw": 1.7983661653953904
            },
            "heading": 1.7983661653953904,
            "speeds": {
                "vmax": 20.0
            },
            "type": 1,
            "driving_direction": 1,
            "id": "1003_2",
            "lane_type": 1
        },
        {
            "pos": {
                "x": 566909.2835084735,
                "y": 4317944.201990912,
                "yaw": 1.7983661653953904
            },
            "heading": 1.7983661653953904,
            "speeds": {
                "vmax": 20.0
            },
            "type": 1,
            "driving_direction": 1,
            "id": "1003_2",
            "lane_type": 1
        },
        {
            "pos": {
                "x": 566909.1707378057,
                "y": 4317944.689107711,
                "yaw": 1.7983661653953904
            },
            "heading": 1.7983661653953904,
            "speeds": {
                "vmax": 20.0
            },
            "type": 1,
            "driving_direction": 1,
            "id": "1003_2",
            "lane_type": 1
        },
        {
            "pos": {
                "x": 566909.0579671378,
                "y": 4317945.176224511,
                "yaw": 1.7983661653953904
            },
            "heading": 1.7983661653953904,
            "speeds": {
                "vmax": 20.0
            },
            "type": 1,
            "driving_direction": 1,
            "id": "1003_2",
            "lane_type": 1
        },
        {
            "pos": {
                "x": 566908.94519647,
                "y": 4317945.663341311,
                "yaw": 1.7983661653953904
            },
            "heading": 1.7983661653953904,
            "speeds": {
                "vmax": 20.0
            },
            "type": 1,
            "driving_direction": 1,
            "id": "1003_2",
            "lane_type": 1
        },
        {
            "pos": {
                "x": 566908.8324258021,
                "y": 4317946.1504581105,
                "yaw": 1.7983661653953904
            },
            "heading": 1.7983661653953904,
            "speeds": {
                "vmax": 20.0
            },
            "type": 1,
            "driving_direction": 1,
            "id": "1003_2",
            "lane_type": 1
        },
        {
            "pos": {
                "x": 566908.7196551342,
                "y": 4317946.63757491,
                "yaw": 1.7983661653953904
            },
            "heading": 1.7983661653953904,
            "speeds": {
                "vmax": 20.0
            },
            "type": 1,
            "driving_direction": 1,
            "id": "1003_2",
            "lane_type": 1
        },
        {
            "pos": {
                "x": 566908.6068844664,
                "y": 4317947.12469171,
                "yaw": 1.7983661653953904
            },
            "heading": 1.7983661653953904,
            "speeds": {
                "vmax": 20.0
            },
            "type": 1,
            "driving_direction": 1,
            "id": "1003_2",
            "lane_type": 1
        },
        {
            "pos": {
                "x": 566908.4941137986,
                "y": 4317947.61180851,
                "yaw": 1.7983661653953904
            },
            "heading": 1.7983661653953904,
            "speeds": {
                "vmax": 20.0
            },
            "type": 1,
            "driving_direction": 1,
            "id": "1003_2",
            "lane_type": 1
        },
        {
            "pos": {
                "x": 566908.3813431307,
                "y": 4317948.098925309,
                "yaw": 1.7983661653953904
            },
            "heading": 1.7983661653953904,
            "speeds": {
                "vmax": 20.0
            },
            "type": 1,
            "driving_direction": 1,
            "id": "1003_2",
            "lane_type": 1
        },
        {
            "pos": {
                "x": 566908.2685724628,
                "y": 4317948.586042109,
                "yaw": 1.7983661653953904
            },
            "heading": 1.7983661653953904,
            "speeds": {
                "vmax": 20.0
            },
            "type": 1,
            "driving_direction": 1,
            "id": "1003_2",
            "lane_type": 1
        },
        {
            "pos": {
                "x": 566908.155801795,
                "y": 4317949.073158908,
                "yaw": 1.7983661653953904
            },
            "heading": 1.7983661653953904,
            "speeds": {
                "vmax": 20.0
            },
            "type": 1,
            "driving_direction": 1,
            "id": "1003_2",
            "lane_type": 1
        },
        {
            "pos": {
                "x": 566908.0430311272,
                "y": 4317949.560275707,
                "yaw": 1.7983661653953904
            },
            "heading": 1.7983661653953904,
            "speeds": {
                "vmax": 20.0
            },
            "type": 1,
            "driving_direction": 1,
            "id": "1003_2",
            "lane_type": 1
        },
        {
            "pos": {
                "x": 566907.9302604593,
                "y": 4317950.047392507,
                "yaw": 1.7983661653953904
            },
            "heading": 1.7983661653953904,
            "speeds": {
                "vmax": 20.0
            },
            "type": 1,
            "driving_direction": 1,
            "id": "1003_2",
            "lane_type": 1
        },
        {
            "pos": {
                "x": 566907.8174897914,
                "y": 4317950.534509307,
                "yaw": 1.7983661653953904
            },
            "heading": 1.7983661653953904,
            "speeds": {
                "vmax": 20.0
            },
            "type": 1,
            "driving_direction": 1,
            "id": "1003_2",
            "lane_type": 1
        },
        {
            "pos": {
                "x": 566907.7047191235,
                "y": 4317951.021626106,
                "yaw": 1.7983661653953904
            },
            "heading": 1.7983661653953904,
            "speeds": {
                "vmax": 20.0
            },
            "type": 1,
            "driving_direction": 1,
            "id": "1003_2",
            "lane_type": 1
        },
        {
            "pos": {
                "x": 566907.5919484558,
                "y": 4317951.508742906,
                "yaw": 1.7983661653953904
            },
            "heading": 1.7983661653953904,
            "speeds": {
                "vmax": 20.0
            },
            "type": 1,
            "driving_direction": 1,
            "id": "1003_2",
            "lane_type": 1
        },
        {
            "pos": {
                "x": 566907.4791777879,
                "y": 4317951.995859706,
                "yaw": 1.7983661653953904
            },
            "heading": 1.7983661653953904,
            "speeds": {
                "vmax": 20.0
            },
            "type": 1,
            "driving_direction": 1,
            "id": "1003_2",
            "lane_type": 1
        },
        {
            "pos": {
                "x": 566907.36640712,
                "y": 4317952.4829765055,
                "yaw": 1.7983661653953904
            },
            "heading": 1.7983661653953904,
            "speeds": {
                "vmax": 20.0
            },
            "type": 1,
            "driving_direction": 1,
            "id": "1003_2",
            "lane_type": 1
        },
        {
            "pos": {
                "x": 566907.2536364521,
                "y": 4317952.970093305,
                "yaw": 1.7983661653953904
            },
            "heading": 1.7983661653953904,
            "speeds": {
                "vmax": 20.0
            },
            "type": 1,
            "driving_direction": 1,
            "id": "1003_2",
            "lane_type": 1
        },
        {
            "pos": {
                "x": 566907.1408657844,
                "y": 4317953.457210105,
                "yaw": 1.7983661653953904
            },
            "heading": 1.7983661653953904,
            "speeds": {
                "vmax": 20.0
            },
            "type": 1,
            "driving_direction": 1,
            "id": "1003_2",
            "lane_type": 1
        },
        {
            "pos": {
                "x": 566907.0280951165,
                "y": 4317953.944326905,
                "yaw": 1.7983661653953904
            },
            "heading": 1.7983661653953904,
            "speeds": {
                "vmax": 20.0
            },
            "type": 1,
            "driving_direction": 1,
            "id": "1003_2",
            "lane_type": 1
        },
        {
            "pos": {
                "x": 566906.9153244486,
                "y": 4317954.431443704,
                "yaw": 1.7983661653953904
            },
            "heading": 1.7983661653953904,
            "speeds": {
                "vmax": 20.0
            },
            "type": 1,
            "driving_direction": 1,
            "id": "1003_2",
            "lane_type": 1
        },
        {
            "pos": {
                "x": 566906.8025537808,
                "y": 4317954.918560504,
                "yaw": 1.7983661653953904
            },
            "heading": 1.7983661653953904,
            "speeds": {
                "vmax": 20.0
            },
            "type": 1,
            "driving_direction": 1,
            "id": "1003_2",
            "lane_type": 1
        },
        {
            "pos": {
                "x": 566906.689783113,
                "y": 4317955.405677303,
                "yaw": 1.7983661653953904
            },
            "heading": 1.7983661653953904,
            "speeds": {
                "vmax": 20.0
            },
            "type": 1,
            "driving_direction": 1,
            "id": "1003_2",
            "lane_type": 1
        },
        {
            "pos": {
                "x": 566906.5770124451,
                "y": 4317955.892794102,
                "yaw": 1.7983661653953904
            },
            "heading": 1.7983661653953904,
            "speeds": {
                "vmax": 20.0
            },
            "type": 1,
            "driving_direction": 1,
            "id": "1003_2",
            "lane_type": 1
        },
        {
            "pos": {
                "x": 566906.4642417772,
                "y": 4317956.379910902,
                "yaw": 1.7983661653953904
            },
            "heading": 1.7983661653953904,
            "speeds": {
                "vmax": 20.0
            },
            "type": 1,
            "driving_direction": 1,
            "id": "1003_2",
            "lane_type": 1
        },
        {
            "pos": {
                "x": 566906.3514711094,
                "y": 4317956.867027702,
                "yaw": 1.7983661653953904
            },
            "heading": 1.7983661653953904,
            "speeds": {
                "vmax": 20.0
            },
            "type": 1,
            "driving_direction": 1,
            "id": "1003_2",
            "lane_type": 1
        },
        {
            "pos": {
                "x": 566906.2387004416,
                "y": 4317957.3541445015,
                "yaw": 1.7983661653953904
            },
            "heading": 1.7983661653953904,
            "speeds": {
                "vmax": 20.0
            },
            "type": 1,
            "driving_direction": 1,
            "id": "1003_2",
            "lane_type": 1
        },
        {
            "pos": {
                "x": 566906.1259297737,
                "y": 4317957.841261301,
                "yaw": 1.7983661653953904
            },
            "heading": 1.7983661653953904,
            "speeds": {
                "vmax": 20.0
            },
            "type": 1,
            "driving_direction": 1,
            "id": "1003_2",
            "lane_type": 1
        },
        {
            "pos": {
                "x": 566906.0131591058,
                "y": 4317958.328378101,
                "yaw": 1.7983661653953904
            },
            "heading": 1.7983661653953904,
            "speeds": {
                "vmax": 20.0
            },
            "type": 1,
            "driving_direction": 1,
            "id": "1003_2",
            "lane_type": 1
        },
        {
            "pos": {
                "x": 566905.900388438,
                "y": 4317958.815494901,
                "yaw": 1.7983661653953904
            },
            "heading": 1.7983661653953904,
            "speeds": {
                "vmax": 20.0
            },
            "type": 1,
            "driving_direction": 1,
            "id": "1003_2",
            "lane_type": 1
        },
        {
            "pos": {
                "x": 566905.7876177701,
                "y": 4317959.3026117,
                "yaw": 1.7983661653953904
            },
            "heading": 1.7983661653953904,
            "speeds": {
                "vmax": 20.0
            },
            "type": 1,
            "driving_direction": 1,
            "id": "1003_2",
            "lane_type": 1
        },
        {
            "pos": {
                "x": 566905.6748471023,
                "y": 4317959.7897285,
                "yaw": 1.7983661653953904
            },
            "heading": 1.7983661653953904,
            "speeds": {
                "vmax": 20.0
            },
            "type": 1,
            "driving_direction": 1,
            "id": "1003_2",
            "lane_type": 1
        },
        {
            "pos": {
                "x": 566905.5620764344,
                "y": 4317960.2768453,
                "yaw": 1.7983661653953904
            },
            "heading": 1.7983661653953904,
            "speeds": {
                "vmax": 20.0
            },
            "type": 1,
            "driving_direction": 1,
            "id": "1003_2",
            "lane_type": 1
        },
        {
            "pos": {
                "x": 566905.4669002299,
                "y": 4317960.687962206,
                "yaw": 1.7983661653953904
            },
            "heading": 1.7983661653953904,
            "speeds": {
                "vmax": 20.0
            },
            "type": 1,
            "driving_direction": 1,
            "id": "1003_2",
            "lane_type": 1
        }
    ],
    "is_final_navi": true
}