{
    "header": {
        "trace_id": "e1834d9527664161a5eb5f74228cb6f4",
        "trans_id": "1f98f2fc-14e4-463e-bf4f-99ed1983e1da",
        "che_id": "A535",
        "timestamp": "2025-02-20T09:51:52.882062Z"
    },
    "task_id": "e1834d9527664161a5eb5f74228cb6f4",
    "navi_id": "A535_e1834d9527664161a5eb5f74228cb6f4_2251",
    "seq_num": 2251,
    "dest_type": 1,
    "mode": 2,
    "waypoints": [
        {
            "pos": {
                "x": 566864.5971525107,
                "y": 4318043.338539042,
                "yaw": -2.9155822166201126
            },
            "heading": -2.9155822166201126,
            "speeds": {
                "vmax": 10.0
            },
            "type": 1,
            "driving_direction": 1,
            "id": "1558_0",
            "lane_type": 62
        },
        {
            "pos": {
                "x": 566864.1098706599,
                "y": 4318043.226483707,
                "yaw": -2.9155822166201126
            },
            "heading": -2.9155822166201126,
            "speeds": {
                "vmax": 10.0
            },
            "type": 1,
            "driving_direction": 1,
            "id": "1558_0",
            "lane_type": 62
        },
        {
            "pos": {
                "x": 566863.6225888091,
                "y": 4318043.114428373,
                "yaw": -2.9155822166201126
            },
            "heading": -2.9155822166201126,
            "speeds": {
                "vmax": 10.0
            },
            "type": 1,
            "driving_direction": 1,
            "id": "1558_0",
            "lane_type": 62
        },
        {
            "pos": {
                "x": 566863.1353069583,
                "y": 4318043.00237304,
                "yaw": -2.9155822166201126
            },
            "heading": -2.9155822166201126,
            "speeds": {
                "vmax": 10.0
            },
            "type": 1,
            "driving_direction": 1,
            "id": "1558_0",
            "lane_type": 62
        },
        {
            "pos": {
                "x": 566862.6480251075,
                "y": 4318042.890317705,
                "yaw": -2.9155822166201126
            },
            "heading": -2.9155822166201126,
            "speeds": {
                "vmax": 10.0
            },
            "type": 1,
            "driving_direction": 1,
            "id": "1558_0",
            "lane_type": 62
        },
        {
            "pos": {
                "x": 566862.1607432567,
                "y": 4318042.778262371,
                "yaw": -2.9155822166201126
            },
            "heading": -2.9155822166201126,
            "speeds": {
                "vmax": 10.0
            },
            "type": 1,
            "driving_direction": 1,
            "id": "1558_0",
            "lane_type": 62
        },
        {
            "pos": {
                "x": 566861.6734614059,
                "y": 4318042.666207037,
                "yaw": -2.9155822166201126
            },
            "heading": -2.9155822166201126,
            "speeds": {
                "vmax": 10.0
            },
            "type": 1,
            "driving_direction": 1,
            "id": "1558_0",
            "lane_type": 62
        },
        {
            "pos": {
                "x": 566861.1861795551,
                "y": 4318042.554151704,
                "yaw": -2.9155822166201126
            },
            "heading": -2.9155822166201126,
            "speeds": {
                "vmax": 10.0
            },
            "type": 1,
            "driving_direction": 1,
            "id": "1558_0",
            "lane_type": 62
        },
        {
            "pos": {
                "x": 566860.6988977044,
                "y": 4318042.442096369,
                "yaw": -2.9155822166201126
            },
            "heading": -2.9155822166201126,
            "speeds": {
                "vmax": 10.0
            },
            "type": 1,
            "driving_direction": 1,
            "id": "1558_0",
            "lane_type": 62
        },
        {
            "pos": {
                "x": 566860.2116158536,
                "y": 4318042.330041035,
                "yaw": -2.9155822166201126
            },
            "heading": -2.9155822166201126,
            "speeds": {
                "vmax": 10.0
            },
            "type": 1,
            "driving_direction": 1,
            "id": "1558_0",
            "lane_type": 62
        },
        {
            "pos": {
                "x": 566859.7243340027,
                "y": 4318042.217985701,
                "yaw": -2.9155822166201126
            },
            "heading": -2.9155822166201126,
            "speeds": {
                "vmax": 10.0
            },
            "type": 1,
            "driving_direction": 1,
            "id": "1558_0",
            "lane_type": 62
        },
        {
            "pos": {
                "x": 566859.2370521519,
                "y": 4318042.105930367,
                "yaw": -2.9155822166201126
            },
            "heading": -2.9155822166201126,
            "speeds": {
                "vmax": 10.0
            },
            "type": 1,
            "driving_direction": 1,
            "id": "1558_0",
            "lane_type": 62
        },
        {
            "pos": {
                "x": 566858.7497703012,
                "y": 4318041.993875033,
                "yaw": -2.9155822166201126
            },
            "heading": -2.9155822166201126,
            "speeds": {
                "vmax": 10.0
            },
            "type": 1,
            "driving_direction": 1,
            "id": "1558_0",
            "lane_type": 62
        },
        {
            "pos": {
                "x": 566858.2624884504,
                "y": 4318041.881819699,
                "yaw": -2.9155822166201126
            },
            "heading": -2.9155822166201126,
            "speeds": {
                "vmax": 10.0
            },
            "type": 1,
            "driving_direction": 1,
            "id": "1558_0",
            "lane_type": 62
        },
        {
            "pos": {
                "x": 566857.7752065996,
                "y": 4318041.769764365,
                "yaw": -2.9155822166201126
            },
            "heading": -2.9155822166201126,
            "speeds": {
                "vmax": 10.0
            },
            "type": 1,
            "driving_direction": 1,
            "id": "1558_0",
            "lane_type": 62
        },
        {
            "pos": {
                "x": 566857.3046244188,
                "y": 4318041.661549287,
                "yaw": -2.9155822166201126
            },
            "heading": -2.9155822166201126,
            "speeds": {
                "vmax": 10.0
            },
            "type": 1,
            "driving_direction": 1,
            "id": "1558_0",
            "lane_type": 62
        },
        {
            "pos": {
                "x": 566856.8161649536,
                "y": 4318041.549206443,
                "yaw": -2.8938392584000816
            },
            "heading": -2.8938392584000816,
            "speeds": {
                "vmax": 15.0
            },
            "type": 2,
            "driving_direction": 1,
            "id": "1560_0",
            "lane_type": 4
        },
        {
            "pos": {
                "x": 566856.3273124304,
                "y": 4318041.425548696,
                "yaw": -2.8931015889955267
            },
            "heading": -2.8931015889955267,
            "speeds": {
                "vmax": 15.0
            },
            "type": 2,
            "driving_direction": 1,
            "id": "1560_0",
            "lane_type": 4
        },
        {
            "pos": {
                "x": 566855.8380172283,
                "y": 4318041.301015405,
                "yaw": -2.891830838262355
            },
            "heading": -2.891830838262355,
            "speeds": {
                "vmax": 15.0
            },
            "type": 2,
            "driving_direction": 1,
            "id": "1560_0",
            "lane_type": 4
        },
        {
            "pos": {
                "x": 566855.3490706307,
                "y": 4318041.1760122795,
                "yaw": -2.890973626887685
            },
            "heading": -2.890973626887685,
            "speeds": {
                "vmax": 15.0
            },
            "type": 2,
            "driving_direction": 1,
            "id": "1560_0",
            "lane_type": 4
        },
        {
            "pos": {
                "x": 566854.8600795337,
                "y": 4318041.050663275,
                "yaw": -2.8905482448584388
            },
            "heading": -2.8905482448584388,
            "speeds": {
                "vmax": 15.0
            },
            "type": 2,
            "driving_direction": 1,
            "id": "1560_0",
            "lane_type": 4
        },
        {
            "pos": {
                "x": 566854.3712254721,
                "y": 4318040.925240757,
                "yaw": -2.890562853078713
            },
            "heading": -2.890562853078713,
            "speeds": {
                "vmax": 15.0
            },
            "type": 2,
            "driving_direction": 1,
            "id": "1560_0",
            "lane_type": 4
        },
        {
            "pos": {
                "x": 566853.8821361344,
                "y": 4318040.799881796,
                "yaw": -2.891012007185253
            },
            "heading": -2.891012007185253,
            "speeds": {
                "vmax": 15.0
            },
            "type": 2,
            "driving_direction": 1,
            "id": "1560_0",
            "lane_type": 4
        },
        {
            "pos": {
                "x": 566853.3936534147,
                "y": 4318040.675022888,
                "yaw": -2.8919077161601083
            },
            "heading": -2.8919077161601083,
            "speeds": {
                "vmax": 15.0
            },
            "type": 2,
            "driving_direction": 1,
            "id": "1560_0",
            "lane_type": 4
        },
        {
            "pos": {
                "x": 566852.9039495222,
                "y": 4318040.550440916,
                "yaw": -2.893239520184381
            },
            "heading": -2.893239520184381,
            "speeds": {
                "vmax": 15.0
            },
            "type": 2,
            "driving_direction": 1,
            "id": "1560_0",
            "lane_type": 4
        },
        {
            "pos": {
                "x": 566852.4143717813,
                "y": 4318040.426692937,
                "yaw": -2.895009744046328
            },
            "heading": -2.895009744046328,
            "speeds": {
                "vmax": 15.0
            },
            "type": 2,
            "driving_direction": 1,
            "id": "1560_0",
            "lane_type": 4
        },
        {
            "pos": {
                "x": 566851.9238478453,
                "y": 4318040.303751972,
                "yaw": -2.8970160975105363
            },
            "heading": -2.8970160975105363,
            "speeds": {
                "vmax": 15.0
            },
            "type": 2,
            "driving_direction": 1,
            "id": "1560_0",
            "lane_type": 4
        },
        {
            "pos": {
                "x": 566851.4360363958,
                "y": 4318040.182533272,
                "yaw": -2.8994328126114786
            },
            "heading": -2.8994328126114786,
            "speeds": {
                "vmax": 15.0
            },
            "type": 2,
            "driving_direction": 1,
            "id": "1560_0",
            "lane_type": 4
        },
        {
            "pos": {
                "x": 566850.9461769694,
                "y": 4318040.062269407,
                "yaw": -2.9031015684121337
            },
            "heading": -2.9031015684121337,
            "speeds": {
                "vmax": 15.0
            },
            "type": 2,
            "driving_direction": 1,
            "id": "1560_0",
            "lane_type": 4
        },
        {
            "pos": {
                "x": 566850.4554637503,
                "y": 4318039.944144002,
                "yaw": -2.9072962429062548
            },
            "heading": -2.9072962429062548,
            "speeds": {
                "vmax": 15.0
            },
            "type": 2,
            "driving_direction": 1,
            "id": "1560_0",
            "lane_type": 4
        },
        {
            "pos": {
                "x": 566849.9668036106,
                "y": 4318039.828508731,
                "yaw": -2.9112002384591116
            },
            "heading": -2.9112002384591116,
            "speeds": {
                "vmax": 15.0
            },
            "type": 2,
            "driving_direction": 1,
            "id": "1560_0",
            "lane_type": 4
        },
        {
            "pos": {
                "x": 566849.4728999205,
                "y": 4318039.713674242,
                "yaw": -2.9153784248400063
            },
            "heading": -2.9153784248400063,
            "speeds": {
                "vmax": 15.0
            },
            "type": 2,
            "driving_direction": 1,
            "id": "1560_0",
            "lane_type": 4
        },
        {
            "pos": {
                "x": 566848.9812352234,
                "y": 4318039.601673093,
                "yaw": -2.919403501791301
            },
            "heading": -2.919403501791301,
            "speeds": {
                "vmax": 15.0
            },
            "type": 2,
            "driving_direction": 1,
            "id": "1560_0",
            "lane_type": 4
        },
        {
            "pos": {
                "x": 566848.4889101319,
                "y": 4318039.491370305,
                "yaw": -2.922414766593911
            },
            "heading": -2.922414766593911,
            "speeds": {
                "vmax": 15.0
            },
            "type": 2,
            "driving_direction": 1,
            "id": "1560_0",
            "lane_type": 4
        },
        {
            "pos": {
                "x": 566847.9960000205,
                "y": 4318039.3822066095,
                "yaw": -2.925517339605597
            },
            "heading": -2.925517339605597,
            "speeds": {
                "vmax": 15.0
            },
            "type": 2,
            "driving_direction": 1,
            "id": "1560_0",
            "lane_type": 4
        },
        {
            "pos": {
                "x": 566847.502628545,
                "y": 4318039.274886862,
                "yaw": -2.9300705431038
            },
            "heading": -2.9300705431038,
            "speeds": {
                "vmax": 15.0
            },
            "type": 2,
            "driving_direction": 1,
            "id": "1560_0",
            "lane_type": 4
        },
        {
            "pos": {
                "x": 566847.0087512631,
                "y": 4318039.1702232035,
                "yaw": -2.9363773291892707
            },
            "heading": -2.9363773291892707,
            "speeds": {
                "vmax": 15.0
            },
            "type": 2,
            "driving_direction": 1,
            "id": "1560_0",
            "lane_type": 4
        },
        {
            "pos": {
                "x": 566846.5142350981,
                "y": 4318039.069174647,
                "yaw": -2.9434526993905035
            },
            "heading": -2.9434526993905035,
            "speeds": {
                "vmax": 15.0
            },
            "type": 2,
            "driving_direction": 1,
            "id": "1560_0",
            "lane_type": 4
        },
        {
            "pos": {
                "x": 566846.0191968175,
                "y": 4318038.97155785,
                "yaw": -2.949819809518984
            },
            "heading": -2.949819809518984,
            "speeds": {
                "vmax": 15.0
            },
            "type": 2,
            "driving_direction": 1,
            "id": "1560_0",
            "lane_type": 4
        },
        {
            "pos": {
                "x": 566845.5234477986,
                "y": 4318038.876813136,
                "yaw": -2.9550611656114136
            },
            "heading": -2.9550611656114136,
            "speeds": {
                "vmax": 15.0
            },
            "type": 2,
            "driving_direction": 1,
            "id": "1560_0",
            "lane_type": 4
        },
        {
            "pos": {
                "x": 566845.027141121,
                "y": 4318038.784338728,
                "yaw": -2.9595719596805243
            },
            "heading": -2.9595719596805243,
            "speeds": {
                "vmax": 15.0
            },
            "type": 2,
            "driving_direction": 1,
            "id": "1560_0",
            "lane_type": 4
        },
        {
            "pos": {
                "x": 566844.5304243288,
                "y": 4318038.694051351,
                "yaw": -2.9644020433333607
            },
            "heading": -2.9644020433333607,
            "speeds": {
                "vmax": 15.0
            },
            "type": 2,
            "driving_direction": 1,
            "id": "1560_0",
            "lane_type": 4
        },
        {
            "pos": {
                "x": 566844.0335351139,
                "y": 4318038.606434639,
                "yaw": -2.9693927410960193
            },
            "heading": -2.9693927410960193,
            "speeds": {
                "vmax": 15.0
            },
            "type": 2,
            "driving_direction": 1,
            "id": "1560_0",
            "lane_type": 4
        },
        {
            "pos": {
                "x": 566843.5370081305,
                "y": 4318038.521284501,
                "yaw": -2.9737353293905415
            },
            "heading": -2.9737353293905415,
            "speeds": {
                "vmax": 15.0
            },
            "type": 2,
            "driving_direction": 1,
            "id": "1560_0",
            "lane_type": 4
        },
        {
            "pos": {
                "x": 566843.0384905487,
                "y": 4318038.437832274,
                "yaw": -2.9784183536982765
            },
            "heading": -2.9784183536982765,
            "speeds": {
                "vmax": 15.0
            },
            "type": 2,
            "driving_direction": 1,
            "id": "1560_0",
            "lane_type": 4
        },
        {
            "pos": {
                "x": 566842.5409938546,
                "y": 4318038.357321929,
                "yaw": -2.9839422843084265
            },
            "heading": -2.9839422843084265,
            "speeds": {
                "vmax": 15.0
            },
            "type": 2,
            "driving_direction": 1,
            "id": "1560_0",
            "lane_type": 4
        },
        {
            "pos": {
                "x": 566842.0416048488,
                "y": 4318038.279375772,
                "yaw": -2.990751782599749
            },
            "heading": -2.990751782599749,
            "speeds": {
                "vmax": 15.0
            },
            "type": 2,
            "driving_direction": 1,
            "id": "1560_0",
            "lane_type": 4
        },
        {
            "pos": {
                "x": 566841.5442948916,
                "y": 4318038.205859592,
                "yaw": -3.00567379820686
            },
            "heading": -3.00567379820686,
            "speeds": {
                "vmax": 15.0
            },
            "type": 2,
            "driving_direction": 1,
            "id": "1560_0",
            "lane_type": 4
        },
        {
            "pos": {
                "x": 566841.0436782308,
                "y": 4318038.142924359,
                "yaw": -3.021107915254498
            },
            "heading": -3.021107915254498,
            "speeds": {
                "vmax": 15.0
            },
            "type": 2,
            "driving_direction": 1,
            "id": "1560_0",
            "lane_type": 4
        },
        {
            "pos": {
                "x": 566840.5425122458,
                "y": 4318038.084534494,
                "yaw": -3.0247612708898495
            },
            "heading": -3.0247612708898495,
            "speeds": {
                "vmax": 15.0
            },
            "type": 2,
            "driving_direction": 1,
            "id": "1560_0",
            "lane_type": 4
        },
        {
            "pos": {
                "x": 566840.0414041954,
                "y": 4318038.02527918,
                "yaw": -3.0240868535063483
            },
            "heading": -3.0240868535063483,
            "speeds": {
                "vmax": 15.0
            },
            "type": 2,
            "driving_direction": 1,
            "id": "1560_0",
            "lane_type": 4
        },
        {
            "pos": {
                "x": 566839.5401851634,
                "y": 4318037.966210928,
                "yaw": -3.023772758913466
            },
            "heading": -3.023772758913466,
            "speeds": {
                "vmax": 15.0
            },
            "type": 2,
            "driving_direction": 1,
            "id": "1560_0",
            "lane_type": 4
        },
        {
            "pos": {
                "x": 566839.0400627196,
                "y": 4318037.906751895,
                "yaw": -3.0232197523878295
            },
            "heading": -3.0232197523878295,
            "speeds": {
                "vmax": 15.0
            },
            "type": 2,
            "driving_direction": 1,
            "id": "1560_0",
            "lane_type": 4
        },
        {
            "pos": {
                "x": 566838.5381175061,
                "y": 4318037.847037248,
                "yaw": -3.0232064214025587
            },
            "heading": -3.0232064214025587,
            "speeds": {
                "vmax": 15.0
            },
            "type": 2,
            "driving_direction": 1,
            "id": "1560_0",
            "lane_type": 4
        },
        {
            "pos": {
                "x": 566838.0369004414,
                "y": 4318037.7874321025,
                "yaw": -3.022896814726985
            },
            "heading": -3.022896814726985,
            "speeds": {
                "vmax": 15.0
            },
            "type": 2,
            "driving_direction": 1,
            "id": "1560_0",
            "lane_type": 4
        },
        {
            "pos": {
                "x": 566837.5357139555,
                "y": 4318037.727491988,
                "yaw": -3.0219175420856956
            },
            "heading": -3.0219175420856956,
            "speeds": {
                "vmax": 15.0
            },
            "type": 2,
            "driving_direction": 1,
            "id": "1560_0",
            "lane_type": 4
        },
        {
            "pos": {
                "x": 566837.0346507016,
                "y": 4318037.666908989,
                "yaw": -3.0202778813130946
            },
            "heading": -3.0202778813130946,
            "speeds": {
                "vmax": 15.0
            },
            "type": 2,
            "driving_direction": 1,
            "id": "1560_0",
            "lane_type": 4
        },
        {
            "pos": {
                "x": 566836.533678574,
                "y": 4318037.605326477,
                "yaw": -3.017897218903991
            },
            "heading": -3.017897218903991,
            "speeds": {
                "vmax": 15.0
            },
            "type": 2,
            "driving_direction": 1,
            "id": "1560_0",
            "lane_type": 4
        },
        {
            "pos": {
                "x": 566836.0331036524,
                "y": 4318037.542382419,
                "yaw": -3.0152558648750967
            },
            "heading": -3.0152558648750967,
            "speeds": {
                "vmax": 15.0
            },
            "type": 2,
            "driving_direction": 1,
            "id": "1560_0",
            "lane_type": 4
        },
        {
            "pos": {
                "x": 566835.5325414992,
                "y": 4318037.478167696,
                "yaw": -3.0131228670796473
            },
            "heading": -3.0131228670796473,
            "speeds": {
                "vmax": 15.0
            },
            "type": 2,
            "driving_direction": 1,
            "id": "1560_0",
            "lane_type": 4
        },
        {
            "pos": {
                "x": 566835.0320936239,
                "y": 4318037.413071105,
                "yaw": -3.0116448240311304
            },
            "heading": -3.0116448240311304,
            "speeds": {
                "vmax": 15.0
            },
            "type": 2,
            "driving_direction": 1,
            "id": "1560_0",
            "lane_type": 4
        },
        {
            "pos": {
                "x": 566834.5317276393,
                "y": 4318037.347377453,
                "yaw": -3.0107217430111626
            },
            "heading": -3.0107217430111626,
            "speeds": {
                "vmax": 15.0
            },
            "type": 2,
            "driving_direction": 1,
            "id": "1560_0",
            "lane_type": 4
        },
        {
            "pos": {
                "x": 566834.0314052344,
                "y": 4318037.281358205,
                "yaw": -3.0103301715275266
            },
            "heading": -3.0103301715275266,
            "speeds": {
                "vmax": 15.0
            },
            "type": 2,
            "driving_direction": 1,
            "id": "1560_0",
            "lane_type": 4
        },
        {
            "pos": {
                "x": 566833.5313377628,
                "y": 4318037.215304545,
                "yaw": -3.009781711164643
            },
            "heading": -3.009781711164643,
            "speeds": {
                "vmax": 15.0
            },
            "type": 2,
            "driving_direction": 1,
            "id": "1560_0",
            "lane_type": 4
        },
        {
            "pos": {
                "x": 566833.0310683231,
                "y": 4318037.148729731,
                "yaw": -3.0084073579641637
            },
            "heading": -3.0084073579641637,
            "speeds": {
                "vmax": 15.0
            },
            "type": 2,
            "driving_direction": 1,
            "id": "1560_0",
            "lane_type": 4
        },
        {
            "pos": {
                "x": 566832.5308483785,
                "y": 4318037.08125818,
                "yaw": -3.0072188399599207
            },
            "heading": -3.0072188399599207,
            "speeds": {
                "vmax": 15.0
            },
            "type": 2,
            "driving_direction": 1,
            "id": "1560_0",
            "lane_type": 4
        },
        {
            "pos": {
                "x": 566832.0307104082,
                "y": 4318037.013495678,
                "yaw": -3.0071543041365687
            },
            "heading": -3.0071543041365687,
            "speeds": {
                "vmax": 15.0
            },
            "type": 2,
            "driving_direction": 1,
            "id": "1560_0",
            "lane_type": 4
        },
        {
            "pos": {
                "x": 566831.5303608894,
                "y": 4318036.945942288,
                "yaw": -3.007977023769281
            },
            "heading": -3.007977023769281,
            "speeds": {
                "vmax": 15.0
            },
            "type": 2,
            "driving_direction": 1,
            "id": "1560_0",
            "lane_type": 4
        },
        {
            "pos": {
                "x": 566831.0305315421,
                "y": 4318036.879059601,
                "yaw": -3.0091398617311875
            },
            "heading": -3.0091398617311875,
            "speeds": {
                "vmax": 15.0
            },
            "type": 2,
            "driving_direction": 1,
            "id": "1560_0",
            "lane_type": 4
        },
        {
            "pos": {
                "x": 566830.5318247126,
                "y": 4318036.812899562,
                "yaw": -3.006814065547558
            },
            "heading": -3.006814065547558,
            "speeds": {
                "vmax": 15.0
            },
            "type": 2,
            "driving_direction": 1,
            "id": "1560_0",
            "lane_type": 4
        },
        {
            "pos": {
                "x": 566830.0315570527,
                "y": 4318036.743604528,
                "yaw": -3.0039367386574907
            },
            "heading": -3.0039367386574907,
            "speeds": {
                "vmax": 15.0
            },
            "type": 2,
            "driving_direction": 1,
            "id": "1560_0",
            "lane_type": 4
        },
        {
            "pos": {
                "x": 566829.5312610192,
                "y": 4318036.674299376,
                "yaw": -3.004441790598511
            },
            "heading": -3.004441790598511,
            "speeds": {
                "vmax": 15.0
            },
            "type": 2,
            "driving_direction": 1,
            "id": "1560_0",
            "lane_type": 4
        },
        {
            "pos": {
                "x": 566829.0317576494,
                "y": 4318036.605616387,
                "yaw": -3.005318037995274
            },
            "heading": -3.005318037995274,
            "speeds": {
                "vmax": 15.0
            },
            "type": 2,
            "driving_direction": 1,
            "id": "1560_0",
            "lane_type": 4
        },
        {
            "pos": {
                "x": 566828.5315514903,
                "y": 4318036.537213993,
                "yaw": -3.0059472297674326
            },
            "heading": -3.0059472297674326,
            "speeds": {
                "vmax": 15.0
            },
            "type": 2,
            "driving_direction": 1,
            "id": "1560_0",
            "lane_type": 4
        },
        {
            "pos": {
                "x": 566828.031407002,
                "y": 4318036.469084499,
                "yaw": -3.0063672465222226
            },
            "heading": -3.0063672465222226,
            "speeds": {
                "vmax": 15.0
            },
            "type": 2,
            "driving_direction": 1,
            "id": "1560_0",
            "lane_type": 4
        },
        {
            "pos": {
                "x": 566827.5312968446,
                "y": 4318036.401122898,
                "yaw": -3.0065953207282528
            },
            "heading": -3.0065953207282528,
            "speeds": {
                "vmax": 15.0
            },
            "type": 2,
            "driving_direction": 1,
            "id": "1560_0",
            "lane_type": 4
        },
        {
            "pos": {
                "x": 566827.0313261775,
                "y": 4318036.333249524,
                "yaw": -3.0066312043704047
            },
            "heading": -3.0066312043704047,
            "speeds": {
                "vmax": 15.0
            },
            "type": 2,
            "driving_direction": 1,
            "id": "1560_0",
            "lane_type": 4
        },
        {
            "pos": {
                "x": 566826.5312647528,
                "y": 4318036.265330785,
                "yaw": -3.006474147003725
            },
            "heading": -3.006474147003725,
            "speeds": {
                "vmax": 15.0
            },
            "type": 2,
            "driving_direction": 1,
            "id": "1560_0",
            "lane_type": 4
        },
        {
            "pos": {
                "x": 566826.0311695838,
                "y": 4318036.1972805895,
                "yaw": -3.006135126999325
            },
            "heading": -3.006135126999325,
            "speeds": {
                "vmax": 15.0
            },
            "type": 2,
            "driving_direction": 1,
            "id": "1560_0",
            "lane_type": 4
        },
        {
            "pos": {
                "x": 566825.5318136446,
                "y": 4318036.129169079,
                "yaw": -2.914186358096378
            },
            "heading": -2.914186358096378,
            "speeds": {
                "vmax": 20.0
            },
            "type": 1,
            "driving_direction": 1,
            "id": "1166_1",
            "lane_type": 8
        },
        {
            "pos": {
                "x": 566825.0459672369,
                "y": 4318036.016739827,
                "yaw": -2.914186299708779
            },
            "heading": -2.914186299708779,
            "speeds": {
                "vmax": 20.0
            },
            "type": 1,
            "driving_direction": 1,
            "id": "1166_1",
            "lane_type": 8
        },
        {
            "pos": {
                "x": 566824.5599612694,
                "y": 4318035.904273651,
                "yaw": -2.914186993933697
            },
            "heading": -2.914186993933697,
            "speeds": {
                "vmax": 20.0
            },
            "type": 1,
            "driving_direction": 1,
            "id": "1166_1",
            "lane_type": 8
        },
        {
            "pos": {
                "x": 566824.0740396779,
                "y": 4318035.791827001,
                "yaw": -2.9141864570291824
            },
            "heading": -2.9141864570291824,
            "speeds": {
                "vmax": 20.0
            },
            "type": 1,
            "driving_direction": 1,
            "id": "1166_1",
            "lane_type": 8
        },
        {
            "pos": {
                "x": 566823.5880384964,
                "y": 4318035.679361932,
                "yaw": -2.9141864235580655
            },
            "heading": -2.9141864235580655,
            "speeds": {
                "vmax": 20.0
            },
            "type": 1,
            "driving_direction": 1,
            "id": "1166_1",
            "lane_type": 8
        },
        {
            "pos": {
                "x": 566823.1020911892,
                "y": 4318035.566909332,
                "yaw": -2.914186513366047
            },
            "heading": -2.914186513366047,
            "speeds": {
                "vmax": 20.0
            },
            "type": 1,
            "driving_direction": 1,
            "id": "1166_1",
            "lane_type": 8
        },
        {
            "pos": {
                "x": 566822.6161229409,
                "y": 4318035.454451884,
                "yaw": -2.914186620984464
            },
            "heading": -2.914186620984464,
            "speeds": {
                "vmax": 20.0
            },
            "type": 1,
            "driving_direction": 1,
            "id": "1166_1",
            "lane_type": 8
        },
        {
            "pos": {
                "x": 566822.1301139148,
                "y": 4318035.341985,
                "yaw": -2.914186079945372
            },
            "heading": -2.914186079945372,
            "speeds": {
                "vmax": 20.0
            },
            "type": 1,
            "driving_direction": 1,
            "id": "1166_1",
            "lane_type": 8
        },
        {
            "pos": {
                "x": 566821.6441752742,
                "y": 4318035.229534405,
                "yaw": -2.914187020687132
            },
            "heading": -2.914187020687132,
            "speeds": {
                "vmax": 20.0
            },
            "type": 1,
            "driving_direction": 1,
            "id": "1166_1",
            "lane_type": 8
        },
        {
            "pos": {
                "x": 566821.1582159118,
                "y": 4318035.117079015,
                "yaw": -2.9141862758855903
            },
            "heading": -2.9141862758855903,
            "speeds": {
                "vmax": 20.0
            },
            "type": 1,
            "driving_direction": 1,
            "id": "1166_1",
            "lane_type": 8
        },
        {
            "pos": {
                "x": 566820.6722348111,
                "y": 4318035.0046185935,
                "yaw": -2.914185763144355
            },
            "heading": -2.914185763144355,
            "speeds": {
                "vmax": 20.0
            },
            "type": 1,
            "driving_direction": 1,
            "id": "1166_1",
            "lane_type": 8
        },
        {
            "pos": {
                "x": 566820.1862756968,
                "y": 4318034.892163261,
                "yaw": -2.914187430120752
            },
            "heading": -2.914187430120752,
            "speeds": {
                "vmax": 20.0
            },
            "type": 1,
            "driving_direction": 1,
            "id": "1166_1",
            "lane_type": 8
        },
        {
            "pos": {
                "x": 566819.7003261166,
                "y": 4318034.779710133,
                "yaw": -2.9141859295666883
            },
            "heading": -2.9141859295666883,
            "speeds": {
                "vmax": 20.0
            },
            "type": 1,
            "driving_direction": 1,
            "id": "1166_1",
            "lane_type": 8
        },
        {
            "pos": {
                "x": 566819.2143396675,
                "y": 4318034.667248474,
                "yaw": -2.914186702694427
            },
            "heading": -2.914186702694427,
            "speeds": {
                "vmax": 20.0
            },
            "type": 1,
            "driving_direction": 1,
            "id": "1166_1",
            "lane_type": 8
        },
        {
            "pos": {
                "x": 566818.7283919515,
                "y": 4318034.554795779,
                "yaw": -2.914186461021937
            },
            "heading": -2.914186461021937,
            "speeds": {
                "vmax": 20.0
            },
            "type": 1,
            "driving_direction": 1,
            "id": "1166_1",
            "lane_type": 8
        },
        {
            "pos": {
                "x": 566818.2424225649,
                "y": 4318034.442338068,
                "yaw": -2.9141861657949804
            },
            "heading": -2.9141861657949804,
            "speeds": {
                "vmax": 20.0
            },
            "type": 1,
            "driving_direction": 1,
            "id": "1166_1",
            "lane_type": 8
        },
        {
            "pos": {
                "x": 566817.7564572673,
                "y": 4318034.329881304,
                "yaw": -2.914186078528101
            },
            "heading": -2.914186078528101,
            "speeds": {
                "vmax": 20.0
            },
            "type": 1,
            "driving_direction": 1,
            "id": "1166_1",
            "lane_type": 8
        },
        {
            "pos": {
                "x": 566817.270492599,
                "y": 4318034.217424686,
                "yaw": -2.914187403326103
            },
            "heading": -2.914187403326103,
            "speeds": {
                "vmax": 20.0
            },
            "type": 1,
            "driving_direction": 1,
            "id": "1166_1",
            "lane_type": 8
        },
        {
            "pos": {
                "x": 566816.7845315698,
                "y": 4318034.104968909,
                "yaw": -2.914186125508078
            },
            "heading": -2.914186125508078,
            "speeds": {
                "vmax": 20.0
            },
            "type": 1,
            "driving_direction": 1,
            "id": "1166_1",
            "lane_type": 8
        },
        {
            "pos": {
                "x": 566816.2985623763,
                "y": 4318033.9925112445,
                "yaw": -2.9141863067341234
            },
            "heading": -2.9141863067341234,
            "speeds": {
                "vmax": 20.0
            },
            "type": 1,
            "driving_direction": 1,
            "id": "1166_1",
            "lane_type": 8
        },
        {
            "pos": {
                "x": 566815.8125962727,
                "y": 4318033.880054293,
                "yaw": -2.914186875817485
            },
            "heading": -2.914186875817485,
            "speeds": {
                "vmax": 20.0
            },
            "type": 1,
            "driving_direction": 1,
            "id": "1166_1",
            "lane_type": 8
        },
        {
            "pos": {
                "x": 566815.326636157,
                "y": 4318033.767598728,
                "yaw": -2.914186466425204
            },
            "heading": -2.914186466425204,
            "speeds": {
                "vmax": 20.0
            },
            "type": 1,
            "driving_direction": 1,
            "id": "1166_1",
            "lane_type": 8
        },
        {
            "pos": {
                "x": 566814.8406703076,
                "y": 4318033.655141836,
                "yaw": -2.9141861940253833
            },
            "heading": -2.9141861940253833,
            "speeds": {
                "vmax": 20.0
            },
            "type": 1,
            "driving_direction": 1,
            "id": "1166_1",
            "lane_type": 8
        },
        {
            "pos": {
                "x": 566814.3546912591,
                "y": 4318033.54268189,
                "yaw": -2.914186512113501
            },
            "heading": -2.914186512113501,
            "speeds": {
                "vmax": 20.0
            },
            "type": 1,
            "driving_direction": 1,
            "id": "1166_1",
            "lane_type": 8
        },
        {
            "pos": {
                "x": 566813.8687315333,
                "y": 4318033.430226414,
                "yaw": -2.9141867577015024
            },
            "heading": -2.9141867577015024,
            "speeds": {
                "vmax": 20.0
            },
            "type": 1,
            "driving_direction": 1,
            "id": "1166_1",
            "lane_type": 8
        },
        {
            "pos": {
                "x": 566813.3827640117,
                "y": 4318033.317769136,
                "yaw": -2.914186223543118
            },
            "heading": -2.914186223543118,
            "speeds": {
                "vmax": 20.0
            },
            "type": 1,
            "driving_direction": 1,
            "id": "1166_1",
            "lane_type": 8
        },
        {
            "pos": {
                "x": 566812.8967893448,
                "y": 4318033.205310203,
                "yaw": -2.9141866273746424
            },
            "heading": -2.9141866273746424,
            "speeds": {
                "vmax": 20.0
            },
            "type": 1,
            "driving_direction": 1,
            "id": "1166_1",
            "lane_type": 8
        },
        {
            "pos": {
                "x": 566812.4108717669,
                "y": 4318033.092864482,
                "yaw": -2.9141864768747605
            },
            "heading": -2.9141864768747605,
            "speeds": {
                "vmax": 20.0
            },
            "type": 1,
            "driving_direction": 1,
            "id": "1166_1",
            "lane_type": 8
        },
        {
            "pos": {
                "x": 566811.9249364813,
                "y": 4318032.980414663,
                "yaw": -2.9149382749758264
            },
            "heading": -2.9149382749758264,
            "speeds": {
                "vmax": 20.0
            },
            "type": 1,
            "driving_direction": 1,
            "id": "1167_1",
            "lane_type": 3
        },
        {
            "pos": {
                "x": 566811.455466944,
                "y": 4318032.872147188,
                "yaw": -2.914978392032506
            },
            "heading": -2.914978392032506,
            "speeds": {
                "vmax": 20.0
            },
            "type": 1,
            "driving_direction": 1,
            "id": "1167_1",
            "lane_type": 3
        },
        {
            "pos": {
                "x": 566810.9859269955,
                "y": 4318032.763902854,
                "yaw": -2.9150428330079055
            },
            "heading": -2.9150428330079055,
            "speeds": {
                "vmax": 20.0
            },
            "type": 1,
            "driving_direction": 1,
            "id": "1167_1",
            "lane_type": 3
        },
        {
            "pos": {
                "x": 566810.5164083703,
                "y": 4318032.655687163,
                "yaw": -2.915078841994106
            },
            "heading": -2.915078841994106,
            "speeds": {
                "vmax": 20.0
            },
            "type": 1,
            "driving_direction": 1,
            "id": "1167_1",
            "lane_type": 3
        },
        {
            "pos": {
                "x": 566810.0468610639,
                "y": 4318032.547477322,
                "yaw": -2.9150947283831514
            },
            "heading": -2.9150947283831514,
            "speeds": {
                "vmax": 20.0
            },
            "type": 1,
            "driving_direction": 1,
            "id": "1167_1",
            "lane_type": 3
        },
        {
            "pos": {
                "x": 566809.5773358183,
                "y": 4318032.439275894,
                "yaw": -2.9150927190936216
            },
            "heading": -2.9150927190936216,
            "speeds": {
                "vmax": 20.0
            },
            "type": 1,
            "driving_direction": 1,
            "id": "1167_1",
            "lane_type": 3
        },
        {
            "pos": {
                "x": 566809.1078003068,
                "y": 4318032.331066586,
                "yaw": -2.915072271779698
            },
            "heading": -2.915072271779698,
            "speeds": {
                "vmax": 20.0
            },
            "type": 1,
            "driving_direction": 1,
            "id": "1167_1",
            "lane_type": 3
        },
        {
            "pos": {
                "x": 566808.6382632084,
                "y": 4318032.2228418775,
                "yaw": -2.9150291296606894
            },
            "heading": -2.9150291296606894,
            "speeds": {
                "vmax": 20.0
            },
            "type": 1,
            "driving_direction": 1,
            "id": "1167_1",
            "lane_type": 3
        },
        {
            "pos": {
                "x": 566808.1687326886,
                "y": 4318032.11459161,
                "yaw": -2.914956230712332
            },
            "heading": -2.914956230712332,
            "speeds": {
                "vmax": 20.0
            },
            "type": 1,
            "driving_direction": 1,
            "id": "1167_1",
            "lane_type": 3
        },
        {
            "pos": {
                "x": 566807.6992287275,
                "y": 4318032.006302796,
                "yaw": -2.914836648993847
            },
            "heading": -2.914836648993847,
            "speeds": {
                "vmax": 20.0
            },
            "type": 1,
            "driving_direction": 1,
            "id": "1167_1",
            "lane_type": 3
        },
        {
            "pos": {
                "x": 566807.2297545865,
                "y": 4318031.897946103,
                "yaw": -2.914619080695879
            },
            "heading": -2.914619080695879,
            "speeds": {
                "vmax": 20.0
            },
            "type": 1,
            "driving_direction": 1,
            "id": "1167_1",
            "lane_type": 3
        },
        {
            "pos": {
                "x": 566806.7602635967,
                "y": 4318031.789444987,
                "yaw": -2.9140894498819523
            },
            "heading": -2.9140894498819523,
            "speeds": {
                "vmax": 20.0
            },
            "type": 1,
            "driving_direction": 1,
            "id": "1167_1",
            "lane_type": 3
        },
        {
            "pos": {
                "x": 566806.2909098289,
                "y": 4318031.68059234,
                "yaw": -2.912599674190525
            },
            "heading": -2.912599674190525,
            "speeds": {
                "vmax": 20.0
            },
            "type": 1,
            "driving_direction": 1,
            "id": "1167_1",
            "lane_type": 3
        },
        {
            "pos": {
                "x": 566805.821787946,
                "y": 4318031.570704859,
                "yaw": -2.9117817380580293
            },
            "heading": -2.9117817380580293,
            "speeds": {
                "vmax": 20.0
            },
            "type": 1,
            "driving_direction": 1,
            "id": "1168_1",
            "lane_type": 3
        },
        {
            "pos": {
                "x": 566805.3392763853,
                "y": 4318031.4578241315,
                "yaw": -2.9117814995871916
            },
            "heading": -2.9117814995871916,
            "speeds": {
                "vmax": 20.0
            },
            "type": 1,
            "driving_direction": 1,
            "id": "1168_1",
            "lane_type": 3
        },
        {
            "pos": {
                "x": 566804.8566063596,
                "y": 4318031.344906332,
                "yaw": -2.9117816235505294
            },
            "heading": -2.9117816235505294,
            "speeds": {
                "vmax": 20.0
            },
            "type": 1,
            "driving_direction": 1,
            "id": "1168_1",
            "lane_type": 3
        },
        {
            "pos": {
                "x": 566804.3740201313,
                "y": 4318031.232008135,
                "yaw": -2.9117813923821823
            },
            "heading": -2.9117813923821823,
            "speeds": {
                "vmax": 20.0
            },
            "type": 1,
            "driving_direction": 1,
            "id": "1168_1",
            "lane_type": 3
        },
        {
            "pos": {
                "x": 566803.8913548589,
                "y": 4318031.119091448,
                "yaw": -2.9117813642690327
            },
            "heading": -2.9117813642690327,
            "speeds": {
                "vmax": 20.0
            },
            "type": 1,
            "driving_direction": 1,
            "id": "1168_1",
            "lane_type": 3
        },
        {
            "pos": {
                "x": 566803.4087430912,
                "y": 4318031.006187277,
                "yaw": -2.911782116247583
            },
            "heading": -2.911782116247583,
            "speeds": {
                "vmax": 20.0
            },
            "type": 1,
            "driving_direction": 1,
            "id": "1168_1",
            "lane_type": 3
        },
        {
            "pos": {
                "x": 566802.9261105262,
                "y": 4318030.893278242,
                "yaw": -2.911781630621577
            },
            "heading": -2.911781630621577,
            "speeds": {
                "vmax": 20.0
            },
            "type": 1,
            "driving_direction": 1,
            "id": "1168_1",
            "lane_type": 3
        },
        {
            "pos": {
                "x": 566802.4434374631,
                "y": 4318030.780359731,
                "yaw": -2.9117813451616166
            },
            "heading": -2.9117813451616166,
            "speeds": {
                "vmax": 20.0
            },
            "type": 1,
            "driving_direction": 1,
            "id": "1168_1",
            "lane_type": 3
        },
        {
            "pos": {
                "x": 566801.9608343022,
                "y": 4318030.667457574,
                "yaw": -2.9117816209520355
            },
            "heading": -2.9117816209520355,
            "speeds": {
                "vmax": 20.0
            },
            "type": 1,
            "driving_direction": 1,
            "id": "1168_1",
            "lane_type": 3
        },
        {
            "pos": {
                "x": 566801.4782105623,
                "y": 4318030.554550603,
                "yaw": -2.9117818532027053
            },
            "heading": -2.9117818532027053,
            "speeds": {
                "vmax": 20.0
            },
            "type": 1,
            "driving_direction": 1,
            "id": "1168_1",
            "lane_type": 3
        },
        {
            "pos": {
                "x": 566800.9955652328,
                "y": 4318030.4416385805,
                "yaw": -2.911782027045261
            },
            "heading": -2.911782027045261,
            "speeds": {
                "vmax": 20.0
            },
            "type": 1,
            "driving_direction": 1,
            "id": "1168_1",
            "lane_type": 3
        },
        {
            "pos": {
                "x": 566800.512941739,
                "y": 4318030.328731666,
                "yaw": -2.911781357549079
            },
            "heading": -2.911781357549079,
            "speeds": {
                "vmax": 20.0
            },
            "type": 1,
            "driving_direction": 1,
            "id": "1168_1",
            "lane_type": 3
        },
        {
            "pos": {
                "x": 566800.0303277139,
                "y": 4318030.215826968,
                "yaw": -2.911781522569749
            },
            "heading": -2.911781522569749,
            "speeds": {
                "vmax": 20.0
            },
            "type": 1,
            "driving_direction": 1,
            "id": "1168_1",
            "lane_type": 3
        },
        {
            "pos": {
                "x": 566799.5476770727,
                "y": 4318030.102913703,
                "yaw": -2.91178196766925
            },
            "heading": -2.91178196766925,
            "speeds": {
                "vmax": 20.0
            },
            "type": 1,
            "driving_direction": 1,
            "id": "1168_1",
            "lane_type": 3
        },
        {
            "pos": {
                "x": 566799.065064899,
                "y": 4318029.990009437,
                "yaw": -2.911781374965786
            },
            "heading": -2.911781374965786,
            "speeds": {
                "vmax": 20.0
            },
            "type": 1,
            "driving_direction": 1,
            "id": "1168_1",
            "lane_type": 3
        },
        {
            "pos": {
                "x": 566798.5824312035,
                "y": 4318029.877100137,
                "yaw": -2.911780804158665
            },
            "heading": -2.911780804158665,
            "speeds": {
                "vmax": 20.0
            },
            "type": 1,
            "driving_direction": 1,
            "id": "1168_1",
            "lane_type": 3
        },
        {
            "pos": {
                "x": 566798.0998015688,
                "y": 4318029.764191788,
                "yaw": -2.9117816752499848
            },
            "heading": -2.9117816752499848,
            "speeds": {
                "vmax": 20.0
            },
            "type": 1,
            "driving_direction": 1,
            "id": "1168_1",
            "lane_type": 3
        },
        {
            "pos": {
                "x": 566797.617172559,
                "y": 4318029.651283583,
                "yaw": -2.911782017135397
            },
            "heading": -2.911782017135397,
            "speeds": {
                "vmax": 20.0
            },
            "type": 1,
            "driving_direction": 1,
            "id": "1168_1",
            "lane_type": 3
        },
        {
            "pos": {
                "x": 566797.1345471635,
                "y": 4318029.538376223,
                "yaw": -2.911782059279168
            },
            "heading": -2.911782059279168,
            "speeds": {
                "vmax": 20.0
            },
            "type": 1,
            "driving_direction": 1,
            "id": "1168_1",
            "lane_type": 3
        },
        {
            "pos": {
                "x": 566796.6519136599,
                "y": 4318029.425466968,
                "yaw": -2.911781600874715
            },
            "heading": -2.911781600874715,
            "speeds": {
                "vmax": 20.0
            },
            "type": 1,
            "driving_direction": 1,
            "id": "1168_1",
            "lane_type": 3
        },
        {
            "pos": {
                "x": 566796.1692832245,
                "y": 4318029.312558429,
                "yaw": -2.9117814879213033
            },
            "heading": -2.9117814879213033,
            "speeds": {
                "vmax": 20.0
            },
            "type": 1,
            "driving_direction": 1,
            "id": "1168_1",
            "lane_type": 3
        },
        {
            "pos": {
                "x": 566795.6866587363,
                "y": 4318029.199651283,
                "yaw": -2.9117814019360977
            },
            "heading": -2.9117814019360977,
            "speeds": {
                "vmax": 20.0
            },
            "type": 1,
            "driving_direction": 1,
            "id": "1168_1",
            "lane_type": 3
        },
        {
            "pos": {
                "x": 566795.2040285534,
                "y": 4318029.086742805,
                "yaw": -2.911781809363191
            },
            "heading": -2.911781809363191,
            "speeds": {
                "vmax": 20.0
            },
            "type": 1,
            "driving_direction": 1,
            "id": "1168_1",
            "lane_type": 3
        },
        {
            "pos": {
                "x": 566794.7213852622,
                "y": 4318028.973831259,
                "yaw": -2.9117814614982294
            },
            "heading": -2.9117814614982294,
            "speeds": {
                "vmax": 20.0
            },
            "type": 1,
            "driving_direction": 1,
            "id": "1168_1",
            "lane_type": 3
        },
        {
            "pos": {
                "x": 566794.238761161,
                "y": 4318028.860924203,
                "yaw": -2.911781669445418
            },
            "heading": -2.911781669445418,
            "speeds": {
                "vmax": 20.0
            },
            "type": 1,
            "driving_direction": 1,
            "id": "1168_1",
            "lane_type": 3
        },
        {
            "pos": {
                "x": 566793.7561293177,
                "y": 4318028.748015337,
                "yaw": -2.9117818226665935
            },
            "heading": -2.9117818226665935,
            "speeds": {
                "vmax": 20.0
            },
            "type": 1,
            "driving_direction": 1,
            "id": "1168_1",
            "lane_type": 3
        },
        {
            "pos": {
                "x": 566793.2734903779,
                "y": 4318028.635104809,
                "yaw": -2.9117812234239584
            },
            "heading": -2.9117812234239584,
            "speeds": {
                "vmax": 20.0
            },
            "type": 1,
            "driving_direction": 1,
            "id": "1168_1",
            "lane_type": 3
        },
        {
            "pos": {
                "x": 566792.7909081355,
                "y": 4318028.522207545,
                "yaw": -2.9117816904979326
            },
            "heading": -2.9117816904979326,
            "speeds": {
                "vmax": 20.0
            },
            "type": 1,
            "driving_direction": 1,
            "id": "1168_1",
            "lane_type": 3
        },
        {
            "pos": {
                "x": 566792.3083083065,
                "y": 4318028.409306167,
                "yaw": -2.911767013822061
            },
            "heading": -2.911767013822061,
            "speeds": {
                "vmax": 20.0
            },
            "type": 1,
            "driving_direction": 1,
            "id": "1169_1",
            "lane_type": 8
        },
        {
            "pos": {
                "x": 566791.8225498619,
                "y": 4318028.295658371,
                "yaw": -2.911753456672737
            },
            "heading": -2.911753456672737,
            "speeds": {
                "vmax": 20.0
            },
            "type": 1,
            "driving_direction": 1,
            "id": "1169_1",
            "lane_type": 8
        },
        {
            "pos": {
                "x": 566791.3365276544,
                "y": 4318028.181934925,
                "yaw": -2.911727398587062
            },
            "heading": -2.911727398587062,
            "speeds": {
                "vmax": 20.0
            },
            "type": 1,
            "driving_direction": 1,
            "id": "1169_1",
            "lane_type": 8
        },
        {
            "pos": {
                "x": 566790.8506588826,
                "y": 4318028.0682347175,
                "yaw": -2.9117041036554148
            },
            "heading": -2.9117041036554148,
            "speeds": {
                "vmax": 20.0
            },
            "type": 1,
            "driving_direction": 1,
            "id": "1169_1",
            "lane_type": 8
        },
        {
            "pos": {
                "x": 566790.3647319917,
                "y": 4318027.9545097025,
                "yaw": -2.911683461093187
            },
            "heading": -2.911683461093187,
            "speeds": {
                "vmax": 20.0
            },
            "type": 1,
            "driving_direction": 1,
            "id": "1169_1",
            "lane_type": 8
        },
        {
            "pos": {
                "x": 566789.8787460299,
                "y": 4318027.840761083,
                "yaw": -2.911666294795059
            },
            "heading": -2.911666294795059,
            "speeds": {
                "vmax": 20.0
            },
            "type": 1,
            "driving_direction": 1,
            "id": "1169_1",
            "lane_type": 8
        },
        {
            "pos": {
                "x": 566789.3928554272,
                "y": 4318027.727026398,
                "yaw": -2.911651012046764
            },
            "heading": -2.911651012046764,
            "speeds": {
                "vmax": 20.0
            },
            "type": 1,
            "driving_direction": 1,
            "id": "1169_1",
            "lane_type": 8
        },
        {
            "pos": {
                "x": 566788.9068544128,
                "y": 4318027.613259012,
                "yaw": -2.911638882495139
            },
            "heading": -2.911638882495139,
            "speeds": {
                "vmax": 20.0
            },
            "type": 1,
            "driving_direction": 1,
            "id": "1169_1",
            "lane_type": 8
        },
        {
            "pos": {
                "x": 566788.421053083,
                "y": 4318027.499532878,
                "yaw": -2.9116299545406514
            },
            "heading": -2.9116299545406514,
            "speeds": {
                "vmax": 20.0
            },
            "type": 1,
            "driving_direction": 1,
            "id": "1169_1",
            "lane_type": 8
        },
        {
            "pos": {
                "x": 566787.9350159916,
                "y": 4318027.385747705,
                "yaw": -2.9116236843543524
            },
            "heading": -2.9116236843543524,
            "speeds": {
                "vmax": 20.0
            },
            "type": 1,
            "driving_direction": 1,
            "id": "1169_1",
            "lane_type": 8
        },
        {
            "pos": {
                "x": 566787.4491867791,
                "y": 4318027.272008681,
                "yaw": -2.9116204003794426
            },
            "heading": -2.9116204003794426,
            "speeds": {
                "vmax": 20.0
            },
            "type": 1,
            "driving_direction": 1,
            "id": "1169_1",
            "lane_type": 8
        },
        {
            "pos": {
                "x": 566786.9632912605,
                "y": 4318027.158253219,
                "yaw": -2.9116201760405325
            },
            "heading": -2.9116201760405325,
            "speeds": {
                "vmax": 20.0
            },
            "type": 1,
            "driving_direction": 1,
            "id": "1169_1",
            "lane_type": 8
        },
        {
            "pos": {
                "x": 566786.4773747751,
                "y": 4318027.044493416,
                "yaw": -2.911622600908122
            },
            "heading": -2.911622600908122,
            "speeds": {
                "vmax": 20.0
            },
            "type": 1,
            "driving_direction": 1,
            "id": "1169_1",
            "lane_type": 8
        }
    ]
}