{
    "header": {
        "trace_id": "72e7ef2d-0c48-43af-9738-a15435ca0075",
        "trans_id": "11a08783-4eb7-4700-ab90-33ff2f2902a0",
        "che_id": "A536",
        "timestamp": "2025-02-20T03:35:02.568860Z"
    },
    "task_id": "72e7ef2d-0c48-43af-9738-a15435ca0075",
    "navi_id": "A536_72e7ef2d-0c48-43af-9738-a15435ca0075_3",
    "seq_num": 3,
    "dest_type": 3,
    "mode": 2,
    "waypoints": [
        {
            "pos": {
                "x": 566902.8166891104,
                "y": 4317972.125688547,
                "yaw": 1.798260013996518
            },
            "heading": 1.798260013996518,
            "speeds": {
                "vmax": 20.0
            },
            "type": 1,
            "driving_direction": 1,
            "id": "1003_2",
            "lane_type": 1
        },
        {
            "pos": {
                "x": 566902.7038295759,
                "y": 4317972.612784766,
                "yaw": 1.798260013996518
            },
            "heading": 1.798260013996518,
            "speeds": {
                "vmax": 20.0
            },
            "type": 1,
            "driving_direction": 1,
            "id": "1003_2",
            "lane_type": 1
        },
        {
            "pos": {
                "x": 566902.5909700415,
                "y": 4317973.099880983,
                "yaw": 1.798260013996518
            },
            "heading": 1.798260013996518,
            "speeds": {
                "vmax": 20.0
            },
            "type": 1,
            "driving_direction": 1,
            "id": "1003_2",
            "lane_type": 1
        },
        {
            "pos": {
                "x": 566902.478110507,
                "y": 4317973.586977201,
                "yaw": 1.798260013996518
            },
            "heading": 1.798260013996518,
            "speeds": {
                "vmax": 20.0
            },
            "type": 1,
            "driving_direction": 1,
            "id": "1003_2",
            "lane_type": 1
        },
        {
            "pos": {
                "x": 566902.3652509726,
                "y": 4317974.074073419,
                "yaw": 1.798260013996518
            },
            "heading": 1.798260013996518,
            "speeds": {
                "vmax": 20.0
            },
            "type": 1,
            "driving_direction": 1,
            "id": "1003_2",
            "lane_type": 1
        },
        {
            "pos": {
                "x": 566902.2523914381,
                "y": 4317974.561169636,
                "yaw": 1.798260013996518
            },
            "heading": 1.798260013996518,
            "speeds": {
                "vmax": 20.0
            },
            "type": 1,
            "driving_direction": 1,
            "id": "1003_2",
            "lane_type": 1
        },
        {
            "pos": {
                "x": 566902.1395319037,
                "y": 4317975.048265855,
                "yaw": 1.798260013996518
            },
            "heading": 1.798260013996518,
            "speeds": {
                "vmax": 20.0
            },
            "type": 1,
            "driving_direction": 1,
            "id": "1003_2",
            "lane_type": 1
        },
        {
            "pos": {
                "x": 566902.0266723692,
                "y": 4317975.535362072,
                "yaw": 1.798260013996518
            },
            "heading": 1.798260013996518,
            "speeds": {
                "vmax": 20.0
            },
            "type": 1,
            "driving_direction": 1,
            "id": "1003_2",
            "lane_type": 1
        },
        {
            "pos": {
                "x": 566901.9138128348,
                "y": 4317976.022458291,
                "yaw": 1.798260013996518
            },
            "heading": 1.798260013996518,
            "speeds": {
                "vmax": 20.0
            },
            "type": 1,
            "driving_direction": 1,
            "id": "1003_2",
            "lane_type": 1
        },
        {
            "pos": {
                "x": 566901.8009533003,
                "y": 4317976.509554508,
                "yaw": 1.798260013996518
            },
            "heading": 1.798260013996518,
            "speeds": {
                "vmax": 20.0
            },
            "type": 1,
            "driving_direction": 1,
            "id": "1003_2",
            "lane_type": 1
        },
        {
            "pos": {
                "x": 566901.6880937659,
                "y": 4317976.996650727,
                "yaw": 1.798260013996518
            },
            "heading": 1.798260013996518,
            "speeds": {
                "vmax": 20.0
            },
            "type": 1,
            "driving_direction": 1,
            "id": "1003_2",
            "lane_type": 1
        },
        {
            "pos": {
                "x": 566901.5752342314,
                "y": 4317977.483746944,
                "yaw": 1.798260013996518
            },
            "heading": 1.798260013996518,
            "speeds": {
                "vmax": 20.0
            },
            "type": 1,
            "driving_direction": 1,
            "id": "1003_2",
            "lane_type": 1
        },
        {
            "pos": {
                "x": 566901.462374697,
                "y": 4317977.970843162,
                "yaw": 1.798260013996518
            },
            "heading": 1.798260013996518,
            "speeds": {
                "vmax": 20.0
            },
            "type": 1,
            "driving_direction": 1,
            "id": "1003_2",
            "lane_type": 1
        },
        {
            "pos": {
                "x": 566901.3495151625,
                "y": 4317978.45793938,
                "yaw": 1.798260013996518
            },
            "heading": 1.798260013996518,
            "speeds": {
                "vmax": 20.0
            },
            "type": 1,
            "driving_direction": 1,
            "id": "1003_2",
            "lane_type": 1
        },
        {
            "pos": {
                "x": 566901.2366556281,
                "y": 4317978.945035598,
                "yaw": 1.798260013996518
            },
            "heading": 1.798260013996518,
            "speeds": {
                "vmax": 20.0
            },
            "type": 1,
            "driving_direction": 1,
            "id": "1003_2",
            "lane_type": 1
        },
        {
            "pos": {
                "x": 566901.1237960936,
                "y": 4317979.432131816,
                "yaw": 1.798260013996518
            },
            "heading": 1.798260013996518,
            "speeds": {
                "vmax": 20.0
            },
            "type": 1,
            "driving_direction": 1,
            "id": "1003_2",
            "lane_type": 1
        },
        {
            "pos": {
                "x": 566901.0109365592,
                "y": 4317979.919228033,
                "yaw": 1.798260013996518
            },
            "heading": 1.798260013996518,
            "speeds": {
                "vmax": 20.0
            },
            "type": 1,
            "driving_direction": 1,
            "id": "1003_2",
            "lane_type": 1
        },
        {
            "pos": {
                "x": 566900.8980770247,
                "y": 4317980.406324252,
                "yaw": 1.798260013996518
            },
            "heading": 1.798260013996518,
            "speeds": {
                "vmax": 20.0
            },
            "type": 1,
            "driving_direction": 1,
            "id": "1003_2",
            "lane_type": 1
        },
        {
            "pos": {
                "x": 566900.7852174903,
                "y": 4317980.893420469,
                "yaw": 1.798260013996518
            },
            "heading": 1.798260013996518,
            "speeds": {
                "vmax": 20.0
            },
            "type": 1,
            "driving_direction": 1,
            "id": "1003_2",
            "lane_type": 1
        },
        {
            "pos": {
                "x": 566900.6723579558,
                "y": 4317981.380516687,
                "yaw": 1.798260013996518
            },
            "heading": 1.798260013996518,
            "speeds": {
                "vmax": 20.0
            },
            "type": 1,
            "driving_direction": 1,
            "id": "1003_2",
            "lane_type": 1
        },
        {
            "pos": {
                "x": 566900.5594984214,
                "y": 4317981.867612905,
                "yaw": 1.798260013996518
            },
            "heading": 1.798260013996518,
            "speeds": {
                "vmax": 20.0
            },
            "type": 1,
            "driving_direction": 1,
            "id": "1003_2",
            "lane_type": 1
        },
        {
            "pos": {
                "x": 566900.4466388869,
                "y": 4317982.354709123,
                "yaw": 1.798260013996518
            },
            "heading": 1.798260013996518,
            "speeds": {
                "vmax": 20.0
            },
            "type": 1,
            "driving_direction": 1,
            "id": "1003_2",
            "lane_type": 1
        },
        {
            "pos": {
                "x": 566900.3337793525,
                "y": 4317982.841805341,
                "yaw": 1.798260013996518
            },
            "heading": 1.798260013996518,
            "speeds": {
                "vmax": 20.0
            },
            "type": 1,
            "driving_direction": 1,
            "id": "1003_2",
            "lane_type": 1
        },
        {
            "pos": {
                "x": 566900.220919818,
                "y": 4317983.328901559,
                "yaw": 1.798260013996518
            },
            "heading": 1.798260013996518,
            "speeds": {
                "vmax": 20.0
            },
            "type": 1,
            "driving_direction": 1,
            "id": "1003_2",
            "lane_type": 1
        },
        {
            "pos": {
                "x": 566900.1080602836,
                "y": 4317983.815997777,
                "yaw": 1.798260013996518
            },
            "heading": 1.798260013996518,
            "speeds": {
                "vmax": 20.0
            },
            "type": 1,
            "driving_direction": 1,
            "id": "1003_2",
            "lane_type": 1
        },
        {
            "pos": {
                "x": 566899.9952007491,
                "y": 4317984.303093995,
                "yaw": 1.798260013996518
            },
            "heading": 1.798260013996518,
            "speeds": {
                "vmax": 20.0
            },
            "type": 1,
            "driving_direction": 1,
            "id": "1003_2",
            "lane_type": 1
        },
        {
            "pos": {
                "x": 566899.8823412147,
                "y": 4317984.790190212,
                "yaw": 1.798260013996518
            },
            "heading": 1.798260013996518,
            "speeds": {
                "vmax": 20.0
            },
            "type": 1,
            "driving_direction": 1,
            "id": "1003_2",
            "lane_type": 1
        },
        {
            "pos": {
                "x": 566899.7694816802,
                "y": 4317985.277286431,
                "yaw": 1.798260013996518
            },
            "heading": 1.798260013996518,
            "speeds": {
                "vmax": 20.0
            },
            "type": 1,
            "driving_direction": 1,
            "id": "1003_2",
            "lane_type": 1
        },
        {
            "pos": {
                "x": 566899.6566221458,
                "y": 4317985.764382648,
                "yaw": 1.798260013996518
            },
            "heading": 1.798260013996518,
            "speeds": {
                "vmax": 20.0
            },
            "type": 1,
            "driving_direction": 1,
            "id": "1003_2",
            "lane_type": 1
        },
        {
            "pos": {
                "x": 566899.5437626113,
                "y": 4317986.251478867,
                "yaw": 1.798260013996518
            },
            "heading": 1.798260013996518,
            "speeds": {
                "vmax": 20.0
            },
            "type": 1,
            "driving_direction": 1,
            "id": "1003_2",
            "lane_type": 1
        },
        {
            "pos": {
                "x": 566899.4309030769,
                "y": 4317986.738575084,
                "yaw": 1.798260013996518
            },
            "heading": 1.798260013996518,
            "speeds": {
                "vmax": 20.0
            },
            "type": 1,
            "driving_direction": 1,
            "id": "1003_2",
            "lane_type": 1
        },
        {
            "pos": {
                "x": 566899.3180435424,
                "y": 4317987.225671302,
                "yaw": 1.798260013996518
            },
            "heading": 1.798260013996518,
            "speeds": {
                "vmax": 20.0
            },
            "type": 1,
            "driving_direction": 1,
            "id": "1003_2",
            "lane_type": 1
        },
        {
            "pos": {
                "x": 566899.205184008,
                "y": 4317987.71276752,
                "yaw": 1.798260013996518
            },
            "heading": 1.798260013996518,
            "speeds": {
                "vmax": 20.0
            },
            "type": 1,
            "driving_direction": 1,
            "id": "1003_2",
            "lane_type": 1
        },
        {
            "pos": {
                "x": 566899.0923244735,
                "y": 4317988.199863737,
                "yaw": 1.798260013996518
            },
            "heading": 1.798260013996518,
            "speeds": {
                "vmax": 20.0
            },
            "type": 1,
            "driving_direction": 1,
            "id": "1003_2",
            "lane_type": 1
        },
        {
            "pos": {
                "x": 566898.9794649391,
                "y": 4317988.686959956,
                "yaw": 1.798260013996518
            },
            "heading": 1.798260013996518,
            "speeds": {
                "vmax": 20.0
            },
            "type": 1,
            "driving_direction": 1,
            "id": "1003_2",
            "lane_type": 1
        },
        {
            "pos": {
                "x": 566898.8666054046,
                "y": 4317989.174056173,
                "yaw": 1.798260013996518
            },
            "heading": 1.798260013996518,
            "speeds": {
                "vmax": 20.0
            },
            "type": 1,
            "driving_direction": 1,
            "id": "1003_2",
            "lane_type": 1
        },
        {
            "pos": {
                "x": 566898.7537458702,
                "y": 4317989.661152392,
                "yaw": 1.798260013996518
            },
            "heading": 1.798260013996518,
            "speeds": {
                "vmax": 20.0
            },
            "type": 1,
            "driving_direction": 1,
            "id": "1003_2",
            "lane_type": 1
        },
        {
            "pos": {
                "x": 566898.6408863358,
                "y": 4317990.148248609,
                "yaw": 1.798260013996518
            },
            "heading": 1.798260013996518,
            "speeds": {
                "vmax": 20.0
            },
            "type": 1,
            "driving_direction": 1,
            "id": "1003_2",
            "lane_type": 1
        },
        {
            "pos": {
                "x": 566898.5280268013,
                "y": 4317990.635344828,
                "yaw": 1.798260013996518
            },
            "heading": 1.798260013996518,
            "speeds": {
                "vmax": 20.0
            },
            "type": 1,
            "driving_direction": 1,
            "id": "1003_2",
            "lane_type": 1
        },
        {
            "pos": {
                "x": 566898.4151672669,
                "y": 4317991.122441045,
                "yaw": 1.798260013996518
            },
            "heading": 1.798260013996518,
            "speeds": {
                "vmax": 20.0
            },
            "type": 1,
            "driving_direction": 1,
            "id": "1003_2",
            "lane_type": 1
        },
        {
            "pos": {
                "x": 566898.3023077324,
                "y": 4317991.609537263,
                "yaw": 1.798260013996518
            },
            "heading": 1.798260013996518,
            "speeds": {
                "vmax": 20.0
            },
            "type": 1,
            "driving_direction": 1,
            "id": "1003_2",
            "lane_type": 1
        },
        {
            "pos": {
                "x": 566898.189448198,
                "y": 4317992.096633481,
                "yaw": 1.798260013996518
            },
            "heading": 1.798260013996518,
            "speeds": {
                "vmax": 20.0
            },
            "type": 1,
            "driving_direction": 1,
            "id": "1003_2",
            "lane_type": 1
        },
        {
            "pos": {
                "x": 566898.0765886636,
                "y": 4317992.583729699,
                "yaw": 1.798260013996518
            },
            "heading": 1.798260013996518,
            "speeds": {
                "vmax": 20.0
            },
            "type": 1,
            "driving_direction": 1,
            "id": "1003_2",
            "lane_type": 1
        },
        {
            "pos": {
                "x": 566897.9637291292,
                "y": 4317993.070825917,
                "yaw": 1.798260013996518
            },
            "heading": 1.798260013996518,
            "speeds": {
                "vmax": 20.0
            },
            "type": 1,
            "driving_direction": 1,
            "id": "1003_2",
            "lane_type": 1
        },
        {
            "pos": {
                "x": 566897.8508695947,
                "y": 4317993.557922134,
                "yaw": 1.798260013996518
            },
            "heading": 1.798260013996518,
            "speeds": {
                "vmax": 20.0
            },
            "type": 1,
            "driving_direction": 1,
            "id": "1003_2",
            "lane_type": 1
        },
        {
            "pos": {
                "x": 566897.7380100603,
                "y": 4317994.045018353,
                "yaw": 1.798260013996518
            },
            "heading": 1.798260013996518,
            "speeds": {
                "vmax": 20.0
            },
            "type": 1,
            "driving_direction": 1,
            "id": "1003_2",
            "lane_type": 1
        },
        {
            "pos": {
                "x": 566897.6251505258,
                "y": 4317994.53211457,
                "yaw": 1.798260013996518
            },
            "heading": 1.798260013996518,
            "speeds": {
                "vmax": 20.0
            },
            "type": 1,
            "driving_direction": 1,
            "id": "1003_2",
            "lane_type": 1
        },
        {
            "pos": {
                "x": 566897.5122909914,
                "y": 4317995.019210788,
                "yaw": 1.798260013996518
            },
            "heading": 1.798260013996518,
            "speeds": {
                "vmax": 20.0
            },
            "type": 1,
            "driving_direction": 1,
            "id": "1003_2",
            "lane_type": 1
        },
        {
            "pos": {
                "x": 566897.3994314569,
                "y": 4317995.506307006,
                "yaw": 1.798260013996518
            },
            "heading": 1.798260013996518,
            "speeds": {
                "vmax": 20.0
            },
            "type": 1,
            "driving_direction": 1,
            "id": "1003_2",
            "lane_type": 1
        },
        {
            "pos": {
                "x": 566897.2865719225,
                "y": 4317995.993403224,
                "yaw": 1.798260013996518
            },
            "heading": 1.798260013996518,
            "speeds": {
                "vmax": 20.0
            },
            "type": 1,
            "driving_direction": 1,
            "id": "1003_2",
            "lane_type": 1
        },
        {
            "pos": {
                "x": 566897.173712388,
                "y": 4317996.480499442,
                "yaw": 1.798260013996518
            },
            "heading": 1.798260013996518,
            "speeds": {
                "vmax": 20.0
            },
            "type": 1,
            "driving_direction": 1,
            "id": "1003_2",
            "lane_type": 1
        },
        {
            "pos": {
                "x": 566897.0608528536,
                "y": 4317996.96759566,
                "yaw": 1.798260013996518
            },
            "heading": 1.798260013996518,
            "speeds": {
                "vmax": 20.0
            },
            "type": 1,
            "driving_direction": 1,
            "id": "1003_2",
            "lane_type": 1
        },
        {
            "pos": {
                "x": 566896.9479933191,
                "y": 4317997.454691878,
                "yaw": 1.798260013996518
            },
            "heading": 1.798260013996518,
            "speeds": {
                "vmax": 20.0
            },
            "type": 1,
            "driving_direction": 1,
            "id": "1003_2",
            "lane_type": 1
        },
        {
            "pos": {
                "x": 566896.8351337847,
                "y": 4317997.941788096,
                "yaw": 1.798260013996518
            },
            "heading": 1.798260013996518,
            "speeds": {
                "vmax": 20.0
            },
            "type": 1,
            "driving_direction": 1,
            "id": "1003_2",
            "lane_type": 1
        },
        {
            "pos": {
                "x": 566896.7222742502,
                "y": 4317998.428884313,
                "yaw": 1.798260013996518
            },
            "heading": 1.798260013996518,
            "speeds": {
                "vmax": 20.0
            },
            "type": 1,
            "driving_direction": 1,
            "id": "1003_2",
            "lane_type": 1
        },
        {
            "pos": {
                "x": 566896.6094147158,
                "y": 4317998.915980532,
                "yaw": 1.798260013996518
            },
            "heading": 1.798260013996518,
            "speeds": {
                "vmax": 20.0
            },
            "type": 1,
            "driving_direction": 1,
            "id": "1003_2",
            "lane_type": 1
        },
        {
            "pos": {
                "x": 566896.4965551813,
                "y": 4317999.403076749,
                "yaw": 1.798260013996518
            },
            "heading": 1.798260013996518,
            "speeds": {
                "vmax": 20.0
            },
            "type": 1,
            "driving_direction": 1,
            "id": "1003_2",
            "lane_type": 1
        },
        {
            "pos": {
                "x": 566896.3836956469,
                "y": 4317999.890172967,
                "yaw": 1.798260013996518
            },
            "heading": 1.798260013996518,
            "speeds": {
                "vmax": 20.0
            },
            "type": 1,
            "driving_direction": 1,
            "id": "1003_2",
            "lane_type": 1
        },
        {
            "pos": {
                "x": 566896.2708361124,
                "y": 4318000.377269185,
                "yaw": 1.798260013996518
            },
            "heading": 1.798260013996518,
            "speeds": {
                "vmax": 20.0
            },
            "type": 1,
            "driving_direction": 1,
            "id": "1003_2",
            "lane_type": 1
        },
        {
            "pos": {
                "x": 566896.157976578,
                "y": 4318000.864365403,
                "yaw": 1.798260013996518
            },
            "heading": 1.798260013996518,
            "speeds": {
                "vmax": 20.0
            },
            "type": 1,
            "driving_direction": 1,
            "id": "1003_2",
            "lane_type": 1
        },
        {
            "pos": {
                "x": 566896.0451170435,
                "y": 4318001.351461621,
                "yaw": 1.798260013996518
            },
            "heading": 1.798260013996518,
            "speeds": {
                "vmax": 20.0
            },
            "type": 1,
            "driving_direction": 1,
            "id": "1003_2",
            "lane_type": 1
        },
        {
            "pos": {
                "x": 566895.9322575091,
                "y": 4318001.838557838,
                "yaw": 1.798260013996518
            },
            "heading": 1.798260013996518,
            "speeds": {
                "vmax": 20.0
            },
            "type": 1,
            "driving_direction": 1,
            "id": "1003_2",
            "lane_type": 1
        },
        {
            "pos": {
                "x": 566895.8193979746,
                "y": 4318002.325654057,
                "yaw": 1.798260013996518
            },
            "heading": 1.798260013996518,
            "speeds": {
                "vmax": 20.0
            },
            "type": 1,
            "driving_direction": 1,
            "id": "1003_2",
            "lane_type": 1
        },
        {
            "pos": {
                "x": 566895.7065384402,
                "y": 4318002.812750274,
                "yaw": 1.798260013996518
            },
            "heading": 1.798260013996518,
            "speeds": {
                "vmax": 20.0
            },
            "type": 1,
            "driving_direction": 1,
            "id": "1003_2",
            "lane_type": 1
        },
        {
            "pos": {
                "x": 566895.5936789057,
                "y": 4318003.299846493,
                "yaw": 1.798260013996518
            },
            "heading": 1.798260013996518,
            "speeds": {
                "vmax": 20.0
            },
            "type": 1,
            "driving_direction": 1,
            "id": "1003_2",
            "lane_type": 1
        },
        {
            "pos": {
                "x": 566895.4808193713,
                "y": 4318003.78694271,
                "yaw": 1.798260013996518
            },
            "heading": 1.798260013996518,
            "speeds": {
                "vmax": 20.0
            },
            "type": 1,
            "driving_direction": 1,
            "id": "1003_2",
            "lane_type": 1
        },
        {
            "pos": {
                "x": 566895.3679598368,
                "y": 4318004.274038929,
                "yaw": 1.798260013996518
            },
            "heading": 1.798260013996518,
            "speeds": {
                "vmax": 20.0
            },
            "type": 1,
            "driving_direction": 1,
            "id": "1003_2",
            "lane_type": 1
        },
        {
            "pos": {
                "x": 566895.2551003024,
                "y": 4318004.761135146,
                "yaw": 1.798260013996518
            },
            "heading": 1.798260013996518,
            "speeds": {
                "vmax": 20.0
            },
            "type": 1,
            "driving_direction": 1,
            "id": "1003_2",
            "lane_type": 1
        },
        {
            "pos": {
                "x": 566895.142240768,
                "y": 4318005.248231364,
                "yaw": 1.798260013996518
            },
            "heading": 1.798260013996518,
            "speeds": {
                "vmax": 20.0
            },
            "type": 1,
            "driving_direction": 1,
            "id": "1003_2",
            "lane_type": 1
        },
        {
            "pos": {
                "x": 566895.0293812335,
                "y": 4318005.735327582,
                "yaw": 1.798260013996518
            },
            "heading": 1.798260013996518,
            "speeds": {
                "vmax": 20.0
            },
            "type": 1,
            "driving_direction": 1,
            "id": "1003_2",
            "lane_type": 1
        },
        {
            "pos": {
                "x": 566894.916521699,
                "y": 4318006.222423799,
                "yaw": 1.798260013996518
            },
            "heading": 1.798260013996518,
            "speeds": {
                "vmax": 20.0
            },
            "type": 1,
            "driving_direction": 1,
            "id": "1003_2",
            "lane_type": 1
        },
        {
            "pos": {
                "x": 566894.8036621646,
                "y": 4318006.709520018,
                "yaw": 1.798260013996518
            },
            "heading": 1.798260013996518,
            "speeds": {
                "vmax": 20.0
            },
            "type": 1,
            "driving_direction": 1,
            "id": "1003_2",
            "lane_type": 1
        },
        {
            "pos": {
                "x": 566894.7188764444,
                "y": 4318007.075451029,
                "yaw": 1.798260013996518
            },
            "heading": 1.798260013996518,
            "speeds": {
                "vmax": 20.0
            },
            "type": 1,
            "driving_direction": 1,
            "id": "1003_2",
            "lane_type": 1
        }
    ],
    "is_final_navi": true
}