{
    "header": {
        "trace_id": "32c000d502b3465081c1f6c85bc8b3b6",
        "trans_id": "2de246c9-53a0-4bfd-a683-cb891050ede6",
        "che_id": "A537",
        "timestamp": "2025-02-20T03:42:55.520627Z"
    },
    "task_id": "32c000d502b3465081c1f6c85bc8b3b6",
    "navi_id": "A537_32c000d502b3465081c1f6c85bc8b3b6_11",
    "seq_num": 11,
    "dest_type": 6,
    "mode": 2,
    "waypoints": [
        {
            "pos": {
                "x": 566921.9107977822,
                "y": 4317889.723350653,
                "yaw": 1.798812468081011
            },
            "heading": 1.798812468081011,
            "speeds": {
                "vmax": 20.0
            },
            "type": 1,
            "driving_direction": 1,
            "id": "1011_2",
            "lane_type": 1
        },
        {
            "pos": {
                "x": 566921.7980343051,
                "y": 4317890.209291909,
                "yaw": 1.798812294877228
            },
            "heading": 1.798812294877228,
            "speeds": {
                "vmax": 20.0
            },
            "type": 1,
            "driving_direction": 1,
            "id": "1011_2",
            "lane_type": 1
        },
        {
            "pos": {
                "x": 566921.6852704323,
                "y": 4317890.6952348715,
                "yaw": 1.7988124535221905
            },
            "heading": 1.7988124535221905,
            "speeds": {
                "vmax": 20.0
            },
            "type": 1,
            "driving_direction": 1,
            "id": "1011_2",
            "lane_type": 1
        },
        {
            "pos": {
                "x": 566921.5725169226,
                "y": 4317891.181133173,
                "yaw": 1.7988123644592124
            },
            "heading": 1.7988123644592124,
            "speeds": {
                "vmax": 20.0
            },
            "type": 1,
            "driving_direction": 1,
            "id": "1010_2",
            "lane_type": 1
        },
        {
            "pos": {
                "x": 566921.4602365592,
                "y": 4317891.664992509,
                "yaw": 1.7988124259120595
            },
            "heading": 1.7988124259120595,
            "speeds": {
                "vmax": 20.0
            },
            "type": 1,
            "driving_direction": 1,
            "id": "1010_2",
            "lane_type": 1
        },
        {
            "pos": {
                "x": 566921.3479480625,
                "y": 4317892.148886892,
                "yaw": 1.7988122423500925
            },
            "heading": 1.7988122423500925,
            "speeds": {
                "vmax": 20.0
            },
            "type": 1,
            "driving_direction": 1,
            "id": "1010_2",
            "lane_type": 1
        },
        {
            "pos": {
                "x": 566921.2356603995,
                "y": 4317892.6327776825,
                "yaw": 1.798812604426758
            },
            "heading": 1.798812604426758,
            "speeds": {
                "vmax": 20.0
            },
            "type": 1,
            "driving_direction": 1,
            "id": "1010_2",
            "lane_type": 1
        },
        {
            "pos": {
                "x": 566921.1233690267,
                "y": 4317893.11668446,
                "yaw": 1.79881265208339
            },
            "heading": 1.79881265208339,
            "speeds": {
                "vmax": 20.0
            },
            "type": 1,
            "driving_direction": 1,
            "id": "1010_2",
            "lane_type": 1
        },
        {
            "pos": {
                "x": 566921.0110784862,
                "y": 4317893.600587651,
                "yaw": 1.798812254474211
            },
            "heading": 1.798812254474211,
            "speeds": {
                "vmax": 20.0
            },
            "type": 1,
            "driving_direction": 1,
            "id": "1010_2",
            "lane_type": 1
        },
        {
            "pos": {
                "x": 566920.8987916159,
                "y": 4317894.084475026,
                "yaw": 1.798812277470865
            },
            "heading": 1.798812277470865,
            "speeds": {
                "vmax": 20.0
            },
            "type": 1,
            "driving_direction": 1,
            "id": "1010_2",
            "lane_type": 1
        },
        {
            "pos": {
                "x": 566920.786501803,
                "y": 4317894.568375081,
                "yaw": 1.7988122670153093
            },
            "heading": 1.7988122670153093,
            "speeds": {
                "vmax": 20.0
            },
            "type": 1,
            "driving_direction": 1,
            "id": "1010_2",
            "lane_type": 1
        },
        {
            "pos": {
                "x": 566920.67421193,
                "y": 4317895.052275395,
                "yaw": 1.7988124296591987
            },
            "heading": 1.7988124296591987,
            "speeds": {
                "vmax": 20.0
            },
            "type": 1,
            "driving_direction": 1,
            "id": "1010_2",
            "lane_type": 1
        },
        {
            "pos": {
                "x": 566920.5619230955,
                "y": 4317895.536171235,
                "yaw": 1.7988124296591987
            },
            "heading": 1.7988124296591987,
            "speeds": {
                "vmax": 20.0
            },
            "type": 1,
            "driving_direction": 1,
            "id": "1010_2",
            "lane_type": 1
        },
        {
            "pos": {
                "x": 566920.4496331518,
                "y": 4317896.020071855,
                "yaw": 1.7988124296591987
            },
            "heading": 1.7988124296591987,
            "speeds": {
                "vmax": 20.0
            },
            "type": 1,
            "driving_direction": 1,
            "id": "1010_2",
            "lane_type": 1
        },
        {
            "pos": {
                "x": 566920.3373442863,
                "y": 4317896.503967827,
                "yaw": 1.79881253460293
            },
            "heading": 1.79881253460293,
            "speeds": {
                "vmax": 20.0
            },
            "type": 1,
            "driving_direction": 1,
            "id": "1010_2",
            "lane_type": 1
        },
        {
            "pos": {
                "x": 566920.2250539407,
                "y": 4317896.987870178,
                "yaw": 1.7988122908457653
            },
            "heading": 1.7988122908457653,
            "speeds": {
                "vmax": 20.0
            },
            "type": 1,
            "driving_direction": 1,
            "id": "1010_2",
            "lane_type": 1
        },
        {
            "pos": {
                "x": 566920.1127632009,
                "y": 4317897.471774228,
                "yaw": 1.7988125898112681
            },
            "heading": 1.7988125898112681,
            "speeds": {
                "vmax": 20.0
            },
            "type": 1,
            "driving_direction": 1,
            "id": "1010_2",
            "lane_type": 1
        },
        {
            "pos": {
                "x": 566920.0004827809,
                "y": 4317897.955633806,
                "yaw": 1.798812292310005
            },
            "heading": 1.798812292310005,
            "speeds": {
                "vmax": 20.0
            },
            "type": 1,
            "driving_direction": 1,
            "id": "1009_2",
            "lane_type": 1
        },
        {
            "pos": {
                "x": 566919.886062457,
                "y": 4317898.4487150535,
                "yaw": 1.7988125126344843
            },
            "heading": 1.7988125126344843,
            "speeds": {
                "vmax": 20.0
            },
            "type": 1,
            "driving_direction": 1,
            "id": "1009_2",
            "lane_type": 1
        },
        {
            "pos": {
                "x": 566919.771633845,
                "y": 4317898.941832019,
                "yaw": 1.7988124925159361
            },
            "heading": 1.7988124925159361,
            "speeds": {
                "vmax": 20.0
            },
            "type": 1,
            "driving_direction": 1,
            "id": "1009_2",
            "lane_type": 1
        },
        {
            "pos": {
                "x": 566919.657206083,
                "y": 4317899.43494532,
                "yaw": 1.7988124022474536
            },
            "heading": 1.7988124022474536,
            "speeds": {
                "vmax": 20.0
            },
            "type": 1,
            "driving_direction": 1,
            "id": "1009_2",
            "lane_type": 1
        },
        {
            "pos": {
                "x": 566919.5427745399,
                "y": 4317899.928074915,
                "yaw": 1.7988122319769362
            },
            "heading": 1.7988122319769362,
            "speeds": {
                "vmax": 20.0
            },
            "type": 1,
            "driving_direction": 1,
            "id": "1009_2",
            "lane_type": 1
        },
        {
            "pos": {
                "x": 566919.4283438451,
                "y": 4317900.421200854,
                "yaw": 1.798812652936659
            },
            "heading": 1.798812652936659,
            "speeds": {
                "vmax": 20.0
            },
            "type": 1,
            "driving_direction": 1,
            "id": "1009_2",
            "lane_type": 1
        },
        {
            "pos": {
                "x": 566919.3139168909,
                "y": 4317900.914310675,
                "yaw": 1.7988124584607645
            },
            "heading": 1.7988124584607645,
            "speeds": {
                "vmax": 20.0
            },
            "type": 1,
            "driving_direction": 1,
            "id": "1009_2",
            "lane_type": 1
        },
        {
            "pos": {
                "x": 566919.1994869376,
                "y": 4317901.407433419,
                "yaw": 1.7988125167159945
            },
            "heading": 1.7988125167159945,
            "speeds": {
                "vmax": 20.0
            },
            "type": 1,
            "driving_direction": 1,
            "id": "1009_2",
            "lane_type": 1
        },
        {
            "pos": {
                "x": 566919.0850569231,
                "y": 4317901.9005564265,
                "yaw": 1.7988123792719326
            },
            "heading": 1.7988123792719326,
            "speeds": {
                "vmax": 20.0
            },
            "type": 1,
            "driving_direction": 1,
            "id": "1009_2",
            "lane_type": 1
        },
        {
            "pos": {
                "x": 566918.9706279668,
                "y": 4317902.393674875,
                "yaw": 1.7988125277955513
            },
            "heading": 1.7988125277955513,
            "speeds": {
                "vmax": 20.0
            },
            "type": 1,
            "driving_direction": 1,
            "id": "1009_2",
            "lane_type": 1
        },
        {
            "pos": {
                "x": 566918.8561978803,
                "y": 4317902.886798193,
                "yaw": 1.798812607801248
            },
            "heading": 1.798812607801248,
            "speeds": {
                "vmax": 20.0
            },
            "type": 1,
            "driving_direction": 1,
            "id": "1009_2",
            "lane_type": 1
        },
        {
            "pos": {
                "x": 566918.7417688926,
                "y": 4317903.379916776,
                "yaw": 1.7988121052011594
            },
            "heading": 1.7988121052011594,
            "speeds": {
                "vmax": 20.0
            },
            "type": 1,
            "driving_direction": 1,
            "id": "1009_2",
            "lane_type": 1
        },
        {
            "pos": {
                "x": 566918.6273383966,
                "y": 4317903.873041859,
                "yaw": 1.7988125400992718
            },
            "heading": 1.7988125400992718,
            "speeds": {
                "vmax": 20.0
            },
            "type": 1,
            "driving_direction": 1,
            "id": "1009_2",
            "lane_type": 1
        },
        {
            "pos": {
                "x": 566918.5129074987,
                "y": 4317904.366168674,
                "yaw": 1.7988123764103632
            },
            "heading": 1.7988123764103632,
            "speeds": {
                "vmax": 20.0
            },
            "type": 1,
            "driving_direction": 1,
            "id": "1009_2",
            "lane_type": 1
        },
        {
            "pos": {
                "x": 566918.3984871174,
                "y": 4317904.859250168,
                "yaw": 1.7988123594064136
            },
            "heading": 1.7988123594064136,
            "speeds": {
                "vmax": 20.0
            },
            "type": 1,
            "driving_direction": 1,
            "id": "1008_2",
            "lane_type": 1
        },
        {
            "pos": {
                "x": 566918.2874517462,
                "y": 4317905.3377443515,
                "yaw": 1.7988124097099882
            },
            "heading": 1.7988124097099882,
            "speeds": {
                "vmax": 20.0
            },
            "type": 1,
            "driving_direction": 1,
            "id": "1008_2",
            "lane_type": 1
        },
        {
            "pos": {
                "x": 566918.176408332,
                "y": 4317905.816273194,
                "yaw": 1.7988123065359483
            },
            "heading": 1.7988123065359483,
            "speeds": {
                "vmax": 20.0
            },
            "type": 1,
            "driving_direction": 1,
            "id": "1008_2",
            "lane_type": 1
        },
        {
            "pos": {
                "x": 566918.0653657422,
                "y": 4317906.294798484,
                "yaw": 1.798812354731213
            },
            "heading": 1.798812354731213,
            "speeds": {
                "vmax": 20.0
            },
            "type": 1,
            "driving_direction": 1,
            "id": "1008_2",
            "lane_type": 1
        },
        {
            "pos": {
                "x": 566917.9543194838,
                "y": 4317906.7733395845,
                "yaw": 1.798812555974552
            },
            "heading": 1.798812555974552,
            "speeds": {
                "vmax": 20.0
            },
            "type": 1,
            "driving_direction": 1,
            "id": "1008_2",
            "lane_type": 1
        },
        {
            "pos": {
                "x": 566917.8432740483,
                "y": 4317907.251877138,
                "yaw": 1.798812389402704
            },
            "heading": 1.798812389402704,
            "speeds": {
                "vmax": 20.0
            },
            "type": 1,
            "driving_direction": 1,
            "id": "1008_2",
            "lane_type": 1
        },
        {
            "pos": {
                "x": 566917.7322322425,
                "y": 4317907.73039905,
                "yaw": 1.79881257754856
            },
            "heading": 1.79881257754856,
            "speeds": {
                "vmax": 20.0
            },
            "type": 1,
            "driving_direction": 1,
            "id": "1008_2",
            "lane_type": 1
        },
        {
            "pos": {
                "x": 566917.6211875267,
                "y": 4317908.208933502,
                "yaw": 1.7988123078007374
            },
            "heading": 1.7988123078007374,
            "speeds": {
                "vmax": 20.0
            },
            "type": 1,
            "driving_direction": 1,
            "id": "1008_2",
            "lane_type": 1
        },
        {
            "pos": {
                "x": 566917.5101427514,
                "y": 4317908.68746821,
                "yaw": 1.798812319217187
            },
            "heading": 1.798812319217187,
            "speeds": {
                "vmax": 20.0
            },
            "type": 1,
            "driving_direction": 1,
            "id": "1008_2",
            "lane_type": 1
        },
        {
            "pos": {
                "x": 566917.399099003,
                "y": 4317909.165998493,
                "yaw": 1.7988125665512664
            },
            "heading": 1.7988125665512664,
            "speeds": {
                "vmax": 20.0
            },
            "type": 1,
            "driving_direction": 1,
            "id": "1008_2",
            "lane_type": 1
        },
        {
            "pos": {
                "x": 566917.2880541579,
                "y": 4317909.644533504,
                "yaw": 1.7988121780040498
            },
            "heading": 1.7988121780040498,
            "speeds": {
                "vmax": 20.0
            },
            "type": 1,
            "driving_direction": 1,
            "id": "1008_2",
            "lane_type": 1
        },
        {
            "pos": {
                "x": 566917.1770103788,
                "y": 4317910.123063918,
                "yaw": 1.7988122841247203
            },
            "heading": 1.7988122841247203,
            "speeds": {
                "vmax": 20.0
            },
            "type": 1,
            "driving_direction": 1,
            "id": "1008_2",
            "lane_type": 1
        },
        {
            "pos": {
                "x": 566917.0659651364,
                "y": 4317910.6016006395,
                "yaw": 1.798812331898161
            },
            "heading": 1.798812331898161,
            "speeds": {
                "vmax": 20.0
            },
            "type": 1,
            "driving_direction": 1,
            "id": "1008_2",
            "lane_type": 1
        },
        {
            "pos": {
                "x": 566916.9549195038,
                "y": 4317911.080139043,
                "yaw": 1.7988125048379506
            },
            "heading": 1.7988125048379506,
            "speeds": {
                "vmax": 20.0
            },
            "type": 1,
            "driving_direction": 1,
            "id": "1008_2",
            "lane_type": 1
        },
        {
            "pos": {
                "x": 566916.8438840768,
                "y": 4317911.558633465,
                "yaw": 1.798856121513827
            },
            "heading": 1.798856121513827,
            "speeds": {
                "vmax": 20.0
            },
            "type": 1,
            "driving_direction": 1,
            "id": "1007_2",
            "lane_type": 1
        },
        {
            "pos": {
                "x": 566916.7308911285,
                "y": 4317912.04546671,
                "yaw": 1.7988776196704972
            },
            "heading": 1.7988776196704972,
            "speeds": {
                "vmax": 20.0
            },
            "type": 1,
            "driving_direction": 1,
            "id": "1007_2",
            "lane_type": 1
        },
        {
            "pos": {
                "x": 566916.617873729,
                "y": 4317912.532310592,
                "yaw": 1.7988826325170197
            },
            "heading": 1.7988826325170197,
            "speeds": {
                "vmax": 20.0
            },
            "type": 1,
            "driving_direction": 1,
            "id": "1007_2",
            "lane_type": 1
        },
        {
            "pos": {
                "x": 566916.5048725086,
                "y": 4317913.019158032,
                "yaw": 1.798817944862502
            },
            "heading": 1.798817944862502,
            "speeds": {
                "vmax": 20.0
            },
            "type": 1,
            "driving_direction": 1,
            "id": "1007_2",
            "lane_type": 1
        },
        {
            "pos": {
                "x": 566916.3919164229,
                "y": 4317913.506023961,
                "yaw": 1.7987047749937979
            },
            "heading": 1.7987047749937979,
            "speeds": {
                "vmax": 20.0
            },
            "type": 1,
            "driving_direction": 1,
            "id": "1007_2",
            "lane_type": 1
        },
        {
            "pos": {
                "x": 566916.2790263784,
                "y": 4317913.99289053,
                "yaw": 1.7985792889253678
            },
            "heading": 1.7985792889253678,
            "speeds": {
                "vmax": 20.0
            },
            "type": 1,
            "driving_direction": 1,
            "id": "1007_2",
            "lane_type": 1
        },
        {
            "pos": {
                "x": 566916.16619214,
                "y": 4317914.4797883835,
                "yaw": 1.7984753009690475
            },
            "heading": 1.7984753009690475,
            "speeds": {
                "vmax": 20.0
            },
            "type": 1,
            "driving_direction": 1,
            "id": "1007_2",
            "lane_type": 1
        },
        {
            "pos": {
                "x": 566916.0534024783,
                "y": 4317914.966679759,
                "yaw": 1.7984058187515972
            },
            "heading": 1.7984058187515972,
            "speeds": {
                "vmax": 20.0
            },
            "type": 1,
            "driving_direction": 1,
            "id": "1007_2",
            "lane_type": 1
        },
        {
            "pos": {
                "x": 566915.9406369802,
                "y": 4317915.453589985,
                "yaw": 1.7983599130566976
            },
            "heading": 1.7983599130566976,
            "speeds": {
                "vmax": 20.0
            },
            "type": 1,
            "driving_direction": 1,
            "id": "1007_2",
            "lane_type": 1
        },
        {
            "pos": {
                "x": 566915.8278896061,
                "y": 4317915.940502375,
                "yaw": 1.7983311692598567
            },
            "heading": 1.7983311692598567,
            "speeds": {
                "vmax": 20.0
            },
            "type": 1,
            "driving_direction": 1,
            "id": "1007_2",
            "lane_type": 1
        },
        {
            "pos": {
                "x": 566915.71515238,
                "y": 4317916.427419034,
                "yaw": 1.7983156327959688
            },
            "heading": 1.7983156327959688,
            "speeds": {
                "vmax": 20.0
            },
            "type": 1,
            "driving_direction": 1,
            "id": "1007_2",
            "lane_type": 1
        },
        {
            "pos": {
                "x": 566915.6024205626,
                "y": 4317916.914333465,
                "yaw": 1.7983112352668529
            },
            "heading": 1.7983112352668529,
            "speeds": {
                "vmax": 20.0
            },
            "type": 1,
            "driving_direction": 1,
            "id": "1007_2",
            "lane_type": 1
        },
        {
            "pos": {
                "x": 566915.4896870358,
                "y": 4317917.401251592,
                "yaw": 1.7983187843108053
            },
            "heading": 1.7983187843108053,
            "speeds": {
                "vmax": 20.0
            },
            "type": 1,
            "driving_direction": 1,
            "id": "1007_2",
            "lane_type": 1
        },
        {
            "pos": {
                "x": 566915.3769472628,
                "y": 4317917.888167832,
                "yaw": 1.7983379966930555
            },
            "heading": 1.7983379966930555,
            "speeds": {
                "vmax": 20.0
            },
            "type": 1,
            "driving_direction": 1,
            "id": "1007_2",
            "lane_type": 1
        },
        {
            "pos": {
                "x": 566915.2642013323,
                "y": 4317918.375053658,
                "yaw": 1.7983686414937174
            },
            "heading": 1.7983686414937174,
            "speeds": {
                "vmax": 20.0
            },
            "type": 1,
            "driving_direction": 1,
            "id": "1006_2",
            "lane_type": 1
        },
        {
            "pos": {
                "x": 566915.1522504743,
                "y": 4317918.858466953,
                "yaw": 1.7983689403303023
            },
            "heading": 1.7983689403303023,
            "speeds": {
                "vmax": 20.0
            },
            "type": 1,
            "driving_direction": 1,
            "id": "1006_2",
            "lane_type": 1
        },
        {
            "pos": {
                "x": 566915.0402915071,
                "y": 4317919.341915265,
                "yaw": 1.7983688405014633
            },
            "heading": 1.7983688405014633,
            "speeds": {
                "vmax": 20.0
            },
            "type": 1,
            "driving_direction": 1,
            "id": "1006_2",
            "lane_type": 1
        },
        {
            "pos": {
                "x": 566914.9283333714,
                "y": 4317919.825359985,
                "yaw": 1.798368987356161
            },
            "heading": 1.798368987356161,
            "speeds": {
                "vmax": 20.0
            },
            "type": 1,
            "driving_direction": 1,
            "id": "1006_2",
            "lane_type": 1
        },
        {
            "pos": {
                "x": 566914.8163715365,
                "y": 4317920.30882068,
                "yaw": 1.7983686565038182
            },
            "heading": 1.7983686565038182,
            "speeds": {
                "vmax": 20.0
            },
            "type": 1,
            "driving_direction": 1,
            "id": "1006_2",
            "lane_type": 1
        },
        {
            "pos": {
                "x": 566914.7044105313,
                "y": 4317920.792277791,
                "yaw": 1.7983686222361774
            },
            "heading": 1.7983686222361774,
            "speeds": {
                "vmax": 20.0
            },
            "type": 1,
            "driving_direction": 1,
            "id": "1006_2",
            "lane_type": 1
        },
        {
            "pos": {
                "x": 566914.5924531859,
                "y": 4317921.2757191,
                "yaw": 1.7983688886024118
            },
            "heading": 1.7983688886024118,
            "speeds": {
                "vmax": 20.0
            },
            "type": 1,
            "driving_direction": 1,
            "id": "1006_2",
            "lane_type": 1
        },
        {
            "pos": {
                "x": 566914.4804929064,
                "y": 4317921.7591730775,
                "yaw": 1.7983687209923478
            },
            "heading": 1.7983687209923478,
            "speeds": {
                "vmax": 20.0
            },
            "type": 1,
            "driving_direction": 1,
            "id": "1006_2",
            "lane_type": 1
        },
        {
            "pos": {
                "x": 566914.368532567,
                "y": 4317922.242627313,
                "yaw": 1.7983686488411206
            },
            "heading": 1.7983686488411206,
            "speeds": {
                "vmax": 20.0
            },
            "type": 1,
            "driving_direction": 1,
            "id": "1006_2",
            "lane_type": 1
        },
        {
            "pos": {
                "x": 566914.2565732629,
                "y": 4317922.72607708,
                "yaw": 1.7983688120861372
            },
            "heading": 1.7983688120861372,
            "speeds": {
                "vmax": 20.0
            },
            "type": 1,
            "driving_direction": 1,
            "id": "1006_2",
            "lane_type": 1
        },
        {
            "pos": {
                "x": 566914.144612853,
                "y": 4317923.209531621,
                "yaw": 1.798368963306105
            },
            "heading": 1.798368963306105,
            "speeds": {
                "vmax": 20.0
            },
            "type": 1,
            "driving_direction": 1,
            "id": "1006_2",
            "lane_type": 1
        },
        {
            "pos": {
                "x": 566914.032653518,
                "y": 4317923.692981521,
                "yaw": 1.798368684916809
            },
            "heading": 1.798368684916809,
            "speeds": {
                "vmax": 20.0
            },
            "type": 1,
            "driving_direction": 1,
            "id": "1006_2",
            "lane_type": 1
        },
        {
            "pos": {
                "x": 566913.9206927074,
                "y": 4317924.176437792,
                "yaw": 1.7983688988147712
            },
            "heading": 1.7983688988147712,
            "speeds": {
                "vmax": 20.0
            },
            "type": 1,
            "driving_direction": 1,
            "id": "1006_2",
            "lane_type": 1
        },
        {
            "pos": {
                "x": 566913.8087315038,
                "y": 4317924.659895761,
                "yaw": 1.798368422162278
            },
            "heading": 1.798368422162278,
            "speeds": {
                "vmax": 20.0
            },
            "type": 1,
            "driving_direction": 1,
            "id": "1006_2",
            "lane_type": 1
        },
        {
            "pos": {
                "x": 566913.6967805895,
                "y": 4317925.143309298,
                "yaw": 1.7983687488389912
            },
            "heading": 1.7983687488389912,
            "speeds": {
                "vmax": 20.0
            },
            "type": 1,
            "driving_direction": 1,
            "id": "1004_2",
            "lane_type": 1
        },
        {
            "pos": {
                "x": 566913.5840290509,
                "y": 4317925.630180003,
                "yaw": 1.798368883456829
            },
            "heading": 1.798368883456829,
            "speeds": {
                "vmax": 20.0
            },
            "type": 1,
            "driving_direction": 1,
            "id": "1004_2",
            "lane_type": 1
        },
        {
            "pos": {
                "x": 566913.4712693449,
                "y": 4317926.117085975,
                "yaw": 1.7983688892622607
            },
            "heading": 1.7983688892622607,
            "speeds": {
                "vmax": 20.0
            },
            "type": 1,
            "driving_direction": 1,
            "id": "1004_2",
            "lane_type": 1
        },
        {
            "pos": {
                "x": 566913.3585104763,
                "y": 4317926.603988329,
                "yaw": 1.7983687919450382
            },
            "heading": 1.7983687919450382,
            "speeds": {
                "vmax": 20.0
            },
            "type": 1,
            "driving_direction": 1,
            "id": "1004_2",
            "lane_type": 1
        },
        {
            "pos": {
                "x": 566913.2457478822,
                "y": 4317927.090906773,
                "yaw": 1.7983685444866002
            },
            "heading": 1.7983685444866002,
            "speeds": {
                "vmax": 20.0
            },
            "type": 1,
            "driving_direction": 1,
            "id": "1004_2",
            "lane_type": 1
        },
        {
            "pos": {
                "x": 566913.1329861238,
                "y": 4317927.577821606,
                "yaw": 1.798368903737029
            },
            "heading": 1.798368903737029,
            "speeds": {
                "vmax": 20.0
            },
            "type": 1,
            "driving_direction": 1,
            "id": "1004_2",
            "lane_type": 1
        },
        {
            "pos": {
                "x": 566913.0202280512,
                "y": 4317928.0647205245,
                "yaw": 1.7983687749342279
            },
            "heading": 1.7983687749342279,
            "speeds": {
                "vmax": 20.0
            },
            "type": 1,
            "driving_direction": 1,
            "id": "1004_2",
            "lane_type": 1
        },
        {
            "pos": {
                "x": 566912.9074670236,
                "y": 4317928.551632203,
                "yaw": 1.798368758661327
            },
            "heading": 1.798368758661327,
            "speeds": {
                "vmax": 20.0
            },
            "type": 1,
            "driving_direction": 1,
            "id": "1004_2",
            "lane_type": 1
        },
        {
            "pos": {
                "x": 566912.7947059358,
                "y": 4317929.038544142,
                "yaw": 1.7983686870225994
            },
            "heading": 1.7983686870225994,
            "speeds": {
                "vmax": 20.0
            },
            "type": 1,
            "driving_direction": 1,
            "id": "1004_2",
            "lane_type": 1
        },
        {
            "pos": {
                "x": 566912.6819458904,
                "y": 4317929.525451578,
                "yaw": 1.7983685488166372
            },
            "heading": 1.7983685488166372,
            "speeds": {
                "vmax": 20.0
            },
            "type": 1,
            "driving_direction": 1,
            "id": "1004_2",
            "lane_type": 1
        },
        {
            "pos": {
                "x": 566912.5691847315,
                "y": 4317930.012363824,
                "yaw": 1.7983685488166372
            },
            "heading": 1.7983685488166372,
            "speeds": {
                "vmax": 20.0
            },
            "type": 1,
            "driving_direction": 1,
            "id": "1004_2",
            "lane_type": 1
        },
        {
            "pos": {
                "x": 566912.4564246552,
                "y": 4317930.499271395,
                "yaw": 1.7983689540306234
            },
            "heading": 1.7983689540306234,
            "speeds": {
                "vmax": 20.0
            },
            "type": 1,
            "driving_direction": 1,
            "id": "1004_2",
            "lane_type": 1
        },
        {
            "pos": {
                "x": 566912.3436630928,
                "y": 4317930.986185383,
                "yaw": 1.798368715973855
            },
            "heading": 1.798368715973855,
            "speeds": {
                "vmax": 20.0
            },
            "type": 1,
            "driving_direction": 1,
            "id": "1004_2",
            "lane_type": 1
        },
        {
            "pos": {
                "x": 566912.2309011342,
                "y": 4317931.47310108,
                "yaw": 1.7983690625584654
            },
            "heading": 1.7983690625584654,
            "speeds": {
                "vmax": 20.0
            },
            "type": 1,
            "driving_direction": 1,
            "id": "1004_2",
            "lane_type": 1
        },
        {
            "pos": {
                "x": 566912.118149539,
                "y": 4317931.95997203,
                "yaw": 1.7983687328640976
            },
            "heading": 1.7983687328640976,
            "speeds": {
                "vmax": 20.0
            },
            "type": 1,
            "driving_direction": 1,
            "id": "1005_2",
            "lane_type": 1
        },
        {
            "pos": {
                "x": 566912.004288601,
                "y": 4317932.451633211,
                "yaw": 1.7983687411291662
            },
            "heading": 1.7983687411291662,
            "speeds": {
                "vmax": 20.0
            },
            "type": 1,
            "driving_direction": 1,
            "id": "1005_2",
            "lane_type": 1
        },
        {
            "pos": {
                "x": 566911.8904194153,
                "y": 4317932.943330009,
                "yaw": 1.798368735059055
            },
            "heading": 1.798368735059055,
            "speeds": {
                "vmax": 20.0
            },
            "type": 1,
            "driving_direction": 1,
            "id": "1005_2",
            "lane_type": 1
        },
        {
            "pos": {
                "x": 566911.7765510753,
                "y": 4317933.435023155,
                "yaw": 1.798368570262453
            },
            "heading": 1.798368570262453,
            "speeds": {
                "vmax": 20.0
            },
            "type": 1,
            "driving_direction": 1,
            "id": "1005_2",
            "lane_type": 1
        },
        {
            "pos": {
                "x": 566911.6626789728,
                "y": 4317933.926732547,
                "yaw": 1.7983685541509133
            },
            "heading": 1.7983685541509133,
            "speeds": {
                "vmax": 20.0
            },
            "type": 1,
            "driving_direction": 1,
            "id": "1005_2",
            "lane_type": 1
        },
        {
            "pos": {
                "x": 566911.5488077148,
                "y": 4317934.418438293,
                "yaw": 1.7983690467618976
            },
            "heading": 1.7983690467618976,
            "speeds": {
                "vmax": 20.0
            },
            "type": 1,
            "driving_direction": 1,
            "id": "1005_2",
            "lane_type": 1
        },
        {
            "pos": {
                "x": 566911.4349401784,
                "y": 4317934.910127968,
                "yaw": 1.7983686218454202
            },
            "heading": 1.7983686218454202,
            "speeds": {
                "vmax": 20.0
            },
            "type": 1,
            "driving_direction": 1,
            "id": "1005_2",
            "lane_type": 1
        },
        {
            "pos": {
                "x": 566911.321069658,
                "y": 4317935.401830528,
                "yaw": 1.7983686859859713
            },
            "heading": 1.7983686859859713,
            "speeds": {
                "vmax": 20.0
            },
            "type": 1,
            "driving_direction": 1,
            "id": "1005_2",
            "lane_type": 1
        },
        {
            "pos": {
                "x": 566911.2071990769,
                "y": 4317935.893533351,
                "yaw": 1.7983688439813315
            },
            "heading": 1.7983688439813315,
            "speeds": {
                "vmax": 20.0
            },
            "type": 1,
            "driving_direction": 1,
            "id": "1005_2",
            "lane_type": 1
        },
        {
            "pos": {
                "x": 566911.0933295485,
                "y": 4317936.385231629,
                "yaw": 1.7983688558047233
            },
            "heading": 1.7983688558047233,
            "speeds": {
                "vmax": 20.0
            },
            "type": 1,
            "driving_direction": 1,
            "id": "1005_2",
            "lane_type": 1
        },
        {
            "pos": {
                "x": 566910.9794588955,
                "y": 4317936.876934761,
                "yaw": 1.7983686952982263
            },
            "heading": 1.7983686952982263,
            "speeds": {
                "vmax": 20.0
            },
            "type": 1,
            "driving_direction": 1,
            "id": "1005_2",
            "lane_type": 1
        },
        {
            "pos": {
                "x": 566910.8655893358,
                "y": 4317937.368633173,
                "yaw": 1.7983687991983208
            },
            "heading": 1.7983687991983208,
            "speeds": {
                "vmax": 20.0
            },
            "type": 1,
            "driving_direction": 1,
            "id": "1005_2",
            "lane_type": 1
        },
        {
            "pos": {
                "x": 566910.7517182754,
                "y": 4317937.860338066,
                "yaw": 1.7983690213305201
            },
            "heading": 1.7983690213305201,
            "speeds": {
                "vmax": 20.0
            },
            "type": 1,
            "driving_direction": 1,
            "id": "1005_2",
            "lane_type": 1
        },
        {
            "pos": {
                "x": 566910.637846815,
                "y": 4317938.352044685,
                "yaw": 1.798368689543131
            },
            "heading": 1.798368689543131,
            "speeds": {
                "vmax": 20.0
            },
            "type": 1,
            "driving_direction": 1,
            "id": "1005_2",
            "lane_type": 1
        },
        {
            "pos": {
                "x": 566910.5239858199,
                "y": 4317938.843706116,
                "yaw": 1.7983661653953904
            },
            "heading": 1.7983661653953904,
            "speeds": {
                "vmax": 20.0
            },
            "type": 1,
            "driving_direction": 1,
            "id": "1003_2",
            "lane_type": 1
        },
        {
            "pos": {
                "x": 566910.411215152,
                "y": 4317939.330822916,
                "yaw": 1.7983661653953904
            },
            "heading": 1.7983661653953904,
            "speeds": {
                "vmax": 20.0
            },
            "type": 1,
            "driving_direction": 1,
            "id": "1003_2",
            "lane_type": 1
        },
        {
            "pos": {
                "x": 566910.2984444842,
                "y": 4317939.817939715,
                "yaw": 1.7983661653953904
            },
            "heading": 1.7983661653953904,
            "speeds": {
                "vmax": 20.0
            },
            "type": 1,
            "driving_direction": 1,
            "id": "1003_2",
            "lane_type": 1
        },
        {
            "pos": {
                "x": 566910.1856738164,
                "y": 4317940.305056515,
                "yaw": 1.7983661653953904
            },
            "heading": 1.7983661653953904,
            "speeds": {
                "vmax": 20.0
            },
            "type": 1,
            "driving_direction": 1,
            "id": "1003_2",
            "lane_type": 1
        },
        {
            "pos": {
                "x": 566910.0729031485,
                "y": 4317940.792173315,
                "yaw": 1.7983661653953904
            },
            "heading": 1.7983661653953904,
            "speeds": {
                "vmax": 20.0
            },
            "type": 1,
            "driving_direction": 1,
            "id": "1003_2",
            "lane_type": 1
        },
        {
            "pos": {
                "x": 566909.9601324806,
                "y": 4317941.2792901145,
                "yaw": 1.7983661653953904
            },
            "heading": 1.7983661653953904,
            "speeds": {
                "vmax": 20.0
            },
            "type": 1,
            "driving_direction": 1,
            "id": "1003_2",
            "lane_type": 1
        },
        {
            "pos": {
                "x": 566909.8473618128,
                "y": 4317941.766406914,
                "yaw": 1.7983661653953904
            },
            "heading": 1.7983661653953904,
            "speeds": {
                "vmax": 20.0
            },
            "type": 1,
            "driving_direction": 1,
            "id": "1003_2",
            "lane_type": 1
        },
        {
            "pos": {
                "x": 566909.734591145,
                "y": 4317942.253523713,
                "yaw": 1.7983661653953904
            },
            "heading": 1.7983661653953904,
            "speeds": {
                "vmax": 20.0
            },
            "type": 1,
            "driving_direction": 1,
            "id": "1003_2",
            "lane_type": 1
        },
        {
            "pos": {
                "x": 566909.6218204771,
                "y": 4317942.740640513,
                "yaw": 1.7983661653953904
            },
            "heading": 1.7983661653953904,
            "speeds": {
                "vmax": 20.0
            },
            "type": 1,
            "driving_direction": 1,
            "id": "1003_2",
            "lane_type": 1
        },
        {
            "pos": {
                "x": 566909.5090498092,
                "y": 4317943.227757312,
                "yaw": 1.7983661653953904
            },
            "heading": 1.7983661653953904,
            "speeds": {
                "vmax": 20.0
            },
            "type": 1,
            "driving_direction": 1,
            "id": "1003_2",
            "lane_type": 1
        },
        {
            "pos": {
                "x": 566909.3962791414,
                "y": 4317943.714874112,
                "yaw": 1.7983661653953904
            },
            "heading": 1.7983661653953904,
            "speeds": {
                "vmax": 20.0
            },
            "type": 1,
            "driving_direction": 1,
            "id": "1003_2",
            "lane_type": 1
        },
        {
            "pos": {
                "x": 566909.2835084735,
                "y": 4317944.201990912,
                "yaw": 1.7983661653953904
            },
            "heading": 1.7983661653953904,
            "speeds": {
                "vmax": 20.0
            },
            "type": 1,
            "driving_direction": 1,
            "id": "1003_2",
            "lane_type": 1
        },
        {
            "pos": {
                "x": 566909.1707378057,
                "y": 4317944.689107711,
                "yaw": 1.7983661653953904
            },
            "heading": 1.7983661653953904,
            "speeds": {
                "vmax": 20.0
            },
            "type": 1,
            "driving_direction": 1,
            "id": "1003_2",
            "lane_type": 1
        },
        {
            "pos": {
                "x": 566909.0579671378,
                "y": 4317945.176224511,
                "yaw": 1.7983661653953904
            },
            "heading": 1.7983661653953904,
            "speeds": {
                "vmax": 20.0
            },
            "type": 1,
            "driving_direction": 1,
            "id": "1003_2",
            "lane_type": 1
        },
        {
            "pos": {
                "x": 566908.94519647,
                "y": 4317945.663341311,
                "yaw": 1.7983661653953904
            },
            "heading": 1.7983661653953904,
            "speeds": {
                "vmax": 20.0
            },
            "type": 1,
            "driving_direction": 1,
            "id": "1003_2",
            "lane_type": 1
        },
        {
            "pos": {
                "x": 566908.8324258021,
                "y": 4317946.1504581105,
                "yaw": 1.7983661653953904
            },
            "heading": 1.7983661653953904,
            "speeds": {
                "vmax": 20.0
            },
            "type": 1,
            "driving_direction": 1,
            "id": "1003_2",
            "lane_type": 1
        },
        {
            "pos": {
                "x": 566908.7196551342,
                "y": 4317946.63757491,
                "yaw": 1.7983661653953904
            },
            "heading": 1.7983661653953904,
            "speeds": {
                "vmax": 20.0
            },
            "type": 1,
            "driving_direction": 1,
            "id": "1003_2",
            "lane_type": 1
        },
        {
            "pos": {
                "x": 566908.6068844664,
                "y": 4317947.12469171,
                "yaw": 1.7983661653953904
            },
            "heading": 1.7983661653953904,
            "speeds": {
                "vmax": 20.0
            },
            "type": 1,
            "driving_direction": 1,
            "id": "1003_2",
            "lane_type": 1
        },
        {
            "pos": {
                "x": 566908.4941137986,
                "y": 4317947.61180851,
                "yaw": 1.7983661653953904
            },
            "heading": 1.7983661653953904,
            "speeds": {
                "vmax": 20.0
            },
            "type": 1,
            "driving_direction": 1,
            "id": "1003_2",
            "lane_type": 1
        },
        {
            "pos": {
                "x": 566908.3813431307,
                "y": 4317948.098925309,
                "yaw": 1.7983661653953904
            },
            "heading": 1.7983661653953904,
            "speeds": {
                "vmax": 20.0
            },
            "type": 1,
            "driving_direction": 1,
            "id": "1003_2",
            "lane_type": 1
        },
        {
            "pos": {
                "x": 566908.2685724628,
                "y": 4317948.586042109,
                "yaw": 1.7983661653953904
            },
            "heading": 1.7983661653953904,
            "speeds": {
                "vmax": 20.0
            },
            "type": 1,
            "driving_direction": 1,
            "id": "1003_2",
            "lane_type": 1
        },
        {
            "pos": {
                "x": 566908.155801795,
                "y": 4317949.073158908,
                "yaw": 1.7983661653953904
            },
            "heading": 1.7983661653953904,
            "speeds": {
                "vmax": 20.0
            },
            "type": 1,
            "driving_direction": 1,
            "id": "1003_2",
            "lane_type": 1
        },
        {
            "pos": {
                "x": 566908.0430311272,
                "y": 4317949.560275707,
                "yaw": 1.7983661653953904
            },
            "heading": 1.7983661653953904,
            "speeds": {
                "vmax": 20.0
            },
            "type": 1,
            "driving_direction": 1,
            "id": "1003_2",
            "lane_type": 1
        },
        {
            "pos": {
                "x": 566907.9302604593,
                "y": 4317950.047392507,
                "yaw": 1.7983661653953904
            },
            "heading": 1.7983661653953904,
            "speeds": {
                "vmax": 20.0
            },
            "type": 1,
            "driving_direction": 1,
            "id": "1003_2",
            "lane_type": 1
        },
        {
            "pos": {
                "x": 566907.8174897914,
                "y": 4317950.534509307,
                "yaw": 1.7983661653953904
            },
            "heading": 1.7983661653953904,
            "speeds": {
                "vmax": 20.0
            },
            "type": 1,
            "driving_direction": 1,
            "id": "1003_2",
            "lane_type": 1
        },
        {
            "pos": {
                "x": 566907.7047191235,
                "y": 4317951.021626106,
                "yaw": 1.7983661653953904
            },
            "heading": 1.7983661653953904,
            "speeds": {
                "vmax": 20.0
            },
            "type": 1,
            "driving_direction": 1,
            "id": "1003_2",
            "lane_type": 1
        },
        {
            "pos": {
                "x": 566907.5919484558,
                "y": 4317951.508742906,
                "yaw": 1.7983661653953904
            },
            "heading": 1.7983661653953904,
            "speeds": {
                "vmax": 20.0
            },
            "type": 1,
            "driving_direction": 1,
            "id": "1003_2",
            "lane_type": 1
        },
        {
            "pos": {
                "x": 566907.4791777879,
                "y": 4317951.995859706,
                "yaw": 1.7983661653953904
            },
            "heading": 1.7983661653953904,
            "speeds": {
                "vmax": 20.0
            },
            "type": 1,
            "driving_direction": 1,
            "id": "1003_2",
            "lane_type": 1
        },
        {
            "pos": {
                "x": 566907.36640712,
                "y": 4317952.4829765055,
                "yaw": 1.7983661653953904
            },
            "heading": 1.7983661653953904,
            "speeds": {
                "vmax": 20.0
            },
            "type": 1,
            "driving_direction": 1,
            "id": "1003_2",
            "lane_type": 1
        },
        {
            "pos": {
                "x": 566907.2536364521,
                "y": 4317952.970093305,
                "yaw": 1.7983661653953904
            },
            "heading": 1.7983661653953904,
            "speeds": {
                "vmax": 20.0
            },
            "type": 1,
            "driving_direction": 1,
            "id": "1003_2",
            "lane_type": 1
        },
        {
            "pos": {
                "x": 566907.1408657844,
                "y": 4317953.457210105,
                "yaw": 1.7983661653953904
            },
            "heading": 1.7983661653953904,
            "speeds": {
                "vmax": 20.0
            },
            "type": 1,
            "driving_direction": 1,
            "id": "1003_2",
            "lane_type": 1
        },
        {
            "pos": {
                "x": 566907.0280951165,
                "y": 4317953.944326905,
                "yaw": 1.7983661653953904
            },
            "heading": 1.7983661653953904,
            "speeds": {
                "vmax": 20.0
            },
            "type": 1,
            "driving_direction": 1,
            "id": "1003_2",
            "lane_type": 1
        },
        {
            "pos": {
                "x": 566906.9153244486,
                "y": 4317954.431443704,
                "yaw": 1.7983661653953904
            },
            "heading": 1.7983661653953904,
            "speeds": {
                "vmax": 20.0
            },
            "type": 1,
            "driving_direction": 1,
            "id": "1003_2",
            "lane_type": 1
        },
        {
            "pos": {
                "x": 566906.8025537808,
                "y": 4317954.918560504,
                "yaw": 1.7983661653953904
            },
            "heading": 1.7983661653953904,
            "speeds": {
                "vmax": 20.0
            },
            "type": 1,
            "driving_direction": 1,
            "id": "1003_2",
            "lane_type": 1
        },
        {
            "pos": {
                "x": 566906.689783113,
                "y": 4317955.405677303,
                "yaw": 1.7983661653953904
            },
            "heading": 1.7983661653953904,
            "speeds": {
                "vmax": 20.0
            },
            "type": 1,
            "driving_direction": 1,
            "id": "1003_2",
            "lane_type": 1
        },
        {
            "pos": {
                "x": 566906.5770124451,
                "y": 4317955.892794102,
                "yaw": 1.7983661653953904
            },
            "heading": 1.7983661653953904,
            "speeds": {
                "vmax": 20.0
            },
            "type": 1,
            "driving_direction": 1,
            "id": "1003_2",
            "lane_type": 1
        },
        {
            "pos": {
                "x": 566906.4642417772,
                "y": 4317956.379910902,
                "yaw": 1.7983661653953904
            },
            "heading": 1.7983661653953904,
            "speeds": {
                "vmax": 20.0
            },
            "type": 1,
            "driving_direction": 1,
            "id": "1003_2",
            "lane_type": 1
        },
        {
            "pos": {
                "x": 566906.3514711094,
                "y": 4317956.867027702,
                "yaw": 1.7983661653953904
            },
            "heading": 1.7983661653953904,
            "speeds": {
                "vmax": 20.0
            },
            "type": 1,
            "driving_direction": 1,
            "id": "1003_2",
            "lane_type": 1
        },
        {
            "pos": {
                "x": 566906.2387004416,
                "y": 4317957.3541445015,
                "yaw": 1.7983661653953904
            },
            "heading": 1.7983661653953904,
            "speeds": {
                "vmax": 20.0
            },
            "type": 1,
            "driving_direction": 1,
            "id": "1003_2",
            "lane_type": 1
        },
        {
            "pos": {
                "x": 566906.1259297737,
                "y": 4317957.841261301,
                "yaw": 1.7983661653953904
            },
            "heading": 1.7983661653953904,
            "speeds": {
                "vmax": 20.0
            },
            "type": 1,
            "driving_direction": 1,
            "id": "1003_2",
            "lane_type": 1
        },
        {
            "pos": {
                "x": 566906.0131591058,
                "y": 4317958.328378101,
                "yaw": 1.7983661653953904
            },
            "heading": 1.7983661653953904,
            "speeds": {
                "vmax": 20.0
            },
            "type": 1,
            "driving_direction": 1,
            "id": "1003_2",
            "lane_type": 1
        },
        {
            "pos": {
                "x": 566905.900388438,
                "y": 4317958.815494901,
                "yaw": 1.7983661653953904
            },
            "heading": 1.7983661653953904,
            "speeds": {
                "vmax": 20.0
            },
            "type": 1,
            "driving_direction": 1,
            "id": "1003_2",
            "lane_type": 1
        },
        {
            "pos": {
                "x": 566905.7876177701,
                "y": 4317959.3026117,
                "yaw": 1.7983661653953904
            },
            "heading": 1.7983661653953904,
            "speeds": {
                "vmax": 20.0
            },
            "type": 1,
            "driving_direction": 1,
            "id": "1003_2",
            "lane_type": 1
        },
        {
            "pos": {
                "x": 566905.6748471023,
                "y": 4317959.7897285,
                "yaw": 1.7983661653953904
            },
            "heading": 1.7983661653953904,
            "speeds": {
                "vmax": 20.0
            },
            "type": 1,
            "driving_direction": 1,
            "id": "1003_2",
            "lane_type": 1
        },
        {
            "pos": {
                "x": 566905.5620764344,
                "y": 4317960.2768453,
                "yaw": 1.7983661653953904
            },
            "heading": 1.7983661653953904,
            "speeds": {
                "vmax": 20.0
            },
            "type": 1,
            "driving_direction": 1,
            "id": "1003_2",
            "lane_type": 1
        },
        {
            "pos": {
                "x": 566905.4669002299,
                "y": 4317960.687962206,
                "yaw": 1.7983661653953904
            },
            "heading": 1.7983661653953904,
            "speeds": {
                "vmax": 20.0
            },
            "type": 1,
            "driving_direction": 1,
            "id": "1003_2",
            "lane_type": 1
        }
    ],
    "is_final_navi": true
}