{
    "header": {
        "trace_id": "COMMAND&fHC13BlHpA",
        "trans_id": "025b4d28-c99c-4832-8cce-838c21d857ab",
        "che_id": "A522",
        "timestamp": "2025-02-19T18:42:40.404701Z"
    },
    "task_id": "COMMAND&fHC13BlHpA",
    "navi_id": "A522_COMMAND&fHC13BlHpA_15",
    "seq_num": 15,
    "dest_type": 3,
    "mode": 2,
    "waypoints": [
        {
            "pos": {
                "x": 566911.3292650039,
                "y": 4317974.446816751,
                "yaw": 1.7987628416678323
            },
            "heading": 1.7987628416678323,
            "speeds": {
                "vmax": 20.0
            },
            "type": 1,
            "driving_direction": 1,
            "id": "1003_4",
            "lane_type": 1
        },
        {
            "pos": {
                "x": 566911.2162664437,
                "y": 4317974.933880736,
                "yaw": 1.7987628416678323
            },
            "heading": 1.7987628416678323,
            "speeds": {
                "vmax": 20.0
            },
            "type": 1,
            "driving_direction": 1,
            "id": "1003_4",
            "lane_type": 1
        },
        {
            "pos": {
                "x": 566911.1032678834,
                "y": 4317975.4209447205,
                "yaw": 1.7987628416678323
            },
            "heading": 1.7987628416678323,
            "speeds": {
                "vmax": 20.0
            },
            "type": 1,
            "driving_direction": 1,
            "id": "1003_4",
            "lane_type": 1
        },
        {
            "pos": {
                "x": 566910.9902693232,
                "y": 4317975.908008706,
                "yaw": 1.7987628416678323
            },
            "heading": 1.7987628416678323,
            "speeds": {
                "vmax": 20.0
            },
            "type": 1,
            "driving_direction": 1,
            "id": "1003_4",
            "lane_type": 1
        },
        {
            "pos": {
                "x": 566910.877270763,
                "y": 4317976.39507269,
                "yaw": 1.7987628416678323
            },
            "heading": 1.7987628416678323,
            "speeds": {
                "vmax": 20.0
            },
            "type": 1,
            "driving_direction": 1,
            "id": "1003_4",
            "lane_type": 1
        },
        {
            "pos": {
                "x": 566910.7642722029,
                "y": 4317976.8821366755,
                "yaw": 1.7987628416678323
            },
            "heading": 1.7987628416678323,
            "speeds": {
                "vmax": 20.0
            },
            "type": 1,
            "driving_direction": 1,
            "id": "1003_4",
            "lane_type": 1
        },
        {
            "pos": {
                "x": 566910.6512736426,
                "y": 4317977.369200661,
                "yaw": 1.7987628416678323
            },
            "heading": 1.7987628416678323,
            "speeds": {
                "vmax": 20.0
            },
            "type": 1,
            "driving_direction": 1,
            "id": "1003_4",
            "lane_type": 1
        },
        {
            "pos": {
                "x": 566910.5382750824,
                "y": 4317977.856264645,
                "yaw": 1.7987628416678323
            },
            "heading": 1.7987628416678323,
            "speeds": {
                "vmax": 20.0
            },
            "type": 1,
            "driving_direction": 1,
            "id": "1003_4",
            "lane_type": 1
        },
        {
            "pos": {
                "x": 566910.4252765222,
                "y": 4317978.343328631,
                "yaw": 1.7987628416678323
            },
            "heading": 1.7987628416678323,
            "speeds": {
                "vmax": 20.0
            },
            "type": 1,
            "driving_direction": 1,
            "id": "1003_4",
            "lane_type": 1
        },
        {
            "pos": {
                "x": 566910.312277962,
                "y": 4317978.830392615,
                "yaw": 1.7987628416678323
            },
            "heading": 1.7987628416678323,
            "speeds": {
                "vmax": 20.0
            },
            "type": 1,
            "driving_direction": 1,
            "id": "1003_4",
            "lane_type": 1
        },
        {
            "pos": {
                "x": 566910.1992794017,
                "y": 4317979.3174566,
                "yaw": 1.7987628416678323
            },
            "heading": 1.7987628416678323,
            "speeds": {
                "vmax": 20.0
            },
            "type": 1,
            "driving_direction": 1,
            "id": "1003_4",
            "lane_type": 1
        },
        {
            "pos": {
                "x": 566910.0862808415,
                "y": 4317979.804520585,
                "yaw": 1.7987628416678323
            },
            "heading": 1.7987628416678323,
            "speeds": {
                "vmax": 20.0
            },
            "type": 1,
            "driving_direction": 1,
            "id": "1003_4",
            "lane_type": 1
        },
        {
            "pos": {
                "x": 566909.9732822813,
                "y": 4317980.29158457,
                "yaw": 1.7987628416678323
            },
            "heading": 1.7987628416678323,
            "speeds": {
                "vmax": 20.0
            },
            "type": 1,
            "driving_direction": 1,
            "id": "1003_4",
            "lane_type": 1
        },
        {
            "pos": {
                "x": 566909.8602837211,
                "y": 4317980.778648554,
                "yaw": 1.7987628416678323
            },
            "heading": 1.7987628416678323,
            "speeds": {
                "vmax": 20.0
            },
            "type": 1,
            "driving_direction": 1,
            "id": "1003_4",
            "lane_type": 1
        },
        {
            "pos": {
                "x": 566909.7472851608,
                "y": 4317981.26571254,
                "yaw": 1.7987628416678323
            },
            "heading": 1.7987628416678323,
            "speeds": {
                "vmax": 20.0
            },
            "type": 1,
            "driving_direction": 1,
            "id": "1003_4",
            "lane_type": 1
        },
        {
            "pos": {
                "x": 566909.6342866006,
                "y": 4317981.752776525,
                "yaw": 1.7987628416678323
            },
            "heading": 1.7987628416678323,
            "speeds": {
                "vmax": 20.0
            },
            "type": 1,
            "driving_direction": 1,
            "id": "1003_4",
            "lane_type": 1
        },
        {
            "pos": {
                "x": 566909.5212880404,
                "y": 4317982.239840509,
                "yaw": 1.7987628416678323
            },
            "heading": 1.7987628416678323,
            "speeds": {
                "vmax": 20.0
            },
            "type": 1,
            "driving_direction": 1,
            "id": "1003_4",
            "lane_type": 1
        },
        {
            "pos": {
                "x": 566909.4082894803,
                "y": 4317982.726904495,
                "yaw": 1.7987628416678323
            },
            "heading": 1.7987628416678323,
            "speeds": {
                "vmax": 20.0
            },
            "type": 1,
            "driving_direction": 1,
            "id": "1003_4",
            "lane_type": 1
        },
        {
            "pos": {
                "x": 566909.2952909201,
                "y": 4317983.213968479,
                "yaw": 1.7987628416678323
            },
            "heading": 1.7987628416678323,
            "speeds": {
                "vmax": 20.0
            },
            "type": 1,
            "driving_direction": 1,
            "id": "1003_4",
            "lane_type": 1
        },
        {
            "pos": {
                "x": 566909.1822923598,
                "y": 4317983.701032464,
                "yaw": 1.7987628416678323
            },
            "heading": 1.7987628416678323,
            "speeds": {
                "vmax": 20.0
            },
            "type": 1,
            "driving_direction": 1,
            "id": "1003_4",
            "lane_type": 1
        },
        {
            "pos": {
                "x": 566909.0692937996,
                "y": 4317984.188096449,
                "yaw": 1.7987628416678323
            },
            "heading": 1.7987628416678323,
            "speeds": {
                "vmax": 20.0
            },
            "type": 1,
            "driving_direction": 1,
            "id": "1003_4",
            "lane_type": 1
        },
        {
            "pos": {
                "x": 566908.9562952394,
                "y": 4317984.675160434,
                "yaw": 1.7987628416678323
            },
            "heading": 1.7987628416678323,
            "speeds": {
                "vmax": 20.0
            },
            "type": 1,
            "driving_direction": 1,
            "id": "1003_4",
            "lane_type": 1
        },
        {
            "pos": {
                "x": 566908.8432966792,
                "y": 4317985.1622244185,
                "yaw": 1.7987628416678323
            },
            "heading": 1.7987628416678323,
            "speeds": {
                "vmax": 20.0
            },
            "type": 1,
            "driving_direction": 1,
            "id": "1003_4",
            "lane_type": 1
        },
        {
            "pos": {
                "x": 566908.7302981189,
                "y": 4317985.649288404,
                "yaw": 1.7987628416678323
            },
            "heading": 1.7987628416678323,
            "speeds": {
                "vmax": 20.0
            },
            "type": 1,
            "driving_direction": 1,
            "id": "1003_4",
            "lane_type": 1
        },
        {
            "pos": {
                "x": 566908.6172995587,
                "y": 4317986.136352389,
                "yaw": 1.7987628416678323
            },
            "heading": 1.7987628416678323,
            "speeds": {
                "vmax": 20.0
            },
            "type": 1,
            "driving_direction": 1,
            "id": "1003_4",
            "lane_type": 1
        },
        {
            "pos": {
                "x": 566908.5043009985,
                "y": 4317986.6234163735,
                "yaw": 1.7987628416678323
            },
            "heading": 1.7987628416678323,
            "speeds": {
                "vmax": 20.0
            },
            "type": 1,
            "driving_direction": 1,
            "id": "1003_4",
            "lane_type": 1
        },
        {
            "pos": {
                "x": 566908.3913024383,
                "y": 4317987.110480359,
                "yaw": 1.7987628416678323
            },
            "heading": 1.7987628416678323,
            "speeds": {
                "vmax": 20.0
            },
            "type": 1,
            "driving_direction": 1,
            "id": "1003_4",
            "lane_type": 1
        },
        {
            "pos": {
                "x": 566908.278303878,
                "y": 4317987.597544343,
                "yaw": 1.7987628416678323
            },
            "heading": 1.7987628416678323,
            "speeds": {
                "vmax": 20.0
            },
            "type": 1,
            "driving_direction": 1,
            "id": "1003_4",
            "lane_type": 1
        },
        {
            "pos": {
                "x": 566908.1653053178,
                "y": 4317988.0846083285,
                "yaw": 1.7987628416678323
            },
            "heading": 1.7987628416678323,
            "speeds": {
                "vmax": 20.0
            },
            "type": 1,
            "driving_direction": 1,
            "id": "1003_4",
            "lane_type": 1
        },
        {
            "pos": {
                "x": 566908.0523067577,
                "y": 4317988.571672313,
                "yaw": 1.7987628416678323
            },
            "heading": 1.7987628416678323,
            "speeds": {
                "vmax": 20.0
            },
            "type": 1,
            "driving_direction": 1,
            "id": "1003_4",
            "lane_type": 1
        },
        {
            "pos": {
                "x": 566907.9393081975,
                "y": 4317989.058736298,
                "yaw": 1.7987628416678323
            },
            "heading": 1.7987628416678323,
            "speeds": {
                "vmax": 20.0
            },
            "type": 1,
            "driving_direction": 1,
            "id": "1003_4",
            "lane_type": 1
        },
        {
            "pos": {
                "x": 566907.8263096372,
                "y": 4317989.545800283,
                "yaw": 1.7987628416678323
            },
            "heading": 1.7987628416678323,
            "speeds": {
                "vmax": 20.0
            },
            "type": 1,
            "driving_direction": 1,
            "id": "1003_4",
            "lane_type": 1
        },
        {
            "pos": {
                "x": 566907.713311077,
                "y": 4317990.032864268,
                "yaw": 1.7987628416678323
            },
            "heading": 1.7987628416678323,
            "speeds": {
                "vmax": 20.0
            },
            "type": 1,
            "driving_direction": 1,
            "id": "1003_4",
            "lane_type": 1
        },
        {
            "pos": {
                "x": 566907.6003125168,
                "y": 4317990.519928253,
                "yaw": 1.7987628416678323
            },
            "heading": 1.7987628416678323,
            "speeds": {
                "vmax": 20.0
            },
            "type": 1,
            "driving_direction": 1,
            "id": "1003_4",
            "lane_type": 1
        },
        {
            "pos": {
                "x": 566907.4873139566,
                "y": 4317991.006992238,
                "yaw": 1.7987628416678323
            },
            "heading": 1.7987628416678323,
            "speeds": {
                "vmax": 20.0
            },
            "type": 1,
            "driving_direction": 1,
            "id": "1003_4",
            "lane_type": 1
        },
        {
            "pos": {
                "x": 566907.3743153964,
                "y": 4317991.494056223,
                "yaw": 1.7987628416678323
            },
            "heading": 1.7987628416678323,
            "speeds": {
                "vmax": 20.0
            },
            "type": 1,
            "driving_direction": 1,
            "id": "1003_4",
            "lane_type": 1
        },
        {
            "pos": {
                "x": 566907.2613168361,
                "y": 4317991.981120207,
                "yaw": 1.7987628416678323
            },
            "heading": 1.7987628416678323,
            "speeds": {
                "vmax": 20.0
            },
            "type": 1,
            "driving_direction": 1,
            "id": "1003_4",
            "lane_type": 1
        },
        {
            "pos": {
                "x": 566907.1483182759,
                "y": 4317992.468184193,
                "yaw": 1.7987628416678323
            },
            "heading": 1.7987628416678323,
            "speeds": {
                "vmax": 20.0
            },
            "type": 1,
            "driving_direction": 1,
            "id": "1003_4",
            "lane_type": 1
        },
        {
            "pos": {
                "x": 566907.0353197157,
                "y": 4317992.955248177,
                "yaw": 1.7987628416678323
            },
            "heading": 1.7987628416678323,
            "speeds": {
                "vmax": 20.0
            },
            "type": 1,
            "driving_direction": 1,
            "id": "1003_4",
            "lane_type": 1
        },
        {
            "pos": {
                "x": 566906.9223211556,
                "y": 4317993.442312162,
                "yaw": 1.7987628416678323
            },
            "heading": 1.7987628416678323,
            "speeds": {
                "vmax": 20.0
            },
            "type": 1,
            "driving_direction": 1,
            "id": "1003_4",
            "lane_type": 1
        },
        {
            "pos": {
                "x": 566906.8093225952,
                "y": 4317993.929376147,
                "yaw": 1.7987628416678323
            },
            "heading": 1.7987628416678323,
            "speeds": {
                "vmax": 20.0
            },
            "type": 1,
            "driving_direction": 1,
            "id": "1003_4",
            "lane_type": 1
        },
        {
            "pos": {
                "x": 566906.6963240351,
                "y": 4317994.416440132,
                "yaw": 1.7987628416678323
            },
            "heading": 1.7987628416678323,
            "speeds": {
                "vmax": 20.0
            },
            "type": 1,
            "driving_direction": 1,
            "id": "1003_4",
            "lane_type": 1
        },
        {
            "pos": {
                "x": 566906.5833254749,
                "y": 4317994.903504117,
                "yaw": 1.7987628416678323
            },
            "heading": 1.7987628416678323,
            "speeds": {
                "vmax": 20.0
            },
            "type": 1,
            "driving_direction": 1,
            "id": "1003_4",
            "lane_type": 1
        },
        {
            "pos": {
                "x": 566906.4703269147,
                "y": 4317995.390568102,
                "yaw": 1.7987628416678323
            },
            "heading": 1.7987628416678323,
            "speeds": {
                "vmax": 20.0
            },
            "type": 1,
            "driving_direction": 1,
            "id": "1003_4",
            "lane_type": 1
        },
        {
            "pos": {
                "x": 566906.3573283544,
                "y": 4317995.877632087,
                "yaw": 1.7987628416678323
            },
            "heading": 1.7987628416678323,
            "speeds": {
                "vmax": 20.0
            },
            "type": 1,
            "driving_direction": 1,
            "id": "1003_4",
            "lane_type": 1
        },
        {
            "pos": {
                "x": 566906.2443297942,
                "y": 4317996.3646960715,
                "yaw": 1.7987628416678323
            },
            "heading": 1.7987628416678323,
            "speeds": {
                "vmax": 20.0
            },
            "type": 1,
            "driving_direction": 1,
            "id": "1003_4",
            "lane_type": 1
        },
        {
            "pos": {
                "x": 566906.131331234,
                "y": 4317996.851760057,
                "yaw": 1.7987628416678323
            },
            "heading": 1.7987628416678323,
            "speeds": {
                "vmax": 20.0
            },
            "type": 1,
            "driving_direction": 1,
            "id": "1003_4",
            "lane_type": 1
        },
        {
            "pos": {
                "x": 566906.0183326738,
                "y": 4317997.338824041,
                "yaw": 1.7987628416678323
            },
            "heading": 1.7987628416678323,
            "speeds": {
                "vmax": 20.0
            },
            "type": 1,
            "driving_direction": 1,
            "id": "1003_4",
            "lane_type": 1
        },
        {
            "pos": {
                "x": 566905.9053341135,
                "y": 4317997.8258880265,
                "yaw": 1.7987628416678323
            },
            "heading": 1.7987628416678323,
            "speeds": {
                "vmax": 20.0
            },
            "type": 1,
            "driving_direction": 1,
            "id": "1003_4",
            "lane_type": 1
        },
        {
            "pos": {
                "x": 566905.7923355533,
                "y": 4317998.312952011,
                "yaw": 1.7987628416678323
            },
            "heading": 1.7987628416678323,
            "speeds": {
                "vmax": 20.0
            },
            "type": 1,
            "driving_direction": 1,
            "id": "1003_4",
            "lane_type": 1
        },
        {
            "pos": {
                "x": 566905.6793369931,
                "y": 4317998.800015996,
                "yaw": 1.7987628416678323
            },
            "heading": 1.7987628416678323,
            "speeds": {
                "vmax": 20.0
            },
            "type": 1,
            "driving_direction": 1,
            "id": "1003_4",
            "lane_type": 1
        },
        {
            "pos": {
                "x": 566905.566338433,
                "y": 4317999.2870799815,
                "yaw": 1.7987628416678323
            },
            "heading": 1.7987628416678323,
            "speeds": {
                "vmax": 20.0
            },
            "type": 1,
            "driving_direction": 1,
            "id": "1003_4",
            "lane_type": 1
        },
        {
            "pos": {
                "x": 566905.4533398728,
                "y": 4317999.774143966,
                "yaw": 1.7987628416678323
            },
            "heading": 1.7987628416678323,
            "speeds": {
                "vmax": 20.0
            },
            "type": 1,
            "driving_direction": 1,
            "id": "1003_4",
            "lane_type": 1
        },
        {
            "pos": {
                "x": 566905.3403413125,
                "y": 4318000.261207951,
                "yaw": 1.7987628416678323
            },
            "heading": 1.7987628416678323,
            "speeds": {
                "vmax": 20.0
            },
            "type": 1,
            "driving_direction": 1,
            "id": "1003_4",
            "lane_type": 1
        },
        {
            "pos": {
                "x": 566905.2273427523,
                "y": 4318000.748271936,
                "yaw": 1.7987628416678323
            },
            "heading": 1.7987628416678323,
            "speeds": {
                "vmax": 20.0
            },
            "type": 1,
            "driving_direction": 1,
            "id": "1003_4",
            "lane_type": 1
        },
        {
            "pos": {
                "x": 566905.1143441921,
                "y": 4318001.235335921,
                "yaw": 1.7987628416678323
            },
            "heading": 1.7987628416678323,
            "speeds": {
                "vmax": 20.0
            },
            "type": 1,
            "driving_direction": 1,
            "id": "1003_4",
            "lane_type": 1
        },
        {
            "pos": {
                "x": 566905.0013456319,
                "y": 4318001.722399905,
                "yaw": 1.7987628416678323
            },
            "heading": 1.7987628416678323,
            "speeds": {
                "vmax": 20.0
            },
            "type": 1,
            "driving_direction": 1,
            "id": "1003_4",
            "lane_type": 1
        },
        {
            "pos": {
                "x": 566904.8883470716,
                "y": 4318002.209463891,
                "yaw": 1.7987628416678323
            },
            "heading": 1.7987628416678323,
            "speeds": {
                "vmax": 20.0
            },
            "type": 1,
            "driving_direction": 1,
            "id": "1003_4",
            "lane_type": 1
        },
        {
            "pos": {
                "x": 566904.7753485114,
                "y": 4318002.696527875,
                "yaw": 1.7987628416678323
            },
            "heading": 1.7987628416678323,
            "speeds": {
                "vmax": 20.0
            },
            "type": 1,
            "driving_direction": 1,
            "id": "1003_4",
            "lane_type": 1
        },
        {
            "pos": {
                "x": 566904.6623499512,
                "y": 4318003.18359186,
                "yaw": 1.7987628416678323
            },
            "heading": 1.7987628416678323,
            "speeds": {
                "vmax": 20.0
            },
            "type": 1,
            "driving_direction": 1,
            "id": "1003_4",
            "lane_type": 1
        },
        {
            "pos": {
                "x": 566904.549351391,
                "y": 4318003.670655845,
                "yaw": 1.7987628416678323
            },
            "heading": 1.7987628416678323,
            "speeds": {
                "vmax": 20.0
            },
            "type": 1,
            "driving_direction": 1,
            "id": "1003_4",
            "lane_type": 1
        },
        {
            "pos": {
                "x": 566904.4363528307,
                "y": 4318004.15771983,
                "yaw": 1.7987628416678323
            },
            "heading": 1.7987628416678323,
            "speeds": {
                "vmax": 20.0
            },
            "type": 1,
            "driving_direction": 1,
            "id": "1003_4",
            "lane_type": 1
        },
        {
            "pos": {
                "x": 566904.3233542705,
                "y": 4318004.644783815,
                "yaw": 1.7987628416678323
            },
            "heading": 1.7987628416678323,
            "speeds": {
                "vmax": 20.0
            },
            "type": 1,
            "driving_direction": 1,
            "id": "1003_4",
            "lane_type": 1
        },
        {
            "pos": {
                "x": 566904.2103557104,
                "y": 4318005.1318478,
                "yaw": 1.7987628416678323
            },
            "heading": 1.7987628416678323,
            "speeds": {
                "vmax": 20.0
            },
            "type": 1,
            "driving_direction": 1,
            "id": "1003_4",
            "lane_type": 1
        },
        {
            "pos": {
                "x": 566904.0973571502,
                "y": 4318005.618911785,
                "yaw": 1.7987628416678323
            },
            "heading": 1.7987628416678323,
            "speeds": {
                "vmax": 20.0
            },
            "type": 1,
            "driving_direction": 1,
            "id": "1003_4",
            "lane_type": 1
        },
        {
            "pos": {
                "x": 566903.9843585899,
                "y": 4318006.105975769,
                "yaw": 1.7987628416678323
            },
            "heading": 1.7987628416678323,
            "speeds": {
                "vmax": 20.0
            },
            "type": 1,
            "driving_direction": 1,
            "id": "1003_4",
            "lane_type": 1
        },
        {
            "pos": {
                "x": 566903.8713600297,
                "y": 4318006.593039755,
                "yaw": 1.7987628416678323
            },
            "heading": 1.7987628416678323,
            "speeds": {
                "vmax": 20.0
            },
            "type": 1,
            "driving_direction": 1,
            "id": "1003_4",
            "lane_type": 1
        },
        {
            "pos": {
                "x": 566903.7583614695,
                "y": 4318007.080103739,
                "yaw": 1.7987628416678323
            },
            "heading": 1.7987628416678323,
            "speeds": {
                "vmax": 20.0
            },
            "type": 1,
            "driving_direction": 1,
            "id": "1003_4",
            "lane_type": 1
        },
        {
            "pos": {
                "x": 566903.6453629093,
                "y": 4318007.5671677245,
                "yaw": 1.7987628416678323
            },
            "heading": 1.7987628416678323,
            "speeds": {
                "vmax": 20.0
            },
            "type": 1,
            "driving_direction": 1,
            "id": "1003_4",
            "lane_type": 1
        },
        {
            "pos": {
                "x": 566903.5323643491,
                "y": 4318008.054231709,
                "yaw": 1.7987628416678323
            },
            "heading": 1.7987628416678323,
            "speeds": {
                "vmax": 20.0
            },
            "type": 1,
            "driving_direction": 1,
            "id": "1003_4",
            "lane_type": 1
        },
        {
            "pos": {
                "x": 566903.4193657888,
                "y": 4318008.541295694,
                "yaw": 1.7987628416678323
            },
            "heading": 1.7987628416678323,
            "speeds": {
                "vmax": 20.0
            },
            "type": 1,
            "driving_direction": 1,
            "id": "1003_4",
            "lane_type": 1
        },
        {
            "pos": {
                "x": 566903.3063672286,
                "y": 4318009.0283596795,
                "yaw": 1.7987628416678323
            },
            "heading": 1.7987628416678323,
            "speeds": {
                "vmax": 20.0
            },
            "type": 1,
            "driving_direction": 1,
            "id": "1003_4",
            "lane_type": 1
        },
        {
            "pos": {
                "x": 566903.1933686684,
                "y": 4318009.515423664,
                "yaw": 1.7987628416678323
            },
            "heading": 1.7987628416678323,
            "speeds": {
                "vmax": 20.0
            },
            "type": 1,
            "driving_direction": 1,
            "id": "1003_4",
            "lane_type": 1
        },
        {
            "pos": {
                "x": 566903.1804115151,
                "y": 4318009.5712736035,
                "yaw": 1.7987628416678323
            },
            "heading": 1.7987628416678323,
            "speeds": {
                "vmax": 20.0
            },
            "type": 1,
            "driving_direction": 1,
            "id": "1003_4",
            "lane_type": 1
        }
    ],
    "is_final_navi": true
}