{
    "header": {
        "trace_id": "74fef2ef31194f3ebf883f8412532e2a",
        "trans_id": "4f745ebb-aea0-4361-a9a7-0e3952f05277",
        "che_id": "A527",
        "timestamp": "2025-02-19T18:43:21.548877Z"
    },
    "task_id": "74fef2ef31194f3ebf883f8412532e2a",
    "navi_id": "A527_74fef2ef31194f3ebf883f8412532e2a_7",
    "seq_num": 7,
    "dest_type": 6,
    "mode": 2,
    "waypoints": [
        {
            "pos": {
                "x": 566932.2698310852,
                "y": 4317799.472216437,
                "yaw": 0.30744775783690625
            },
            "heading": 0.30744775783690625,
            "speeds": {
                "vmax": 15.0
            },
            "type": 2,
            "driving_direction": 1,
            "id": "1627_0",
            "lane_type": 4
        },
        {
            "pos": {
                "x": 566932.7798315556,
                "y": 4317799.638655761,
                "yaw": 0.33824172148962384
            },
            "heading": 0.33824172148962384,
            "speeds": {
                "vmax": 15.0
            },
            "type": 2,
            "driving_direction": 1,
            "id": "1627_0",
            "lane_type": 4
        },
        {
            "pos": {
                "x": 566933.2817404004,
                "y": 4317799.828973491,
                "yaw": 0.39601692952207845
            },
            "heading": 0.39601692952207845,
            "speeds": {
                "vmax": 15.0
            },
            "type": 2,
            "driving_direction": 1,
            "id": "1627_0",
            "lane_type": 4
        },
        {
            "pos": {
                "x": 566933.7675023598,
                "y": 4317800.052909518,
                "yaw": 0.45958533549075076
            },
            "heading": 0.45958533549075076,
            "speeds": {
                "vmax": 15.0
            },
            "type": 2,
            "driving_direction": 1,
            "id": "1627_0",
            "lane_type": 4
        },
        {
            "pos": {
                "x": 566934.2420967126,
                "y": 4317800.305069737,
                "yaw": 0.5146976994252171
            },
            "heading": 0.5146976994252171,
            "speeds": {
                "vmax": 15.0
            },
            "type": 2,
            "driving_direction": 1,
            "id": "1627_0",
            "lane_type": 4
        },
        {
            "pos": {
                "x": 566934.6995129767,
                "y": 4317800.581095166,
                "yaw": 0.5709225442176865
            },
            "heading": 0.5709225442176865,
            "speeds": {
                "vmax": 15.0
            },
            "type": 2,
            "driving_direction": 1,
            "id": "1627_0",
            "lane_type": 4
        },
        {
            "pos": {
                "x": 566935.1416283934,
                "y": 4317800.884267555,
                "yaw": 0.6290305419231706
            },
            "heading": 0.6290305419231706,
            "speeds": {
                "vmax": 15.0
            },
            "type": 2,
            "driving_direction": 1,
            "id": "1627_0",
            "lane_type": 4
        },
        {
            "pos": {
                "x": 566935.5660092812,
                "y": 4317801.213191728,
                "yaw": 0.6893416367863076
            },
            "heading": 0.6893416367863076,
            "speeds": {
                "vmax": 15.0
            },
            "type": 2,
            "driving_direction": 1,
            "id": "1627_0",
            "lane_type": 4
        },
        {
            "pos": {
                "x": 566935.9660316582,
                "y": 4317801.565908505,
                "yaw": 0.748763146354086
            },
            "heading": 0.748763146354086,
            "speeds": {
                "vmax": 15.0
            },
            "type": 2,
            "driving_direction": 1,
            "id": "1627_0",
            "lane_type": 4
        },
        {
            "pos": {
                "x": 566936.3478797968,
                "y": 4317801.941321292,
                "yaw": 0.8035265793372472
            },
            "heading": 0.8035265793372472,
            "speeds": {
                "vmax": 15.0
            },
            "type": 2,
            "driving_direction": 1,
            "id": "1627_0",
            "lane_type": 4
        },
        {
            "pos": {
                "x": 566936.7082278922,
                "y": 4317802.337602141,
                "yaw": 0.863186848353848
            },
            "heading": 0.863186848353848,
            "speeds": {
                "vmax": 15.0
            },
            "type": 2,
            "driving_direction": 1,
            "id": "1627_0",
            "lane_type": 4
        },
        {
            "pos": {
                "x": 566937.0412057112,
                "y": 4317802.754750242,
                "yaw": 0.9232174155737459
            },
            "heading": 0.9232174155737459,
            "speeds": {
                "vmax": 15.0
            },
            "type": 2,
            "driving_direction": 1,
            "id": "1627_0",
            "lane_type": 4
        },
        {
            "pos": {
                "x": 566937.3518446998,
                "y": 4317803.190425798,
                "yaw": 0.9866474688859146
            },
            "heading": 0.9866474688859146,
            "speeds": {
                "vmax": 15.0
            },
            "type": 2,
            "driving_direction": 1,
            "id": "1627_0",
            "lane_type": 4
        },
        {
            "pos": {
                "x": 566937.628111915,
                "y": 4317803.646831896,
                "yaw": 1.0566857858723704
            },
            "heading": 1.0566857858723704,
            "speeds": {
                "vmax": 15.0
            },
            "type": 2,
            "driving_direction": 1,
            "id": "1627_0",
            "lane_type": 4
        },
        {
            "pos": {
                "x": 566937.8755690405,
                "y": 4317804.120224694,
                "yaw": 1.1153429662153787
            },
            "heading": 1.1153429662153787,
            "speeds": {
                "vmax": 15.0
            },
            "type": 2,
            "driving_direction": 1,
            "id": "1627_0",
            "lane_type": 4
        },
        {
            "pos": {
                "x": 566938.0968780443,
                "y": 4317804.6062571695,
                "yaw": 1.1724571439551434
            },
            "heading": 1.1724571439551434,
            "speeds": {
                "vmax": 15.0
            },
            "type": 2,
            "driving_direction": 1,
            "id": "1627_0",
            "lane_type": 4
        },
        {
            "pos": {
                "x": 566938.2880760521,
                "y": 4317805.103981433,
                "yaw": 1.2307493023724956
            },
            "heading": 1.2307493023724956,
            "speeds": {
                "vmax": 15.0
            },
            "type": 2,
            "driving_direction": 1,
            "id": "1627_0",
            "lane_type": 4
        },
        {
            "pos": {
                "x": 566938.4516834295,
                "y": 4317805.611889985,
                "yaw": 1.2866023827906137
            },
            "heading": 1.2866023827906137,
            "speeds": {
                "vmax": 15.0
            },
            "type": 2,
            "driving_direction": 1,
            "id": "1627_0",
            "lane_type": 4
        },
        {
            "pos": {
                "x": 566938.5860806787,
                "y": 4317806.12740319,
                "yaw": 1.3467059171383353
            },
            "heading": 1.3467059171383353,
            "speeds": {
                "vmax": 15.0
            },
            "type": 2,
            "driving_direction": 1,
            "id": "1627_0",
            "lane_type": 4
        },
        {
            "pos": {
                "x": 566938.6874736473,
                "y": 4317806.650226416,
                "yaw": 1.4078437392929555
            },
            "heading": 1.4078437392929555,
            "speeds": {
                "vmax": 15.0
            },
            "type": 2,
            "driving_direction": 1,
            "id": "1627_0",
            "lane_type": 4
        },
        {
            "pos": {
                "x": 566938.7583820934,
                "y": 4317807.177925292,
                "yaw": 1.4604379153054645
            },
            "heading": 1.4604379153054645,
            "speeds": {
                "vmax": 15.0
            },
            "type": 2,
            "driving_direction": 1,
            "id": "1627_0",
            "lane_type": 4
        },
        {
            "pos": {
                "x": 566938.8045949975,
                "y": 4317807.708275763,
                "yaw": 1.5150455810741956
            },
            "heading": 1.5150455810741956,
            "speeds": {
                "vmax": 15.0
            },
            "type": 2,
            "driving_direction": 1,
            "id": "1627_0",
            "lane_type": 4
        },
        {
            "pos": {
                "x": 566938.8177210379,
                "y": 4317808.239055609,
                "yaw": 1.577257378127081
            },
            "heading": 1.577257378127081,
            "speeds": {
                "vmax": 15.0
            },
            "type": 2,
            "driving_direction": 1,
            "id": "1627_0",
            "lane_type": 4
        },
        {
            "pos": {
                "x": 566938.7982269925,
                "y": 4317808.769283263,
                "yaw": 1.6436141425216764
            },
            "heading": 1.6436141425216764,
            "speeds": {
                "vmax": 15.0
            },
            "type": 2,
            "driving_direction": 1,
            "id": "1627_0",
            "lane_type": 4
        },
        {
            "pos": {
                "x": 566938.7420789679,
                "y": 4317809.297050638,
                "yaw": 1.7015652189423174
            },
            "heading": 1.7015652189423174,
            "speeds": {
                "vmax": 15.0
            },
            "type": 2,
            "driving_direction": 1,
            "id": "1627_0",
            "lane_type": 4
        },
        {
            "pos": {
                "x": 566938.6610075037,
                "y": 4317809.821078834,
                "yaw": 1.751586264366961
            },
            "heading": 1.751586264366961,
            "speeds": {
                "vmax": 15.0
            },
            "type": 2,
            "driving_direction": 1,
            "id": "1627_0",
            "lane_type": 4
        },
        {
            "pos": {
                "x": 566938.5533663566,
                "y": 4317810.339040246,
                "yaw": 1.80518791604651
            },
            "heading": 1.80518791604651,
            "speeds": {
                "vmax": 15.0
            },
            "type": 2,
            "driving_direction": 1,
            "id": "1627_0",
            "lane_type": 4
        },
        {
            "pos": {
                "x": 566938.4182853302,
                "y": 4317810.851247579,
                "yaw": 1.8466252789841577
            },
            "heading": 1.8466252789841577,
            "speeds": {
                "vmax": 15.0
            },
            "type": 2,
            "driving_direction": 1,
            "id": "1627_0",
            "lane_type": 4
        },
        {
            "pos": {
                "x": 566938.2654192719,
                "y": 4317811.360309772,
                "yaw": 1.890330997194489
            },
            "heading": 1.890330997194489,
            "speeds": {
                "vmax": 15.0
            },
            "type": 2,
            "driving_direction": 1,
            "id": "1627_0",
            "lane_type": 4
        },
        {
            "pos": {
                "x": 566938.087764281,
                "y": 4317811.861588404,
                "yaw": 1.9336910368687372
            },
            "heading": 1.9336910368687372,
            "speeds": {
                "vmax": 15.0
            },
            "type": 2,
            "driving_direction": 1,
            "id": "1627_0",
            "lane_type": 4
        },
        {
            "pos": {
                "x": 566937.8900864436,
                "y": 4317812.357971592,
                "yaw": 1.964692203653167
            },
            "heading": 1.964692203653167,
            "speeds": {
                "vmax": 15.0
            },
            "type": 2,
            "driving_direction": 1,
            "id": "1627_0",
            "lane_type": 4
        },
        {
            "pos": {
                "x": 566937.6793670338,
                "y": 4317812.848979415,
                "yaw": 1.9910770844297194
            },
            "heading": 1.9910770844297194,
            "speeds": {
                "vmax": 15.0
            },
            "type": 2,
            "driving_direction": 1,
            "id": "1627_0",
            "lane_type": 4
        },
        {
            "pos": {
                "x": 566937.4557142791,
                "y": 4317813.334942762,
                "yaw": 2.01492760187555
            },
            "heading": 2.01492760187555,
            "speeds": {
                "vmax": 15.0
            },
            "type": 2,
            "driving_direction": 1,
            "id": "1627_0",
            "lane_type": 4
        },
        {
            "pos": {
                "x": 566937.2213112223,
                "y": 4317813.816578813,
                "yaw": 2.029945180346842
            },
            "heading": 2.029945180346842,
            "speeds": {
                "vmax": 15.0
            },
            "type": 2,
            "driving_direction": 1,
            "id": "1627_0",
            "lane_type": 4
        },
        {
            "pos": {
                "x": 566936.9815342613,
                "y": 4317814.295859936,
                "yaw": 2.0404313519899597
            },
            "heading": 2.0404313519899597,
            "speeds": {
                "vmax": 15.0
            },
            "type": 2,
            "driving_direction": 1,
            "id": "1627_0",
            "lane_type": 4
        },
        {
            "pos": {
                "x": 566936.7369287546,
                "y": 4317814.772995222,
                "yaw": 2.047887656503372
            },
            "heading": 2.047887656503372,
            "speeds": {
                "vmax": 15.0
            },
            "type": 2,
            "driving_direction": 1,
            "id": "1627_0",
            "lane_type": 4
        },
        {
            "pos": {
                "x": 566936.4898777076,
                "y": 4317815.248614537,
                "yaw": 2.0490684249885405
            },
            "heading": 2.0490684249885405,
            "speeds": {
                "vmax": 15.0
            },
            "type": 2,
            "driving_direction": 1,
            "id": "1627_0",
            "lane_type": 4
        },
        {
            "pos": {
                "x": 566936.2438399503,
                "y": 4317815.724665588,
                "yaw": 2.04271584322135
            },
            "heading": 2.04271584322135,
            "speeds": {
                "vmax": 15.0
            },
            "type": 2,
            "driving_direction": 1,
            "id": "1627_0",
            "lane_type": 4
        },
        {
            "pos": {
                "x": 566936.0018160203,
                "y": 4317816.2031664215,
                "yaw": 2.0378325834239632
            },
            "heading": 2.0378325834239632,
            "speeds": {
                "vmax": 15.0
            },
            "type": 2,
            "driving_direction": 1,
            "id": "1627_0",
            "lane_type": 4
        },
        {
            "pos": {
                "x": 566935.7620687345,
                "y": 4317816.681149388,
                "yaw": 2.0267985917253015
            },
            "heading": 2.0267985917253015,
            "speeds": {
                "vmax": 15.0
            },
            "type": 2,
            "driving_direction": 1,
            "id": "1627_0",
            "lane_type": 4
        },
        {
            "pos": {
                "x": 566935.5299115181,
                "y": 4317817.163695918,
                "yaw": 2.007954697364694
            },
            "heading": 2.007954697364694,
            "speeds": {
                "vmax": 15.0
            },
            "type": 2,
            "driving_direction": 1,
            "id": "1627_0",
            "lane_type": 4
        },
        {
            "pos": {
                "x": 566935.3073415982,
                "y": 4317817.65115284,
                "yaw": 1.9907912889733068
            },
            "heading": 1.9907912889733068,
            "speeds": {
                "vmax": 15.0
            },
            "type": 2,
            "driving_direction": 1,
            "id": "1627_0",
            "lane_type": 4
        },
        {
            "pos": {
                "x": 566935.094461315,
                "y": 4317818.13670916,
                "yaw": 1.976382590192719
            },
            "heading": 1.976382590192719,
            "speeds": {
                "vmax": 15.0
            },
            "type": 2,
            "driving_direction": 1,
            "id": "1627_0",
            "lane_type": 4
        },
        {
            "pos": {
                "x": 566934.8863279736,
                "y": 4317818.630402574,
                "yaw": 1.9587071568495498
            },
            "heading": 1.9587071568495498,
            "speeds": {
                "vmax": 15.0
            },
            "type": 2,
            "driving_direction": 1,
            "id": "1627_0",
            "lane_type": 4
        },
        {
            "pos": {
                "x": 566934.6868426476,
                "y": 4317819.131242769,
                "yaw": 1.9388604062609642
            },
            "heading": 1.9388604062609642,
            "speeds": {
                "vmax": 15.0
            },
            "type": 2,
            "driving_direction": 1,
            "id": "1627_0",
            "lane_type": 4
        },
        {
            "pos": {
                "x": 566934.4999675159,
                "y": 4317819.628120242,
                "yaw": 1.9252388061051784
            },
            "heading": 1.9252388061051784,
            "speeds": {
                "vmax": 15.0
            },
            "type": 2,
            "driving_direction": 1,
            "id": "1627_0",
            "lane_type": 4
        },
        {
            "pos": {
                "x": 566934.3142680523,
                "y": 4317820.136078056,
                "yaw": 1.9183427429794784
            },
            "heading": 1.9183427429794784,
            "speeds": {
                "vmax": 15.0
            },
            "type": 2,
            "driving_direction": 1,
            "id": "1627_0",
            "lane_type": 4
        },
        {
            "pos": {
                "x": 566934.1326869864,
                "y": 4317820.641105917,
                "yaw": 1.9137895426942135
            },
            "heading": 1.9137895426942135,
            "speeds": {
                "vmax": 15.0
            },
            "type": 2,
            "driving_direction": 1,
            "id": "1627_0",
            "lane_type": 4
        },
        {
            "pos": {
                "x": 566933.9525416454,
                "y": 4317821.148475926,
                "yaw": 1.910170079007558
            },
            "heading": 1.910170079007558,
            "speeds": {
                "vmax": 15.0
            },
            "type": 2,
            "driving_direction": 1,
            "id": "1627_0",
            "lane_type": 4
        },
        {
            "pos": {
                "x": 566933.773879095,
                "y": 4317821.6571275,
                "yaw": 1.9068369583499218
            },
            "heading": 1.9068369583499218,
            "speeds": {
                "vmax": 15.0
            },
            "type": 2,
            "driving_direction": 1,
            "id": "1627_0",
            "lane_type": 4
        },
        {
            "pos": {
                "x": 566933.5985405529,
                "y": 4317822.161723822,
                "yaw": 1.9032367336246039
            },
            "heading": 1.9032367336246039,
            "speeds": {
                "vmax": 15.0
            },
            "type": 2,
            "driving_direction": 1,
            "id": "1627_0",
            "lane_type": 4
        },
        {
            "pos": {
                "x": 566933.4239546731,
                "y": 4317822.670402031,
                "yaw": 1.899311870058022
            },
            "heading": 1.899311870058022,
            "speeds": {
                "vmax": 15.0
            },
            "type": 2,
            "driving_direction": 1,
            "id": "1627_0",
            "lane_type": 4
        },
        {
            "pos": {
                "x": 566933.2516926872,
                "y": 4317823.179084289,
                "yaw": 1.8946452915447622
            },
            "heading": 1.8946452915447622,
            "speeds": {
                "vmax": 15.0
            },
            "type": 2,
            "driving_direction": 1,
            "id": "1627_0",
            "lane_type": 4
        },
        {
            "pos": {
                "x": 566933.0824057406,
                "y": 4317823.6877707355,
                "yaw": 1.888242047455695
            },
            "heading": 1.888242047455695,
            "speeds": {
                "vmax": 15.0
            },
            "type": 2,
            "driving_direction": 1,
            "id": "1627_0",
            "lane_type": 4
        },
        {
            "pos": {
                "x": 566932.918564639,
                "y": 4317824.192626382,
                "yaw": 1.8807931893107321
            },
            "heading": 1.8807931893107321,
            "speeds": {
                "vmax": 15.0
            },
            "type": 2,
            "driving_direction": 1,
            "id": "1627_0",
            "lane_type": 4
        },
        {
            "pos": {
                "x": 566932.7568956558,
                "y": 4317824.703476659,
                "yaw": 1.8740634804905492
            },
            "heading": 1.8740634804905492,
            "speeds": {
                "vmax": 15.0
            },
            "type": 2,
            "driving_direction": 1,
            "id": "1627_0",
            "lane_type": 4
        },
        {
            "pos": {
                "x": 566932.5985723864,
                "y": 4317825.214742921,
                "yaw": 1.8688149352137113
            },
            "heading": 1.8688149352137113,
            "speeds": {
                "vmax": 15.0
            },
            "type": 2,
            "driving_direction": 1,
            "id": "1627_0",
            "lane_type": 4
        },
        {
            "pos": {
                "x": 566932.4421842429,
                "y": 4317825.727787282,
                "yaw": 1.864441330525791
            },
            "heading": 1.864441330525791,
            "speeds": {
                "vmax": 15.0
            },
            "type": 2,
            "driving_direction": 1,
            "id": "1627_0",
            "lane_type": 4
        },
        {
            "pos": {
                "x": 566932.2880535368,
                "y": 4317826.241444571,
                "yaw": 1.8598777678839873
            },
            "heading": 1.8598777678839873,
            "speeds": {
                "vmax": 15.0
            },
            "type": 2,
            "driving_direction": 1,
            "id": "1627_0",
            "lane_type": 4
        },
        {
            "pos": {
                "x": 566932.1365234789,
                "y": 4317826.755307531,
                "yaw": 1.8554749376631217
            },
            "heading": 1.8554749376631217,
            "speeds": {
                "vmax": 15.0
            },
            "type": 2,
            "driving_direction": 1,
            "id": "1627_0",
            "lane_type": 4
        },
        {
            "pos": {
                "x": 566931.9870525077,
                "y": 4317827.269872045,
                "yaw": 1.852455607578819
            },
            "heading": 1.852455607578819,
            "speeds": {
                "vmax": 15.0
            },
            "type": 2,
            "driving_direction": 1,
            "id": "1627_0",
            "lane_type": 4
        },
        {
            "pos": {
                "x": 566931.8386156112,
                "y": 4317827.784780115,
                "yaw": 1.8514538478159879
            },
            "heading": 1.8514538478159879,
            "speeds": {
                "vmax": 15.0
            },
            "type": 2,
            "driving_direction": 1,
            "id": "1627_0",
            "lane_type": 4
        },
        {
            "pos": {
                "x": 566931.6901860696,
                "y": 4317828.299669653,
                "yaw": 1.8524860832197088
            },
            "heading": 1.8524860832197088,
            "speeds": {
                "vmax": 15.0
            },
            "type": 2,
            "driving_direction": 1,
            "id": "1627_0",
            "lane_type": 4
        },
        {
            "pos": {
                "x": 566931.5407349367,
                "y": 4317828.81424622,
                "yaw": 1.7988003513293782
            },
            "heading": 1.7988003513293782,
            "speeds": {
                "vmax": 20.0
            },
            "type": 1,
            "driving_direction": 1,
            "id": "1019_1",
            "lane_type": 1
        },
        {
            "pos": {
                "x": 566931.4280274413,
                "y": 4317829.299973071,
                "yaw": 1.7988002622190222
            },
            "heading": 1.7988002622190222,
            "speeds": {
                "vmax": 20.0
            },
            "type": 1,
            "driving_direction": 1,
            "id": "1019_1",
            "lane_type": 1
        },
        {
            "pos": {
                "x": 566931.3153117816,
                "y": 4317829.785735106,
                "yaw": 1.798800311738222
            },
            "heading": 1.798800311738222,
            "speeds": {
                "vmax": 20.0
            },
            "type": 1,
            "driving_direction": 1,
            "id": "1019_1",
            "lane_type": 1
        },
        {
            "pos": {
                "x": 566931.202596959,
                "y": 4317830.271493534,
                "yaw": 1.7988002085992234
            },
            "heading": 1.7988002085992234,
            "speeds": {
                "vmax": 20.0
            },
            "type": 1,
            "driving_direction": 1,
            "id": "1019_1",
            "lane_type": 1
        },
        {
            "pos": {
                "x": 566931.0898784124,
                "y": 4317830.757268011,
                "yaw": 1.7988001866792351
            },
            "heading": 1.7988001866792351,
            "speeds": {
                "vmax": 20.0
            },
            "type": 1,
            "driving_direction": 1,
            "id": "1019_1",
            "lane_type": 1
        },
        {
            "pos": {
                "x": 566930.9771607013,
                "y": 4317831.243038887,
                "yaw": 1.798800474647132
            },
            "heading": 1.798800474647132,
            "speeds": {
                "vmax": 20.0
            },
            "type": 1,
            "driving_direction": 1,
            "id": "1019_1",
            "lane_type": 1
        },
        {
            "pos": {
                "x": 566930.8644466745,
                "y": 4317831.728793886,
                "yaw": 1.7988003467486893
            },
            "heading": 1.7988003467486893,
            "speeds": {
                "vmax": 20.0
            },
            "type": 1,
            "driving_direction": 1,
            "id": "1019_1",
            "lane_type": 1
        },
        {
            "pos": {
                "x": 566930.7517296936,
                "y": 4317832.214561615,
                "yaw": 1.7988000928451626
            },
            "heading": 1.7988000928451626,
            "speeds": {
                "vmax": 20.0
            },
            "type": 1,
            "driving_direction": 1,
            "id": "1019_1",
            "lane_type": 1
        },
        {
            "pos": {
                "x": 566930.6390126527,
                "y": 4317832.700329604,
                "yaw": 1.7988002664764895
            },
            "heading": 1.7988002664764895,
            "speeds": {
                "vmax": 20.0
            },
            "type": 1,
            "driving_direction": 1,
            "id": "1019_1",
            "lane_type": 1
        },
        {
            "pos": {
                "x": 566930.526296654,
                "y": 4317833.1860931,
                "yaw": 1.7988003360239555
            },
            "heading": 1.7988003360239555,
            "speeds": {
                "vmax": 20.0
            },
            "type": 1,
            "driving_direction": 1,
            "id": "1019_1",
            "lane_type": 1
        },
        {
            "pos": {
                "x": 566930.413579542,
                "y": 4317833.671861395,
                "yaw": 1.7988001969291163
            },
            "heading": 1.7988001969291163,
            "speeds": {
                "vmax": 20.0
            },
            "type": 1,
            "driving_direction": 1,
            "id": "1019_1",
            "lane_type": 1
        },
        {
            "pos": {
                "x": 566930.3008635122,
                "y": 4317834.157625025,
                "yaw": 1.7988003710339888
            },
            "heading": 1.7988003710339888,
            "speeds": {
                "vmax": 20.0
            },
            "type": 1,
            "driving_direction": 1,
            "id": "1019_1",
            "lane_type": 1
        },
        {
            "pos": {
                "x": 566930.1881459968,
                "y": 4317834.643395059,
                "yaw": 1.7988003603091567
            },
            "heading": 1.7988003603091567,
            "speeds": {
                "vmax": 20.0
            },
            "type": 1,
            "driving_direction": 1,
            "id": "1019_1",
            "lane_type": 1
        },
        {
            "pos": {
                "x": 566930.0754280856,
                "y": 4317835.129166797,
                "yaw": 1.798800124065842
            },
            "heading": 1.798800124065842,
            "speeds": {
                "vmax": 20.0
            },
            "type": 1,
            "driving_direction": 1,
            "id": "1019_1",
            "lane_type": 1
        },
        {
            "pos": {
                "x": 566929.9627205335,
                "y": 4317835.614893892,
                "yaw": 1.7988003881625099
            },
            "heading": 1.7988003881625099,
            "speeds": {
                "vmax": 20.0
            },
            "type": 1,
            "driving_direction": 1,
            "id": "1018_1",
            "lane_type": 1
        },
        {
            "pos": {
                "x": 566929.8494402289,
                "y": 4317836.103089334,
                "yaw": 1.798800012039109
            },
            "heading": 1.798800012039109,
            "speeds": {
                "vmax": 20.0
            },
            "type": 1,
            "driving_direction": 1,
            "id": "1018_1",
            "lane_type": 1
        },
        {
            "pos": {
                "x": 566929.7361492319,
                "y": 4317836.591330858,
                "yaw": 1.7988002117886672
            },
            "heading": 1.7988002117886672,
            "speeds": {
                "vmax": 20.0
            },
            "type": 1,
            "driving_direction": 1,
            "id": "1018_1",
            "lane_type": 1
        },
        {
            "pos": {
                "x": 566929.6228605285,
                "y": 4317837.0795624945,
                "yaw": 1.7988002229288718
            },
            "heading": 1.7988002229288718,
            "speeds": {
                "vmax": 20.0
            },
            "type": 1,
            "driving_direction": 1,
            "id": "1018_1",
            "lane_type": 1
        },
        {
            "pos": {
                "x": 566929.5095704696,
                "y": 4317837.567799974,
                "yaw": 1.7988002466217685
            },
            "heading": 1.7988002466217685,
            "speeds": {
                "vmax": 20.0
            },
            "type": 1,
            "driving_direction": 1,
            "id": "1018_1",
            "lane_type": 1
        },
        {
            "pos": {
                "x": 566929.3962804405,
                "y": 4317838.056037327,
                "yaw": 1.798800164873186
            },
            "heading": 1.798800164873186,
            "speeds": {
                "vmax": 20.0
            },
            "type": 1,
            "driving_direction": 1,
            "id": "1018_1",
            "lane_type": 1
        },
        {
            "pos": {
                "x": 566929.2829925247,
                "y": 4317838.54426557,
                "yaw": 1.7988003608503402
            },
            "heading": 1.7988003608503402,
            "speeds": {
                "vmax": 20.0
            },
            "type": 1,
            "driving_direction": 1,
            "id": "1018_1",
            "lane_type": 1
        },
        {
            "pos": {
                "x": 566929.169703091,
                "y": 4317839.032500356,
                "yaw": 1.7988001087026844
            },
            "heading": 1.7988001087026844,
            "speeds": {
                "vmax": 20.0
            },
            "type": 1,
            "driving_direction": 1,
            "id": "1018_1",
            "lane_type": 1
        },
        {
            "pos": {
                "x": 566929.0564110172,
                "y": 4317839.52074652,
                "yaw": 1.7988002238705576
            },
            "heading": 1.7988002238705576,
            "speeds": {
                "vmax": 20.0
            },
            "type": 1,
            "driving_direction": 1,
            "id": "1018_1",
            "lane_type": 1
        },
        {
            "pos": {
                "x": 566928.9431222813,
                "y": 4317840.008978297,
                "yaw": 1.7988003274281055
            },
            "heading": 1.7988003274281055,
            "speeds": {
                "vmax": 20.0
            },
            "type": 1,
            "driving_direction": 1,
            "id": "1018_1",
            "lane_type": 1
        },
        {
            "pos": {
                "x": 566928.8298308526,
                "y": 4317840.49722168,
                "yaw": 1.7988000134546924
            },
            "heading": 1.7988000134546924,
            "speeds": {
                "vmax": 20.0
            },
            "type": 1,
            "driving_direction": 1,
            "id": "1018_1",
            "lane_type": 1
        },
        {
            "pos": {
                "x": 566928.7165476324,
                "y": 4317840.985429689,
                "yaw": 1.7988001852693403
            },
            "heading": 1.7988001852693403,
            "speeds": {
                "vmax": 20.0
            },
            "type": 1,
            "driving_direction": 1,
            "id": "1018_1",
            "lane_type": 1
        },
        {
            "pos": {
                "x": 566928.6032590854,
                "y": 4317841.473660654,
                "yaw": 1.7988000143983922
            },
            "heading": 1.7988000143983922,
            "speeds": {
                "vmax": 20.0
            },
            "type": 1,
            "driving_direction": 1,
            "id": "1018_1",
            "lane_type": 1
        },
        {
            "pos": {
                "x": 566928.4899707641,
                "y": 4317841.961890647,
                "yaw": 1.7988003009128521
            },
            "heading": 1.7988003009128521,
            "speeds": {
                "vmax": 20.0
            },
            "type": 1,
            "driving_direction": 1,
            "id": "1018_1",
            "lane_type": 1
        },
        {
            "pos": {
                "x": 566928.3766868219,
                "y": 4317842.450101767,
                "yaw": 1.798800169049647
            },
            "heading": 1.798800169049647,
            "speeds": {
                "vmax": 20.0
            },
            "type": 1,
            "driving_direction": 1,
            "id": "1017_1",
            "lane_type": 1
        },
        {
            "pos": {
                "x": 566928.2639225891,
                "y": 4317842.936073135,
                "yaw": 1.798800079991032
            },
            "heading": 1.798800079991032,
            "speeds": {
                "vmax": 20.0
            },
            "type": 1,
            "driving_direction": 1,
            "id": "1017_1",
            "lane_type": 1
        },
        {
            "pos": {
                "x": 566928.1511501882,
                "y": 4317843.422079705,
                "yaw": 1.7988004308727064
            },
            "heading": 1.7988004308727064,
            "speeds": {
                "vmax": 20.0
            },
            "type": 1,
            "driving_direction": 1,
            "id": "1017_1",
            "lane_type": 1
        },
        {
            "pos": {
                "x": 566928.0383786245,
                "y": 4317843.908082666,
                "yaw": 1.7988001887593037
            },
            "heading": 1.7988001887593037,
            "speeds": {
                "vmax": 20.0
            },
            "type": 1,
            "driving_direction": 1,
            "id": "1017_1",
            "lane_type": 1
        },
        {
            "pos": {
                "x": 566927.925603335,
                "y": 4317844.394101684,
                "yaw": 1.798800456560585
            },
            "heading": 1.798800456560585,
            "speeds": {
                "vmax": 20.0
            },
            "type": 1,
            "driving_direction": 1,
            "id": "1017_1",
            "lane_type": 1
        },
        {
            "pos": {
                "x": 566927.8128288814,
                "y": 4317844.8801171,
                "yaw": 1.798800141628845
            },
            "heading": 1.798800141628845,
            "speeds": {
                "vmax": 20.0
            },
            "type": 1,
            "driving_direction": 1,
            "id": "1017_1",
            "lane_type": 1
        },
        {
            "pos": {
                "x": 566927.700058114,
                "y": 4317845.366116629,
                "yaw": 1.7988004658653398
            },
            "heading": 1.7988004658653398,
            "speeds": {
                "vmax": 20.0
            },
            "type": 1,
            "driving_direction": 1,
            "id": "1017_1",
            "lane_type": 1
        },
        {
            "pos": {
                "x": 566927.5872843908,
                "y": 4317845.852128896,
                "yaw": 1.7987998528636786
            },
            "heading": 1.7987998528636786,
            "speeds": {
                "vmax": 20.0
            },
            "type": 1,
            "driving_direction": 1,
            "id": "1017_1",
            "lane_type": 1
        },
        {
            "pos": {
                "x": 566927.4745106078,
                "y": 4317846.338141422,
                "yaw": 1.7988003856323267
            },
            "heading": 1.7988003856323267,
            "speeds": {
                "vmax": 20.0
            },
            "type": 1,
            "driving_direction": 1,
            "id": "1017_1",
            "lane_type": 1
        },
        {
            "pos": {
                "x": 566927.3617378675,
                "y": 4317846.824149454,
                "yaw": 1.7988003972964495
            },
            "heading": 1.7988003972964495,
            "speeds": {
                "vmax": 20.0
            },
            "type": 1,
            "driving_direction": 1,
            "id": "1017_1",
            "lane_type": 1
        },
        {
            "pos": {
                "x": 566927.2489640133,
                "y": 4317847.310162287,
                "yaw": 1.7988001654308023
            },
            "heading": 1.7988001654308023,
            "speeds": {
                "vmax": 20.0
            },
            "type": 1,
            "driving_direction": 1,
            "id": "1017_1",
            "lane_type": 1
        },
        {
            "pos": {
                "x": 566927.1361912419,
                "y": 4317847.796170454,
                "yaw": 1.7988002004235302
            },
            "heading": 1.7988002004235302,
            "speeds": {
                "vmax": 20.0
            },
            "type": 1,
            "driving_direction": 1,
            "id": "1017_1",
            "lane_type": 1
        },
        {
            "pos": {
                "x": 566927.023416984,
                "y": 4317848.282185025,
                "yaw": 1.7988003287289647
            },
            "heading": 1.7988003287289647,
            "speeds": {
                "vmax": 20.0
            },
            "type": 1,
            "driving_direction": 1,
            "id": "1017_1",
            "lane_type": 1
        },
        {
            "pos": {
                "x": 566926.9106423303,
                "y": 4317848.768201303,
                "yaw": 1.7988004751705278
            },
            "heading": 1.7988004751705278,
            "speeds": {
                "vmax": 20.0
            },
            "type": 1,
            "driving_direction": 1,
            "id": "1017_1",
            "lane_type": 1
        },
        {
            "pos": {
                "x": 566926.7978780407,
                "y": 4317849.254172916,
                "yaw": 1.7988002066130087
            },
            "heading": 1.7988002066130087,
            "speeds": {
                "vmax": 20.0
            },
            "type": 1,
            "driving_direction": 1,
            "id": "1016_1",
            "lane_type": 1
        },
        {
            "pos": {
                "x": 566926.6841703828,
                "y": 4317849.744210089,
                "yaw": 1.7988004976891168
            },
            "heading": 1.7988004976891168,
            "speeds": {
                "vmax": 20.0
            },
            "type": 1,
            "driving_direction": 1,
            "id": "1016_1",
            "lane_type": 1
        },
        {
            "pos": {
                "x": 566926.5704544883,
                "y": 4317850.23428276,
                "yaw": 1.798800316820569
            },
            "heading": 1.798800316820569,
            "speeds": {
                "vmax": 20.0
            },
            "type": 1,
            "driving_direction": 1,
            "id": "1016_1",
            "lane_type": 1
        },
        {
            "pos": {
                "x": 566926.4567394385,
                "y": 4317850.724351792,
                "yaw": 1.798800306659086
            },
            "heading": 1.798800306659086,
            "speeds": {
                "vmax": 20.0
            },
            "type": 1,
            "driving_direction": 1,
            "id": "1016_1",
            "lane_type": 1
        },
        {
            "pos": {
                "x": 566926.3430206315,
                "y": 4317851.2144370135,
                "yaw": 1.7988003538653972
            },
            "heading": 1.7988003538653972,
            "speeds": {
                "vmax": 20.0
            },
            "type": 1,
            "driving_direction": 1,
            "id": "1016_1",
            "lane_type": 1
        },
        {
            "pos": {
                "x": 566926.2293026673,
                "y": 4317851.704518604,
                "yaw": 1.7987998805380054
            },
            "heading": 1.7987998805380054,
            "speeds": {
                "vmax": 20.0
            },
            "type": 1,
            "driving_direction": 1,
            "id": "1016_1",
            "lane_type": 1
        },
        {
            "pos": {
                "x": 566926.1155884201,
                "y": 4317852.194584176,
                "yaw": 1.7988003630905731
            },
            "heading": 1.7988003630905731,
            "speeds": {
                "vmax": 20.0
            },
            "type": 1,
            "driving_direction": 1,
            "id": "1016_1",
            "lane_type": 1
        },
        {
            "pos": {
                "x": 566926.0018711927,
                "y": 4317852.684662592,
                "yaw": 1.798800191922928
            },
            "heading": 1.798800191922928,
            "speeds": {
                "vmax": 20.0
            },
            "type": 1,
            "driving_direction": 1,
            "id": "1016_1",
            "lane_type": 1
        },
        {
            "pos": {
                "x": 566925.8881539046,
                "y": 4317853.174741268,
                "yaw": 1.7988003524600298
            },
            "heading": 1.7988003524600298,
            "speeds": {
                "vmax": 20.0
            },
            "type": 1,
            "driving_direction": 1,
            "id": "1016_1",
            "lane_type": 1
        },
        {
            "pos": {
                "x": 566925.774437668,
                "y": 4317853.664815413,
                "yaw": 1.7988000535825222
            },
            "heading": 1.7988000535825222,
            "speeds": {
                "vmax": 20.0
            },
            "type": 1,
            "driving_direction": 1,
            "id": "1016_1",
            "lane_type": 1
        },
        {
            "pos": {
                "x": 566925.6607203084,
                "y": 4317854.1548943985,
                "yaw": 1.7988002145886408
            },
            "heading": 1.7988002145886408,
            "speeds": {
                "vmax": 20.0
            },
            "type": 1,
            "driving_direction": 1,
            "id": "1016_1",
            "lane_type": 1
        },
        {
            "pos": {
                "x": 566925.5470040406,
                "y": 4317854.644968679,
                "yaw": 1.798800306659086
            },
            "heading": 1.798800306659086,
            "speeds": {
                "vmax": 20.0
            },
            "type": 1,
            "driving_direction": 1,
            "id": "1016_1",
            "lane_type": 1
        },
        {
            "pos": {
                "x": 566925.4332862739,
                "y": 4317855.135049418,
                "yaw": 1.798800066089722
            },
            "heading": 1.798800066089722,
            "speeds": {
                "vmax": 20.0
            },
            "type": 1,
            "driving_direction": 1,
            "id": "1016_1",
            "lane_type": 1
        },
        {
            "pos": {
                "x": 566925.3195681078,
                "y": 4317855.625131878,
                "yaw": 1.7988001423668651
            },
            "heading": 1.7988001423668651,
            "speeds": {
                "vmax": 20.0
            },
            "type": 1,
            "driving_direction": 1,
            "id": "1016_1",
            "lane_type": 1
        },
        {
            "pos": {
                "x": 566925.2058603929,
                "y": 4317856.115169299,
                "yaw": 1.79880032792397
            },
            "heading": 1.79880032792397,
            "speeds": {
                "vmax": 20.0
            },
            "type": 1,
            "driving_direction": 1,
            "id": "1015_1",
            "lane_type": 1
        },
        {
            "pos": {
                "x": 566925.0944260914,
                "y": 4317856.595409164,
                "yaw": 1.7988001556475135
            },
            "heading": 1.7988001556475135,
            "speeds": {
                "vmax": 20.0
            },
            "type": 1,
            "driving_direction": 1,
            "id": "1015_1",
            "lane_type": 1
        },
        {
            "pos": {
                "x": 566924.9829837179,
                "y": 4317857.075683815,
                "yaw": 1.798800182128647
            },
            "heading": 1.798800182128647,
            "speeds": {
                "vmax": 20.0
            },
            "type": 1,
            "driving_direction": 1,
            "id": "1015_1",
            "lane_type": 1
        },
        {
            "pos": {
                "x": 566924.871542172,
                "y": 4317857.5559549015,
                "yaw": 1.7988000192747085
            },
            "heading": 1.7988000192747085,
            "speeds": {
                "vmax": 20.0
            },
            "type": 1,
            "driving_direction": 1,
            "id": "1015_1",
            "lane_type": 1
        },
        {
            "pos": {
                "x": 566924.7600969442,
                "y": 4317858.036241855,
                "yaw": 1.7987999853033725
            },
            "heading": 1.7987999853033725,
            "speeds": {
                "vmax": 20.0
            },
            "type": 1,
            "driving_direction": 1,
            "id": "1015_1",
            "lane_type": 1
        },
        {
            "pos": {
                "x": 566924.6486525424,
                "y": 4317858.516525248,
                "yaw": 1.7988004290455664
            },
            "heading": 1.7988004290455664,
            "speeds": {
                "vmax": 20.0
            },
            "type": 1,
            "driving_direction": 1,
            "id": "1015_1",
            "lane_type": 1
        },
        {
            "pos": {
                "x": 566924.5372117832,
                "y": 4317858.996792943,
                "yaw": 1.798800534321059
            },
            "heading": 1.798800534321059,
            "speeds": {
                "vmax": 20.0
            },
            "type": 1,
            "driving_direction": 1,
            "id": "1015_1",
            "lane_type": 1
        },
        {
            "pos": {
                "x": 566924.4257681035,
                "y": 4317859.477073225,
                "yaw": 1.7987999021987657
            },
            "heading": 1.7987999021987657,
            "speeds": {
                "vmax": 20.0
            },
            "type": 1,
            "driving_direction": 1,
            "id": "1015_1",
            "lane_type": 1
        },
        {
            "pos": {
                "x": 566924.3143243643,
                "y": 4317859.957353762,
                "yaw": 1.7988002184967533
            },
            "heading": 1.7988002184967533,
            "speeds": {
                "vmax": 20.0
            },
            "type": 1,
            "driving_direction": 1,
            "id": "1015_1",
            "lane_type": 1
        },
        {
            "pos": {
                "x": 566924.2028816554,
                "y": 4317860.437629861,
                "yaw": 1.7988006056176515
            },
            "heading": 1.7988006056176515,
            "speeds": {
                "vmax": 20.0
            },
            "type": 1,
            "driving_direction": 1,
            "id": "1015_1",
            "lane_type": 1
        },
        {
            "pos": {
                "x": 566924.091437846,
                "y": 4317860.917910701,
                "yaw": 1.79879984318055
            },
            "heading": 1.79879984318055,
            "speeds": {
                "vmax": 20.0
            },
            "type": 1,
            "driving_direction": 1,
            "id": "1015_1",
            "lane_type": 1
        },
        {
            "pos": {
                "x": 566923.9799951065,
                "y": 4317861.3981869295,
                "yaw": 1.7988004885396298
            },
            "heading": 1.7988004885396298,
            "speeds": {
                "vmax": 20.0
            },
            "type": 1,
            "driving_direction": 1,
            "id": "1015_1",
            "lane_type": 1
        },
        {
            "pos": {
                "x": 566923.8685508983,
                "y": 4317861.8784694895,
                "yaw": 1.7988001491127992
            },
            "heading": 1.7988001491127992,
            "speeds": {
                "vmax": 20.0
            },
            "type": 1,
            "driving_direction": 1,
            "id": "1015_1",
            "lane_type": 1
        },
        {
            "pos": {
                "x": 566923.7571062986,
                "y": 4317862.358753735,
                "yaw": 1.798800473394351
            },
            "heading": 1.798800473394351,
            "speeds": {
                "vmax": 20.0
            },
            "type": 1,
            "driving_direction": 1,
            "id": "1015_1",
            "lane_type": 1
        },
        {
            "pos": {
                "x": 566923.645671941,
                "y": 4317862.838993842,
                "yaw": 1.7988002194500696
            },
            "heading": 1.7988002194500696,
            "speeds": {
                "vmax": 20.0
            },
            "type": 1,
            "driving_direction": 1,
            "id": "1014_1",
            "lane_type": 1
        },
        {
            "pos": {
                "x": 566923.5318965255,
                "y": 4317863.329323025,
                "yaw": 1.7988000507224668
            },
            "heading": 1.7988000507224668,
            "speeds": {
                "vmax": 20.0
            },
            "type": 1,
            "driving_direction": 1,
            "id": "1014_1",
            "lane_type": 1
        },
        {
            "pos": {
                "x": 566923.4181128687,
                "y": 4317863.819687728,
                "yaw": 1.7988001802395632
            },
            "heading": 1.7988001802395632,
            "speeds": {
                "vmax": 20.0
            },
            "type": 1,
            "driving_direction": 1,
            "id": "1014_1",
            "lane_type": 1
        },
        {
            "pos": {
                "x": 566923.304330057,
                "y": 4317864.310048787,
                "yaw": 1.7988003194355195
            },
            "heading": 1.7988003194355195,
            "speeds": {
                "vmax": 20.0
            },
            "type": 1,
            "driving_direction": 1,
            "id": "1014_1",
            "lane_type": 1
        },
        {
            "pos": {
                "x": 566923.1905434857,
                "y": 4317864.800426047,
                "yaw": 1.798800056357778
            },
            "heading": 1.798800056357778,
            "speeds": {
                "vmax": 20.0
            },
            "type": 1,
            "driving_direction": 1,
            "id": "1014_1",
            "lane_type": 1
        },
        {
            "pos": {
                "x": 566923.0767577579,
                "y": 4317865.290799674,
                "yaw": 1.7988002727248917
            },
            "heading": 1.7988002727248917,
            "speeds": {
                "vmax": 20.0
            },
            "type": 1,
            "driving_direction": 1,
            "id": "1014_1",
            "lane_type": 1
        },
        {
            "pos": {
                "x": 566922.9629757493,
                "y": 4317865.781157272,
                "yaw": 1.7988003758335374
            },
            "heading": 1.7988003758335374,
            "speeds": {
                "vmax": 20.0
            },
            "type": 1,
            "driving_direction": 1,
            "id": "1014_1",
            "lane_type": 1
        },
        {
            "pos": {
                "x": 566922.8491907588,
                "y": 4317866.271527721,
                "yaw": 1.798800285222497
            },
            "heading": 1.798800285222497,
            "speeds": {
                "vmax": 20.0
            },
            "type": 1,
            "driving_direction": 1,
            "id": "1014_1",
            "lane_type": 1
        },
        {
            "pos": {
                "x": 566922.7354057075,
                "y": 4317866.761898432,
                "yaw": 1.7988002158593521
            },
            "heading": 1.7988002158593521,
            "speeds": {
                "vmax": 20.0
            },
            "type": 1,
            "driving_direction": 1,
            "id": "1014_1",
            "lane_type": 1
        },
        {
            "pos": {
                "x": 566922.6216217082,
                "y": 4317867.25226461,
                "yaw": 1.7988002963145184
            },
            "heading": 1.7988002963145184,
            "speeds": {
                "vmax": 20.0
            },
            "type": 1,
            "driving_direction": 1,
            "id": "1014_1",
            "lane_type": 1
        },
        {
            "pos": {
                "x": 566922.5078365852,
                "y": 4317867.742635629,
                "yaw": 1.7987999976152764
            },
            "heading": 1.7987999976152764,
            "speeds": {
                "vmax": 20.0
            },
            "type": 1,
            "driving_direction": 1,
            "id": "1014_1",
            "lane_type": 1
        },
        {
            "pos": {
                "x": 566922.3940525547,
                "y": 4317868.233001941,
                "yaw": 1.7988006181351537
            },
            "heading": 1.7988006181351537,
            "speeds": {
                "vmax": 20.0
            },
            "type": 1,
            "driving_direction": 1,
            "id": "1014_1",
            "lane_type": 1
        },
        {
            "pos": {
                "x": 566922.2802670244,
                "y": 4317868.723374715,
                "yaw": 1.7988000905698354
            },
            "heading": 1.7988000905698354,
            "speeds": {
                "vmax": 20.0
            },
            "type": 1,
            "driving_direction": 1,
            "id": "1014_1",
            "lane_type": 1
        },
        {
            "pos": {
                "x": 566922.1664810947,
                "y": 4317869.213749212,
                "yaw": 1.7988003734930982
            },
            "heading": 1.7988003734930982,
            "speeds": {
                "vmax": 20.0
            },
            "type": 1,
            "driving_direction": 1,
            "id": "1014_1",
            "lane_type": 1
        },
        {
            "pos": {
                "x": 566922.0527056223,
                "y": 4317869.704078641,
                "yaw": 1.7988004246822076
            },
            "heading": 1.7988004246822076,
            "speeds": {
                "vmax": 20.0
            },
            "type": 1,
            "driving_direction": 1,
            "id": "1013_1",
            "lane_type": 1
        },
        {
            "pos": {
                "x": 566921.9403123907,
                "y": 4317870.188451134,
                "yaw": 1.7988001026789364
            },
            "heading": 1.7988001026789364,
            "speeds": {
                "vmax": 20.0
            },
            "type": 1,
            "driving_direction": 1,
            "id": "1013_1",
            "lane_type": 1
        },
        {
            "pos": {
                "x": 566921.8279110177,
                "y": 4317870.672858712,
                "yaw": 1.7988002918269186
            },
            "heading": 1.7988002918269186,
            "speeds": {
                "vmax": 20.0
            },
            "type": 1,
            "driving_direction": 1,
            "id": "1013_1",
            "lane_type": 1
        },
        {
            "pos": {
                "x": 566921.7155104793,
                "y": 4317871.157262693,
                "yaw": 1.7988000606191938
            },
            "heading": 1.7988000606191938,
            "speeds": {
                "vmax": 20.0
            },
            "type": 1,
            "driving_direction": 1,
            "id": "1013_1",
            "lane_type": 1
        },
        {
            "pos": {
                "x": 566921.6031062275,
                "y": 4317871.641682679,
                "yaw": 1.7988003176031173
            },
            "heading": 1.7988003176031173,
            "speeds": {
                "vmax": 20.0
            },
            "type": 1,
            "driving_direction": 1,
            "id": "1013_1",
            "lane_type": 1
        },
        {
            "pos": {
                "x": 566921.4907028086,
                "y": 4317872.126099074,
                "yaw": 1.7988003854490557
            },
            "heading": 1.7988003854490557,
            "speeds": {
                "vmax": 20.0
            },
            "type": 1,
            "driving_direction": 1,
            "id": "1013_1",
            "lane_type": 1
        },
        {
            "pos": {
                "x": 566921.3783030636,
                "y": 4317872.610499635,
                "yaw": 1.7988003386381162
            },
            "heading": 1.7988003386381162,
            "speeds": {
                "vmax": 20.0
            },
            "type": 1,
            "driving_direction": 1,
            "id": "1013_1",
            "lane_type": 1
        },
        {
            "pos": {
                "x": 566921.2659003732,
                "y": 4317873.094912892,
                "yaw": 1.798800165469039
            },
            "heading": 1.798800165469039,
            "speeds": {
                "vmax": 20.0
            },
            "type": 1,
            "driving_direction": 1,
            "id": "1013_1",
            "lane_type": 1
        },
        {
            "pos": {
                "x": 566921.1534976226,
                "y": 4317873.579326408,
                "yaw": 1.7988001766969741
            },
            "heading": 1.7988001766969741,
            "speeds": {
                "vmax": 20.0
            },
            "type": 1,
            "driving_direction": 1,
            "id": "1013_1",
            "lane_type": 1
        },
        {
            "pos": {
                "x": 566921.0410959114,
                "y": 4317874.063735444,
                "yaw": 1.7988001766969741
            },
            "heading": 1.7988001766969741,
            "speeds": {
                "vmax": 20.0
            },
            "type": 1,
            "driving_direction": 1,
            "id": "1013_1",
            "lane_type": 1
        },
        {
            "pos": {
                "x": 566920.9286930901,
                "y": 4317874.5481492635,
                "yaw": 1.7988002581415539
            },
            "heading": 1.7988002581415539,
            "speeds": {
                "vmax": 20.0
            },
            "type": 1,
            "driving_direction": 1,
            "id": "1013_1",
            "lane_type": 1
        },
        {
            "pos": {
                "x": 566920.8162913478,
                "y": 4317875.032558434,
                "yaw": 1.7988003629914064
            },
            "heading": 1.7988003629914064,
            "speeds": {
                "vmax": 20.0
            },
            "type": 1,
            "driving_direction": 1,
            "id": "1013_1",
            "lane_type": 1
        },
        {
            "pos": {
                "x": 566920.7038881244,
                "y": 4317875.516973987,
                "yaw": 1.7988004219779177
            },
            "heading": 1.7988004219779177,
            "speeds": {
                "vmax": 20.0
            },
            "type": 1,
            "driving_direction": 1,
            "id": "1013_1",
            "lane_type": 1
        },
        {
            "pos": {
                "x": 566920.591484506,
                "y": 4317876.001391242,
                "yaw": 1.798799952438015
            },
            "heading": 1.798799952438015,
            "speeds": {
                "vmax": 20.0
            },
            "type": 1,
            "driving_direction": 1,
            "id": "1013_1",
            "lane_type": 1
        }
    ]
}