{
    "header": {
        "trace_id": "55523289e9a44d8ca5bb4874f860acf9",
        "trans_id": "7351fcdc-0979-49d3-a596-e5f0662a212a",
        "che_id": "A530",
        "timestamp": "2025-02-19T18:41:10.399627Z"
    },
    "task_id": "55523289e9a44d8ca5bb4874f860acf9",
    "navi_id": "A530_55523289e9a44d8ca5bb4874f860acf9_30",
    "seq_num": 30,
    "dest_type": 1,
    "mode": 2,
    "waypoints": [
        {
            "pos": {
                "x": 566831.3611815157,
                "y": 4317868.317725867,
                "yaw": -1.3424726930729947
            },
            "heading": -1.3424726930729947,
            "speeds": {
                "vmax": 15.0
            },
            "type": 1,
            "driving_direction": 1,
            "id": "1280_2",
            "lane_type": 22
        },
        {
            "pos": {
                "x": 566831.4740304308,
                "y": 4317867.830627189,
                "yaw": -1.3424726930729947
            },
            "heading": -1.3424726930729947,
            "speeds": {
                "vmax": 15.0
            },
            "type": 1,
            "driving_direction": 1,
            "id": "1280_2",
            "lane_type": 22
        },
        {
            "pos": {
                "x": 566831.5868793458,
                "y": 4317867.343528511,
                "yaw": -1.3424726930729947
            },
            "heading": -1.3424726930729947,
            "speeds": {
                "vmax": 15.0
            },
            "type": 1,
            "driving_direction": 1,
            "id": "1280_2",
            "lane_type": 22
        },
        {
            "pos": {
                "x": 566831.699728261,
                "y": 4317866.856429832,
                "yaw": -1.3424726930729947
            },
            "heading": -1.3424726930729947,
            "speeds": {
                "vmax": 15.0
            },
            "type": 1,
            "driving_direction": 1,
            "id": "1280_2",
            "lane_type": 22
        },
        {
            "pos": {
                "x": 566831.812577176,
                "y": 4317866.369331154,
                "yaw": -1.3424726930729947
            },
            "heading": -1.3424726930729947,
            "speeds": {
                "vmax": 15.0
            },
            "type": 1,
            "driving_direction": 1,
            "id": "1280_2",
            "lane_type": 22
        },
        {
            "pos": {
                "x": 566831.9254260912,
                "y": 4317865.882232476,
                "yaw": -1.3424726930729947
            },
            "heading": -1.3424726930729947,
            "speeds": {
                "vmax": 15.0
            },
            "type": 1,
            "driving_direction": 1,
            "id": "1280_2",
            "lane_type": 22
        },
        {
            "pos": {
                "x": 566832.0382750062,
                "y": 4317865.395133798,
                "yaw": -1.3424726930729947
            },
            "heading": -1.3424726930729947,
            "speeds": {
                "vmax": 15.0
            },
            "type": 1,
            "driving_direction": 1,
            "id": "1280_2",
            "lane_type": 22
        },
        {
            "pos": {
                "x": 566832.1511239213,
                "y": 4317864.908035119,
                "yaw": -1.3424726930729947
            },
            "heading": -1.3424726930729947,
            "speeds": {
                "vmax": 15.0
            },
            "type": 1,
            "driving_direction": 1,
            "id": "1280_2",
            "lane_type": 22
        },
        {
            "pos": {
                "x": 566832.2639728364,
                "y": 4317864.420936441,
                "yaw": -1.3424726930729947
            },
            "heading": -1.3424726930729947,
            "speeds": {
                "vmax": 15.0
            },
            "type": 1,
            "driving_direction": 1,
            "id": "1280_2",
            "lane_type": 22
        },
        {
            "pos": {
                "x": 566832.3768217515,
                "y": 4317863.933837763,
                "yaw": -1.3424726930729947
            },
            "heading": -1.3424726930729947,
            "speeds": {
                "vmax": 15.0
            },
            "type": 1,
            "driving_direction": 1,
            "id": "1280_2",
            "lane_type": 22
        },
        {
            "pos": {
                "x": 566832.4896706665,
                "y": 4317863.446739085,
                "yaw": -1.3424726930729947
            },
            "heading": -1.3424726930729947,
            "speeds": {
                "vmax": 15.0
            },
            "type": 1,
            "driving_direction": 1,
            "id": "1280_2",
            "lane_type": 22
        },
        {
            "pos": {
                "x": 566832.6025195817,
                "y": 4317862.959640406,
                "yaw": -1.3424726930729947
            },
            "heading": -1.3424726930729947,
            "speeds": {
                "vmax": 15.0
            },
            "type": 1,
            "driving_direction": 1,
            "id": "1280_2",
            "lane_type": 22
        },
        {
            "pos": {
                "x": 566832.7153684967,
                "y": 4317862.472541728,
                "yaw": -1.3424726930729947
            },
            "heading": -1.3424726930729947,
            "speeds": {
                "vmax": 15.0
            },
            "type": 1,
            "driving_direction": 1,
            "id": "1280_2",
            "lane_type": 22
        },
        {
            "pos": {
                "x": 566832.8282174119,
                "y": 4317861.98544305,
                "yaw": -1.3424726930729947
            },
            "heading": -1.3424726930729947,
            "speeds": {
                "vmax": 15.0
            },
            "type": 1,
            "driving_direction": 1,
            "id": "1280_2",
            "lane_type": 22
        },
        {
            "pos": {
                "x": 566832.9410663269,
                "y": 4317861.498344372,
                "yaw": -1.3424726930729947
            },
            "heading": -1.3424726930729947,
            "speeds": {
                "vmax": 15.0
            },
            "type": 1,
            "driving_direction": 1,
            "id": "1280_2",
            "lane_type": 22
        },
        {
            "pos": {
                "x": 566833.053915242,
                "y": 4317861.011245693,
                "yaw": -1.3424726930729947
            },
            "heading": -1.3424726930729947,
            "speeds": {
                "vmax": 15.0
            },
            "type": 1,
            "driving_direction": 1,
            "id": "1280_2",
            "lane_type": 22
        },
        {
            "pos": {
                "x": 566833.1667641571,
                "y": 4317860.524147015,
                "yaw": -1.3424726930729947
            },
            "heading": -1.3424726930729947,
            "speeds": {
                "vmax": 15.0
            },
            "type": 1,
            "driving_direction": 1,
            "id": "1280_2",
            "lane_type": 22
        },
        {
            "pos": {
                "x": 566833.2796130722,
                "y": 4317860.037048337,
                "yaw": -1.3424726930729947
            },
            "heading": -1.3424726930729947,
            "speeds": {
                "vmax": 15.0
            },
            "type": 1,
            "driving_direction": 1,
            "id": "1280_2",
            "lane_type": 22
        },
        {
            "pos": {
                "x": 566833.3924619872,
                "y": 4317859.549949658,
                "yaw": -1.3424726930729947
            },
            "heading": -1.3424726930729947,
            "speeds": {
                "vmax": 15.0
            },
            "type": 1,
            "driving_direction": 1,
            "id": "1280_2",
            "lane_type": 22
        },
        {
            "pos": {
                "x": 566833.5053109024,
                "y": 4317859.06285098,
                "yaw": -1.3424726930729947
            },
            "heading": -1.3424726930729947,
            "speeds": {
                "vmax": 15.0
            },
            "type": 1,
            "driving_direction": 1,
            "id": "1280_2",
            "lane_type": 22
        },
        {
            "pos": {
                "x": 566833.6181598174,
                "y": 4317858.575752302,
                "yaw": -1.3424726930729947
            },
            "heading": -1.3424726930729947,
            "speeds": {
                "vmax": 15.0
            },
            "type": 1,
            "driving_direction": 1,
            "id": "1280_2",
            "lane_type": 22
        },
        {
            "pos": {
                "x": 566833.7310087326,
                "y": 4317858.088653624,
                "yaw": -1.3424726930729947
            },
            "heading": -1.3424726930729947,
            "speeds": {
                "vmax": 15.0
            },
            "type": 1,
            "driving_direction": 1,
            "id": "1280_2",
            "lane_type": 22
        },
        {
            "pos": {
                "x": 566833.8438576476,
                "y": 4317857.601554945,
                "yaw": -1.3424726930729947
            },
            "heading": -1.3424726930729947,
            "speeds": {
                "vmax": 15.0
            },
            "type": 1,
            "driving_direction": 1,
            "id": "1280_2",
            "lane_type": 22
        },
        {
            "pos": {
                "x": 566833.9567065627,
                "y": 4317857.114456267,
                "yaw": -1.3424726930729947
            },
            "heading": -1.3424726930729947,
            "speeds": {
                "vmax": 15.0
            },
            "type": 1,
            "driving_direction": 1,
            "id": "1280_2",
            "lane_type": 22
        },
        {
            "pos": {
                "x": 566834.0695554778,
                "y": 4317856.627357589,
                "yaw": -1.3424726930729947
            },
            "heading": -1.3424726930729947,
            "speeds": {
                "vmax": 15.0
            },
            "type": 1,
            "driving_direction": 1,
            "id": "1280_2",
            "lane_type": 22
        },
        {
            "pos": {
                "x": 566834.1824043929,
                "y": 4317856.140258911,
                "yaw": -1.3424726930729947
            },
            "heading": -1.3424726930729947,
            "speeds": {
                "vmax": 15.0
            },
            "type": 1,
            "driving_direction": 1,
            "id": "1280_2",
            "lane_type": 22
        },
        {
            "pos": {
                "x": 566834.2952533079,
                "y": 4317855.653160232,
                "yaw": -1.3424726930729947
            },
            "heading": -1.3424726930729947,
            "speeds": {
                "vmax": 15.0
            },
            "type": 1,
            "driving_direction": 1,
            "id": "1280_2",
            "lane_type": 22
        },
        {
            "pos": {
                "x": 566834.4081022231,
                "y": 4317855.166061554,
                "yaw": -1.3424726930729947
            },
            "heading": -1.3424726930729947,
            "speeds": {
                "vmax": 15.0
            },
            "type": 1,
            "driving_direction": 1,
            "id": "1280_2",
            "lane_type": 22
        },
        {
            "pos": {
                "x": 566834.5209511381,
                "y": 4317854.678962876,
                "yaw": -1.3424726930729947
            },
            "heading": -1.3424726930729947,
            "speeds": {
                "vmax": 15.0
            },
            "type": 1,
            "driving_direction": 1,
            "id": "1280_2",
            "lane_type": 22
        },
        {
            "pos": {
                "x": 566834.6338000533,
                "y": 4317854.191864198,
                "yaw": -1.3424726930729947
            },
            "heading": -1.3424726930729947,
            "speeds": {
                "vmax": 15.0
            },
            "type": 1,
            "driving_direction": 1,
            "id": "1280_2",
            "lane_type": 22
        },
        {
            "pos": {
                "x": 566834.7466489683,
                "y": 4317853.704765519,
                "yaw": -1.3424726930729947
            },
            "heading": -1.3424726930729947,
            "speeds": {
                "vmax": 15.0
            },
            "type": 1,
            "driving_direction": 1,
            "id": "1280_2",
            "lane_type": 22
        },
        {
            "pos": {
                "x": 566834.8594978834,
                "y": 4317853.217666841,
                "yaw": -1.3424726930729947
            },
            "heading": -1.3424726930729947,
            "speeds": {
                "vmax": 15.0
            },
            "type": 1,
            "driving_direction": 1,
            "id": "1280_2",
            "lane_type": 22
        },
        {
            "pos": {
                "x": 566834.9723467985,
                "y": 4317852.730568163,
                "yaw": -1.3424726930729947
            },
            "heading": -1.3424726930729947,
            "speeds": {
                "vmax": 15.0
            },
            "type": 1,
            "driving_direction": 1,
            "id": "1280_2",
            "lane_type": 22
        },
        {
            "pos": {
                "x": 566835.0851957136,
                "y": 4317852.243469485,
                "yaw": -1.3424726930729947
            },
            "heading": -1.3424726930729947,
            "speeds": {
                "vmax": 15.0
            },
            "type": 1,
            "driving_direction": 1,
            "id": "1280_2",
            "lane_type": 22
        },
        {
            "pos": {
                "x": 566835.1980446287,
                "y": 4317851.756370806,
                "yaw": -1.3424726930729947
            },
            "heading": -1.3424726930729947,
            "speeds": {
                "vmax": 15.0
            },
            "type": 1,
            "driving_direction": 1,
            "id": "1280_2",
            "lane_type": 22
        },
        {
            "pos": {
                "x": 566835.3108935438,
                "y": 4317851.269272128,
                "yaw": -1.3424726930729947
            },
            "heading": -1.3424726930729947,
            "speeds": {
                "vmax": 15.0
            },
            "type": 1,
            "driving_direction": 1,
            "id": "1280_2",
            "lane_type": 22
        },
        {
            "pos": {
                "x": 566835.4237424588,
                "y": 4317850.78217345,
                "yaw": -1.3424726930729947
            },
            "heading": -1.3424726930729947,
            "speeds": {
                "vmax": 15.0
            },
            "type": 1,
            "driving_direction": 1,
            "id": "1280_2",
            "lane_type": 22
        },
        {
            "pos": {
                "x": 566835.536591374,
                "y": 4317850.295074771,
                "yaw": -1.3424726930729947
            },
            "heading": -1.3424726930729947,
            "speeds": {
                "vmax": 15.0
            },
            "type": 1,
            "driving_direction": 1,
            "id": "1280_2",
            "lane_type": 22
        },
        {
            "pos": {
                "x": 566835.649440289,
                "y": 4317849.807976093,
                "yaw": -1.3424726930729947
            },
            "heading": -1.3424726930729947,
            "speeds": {
                "vmax": 15.0
            },
            "type": 1,
            "driving_direction": 1,
            "id": "1280_2",
            "lane_type": 22
        },
        {
            "pos": {
                "x": 566835.762289204,
                "y": 4317849.320877415,
                "yaw": -1.3424726930729947
            },
            "heading": -1.3424726930729947,
            "speeds": {
                "vmax": 15.0
            },
            "type": 1,
            "driving_direction": 1,
            "id": "1280_2",
            "lane_type": 22
        },
        {
            "pos": {
                "x": 566835.8751381192,
                "y": 4317848.833778737,
                "yaw": -1.3424726930729947
            },
            "heading": -1.3424726930729947,
            "speeds": {
                "vmax": 15.0
            },
            "type": 1,
            "driving_direction": 1,
            "id": "1280_2",
            "lane_type": 22
        },
        {
            "pos": {
                "x": 566835.9879870343,
                "y": 4317848.346680058,
                "yaw": -1.3424726930729947
            },
            "heading": -1.3424726930729947,
            "speeds": {
                "vmax": 15.0
            },
            "type": 1,
            "driving_direction": 1,
            "id": "1280_2",
            "lane_type": 22
        },
        {
            "pos": {
                "x": 566836.1008359494,
                "y": 4317847.85958138,
                "yaw": -1.3424726930729947
            },
            "heading": -1.3424726930729947,
            "speeds": {
                "vmax": 15.0
            },
            "type": 1,
            "driving_direction": 1,
            "id": "1280_2",
            "lane_type": 22
        },
        {
            "pos": {
                "x": 566836.2136848645,
                "y": 4317847.372482702,
                "yaw": -1.3424726930729947
            },
            "heading": -1.3424726930729947,
            "speeds": {
                "vmax": 15.0
            },
            "type": 1,
            "driving_direction": 1,
            "id": "1280_2",
            "lane_type": 22
        },
        {
            "pos": {
                "x": 566836.3265337795,
                "y": 4317846.885384024,
                "yaw": -1.3424726930729947
            },
            "heading": -1.3424726930729947,
            "speeds": {
                "vmax": 15.0
            },
            "type": 1,
            "driving_direction": 1,
            "id": "1280_2",
            "lane_type": 22
        },
        {
            "pos": {
                "x": 566836.4393826947,
                "y": 4317846.398285345,
                "yaw": -1.3424726930729947
            },
            "heading": -1.3424726930729947,
            "speeds": {
                "vmax": 15.0
            },
            "type": 1,
            "driving_direction": 1,
            "id": "1280_2",
            "lane_type": 22
        },
        {
            "pos": {
                "x": 566836.5522316097,
                "y": 4317845.911186667,
                "yaw": -1.3424726930729947
            },
            "heading": -1.3424726930729947,
            "speeds": {
                "vmax": 15.0
            },
            "type": 1,
            "driving_direction": 1,
            "id": "1280_2",
            "lane_type": 22
        },
        {
            "pos": {
                "x": 566836.6650805247,
                "y": 4317845.424087989,
                "yaw": -1.3424726930729947
            },
            "heading": -1.3424726930729947,
            "speeds": {
                "vmax": 15.0
            },
            "type": 1,
            "driving_direction": 1,
            "id": "1280_2",
            "lane_type": 22
        },
        {
            "pos": {
                "x": 566836.7779294399,
                "y": 4317844.936989311,
                "yaw": -1.3424726930729947
            },
            "heading": -1.3424726930729947,
            "speeds": {
                "vmax": 15.0
            },
            "type": 1,
            "driving_direction": 1,
            "id": "1280_2",
            "lane_type": 22
        },
        {
            "pos": {
                "x": 566836.890778355,
                "y": 4317844.449890632,
                "yaw": -1.3424726930729947
            },
            "heading": -1.3424726930729947,
            "speeds": {
                "vmax": 15.0
            },
            "type": 1,
            "driving_direction": 1,
            "id": "1280_2",
            "lane_type": 22
        },
        {
            "pos": {
                "x": 566837.0036272701,
                "y": 4317843.962791954,
                "yaw": -1.3424726930729947
            },
            "heading": -1.3424726930729947,
            "speeds": {
                "vmax": 15.0
            },
            "type": 1,
            "driving_direction": 1,
            "id": "1280_2",
            "lane_type": 22
        },
        {
            "pos": {
                "x": 566837.1164761852,
                "y": 4317843.475693276,
                "yaw": -1.3424726930729947
            },
            "heading": -1.3424726930729947,
            "speeds": {
                "vmax": 15.0
            },
            "type": 1,
            "driving_direction": 1,
            "id": "1280_2",
            "lane_type": 22
        },
        {
            "pos": {
                "x": 566837.2293251002,
                "y": 4317842.988594598,
                "yaw": -1.3424726930729947
            },
            "heading": -1.3424726930729947,
            "speeds": {
                "vmax": 15.0
            },
            "type": 1,
            "driving_direction": 1,
            "id": "1280_2",
            "lane_type": 22
        },
        {
            "pos": {
                "x": 566837.3421740154,
                "y": 4317842.501495919,
                "yaw": -1.3424726930729947
            },
            "heading": -1.3424726930729947,
            "speeds": {
                "vmax": 15.0
            },
            "type": 1,
            "driving_direction": 1,
            "id": "1280_2",
            "lane_type": 22
        },
        {
            "pos": {
                "x": 566837.4550229304,
                "y": 4317842.014397241,
                "yaw": -1.3424726930729947
            },
            "heading": -1.3424726930729947,
            "speeds": {
                "vmax": 15.0
            },
            "type": 1,
            "driving_direction": 1,
            "id": "1280_2",
            "lane_type": 22
        },
        {
            "pos": {
                "x": 566837.5678718454,
                "y": 4317841.527298563,
                "yaw": -1.3424726930729947
            },
            "heading": -1.3424726930729947,
            "speeds": {
                "vmax": 15.0
            },
            "type": 1,
            "driving_direction": 1,
            "id": "1280_2",
            "lane_type": 22
        },
        {
            "pos": {
                "x": 566837.6807207606,
                "y": 4317841.040199884,
                "yaw": -1.3424726930729947
            },
            "heading": -1.3424726930729947,
            "speeds": {
                "vmax": 15.0
            },
            "type": 1,
            "driving_direction": 1,
            "id": "1280_2",
            "lane_type": 22
        },
        {
            "pos": {
                "x": 566837.7935696756,
                "y": 4317840.553101206,
                "yaw": -1.3424726930729947
            },
            "heading": -1.3424726930729947,
            "speeds": {
                "vmax": 15.0
            },
            "type": 1,
            "driving_direction": 1,
            "id": "1280_2",
            "lane_type": 22
        },
        {
            "pos": {
                "x": 566837.9064185908,
                "y": 4317840.066002528,
                "yaw": -1.3424726930729947
            },
            "heading": -1.3424726930729947,
            "speeds": {
                "vmax": 15.0
            },
            "type": 1,
            "driving_direction": 1,
            "id": "1280_2",
            "lane_type": 22
        },
        {
            "pos": {
                "x": 566837.9387886816,
                "y": 4317839.92628095,
                "yaw": -1.3424726930729947
            },
            "heading": -1.3424726930729947,
            "speeds": {
                "vmax": 15.0
            },
            "type": 1,
            "driving_direction": 1,
            "id": "1280_2",
            "lane_type": 22
        }
    ],
    "is_final_navi": true
}