{
    "header": {
        "trace_id": "3165af07754a49f59f13bf66fadf26d0",
        "trans_id": "77e36f50-ae6a-43fb-b7d6-6e3ecb58bb49",
        "che_id": "A531",
        "timestamp": "2025-02-19T18:43:17.342603Z"
    },
    "task_id": "3165af07754a49f59f13bf66fadf26d0",
    "navi_id": "A531_3165af07754a49f59f13bf66fadf26d0_28",
    "seq_num": 28,
    "dest_type": 1,
    "mode": 2,
    "waypoints": [
        {
            "pos": {
                "x": 566773.2248535736,
                "y": 4317831.490327984,
                "yaw": -1.342334337384977
            },
            "heading": -1.342334337384977,
            "speeds": {
                "vmax": 15.0
            },
            "type": 1,
            "driving_direction": 1,
            "id": "1281_2",
            "lane_type": 22
        },
        {
            "pos": {
                "x": 566773.3378682544,
                "y": 4317831.00326774,
                "yaw": -1.342334337384977
            },
            "heading": -1.342334337384977,
            "speeds": {
                "vmax": 15.0
            },
            "type": 1,
            "driving_direction": 1,
            "id": "1281_2",
            "lane_type": 22
        },
        {
            "pos": {
                "x": 566773.4508829353,
                "y": 4317830.516207495,
                "yaw": -1.342334337384977
            },
            "heading": -1.342334337384977,
            "speeds": {
                "vmax": 15.0
            },
            "type": 1,
            "driving_direction": 1,
            "id": "1281_2",
            "lane_type": 22
        },
        {
            "pos": {
                "x": 566773.5638976162,
                "y": 4317830.029147251,
                "yaw": -1.342334337384977
            },
            "heading": -1.342334337384977,
            "speeds": {
                "vmax": 15.0
            },
            "type": 1,
            "driving_direction": 1,
            "id": "1281_2",
            "lane_type": 22
        },
        {
            "pos": {
                "x": 566773.6769122971,
                "y": 4317829.542087005,
                "yaw": -1.342334337384977
            },
            "heading": -1.342334337384977,
            "speeds": {
                "vmax": 15.0
            },
            "type": 1,
            "driving_direction": 1,
            "id": "1281_2",
            "lane_type": 22
        },
        {
            "pos": {
                "x": 566773.7899269781,
                "y": 4317829.055026761,
                "yaw": -1.342334337384977
            },
            "heading": -1.342334337384977,
            "speeds": {
                "vmax": 15.0
            },
            "type": 1,
            "driving_direction": 1,
            "id": "1281_2",
            "lane_type": 22
        },
        {
            "pos": {
                "x": 566773.9029416589,
                "y": 4317828.567966516,
                "yaw": -1.342334337384977
            },
            "heading": -1.342334337384977,
            "speeds": {
                "vmax": 15.0
            },
            "type": 1,
            "driving_direction": 1,
            "id": "1281_2",
            "lane_type": 22
        },
        {
            "pos": {
                "x": 566774.0159563398,
                "y": 4317828.080906272,
                "yaw": -1.342334337384977
            },
            "heading": -1.342334337384977,
            "speeds": {
                "vmax": 15.0
            },
            "type": 1,
            "driving_direction": 1,
            "id": "1281_2",
            "lane_type": 22
        },
        {
            "pos": {
                "x": 566774.1289710207,
                "y": 4317827.593846027,
                "yaw": -1.342334337384977
            },
            "heading": -1.342334337384977,
            "speeds": {
                "vmax": 15.0
            },
            "type": 1,
            "driving_direction": 1,
            "id": "1281_2",
            "lane_type": 22
        },
        {
            "pos": {
                "x": 566774.2419857016,
                "y": 4317827.106785783,
                "yaw": -1.342334337384977
            },
            "heading": -1.342334337384977,
            "speeds": {
                "vmax": 15.0
            },
            "type": 1,
            "driving_direction": 1,
            "id": "1281_2",
            "lane_type": 22
        },
        {
            "pos": {
                "x": 566774.3550003824,
                "y": 4317826.619725538,
                "yaw": -1.342334337384977
            },
            "heading": -1.342334337384977,
            "speeds": {
                "vmax": 15.0
            },
            "type": 1,
            "driving_direction": 1,
            "id": "1281_2",
            "lane_type": 22
        },
        {
            "pos": {
                "x": 566774.4680150633,
                "y": 4317826.132665293,
                "yaw": -1.342334337384977
            },
            "heading": -1.342334337384977,
            "speeds": {
                "vmax": 15.0
            },
            "type": 1,
            "driving_direction": 1,
            "id": "1281_2",
            "lane_type": 22
        },
        {
            "pos": {
                "x": 566774.5810297442,
                "y": 4317825.645605049,
                "yaw": -1.342334337384977
            },
            "heading": -1.342334337384977,
            "speeds": {
                "vmax": 15.0
            },
            "type": 1,
            "driving_direction": 1,
            "id": "1281_2",
            "lane_type": 22
        },
        {
            "pos": {
                "x": 566774.6727388166,
                "y": 4317825.25036575,
                "yaw": -1.342334337384977
            },
            "heading": -1.342334337384977,
            "speeds": {
                "vmax": 15.0
            },
            "type": 1,
            "driving_direction": 1,
            "id": "1281_2",
            "lane_type": 22
        }
    ],
    "is_final_navi": true
}