{
    "header": {
        "trace_id": "COMMAND&qGaBJcDmCb",
        "trans_id": "f8d7d5c7-a7ca-468b-ac4f-44487d450387",
        "che_id": "A537",
        "timestamp": "2025-02-19T18:43:08.198719Z"
    },
    "task_id": "COMMAND&qGaBJcDmCb",
    "navi_id": "A537_COMMAND&qGaBJcDmCb_16",
    "seq_num": 16,
    "dest_type": 3,
    "mode": 2,
    "waypoints": [
        {
            "pos": {
                "x": 566920.380862232,
                "y": 4317935.431213295,
                "yaw": 1.798762999955024
            },
            "heading": 1.798762999955024,
            "speeds": {
                "vmax": 20.0
            },
            "type": 1,
            "driving_direction": 1,
            "id": "1005_4",
            "lane_type": 1
        },
        {
            "pos": {
                "x": 566920.2667963691,
                "y": 4317935.922877734,
                "yaw": 1.798762818285856
            },
            "heading": 1.798762818285856,
            "speeds": {
                "vmax": 20.0
            },
            "type": 1,
            "driving_direction": 1,
            "id": "1005_4",
            "lane_type": 1
        },
        {
            "pos": {
                "x": 566920.1527313518,
                "y": 4317936.414538529,
                "yaw": 1.7987628041511028
            },
            "heading": 1.7987628041511028,
            "speeds": {
                "vmax": 20.0
            },
            "type": 1,
            "driving_direction": 1,
            "id": "1005_4",
            "lane_type": 1
        },
        {
            "pos": {
                "x": 566920.0386700629,
                "y": 4317936.906183253,
                "yaw": 1.7987624484970688
            },
            "heading": 1.7987624484970688,
            "speeds": {
                "vmax": 20.0
            },
            "type": 1,
            "driving_direction": 1,
            "id": "1005_4",
            "lane_type": 1
        },
        {
            "pos": {
                "x": 566919.9246057847,
                "y": 4317937.397840862,
                "yaw": 1.7987631148676642
            },
            "heading": 1.7987631148676642,
            "speeds": {
                "vmax": 20.0
            },
            "type": 1,
            "driving_direction": 1,
            "id": "1005_4",
            "lane_type": 1
        },
        {
            "pos": {
                "x": 566919.8105414456,
                "y": 4317937.889498734,
                "yaw": 1.7987628965976787
            },
            "heading": 1.7987628965976787,
            "speeds": {
                "vmax": 20.0
            },
            "type": 1,
            "driving_direction": 1,
            "id": "1005_4",
            "lane_type": 1
        },
        {
            "pos": {
                "x": 566919.6964781613,
                "y": 4317938.381152059,
                "yaw": 1.7987626789715725
            },
            "heading": 1.7987626789715725,
            "speeds": {
                "vmax": 20.0
            },
            "type": 1,
            "driving_direction": 1,
            "id": "1005_4",
            "lane_type": 1
        },
        {
            "pos": {
                "x": 566919.5824137504,
                "y": 4317938.872810241,
                "yaw": 1.7987630570896114
            },
            "heading": 1.7987630570896114,
            "speeds": {
                "vmax": 20.0
            },
            "type": 1,
            "driving_direction": 1,
            "id": "1005_4",
            "lane_type": 1
        },
        {
            "pos": {
                "x": 566919.4683504343,
                "y": 4317939.364463702,
                "yaw": 1.7987629312648858
            },
            "heading": 1.7987629312648858,
            "speeds": {
                "vmax": 20.0
            },
            "type": 1,
            "driving_direction": 1,
            "id": "1005_4",
            "lane_type": 1
        },
        {
            "pos": {
                "x": 566919.3542856153,
                "y": 4317939.856123642,
                "yaw": 1.7987629896871509
            },
            "heading": 1.7987629896871509,
            "speeds": {
                "vmax": 20.0
            },
            "type": 1,
            "driving_direction": 1,
            "id": "1005_4",
            "lane_type": 1
        },
        {
            "pos": {
                "x": 566919.2402203955,
                "y": 4317940.347785309,
                "yaw": 1.7987627662585417
            },
            "heading": 1.7987627662585417,
            "speeds": {
                "vmax": 20.0
            },
            "type": 1,
            "driving_direction": 1,
            "id": "1005_4",
            "lane_type": 1
        },
        {
            "pos": {
                "x": 566919.1261656587,
                "y": 4317940.839401793,
                "yaw": 1.7987628416678323
            },
            "heading": 1.7987628416678323,
            "speeds": {
                "vmax": 20.0
            },
            "type": 1,
            "driving_direction": 1,
            "id": "1003_4",
            "lane_type": 1
        },
        {
            "pos": {
                "x": 566919.0131216727,
                "y": 4317941.326661578,
                "yaw": 1.7987628350375016
            },
            "heading": 1.7987628350375016,
            "speeds": {
                "vmax": 20.0
            },
            "type": 1,
            "driving_direction": 1,
            "id": "1003_4",
            "lane_type": 1
        },
        {
            "pos": {
                "x": 566918.9002229194,
                "y": 4317941.813295361,
                "yaw": 1.7987628435605225
            },
            "heading": 1.7987628435605225,
            "speeds": {
                "vmax": 20.0
            },
            "type": 1,
            "driving_direction": 1,
            "id": "1003_4",
            "lane_type": 1
        },
        {
            "pos": {
                "x": 566918.7870720058,
                "y": 4317942.301016042,
                "yaw": 1.7987628457527995
            },
            "heading": 1.7987628457527995,
            "speeds": {
                "vmax": 20.0
            },
            "type": 1,
            "driving_direction": 1,
            "id": "1003_4",
            "lane_type": 1
        },
        {
            "pos": {
                "x": 566918.6740206282,
                "y": 4317942.788307689,
                "yaw": 1.7987628469219732
            },
            "heading": 1.7987628469219732,
            "speeds": {
                "vmax": 20.0
            },
            "type": 1,
            "driving_direction": 1,
            "id": "1003_4",
            "lane_type": 1
        },
        {
            "pos": {
                "x": 566918.5608137009,
                "y": 4317943.27626981,
                "yaw": 1.798762847597628
            },
            "heading": 1.798762847597628,
            "speeds": {
                "vmax": 20.0
            },
            "type": 1,
            "driving_direction": 1,
            "id": "1003_4",
            "lane_type": 1
        },
        {
            "pos": {
                "x": 566918.4479092375,
                "y": 4317943.762928205,
                "yaw": 1.7987628349502498
            },
            "heading": 1.7987628349502498,
            "speeds": {
                "vmax": 20.0
            },
            "type": 1,
            "driving_direction": 1,
            "id": "1003_4",
            "lane_type": 1
        },
        {
            "pos": {
                "x": 566918.3347910553,
                "y": 4317944.250507802,
                "yaw": 1.7987628509503057
            },
            "heading": 1.7987628509503057,
            "speeds": {
                "vmax": 20.0
            },
            "type": 1,
            "driving_direction": 1,
            "id": "1003_4",
            "lane_type": 1
        },
        {
            "pos": {
                "x": 566918.2216462363,
                "y": 4317944.738202214,
                "yaw": 1.7987628608965565
            },
            "heading": 1.7987628608965565,
            "speeds": {
                "vmax": 20.0
            },
            "type": 1,
            "driving_direction": 1,
            "id": "1003_4",
            "lane_type": 1
        },
        {
            "pos": {
                "x": 566918.1085542004,
                "y": 4317945.225669112,
                "yaw": 1.7987628547015095
            },
            "heading": 1.7987628547015095,
            "speeds": {
                "vmax": 20.0
            },
            "type": 1,
            "driving_direction": 1,
            "id": "1003_4",
            "lane_type": 1
        },
        {
            "pos": {
                "x": 566917.9955169442,
                "y": 4317945.712899891,
                "yaw": 1.7987628574442278
            },
            "heading": 1.7987628574442278,
            "speeds": {
                "vmax": 20.0
            },
            "type": 1,
            "driving_direction": 1,
            "id": "1003_4",
            "lane_type": 1
        },
        {
            "pos": {
                "x": 566917.8824977069,
                "y": 4317946.200053002,
                "yaw": 1.798762821957374
            },
            "heading": 1.798762821957374,
            "speeds": {
                "vmax": 20.0
            },
            "type": 1,
            "driving_direction": 1,
            "id": "1003_4",
            "lane_type": 1
        },
        {
            "pos": {
                "x": 566917.7694425675,
                "y": 4317946.687360863,
                "yaw": 1.7987628339618418
            },
            "heading": 1.7987628339618418,
            "speeds": {
                "vmax": 20.0
            },
            "type": 1,
            "driving_direction": 1,
            "id": "1003_4",
            "lane_type": 1
        },
        {
            "pos": {
                "x": 566917.6562924922,
                "y": 4317947.175077932,
                "yaw": 1.7987628574114707
            },
            "heading": 1.7987628574114707,
            "speeds": {
                "vmax": 20.0
            },
            "type": 1,
            "driving_direction": 1,
            "id": "1003_4",
            "lane_type": 1
        },
        {
            "pos": {
                "x": 566917.5432217647,
                "y": 4317947.662452983,
                "yaw": 1.798762839952086
            },
            "heading": 1.798762839952086,
            "speeds": {
                "vmax": 20.0
            },
            "type": 1,
            "driving_direction": 1,
            "id": "1003_4",
            "lane_type": 1
        },
        {
            "pos": {
                "x": 566917.4302078951,
                "y": 4317948.149582957,
                "yaw": 1.7987628637202795
            },
            "heading": 1.7987628637202795,
            "speeds": {
                "vmax": 20.0
            },
            "type": 1,
            "driving_direction": 1,
            "id": "1003_4",
            "lane_type": 1
        },
        {
            "pos": {
                "x": 566917.3169872131,
                "y": 4317948.637604366,
                "yaw": 1.7987628232487014
            },
            "heading": 1.7987628232487014,
            "speeds": {
                "vmax": 20.0
            },
            "type": 1,
            "driving_direction": 1,
            "id": "1003_4",
            "lane_type": 1
        },
        {
            "pos": {
                "x": 566917.2040575872,
                "y": 4317949.124371219,
                "yaw": 1.7987628480933937
            },
            "heading": 1.7987628480933937,
            "speeds": {
                "vmax": 20.0
            },
            "type": 1,
            "driving_direction": 1,
            "id": "1003_4",
            "lane_type": 1
        },
        {
            "pos": {
                "x": 566917.0908398994,
                "y": 4317949.612379722,
                "yaw": 1.7987628449603796
            },
            "heading": 1.7987628449603796,
            "speeds": {
                "vmax": 20.0
            },
            "type": 1,
            "driving_direction": 1,
            "id": "1003_4",
            "lane_type": 1
        },
        {
            "pos": {
                "x": 566916.9779000697,
                "y": 4317950.099190558,
                "yaw": 1.7987628291472948
            },
            "heading": 1.7987628291472948,
            "speeds": {
                "vmax": 20.0
            },
            "type": 1,
            "driving_direction": 1,
            "id": "1003_4",
            "lane_type": 1
        },
        {
            "pos": {
                "x": 566916.8647586431,
                "y": 4317950.586870348,
                "yaw": 1.79876284796507
            },
            "heading": 1.79876284796507,
            "speeds": {
                "vmax": 20.0
            },
            "type": 1,
            "driving_direction": 1,
            "id": "1003_4",
            "lane_type": 1
        },
        {
            "pos": {
                "x": 566916.751706047,
                "y": 4317951.074167247,
                "yaw": 1.7987628467565588
            },
            "heading": 1.7987628467565588,
            "speeds": {
                "vmax": 20.0
            },
            "type": 1,
            "driving_direction": 1,
            "id": "1003_4",
            "lane_type": 1
        },
        {
            "pos": {
                "x": 566916.6386690248,
                "y": 4317951.561397016,
                "yaw": 1.798762870597741
            },
            "heading": 1.798762870597741,
            "speeds": {
                "vmax": 20.0
            },
            "type": 1,
            "driving_direction": 1,
            "id": "1003_4",
            "lane_type": 1
        },
        {
            "pos": {
                "x": 566916.525496758,
                "y": 4317952.049209737,
                "yaw": 1.7987628457790013
            },
            "heading": 1.7987628457790013,
            "speeds": {
                "vmax": 20.0
            },
            "type": 1,
            "driving_direction": 1,
            "id": "1003_4",
            "lane_type": 1
        },
        {
            "pos": {
                "x": 566916.4124799911,
                "y": 4317952.5363522,
                "yaw": 1.7987628221672993
            },
            "heading": 1.7987628221672993,
            "speeds": {
                "vmax": 20.0
            },
            "type": 1,
            "driving_direction": 1,
            "id": "1003_4",
            "lane_type": 1
        },
        {
            "pos": {
                "x": 566916.2994426867,
                "y": 4317953.023583187,
                "yaw": 1.7987628431204592
            },
            "heading": 1.7987628431204592,
            "speeds": {
                "vmax": 20.0
            },
            "type": 1,
            "driving_direction": 1,
            "id": "1003_4",
            "lane_type": 1
        },
        {
            "pos": {
                "x": 566916.1863205172,
                "y": 4317953.5111799715,
                "yaw": 1.7987628257729906
            },
            "heading": 1.7987628257729906,
            "speeds": {
                "vmax": 20.0
            },
            "type": 1,
            "driving_direction": 1,
            "id": "1003_4",
            "lane_type": 1
        },
        {
            "pos": {
                "x": 566916.0731815426,
                "y": 4317953.998849193,
                "yaw": 1.7987628684933932
            },
            "heading": 1.7987628684933932,
            "speeds": {
                "vmax": 20.0
            },
            "type": 1,
            "driving_direction": 1,
            "id": "1003_4",
            "lane_type": 1
        },
        {
            "pos": {
                "x": 566915.9601876928,
                "y": 4317954.485892874,
                "yaw": 1.79876286283082
            },
            "heading": 1.79876286283082,
            "speeds": {
                "vmax": 20.0
            },
            "type": 1,
            "driving_direction": 1,
            "id": "1003_4",
            "lane_type": 1
        },
        {
            "pos": {
                "x": 566915.8471365809,
                "y": 4317954.973183375,
                "yaw": 1.7987628090476735
            },
            "heading": 1.7987628090476735,
            "speeds": {
                "vmax": 20.0
            },
            "type": 1,
            "driving_direction": 1,
            "id": "1003_4",
            "lane_type": 1
        },
        {
            "pos": {
                "x": 566915.7340410391,
                "y": 4317955.460665384,
                "yaw": 1.7987628368633897
            },
            "heading": 1.7987628368633897,
            "speeds": {
                "vmax": 20.0
            },
            "type": 1,
            "driving_direction": 1,
            "id": "1003_4",
            "lane_type": 1
        },
        {
            "pos": {
                "x": 566915.6209119258,
                "y": 4317955.948292101,
                "yaw": 1.7987628377720428
            },
            "heading": 1.7987628377720428,
            "speeds": {
                "vmax": 20.0
            },
            "type": 1,
            "driving_direction": 1,
            "id": "1003_4",
            "lane_type": 1
        },
        {
            "pos": {
                "x": 566915.5078120872,
                "y": 4317956.4357926315,
                "yaw": 1.7987628180391793
            },
            "heading": 1.7987628180391793,
            "speeds": {
                "vmax": 20.0
            },
            "type": 1,
            "driving_direction": 1,
            "id": "1003_4",
            "lane_type": 1
        },
        {
            "pos": {
                "x": 566915.3947917048,
                "y": 4317956.922950678,
                "yaw": 1.7987628521684307
            },
            "heading": 1.7987628521684307,
            "speeds": {
                "vmax": 20.0
            },
            "type": 1,
            "driving_direction": 1,
            "id": "1003_4",
            "lane_type": 1
        },
        {
            "pos": {
                "x": 566915.2817449055,
                "y": 4317957.41022259,
                "yaw": 1.7987628464493923
            },
            "heading": 1.7987628464493923,
            "speeds": {
                "vmax": 20.0
            },
            "type": 1,
            "driving_direction": 1,
            "id": "1003_4",
            "lane_type": 1
        },
        {
            "pos": {
                "x": 566915.1686778795,
                "y": 4317957.897581685,
                "yaw": 1.7987628496102592
            },
            "heading": 1.7987628496102592,
            "speeds": {
                "vmax": 20.0
            },
            "type": 1,
            "driving_direction": 1,
            "id": "1003_4",
            "lane_type": 1
        },
        {
            "pos": {
                "x": 566915.0555958205,
                "y": 4317958.38500558,
                "yaw": 1.7987628403951854
            },
            "heading": 1.7987628403951854,
            "speeds": {
                "vmax": 20.0
            },
            "type": 1,
            "driving_direction": 1,
            "id": "1003_4",
            "lane_type": 1
        },
        {
            "pos": {
                "x": 566914.9425030551,
                "y": 4317958.872475624,
                "yaw": 1.7987628131926292
            },
            "heading": 1.7987628131926292,
            "speeds": {
                "vmax": 20.0
            },
            "type": 1,
            "driving_direction": 1,
            "id": "1003_4",
            "lane_type": 1
        },
        {
            "pos": {
                "x": 566914.8294031577,
                "y": 4317959.359976408,
                "yaw": 1.798762844547998
            },
            "heading": 1.798762844547998,
            "speeds": {
                "vmax": 20.0
            },
            "type": 1,
            "driving_direction": 1,
            "id": "1003_4",
            "lane_type": 1
        },
        {
            "pos": {
                "x": 566914.7162990521,
                "y": 4317959.8474953305,
                "yaw": 1.798762834121517
            },
            "heading": 1.798762834121517,
            "speeds": {
                "vmax": 20.0
            },
            "type": 1,
            "driving_direction": 1,
            "id": "1003_4",
            "lane_type": 1
        },
        {
            "pos": {
                "x": 566914.6031930982,
                "y": 4317960.33502222,
                "yaw": 1.7987628583173023
            },
            "heading": 1.7987628583173023,
            "speeds": {
                "vmax": 20.0
            },
            "type": 1,
            "driving_direction": 1,
            "id": "1003_4",
            "lane_type": 1
        },
        {
            "pos": {
                "x": 566914.4901442919,
                "y": 4317960.822302785,
                "yaw": 1.7987628578238426
            },
            "heading": 1.7987628578238426,
            "speeds": {
                "vmax": 20.0
            },
            "type": 1,
            "driving_direction": 1,
            "id": "1003_4",
            "lane_type": 1
        },
        {
            "pos": {
                "x": 566914.3770894262,
                "y": 4317961.309609466,
                "yaw": 1.7987628566333667
            },
            "heading": 1.7987628566333667,
            "speeds": {
                "vmax": 20.0
            },
            "type": 1,
            "driving_direction": 1,
            "id": "1003_4",
            "lane_type": 1
        },
        {
            "pos": {
                "x": 566914.2640287278,
                "y": 4317961.796941289,
                "yaw": 1.7987628448336632
            },
            "heading": 1.7987628448336632,
            "speeds": {
                "vmax": 20.0
            },
            "type": 1,
            "driving_direction": 1,
            "id": "1003_4",
            "lane_type": 1
        },
        {
            "pos": {
                "x": 566914.150963601,
                "y": 4317962.284292199,
                "yaw": 1.7987628324454052
            },
            "heading": 1.7987628324454052,
            "speeds": {
                "vmax": 20.0
            },
            "type": 1,
            "driving_direction": 1,
            "id": "1003_4",
            "lane_type": 1
        },
        {
            "pos": {
                "x": 566914.0378951647,
                "y": 4317962.771657375,
                "yaw": 1.7987628652265673
            },
            "heading": 1.7987628652265673,
            "speeds": {
                "vmax": 20.0
            },
            "type": 1,
            "driving_direction": 1,
            "id": "1003_4",
            "lane_type": 1
        },
        {
            "pos": {
                "x": 566913.9248242935,
                "y": 4317963.259033045,
                "yaw": 1.7987628270622424
            },
            "heading": 1.7987628270622424,
            "speeds": {
                "vmax": 20.0
            },
            "type": 1,
            "driving_direction": 1,
            "id": "1003_4",
            "lane_type": 1
        },
        {
            "pos": {
                "x": 566913.8117516545,
                "y": 4317963.746416336,
                "yaw": 1.798762836454267
            },
            "heading": 1.798762836454267,
            "speeds": {
                "vmax": 20.0
            },
            "type": 1,
            "driving_direction": 1,
            "id": "1003_4",
            "lane_type": 1
        },
        {
            "pos": {
                "x": 566913.6986777394,
                "y": 4317964.233805127,
                "yaw": 1.7987628548041243
            },
            "heading": 1.7987628548041243,
            "speeds": {
                "vmax": 20.0
            },
            "type": 1,
            "driving_direction": 1,
            "id": "1003_4",
            "lane_type": 1
        },
        {
            "pos": {
                "x": 566913.5856028926,
                "y": 4317964.721197935,
                "yaw": 1.7987628595797185
            },
            "heading": 1.7987628595797185,
            "speeds": {
                "vmax": 20.0
            },
            "type": 1,
            "driving_direction": 1,
            "id": "1003_4",
            "lane_type": 1
        },
        {
            "pos": {
                "x": 566913.472527337,
                "y": 4317965.208593797,
                "yaw": 1.7987628385877061
            },
            "heading": 1.7987628385877061,
            "speeds": {
                "vmax": 20.0
            },
            "type": 1,
            "driving_direction": 1,
            "id": "1003_4",
            "lane_type": 1
        },
        {
            "pos": {
                "x": 566913.3594511958,
                "y": 4317965.695992183,
                "yaw": 1.7987628439982966
            },
            "heading": 1.7987628439982966,
            "speeds": {
                "vmax": 20.0
            },
            "type": 1,
            "driving_direction": 1,
            "id": "1003_4",
            "lane_type": 1
        },
        {
            "pos": {
                "x": 566913.2463745108,
                "y": 4317966.183392914,
                "yaw": 1.7987628541273244
            },
            "heading": 1.7987628541273244,
            "speeds": {
                "vmax": 20.0
            },
            "type": 1,
            "driving_direction": 1,
            "id": "1003_4",
            "lane_type": 1
        },
        {
            "pos": {
                "x": 566913.1332972609,
                "y": 4317966.67079608,
                "yaw": 1.7987628453823825
            },
            "heading": 1.7987628453823825,
            "speeds": {
                "vmax": 20.0
            },
            "type": 1,
            "driving_direction": 1,
            "id": "1003_4",
            "lane_type": 1
        },
        {
            "pos": {
                "x": 566913.0202193757,
                "y": 4317967.158201983,
                "yaw": 1.7987628244441318
            },
            "heading": 1.7987628244441318,
            "speeds": {
                "vmax": 20.0
            },
            "type": 1,
            "driving_direction": 1,
            "id": "1003_4",
            "lane_type": 1
        },
        {
            "pos": {
                "x": 566912.90714075,
                "y": 4317967.645611079,
                "yaw": 1.7987628717918758
            },
            "heading": 1.7987628717918758,
            "speeds": {
                "vmax": 20.0
            },
            "type": 1,
            "driving_direction": 1,
            "id": "1003_4",
            "lane_type": 1
        },
        {
            "pos": {
                "x": 566912.7940612538,
                "y": 4317968.133023927,
                "yaw": 1.7987628558914852
            },
            "heading": 1.7987628558914852,
            "speeds": {
                "vmax": 20.0
            },
            "type": 1,
            "driving_direction": 1,
            "id": "1003_4",
            "lane_type": 1
        },
        {
            "pos": {
                "x": 566912.6809807429,
                "y": 4317968.620441149,
                "yaw": 1.7987628486866218
            },
            "heading": 1.7987628486866218,
            "speeds": {
                "vmax": 20.0
            },
            "type": 1,
            "driving_direction": 1,
            "id": "1003_4",
            "lane_type": 1
        },
        {
            "pos": {
                "x": 566912.5678990671,
                "y": 4317969.107863391,
                "yaw": 1.7987628624764946
            },
            "heading": 1.7987628624764946,
            "speeds": {
                "vmax": 20.0
            },
            "type": 1,
            "driving_direction": 1,
            "id": "1003_4",
            "lane_type": 1
        },
        {
            "pos": {
                "x": 566912.4548160788,
                "y": 4317969.595291291,
                "yaw": 1.7987628584539388
            },
            "heading": 1.7987628584539388,
            "speeds": {
                "vmax": 20.0
            },
            "type": 1,
            "driving_direction": 1,
            "id": "1003_4",
            "lane_type": 1
        },
        {
            "pos": {
                "x": 566912.3417316375,
                "y": 4317970.082725454,
                "yaw": 1.7987628129756663
            },
            "heading": 1.7987628129756663,
            "speeds": {
                "vmax": 20.0
            },
            "type": 1,
            "driving_direction": 1,
            "id": "1003_4",
            "lane_type": 1
        },
        {
            "pos": {
                "x": 566912.2286456171,
                "y": 4317970.570166424,
                "yaw": 1.7987628405509803
            },
            "heading": 1.7987628405509803,
            "speeds": {
                "vmax": 20.0
            },
            "type": 1,
            "driving_direction": 1,
            "id": "1003_4",
            "lane_type": 1
        },
        {
            "pos": {
                "x": 566912.1155579098,
                "y": 4317971.057614664,
                "yaw": 1.7987628488155967
            },
            "heading": 1.7987628488155967,
            "speeds": {
                "vmax": 20.0
            },
            "type": 1,
            "driving_direction": 1,
            "id": "1003_4",
            "lane_type": 1
        },
        {
            "pos": {
                "x": 566912.0024957462,
                "y": 4317971.544952802,
                "yaw": 1.7987628589338895
            },
            "heading": 1.7987628589338895,
            "speeds": {
                "vmax": 20.0
            },
            "type": 1,
            "driving_direction": 1,
            "id": "1003_4",
            "lane_type": 1
        },
        {
            "pos": {
                "x": 566911.8894336293,
                "y": 4317972.032290738,
                "yaw": 1.7987628327451046
            },
            "heading": 1.7987628327451046,
            "speeds": {
                "vmax": 20.0
            },
            "type": 1,
            "driving_direction": 1,
            "id": "1003_4",
            "lane_type": 1
        },
        {
            "pos": {
                "x": 566911.7763694762,
                "y": 4317972.519637452,
                "yaw": 1.7987628334451848
            },
            "heading": 1.7987628334451848,
            "speeds": {
                "vmax": 20.0
            },
            "type": 1,
            "driving_direction": 1,
            "id": "1003_4",
            "lane_type": 1
        },
        {
            "pos": {
                "x": 566911.6633030712,
                "y": 4317973.006993873,
                "yaw": 1.7987628485680887
            },
            "heading": 1.7987628485680887,
            "speeds": {
                "vmax": 20.0
            },
            "type": 1,
            "driving_direction": 1,
            "id": "1003_4",
            "lane_type": 1
        },
        {
            "pos": {
                "x": 566911.5502342411,
                "y": 4317973.494360747,
                "yaw": 1.7987628477849187
            },
            "heading": 1.7987628477849187,
            "speeds": {
                "vmax": 20.0
            },
            "type": 1,
            "driving_direction": 1,
            "id": "1003_4",
            "lane_type": 1
        },
        {
            "pos": {
                "x": 566911.4371628566,
                "y": 4317973.981738629,
                "yaw": 1.7987628490170147
            },
            "heading": 1.7987628490170147,
            "speeds": {
                "vmax": 20.0
            },
            "type": 1,
            "driving_direction": 1,
            "id": "1003_4",
            "lane_type": 1
        },
        {
            "pos": {
                "x": 566911.3240888319,
                "y": 4317974.469127893,
                "yaw": 1.7987628531653612
            },
            "heading": 1.7987628531653612,
            "speeds": {
                "vmax": 20.0
            },
            "type": 1,
            "driving_direction": 1,
            "id": "1003_4",
            "lane_type": 1
        },
        {
            "pos": {
                "x": 566911.2110121251,
                "y": 4317974.956528718,
                "yaw": 1.79876284787662
            },
            "heading": 1.79876284787662,
            "speeds": {
                "vmax": 20.0
            },
            "type": 1,
            "driving_direction": 1,
            "id": "1003_4",
            "lane_type": 1
        },
        {
            "pos": {
                "x": 566911.0979327383,
                "y": 4317975.443941094,
                "yaw": 1.7987628444435237
            },
            "heading": 1.7987628444435237,
            "speeds": {
                "vmax": 20.0
            },
            "type": 1,
            "driving_direction": 1,
            "id": "1003_4",
            "lane_type": 1
        },
        {
            "pos": {
                "x": 566910.9848507168,
                "y": 4317975.931364826,
                "yaw": 1.798762838094481
            },
            "heading": 1.798762838094481,
            "speeds": {
                "vmax": 20.0
            },
            "type": 1,
            "driving_direction": 1,
            "id": "1003_4",
            "lane_type": 1
        },
        {
            "pos": {
                "x": 566910.8717661495,
                "y": 4317976.418799532,
                "yaw": 1.7987628912260067
            },
            "heading": 1.7987628912260067,
            "speeds": {
                "vmax": 20.0
            },
            "type": 1,
            "driving_direction": 1,
            "id": "1003_4",
            "lane_type": 1
        },
        {
            "pos": {
                "x": 566910.7586791674,
                "y": 4317976.906244647,
                "yaw": 1.7987628307461547
            },
            "heading": 1.7987628307461547,
            "speeds": {
                "vmax": 20.0
            },
            "type": 1,
            "driving_direction": 1,
            "id": "1003_4",
            "lane_type": 1
        },
        {
            "pos": {
                "x": 566910.6455914355,
                "y": 4317977.3936929945,
                "yaw": 1.7987628466900805
            },
            "heading": 1.7987628466900805,
            "speeds": {
                "vmax": 20.0
            },
            "type": 1,
            "driving_direction": 1,
            "id": "1003_4",
            "lane_type": 1
        },
        {
            "pos": {
                "x": 566910.5325312542,
                "y": 4317977.881022587,
                "yaw": 1.7987628532603066
            },
            "heading": 1.7987628532603066,
            "speeds": {
                "vmax": 20.0
            },
            "type": 1,
            "driving_direction": 1,
            "id": "1003_4",
            "lane_type": 1
        },
        {
            "pos": {
                "x": 566910.4194671408,
                "y": 4317978.36836913,
                "yaw": 1.7987628352515213
            },
            "heading": 1.7987628352515213,
            "speeds": {
                "vmax": 20.0
            },
            "type": 1,
            "driving_direction": 1,
            "id": "1003_4",
            "lane_type": 1
        },
        {
            "pos": {
                "x": 566910.3063992686,
                "y": 4317978.855731875,
                "yaw": 1.7987628500625386
            },
            "heading": 1.7987628500625386,
            "speeds": {
                "vmax": 20.0
            },
            "type": 1,
            "driving_direction": 1,
            "id": "1003_4",
            "lane_type": 1
        },
        {
            "pos": {
                "x": 566910.1933278539,
                "y": 4317979.343109887,
                "yaw": 1.798762848488511
            },
            "heading": 1.798762848488511,
            "speeds": {
                "vmax": 20.0
            },
            "type": 1,
            "driving_direction": 1,
            "id": "1003_4",
            "lane_type": 1
        },
        {
            "pos": {
                "x": 566910.080253154,
                "y": 4317979.830502061,
                "yaw": 1.7987628579409252
            },
            "heading": 1.7987628579409252,
            "speeds": {
                "vmax": 20.0
            },
            "type": 1,
            "driving_direction": 1,
            "id": "1003_4",
            "lane_type": 1
        },
        {
            "pos": {
                "x": 566909.9671754653,
                "y": 4317980.317907118,
                "yaw": 1.7987628594388592
            },
            "heading": 1.7987628594388592,
            "speeds": {
                "vmax": 20.0
            },
            "type": 1,
            "driving_direction": 1,
            "id": "1003_4",
            "lane_type": 1
        },
        {
            "pos": {
                "x": 566909.8540951221,
                "y": 4317980.8053236175,
                "yaw": 1.7987628368661723
            },
            "heading": 1.7987628368661723,
            "speeds": {
                "vmax": 20.0
            },
            "type": 1,
            "driving_direction": 1,
            "id": "1003_4",
            "lane_type": 1
        },
        {
            "pos": {
                "x": 566909.7410124936,
                "y": 4317981.292749966,
                "yaw": 1.798762853576046
            },
            "heading": 1.798762853576046,
            "speeds": {
                "vmax": 20.0
            },
            "type": 1,
            "driving_direction": 1,
            "id": "1003_4",
            "lane_type": 1
        },
        {
            "pos": {
                "x": 566909.6279279832,
                "y": 4317981.780184427,
                "yaw": 1.798762850272032
            },
            "heading": 1.798762850272032,
            "speeds": {
                "vmax": 20.0
            },
            "type": 1,
            "driving_direction": 1,
            "id": "1003_4",
            "lane_type": 1
        },
        {
            "pos": {
                "x": 566909.5148524058,
                "y": 4317982.267580384,
                "yaw": 1.7987628351686478
            },
            "heading": 1.7987628351686478,
            "speeds": {
                "vmax": 20.0
            },
            "type": 1,
            "driving_direction": 1,
            "id": "1003_4",
            "lane_type": 1
        },
        {
            "pos": {
                "x": 566909.4017866014,
                "y": 4317982.754934215,
                "yaw": 1.7987628636259274
            },
            "heading": 1.7987628636259274,
            "speeds": {
                "vmax": 20.0
            },
            "type": 1,
            "driving_direction": 1,
            "id": "1003_4",
            "lane_type": 1
        },
        {
            "pos": {
                "x": 566909.2887172335,
                "y": 4317983.242303407,
                "yaw": 1.798762824141816
            },
            "heading": 1.798762824141816,
            "speeds": {
                "vmax": 20.0
            },
            "type": 1,
            "driving_direction": 1,
            "id": "1003_4",
            "lane_type": 1
        },
        {
            "pos": {
                "x": 566909.175644757,
                "y": 4317983.729685996,
                "yaw": 1.798762852203371
            },
            "heading": 1.798762852203371,
            "speeds": {
                "vmax": 20.0
            },
            "type": 1,
            "driving_direction": 1,
            "id": "1003_4",
            "lane_type": 1
        },
        {
            "pos": {
                "x": 566909.0625696545,
                "y": 4317984.217079906,
                "yaw": 1.7987628522148194
            },
            "heading": 1.7987628522148194,
            "speeds": {
                "vmax": 20.0
            },
            "type": 1,
            "driving_direction": 1,
            "id": "1003_4",
            "lane_type": 1
        },
        {
            "pos": {
                "x": 566908.9494924346,
                "y": 4317984.704482941,
                "yaw": 1.798762841196269
            },
            "heading": 1.798762841196269,
            "speeds": {
                "vmax": 20.0
            },
            "type": 1,
            "driving_direction": 1,
            "id": "1003_4",
            "lane_type": 1
        },
        {
            "pos": {
                "x": 566908.8364136285,
                "y": 4317985.191892816,
                "yaw": 1.7987628333032815
            },
            "heading": 1.7987628333032815,
            "speeds": {
                "vmax": 20.0
            },
            "type": 1,
            "driving_direction": 1,
            "id": "1003_4",
            "lane_type": 1
        },
        {
            "pos": {
                "x": 566908.7233337888,
                "y": 4317985.679307144,
                "yaw": 1.7987628361169499
            },
            "heading": 1.7987628361169499,
            "speeds": {
                "vmax": 20.0
            },
            "type": 1,
            "driving_direction": 1,
            "id": "1003_4",
            "lane_type": 1
        },
        {
            "pos": {
                "x": 566908.6102534863,
                "y": 4317986.1667234665,
                "yaw": 1.7987628172724053
            },
            "heading": 1.7987628172724053,
            "speeds": {
                "vmax": 20.0
            },
            "type": 1,
            "driving_direction": 1,
            "id": "1003_4",
            "lane_type": 1
        },
        {
            "pos": {
                "x": 566908.4971828982,
                "y": 4317986.654097917,
                "yaw": 1.7987628574391827
            },
            "heading": 1.7987628574391827,
            "speeds": {
                "vmax": 20.0
            },
            "type": 1,
            "driving_direction": 1,
            "id": "1003_4",
            "lane_type": 1
        },
        {
            "pos": {
                "x": 566908.384111291,
                "y": 4317987.141476761,
                "yaw": 1.7987628300358665
            },
            "heading": 1.7987628300358665,
            "speeds": {
                "vmax": 20.0
            },
            "type": 1,
            "driving_direction": 1,
            "id": "1003_4",
            "lane_type": 1
        },
        {
            "pos": {
                "x": 566908.2710375441,
                "y": 4317987.628864827,
                "yaw": 1.7987628549638182
            },
            "heading": 1.7987628549638182,
            "speeds": {
                "vmax": 20.0
            },
            "type": 1,
            "driving_direction": 1,
            "id": "1003_4",
            "lane_type": 1
        },
        {
            "pos": {
                "x": 566908.1579622568,
                "y": 4317988.116259532,
                "yaw": 1.7987628431997729
            },
            "heading": 1.7987628431997729,
            "speeds": {
                "vmax": 20.0
            },
            "type": 1,
            "driving_direction": 1,
            "id": "1003_4",
            "lane_type": 1
        },
        {
            "pos": {
                "x": 566908.0448860393,
                "y": 4317988.603658249,
                "yaw": 1.7987628505722772
            },
            "heading": 1.7987628505722772,
            "speeds": {
                "vmax": 20.0
            },
            "type": 1,
            "driving_direction": 1,
            "id": "1003_4",
            "lane_type": 1
        },
        {
            "pos": {
                "x": 566907.9318095099,
                "y": 4317989.091058309,
                "yaw": 1.7987628193449032
            },
            "heading": 1.7987628193449032,
            "speeds": {
                "vmax": 20.0
            },
            "type": 1,
            "driving_direction": 1,
            "id": "1003_4",
            "lane_type": 1
        },
        {
            "pos": {
                "x": 566907.8187332929,
                "y": 4317989.578457021,
                "yaw": 1.7987628602184647
            },
            "heading": 1.7987628602184647,
            "speeds": {
                "vmax": 20.0
            },
            "type": 1,
            "driving_direction": 1,
            "id": "1003_4",
            "lane_type": 1
        },
        {
            "pos": {
                "x": 566907.7056580177,
                "y": 4317990.065851675,
                "yaw": 1.7987628374164824
            },
            "heading": 1.7987628374164824,
            "speeds": {
                "vmax": 20.0
            },
            "type": 1,
            "driving_direction": 1,
            "id": "1003_4",
            "lane_type": 1
        },
        {
            "pos": {
                "x": 566907.5925835217,
                "y": 4317990.55324297,
                "yaw": 1.7987628404925176
            },
            "heading": 1.7987628404925176,
            "speeds": {
                "vmax": 20.0
            },
            "type": 1,
            "driving_direction": 1,
            "id": "1003_4",
            "lane_type": 1
        },
        {
            "pos": {
                "x": 566907.4795078625,
                "y": 4317991.040639279,
                "yaw": 1.7987628255461832
            },
            "heading": 1.7987628255461832,
            "speeds": {
                "vmax": 20.0
            },
            "type": 1,
            "driving_direction": 1,
            "id": "1003_4",
            "lane_type": 1
        },
        {
            "pos": {
                "x": 566907.3664314719,
                "y": 4317991.52803874,
                "yaw": 1.7987628544429055
            },
            "heading": 1.7987628544429055,
            "speeds": {
                "vmax": 20.0
            },
            "type": 1,
            "driving_direction": 1,
            "id": "1003_4",
            "lane_type": 1
        },
        {
            "pos": {
                "x": 566907.2533549771,
                "y": 4317992.015438652,
                "yaw": 1.7987628494582302
            },
            "heading": 1.7987628494582302,
            "speeds": {
                "vmax": 20.0
            },
            "type": 1,
            "driving_direction": 1,
            "id": "1003_4",
            "lane_type": 1
        },
        {
            "pos": {
                "x": 566907.1402790012,
                "y": 4317992.502836325,
                "yaw": 1.7987628636100637
            },
            "heading": 1.7987628636100637,
            "speeds": {
                "vmax": 20.0
            },
            "type": 1,
            "driving_direction": 1,
            "id": "1003_4",
            "lane_type": 1
        },
        {
            "pos": {
                "x": 566907.0272041601,
                "y": 4317992.990229107,
                "yaw": 1.7987628202338926
            },
            "heading": 1.7987628202338926,
            "speeds": {
                "vmax": 20.0
            },
            "type": 1,
            "driving_direction": 1,
            "id": "1003_4",
            "lane_type": 1
        },
        {
            "pos": {
                "x": 566906.9141310605,
                "y": 4317993.477614384,
                "yaw": 1.798762853731878
            },
            "heading": 1.798762853731878,
            "speeds": {
                "vmax": 20.0
            },
            "type": 1,
            "driving_direction": 1,
            "id": "1003_4",
            "lane_type": 1
        },
        {
            "pos": {
                "x": 566906.8010602975,
                "y": 4317993.964989589,
                "yaw": 1.7987628524086716
            },
            "heading": 1.7987628524086716,
            "speeds": {
                "vmax": 20.0
            },
            "type": 1,
            "driving_direction": 1,
            "id": "1003_4",
            "lane_type": 1
        },
        {
            "pos": {
                "x": 566906.6879862185,
                "y": 4317994.452379087,
                "yaw": 1.7987628486674188
            },
            "heading": 1.7987628486674188,
            "speeds": {
                "vmax": 20.0
            },
            "type": 1,
            "driving_direction": 1,
            "id": "1003_4",
            "lane_type": 1
        },
        {
            "pos": {
                "x": 566906.5749060058,
                "y": 4317994.939795023,
                "yaw": 1.7987628339953643
            },
            "heading": 1.7987628339953643,
            "speeds": {
                "vmax": 20.0
            },
            "type": 1,
            "driving_direction": 1,
            "id": "1003_4",
            "lane_type": 1
        },
        {
            "pos": {
                "x": 566906.4618264479,
                "y": 4317995.427208137,
                "yaw": 1.7987628423141937
            },
            "heading": 1.7987628423141937,
            "speeds": {
                "vmax": 20.0
            },
            "type": 1,
            "driving_direction": 1,
            "id": "1003_4",
            "lane_type": 1
        },
        {
            "pos": {
                "x": 566906.3487481102,
                "y": 4317995.914615991,
                "yaw": 1.798762842412893
            },
            "heading": 1.798762842412893,
            "speeds": {
                "vmax": 20.0
            },
            "type": 1,
            "driving_direction": 1,
            "id": "1003_4",
            "lane_type": 1
        },
        {
            "pos": {
                "x": 566906.2356715382,
                "y": 4317996.4020162355,
                "yaw": 1.7987628475456796
            },
            "heading": 1.7987628475456796,
            "speeds": {
                "vmax": 20.0
            },
            "type": 1,
            "driving_direction": 1,
            "id": "1003_4",
            "lane_type": 1
        },
        {
            "pos": {
                "x": 566906.1225972557,
                "y": 4317996.889406608,
                "yaw": 1.7987628549029921
            },
            "heading": 1.7987628549029921,
            "speeds": {
                "vmax": 20.0
            },
            "type": 1,
            "driving_direction": 1,
            "id": "1003_4",
            "lane_type": 1
        },
        {
            "pos": {
                "x": 566906.0095257631,
                "y": 4317997.376784958,
                "yaw": 1.798762848419906
            },
            "heading": 1.798762848419906,
            "speeds": {
                "vmax": 20.0
            },
            "type": 1,
            "driving_direction": 1,
            "id": "1003_4",
            "lane_type": 1
        },
        {
            "pos": {
                "x": 566905.8964575339,
                "y": 4317997.864149241,
                "yaw": 1.7987628451153301
            },
            "heading": 1.7987628451153301,
            "speeds": {
                "vmax": 20.0
            },
            "type": 1,
            "driving_direction": 1,
            "id": "1003_4",
            "lane_type": 1
        },
        {
            "pos": {
                "x": 566905.7833930133,
                "y": 4317998.351497539,
                "yaw": 1.7987628529980453
            },
            "heading": 1.7987628529980453,
            "speeds": {
                "vmax": 20.0
            },
            "type": 1,
            "driving_direction": 1,
            "id": "1003_4",
            "lane_type": 1
        },
        {
            "pos": {
                "x": 566905.6703101515,
                "y": 4317998.838924894,
                "yaw": 1.7987628439266925
            },
            "heading": 1.7987628439266925,
            "speeds": {
                "vmax": 20.0
            },
            "type": 1,
            "driving_direction": 1,
            "id": "1003_4",
            "lane_type": 1
        },
        {
            "pos": {
                "x": 566905.5572262215,
                "y": 4317999.326356852,
                "yaw": 1.7987628471050923
            },
            "heading": 1.7987628471050923,
            "speeds": {
                "vmax": 20.0
            },
            "type": 1,
            "driving_direction": 1,
            "id": "1003_4",
            "lane_type": 1
        },
        {
            "pos": {
                "x": 566905.4441443116,
                "y": 4317999.813780105,
                "yaw": 1.7987628434892102
            },
            "heading": 1.7987628434892102,
            "speeds": {
                "vmax": 20.0
            },
            "type": 1,
            "driving_direction": 1,
            "id": "1003_4",
            "lane_type": 1
        },
        {
            "pos": {
                "x": 566905.3310648139,
                "y": 4318000.30119296,
                "yaw": 1.7987628753926397
            },
            "heading": 1.7987628753926397,
            "speeds": {
                "vmax": 20.0
            },
            "type": 1,
            "driving_direction": 1,
            "id": "1003_4",
            "lane_type": 1
        },
        {
            "pos": {
                "x": 566905.217988086,
                "y": 4318000.788593873,
                "yaw": 1.7987628510437157
            },
            "heading": 1.7987628510437157,
            "speeds": {
                "vmax": 20.0
            },
            "type": 1,
            "driving_direction": 1,
            "id": "1003_4",
            "lane_type": 1
        },
        {
            "pos": {
                "x": 566905.1049144503,
                "y": 4318001.275981462,
                "yaw": 1.7987628405301634
            },
            "heading": 1.7987628405301634,
            "speeds": {
                "vmax": 20.0
            },
            "type": 1,
            "driving_direction": 1,
            "id": "1003_4",
            "lane_type": 1
        },
        {
            "pos": {
                "x": 566904.9918441898,
                "y": 4318001.7633545,
                "yaw": 1.798762841997488
            },
            "heading": 1.798762841997488,
            "speeds": {
                "vmax": 20.0
            },
            "type": 1,
            "driving_direction": 1,
            "id": "1003_4",
            "lane_type": 1
        },
        {
            "pos": {
                "x": 566904.8787775488,
                "y": 4318002.250711937,
                "yaw": 1.7987628469632548
            },
            "heading": 1.7987628469632548,
            "speeds": {
                "vmax": 20.0
            },
            "type": 1,
            "driving_direction": 1,
            "id": "1003_4",
            "lane_type": 1
        },
        {
            "pos": {
                "x": 566904.765714729,
                "y": 4318002.738052905,
                "yaw": 1.7987628222580896
            },
            "heading": 1.7987628222580896,
            "speeds": {
                "vmax": 20.0
            },
            "type": 1,
            "driving_direction": 1,
            "id": "1003_4",
            "lane_type": 1
        },
        {
            "pos": {
                "x": 566904.6526465667,
                "y": 4318003.225416899,
                "yaw": 1.79876284724168
            },
            "heading": 1.79876284724168,
            "speeds": {
                "vmax": 20.0
            },
            "type": 1,
            "driving_direction": 1,
            "id": "1003_4",
            "lane_type": 1
        },
        {
            "pos": {
                "x": 566904.5395580678,
                "y": 4318003.712868551,
                "yaw": 1.7987628392280048
            },
            "heading": 1.7987628392280048,
            "speeds": {
                "vmax": 20.0
            },
            "type": 1,
            "driving_direction": 1,
            "id": "1003_4",
            "lane_type": 1
        },
        {
            "pos": {
                "x": 566904.4264718734,
                "y": 4318004.20031027,
                "yaw": 1.7987628448354864
            },
            "heading": 1.7987628448354864,
            "speeds": {
                "vmax": 20.0
            },
            "type": 1,
            "driving_direction": 1,
            "id": "1003_4",
            "lane_type": 1
        },
        {
            "pos": {
                "x": 566904.3133881423,
                "y": 4318004.687741373,
                "yaw": 1.7987628531464155
            },
            "heading": 1.7987628531464155,
            "speeds": {
                "vmax": 20.0
            },
            "type": 1,
            "driving_direction": 1,
            "id": "1003_4",
            "lane_type": 1
        },
        {
            "pos": {
                "x": 566904.2003069912,
                "y": 4318005.175161352,
                "yaw": 1.7987628377061757
            },
            "heading": 1.7987628377061757,
            "speeds": {
                "vmax": 20.0
            },
            "type": 1,
            "driving_direction": 1,
            "id": "1003_4",
            "lane_type": 1
        },
        {
            "pos": {
                "x": 566904.0872284948,
                "y": 4318005.662569892,
                "yaw": 1.7987628392304538
            },
            "heading": 1.7987628392304538,
            "speeds": {
                "vmax": 20.0
            },
            "type": 1,
            "driving_direction": 1,
            "id": "1003_4",
            "lane_type": 1
        },
        {
            "pos": {
                "x": 566903.974152684,
                "y": 4318006.149966854,
                "yaw": 1.7987628255914212
            },
            "heading": 1.7987628255914212,
            "speeds": {
                "vmax": 20.0
            },
            "type": 1,
            "driving_direction": 1,
            "id": "1003_4",
            "lane_type": 1
        },
        {
            "pos": {
                "x": 566903.8610795462,
                "y": 4318006.637352295,
                "yaw": 1.7987628545797998
            },
            "heading": 1.7987628545797998,
            "speeds": {
                "vmax": 20.0
            },
            "type": 1,
            "driving_direction": 1,
            "id": "1003_4",
            "lane_type": 1
        },
        {
            "pos": {
                "x": 566903.7480090251,
                "y": 4318007.1247264575,
                "yaw": 1.798762826890533
            },
            "heading": 1.798762826890533,
            "speeds": {
                "vmax": 20.0
            },
            "type": 1,
            "driving_direction": 1,
            "id": "1003_4",
            "lane_type": 1
        },
        {
            "pos": {
                "x": 566903.6349410198,
                "y": 4318007.612089775,
                "yaw": 1.7987628343542674
            },
            "heading": 1.7987628343542674,
            "speeds": {
                "vmax": 20.0
            },
            "type": 1,
            "driving_direction": 1,
            "id": "1003_4",
            "lane_type": 1
        },
        {
            "pos": {
                "x": 566903.5218753866,
                "y": 4318008.099442868,
                "yaw": 1.7987628656795756
            },
            "heading": 1.7987628656795756,
            "speeds": {
                "vmax": 20.0
            },
            "type": 1,
            "driving_direction": 1,
            "id": "1003_4",
            "lane_type": 1
        },
        {
            "pos": {
                "x": 566903.408811938,
                "y": 4318008.586786545,
                "yaw": 1.7987628480126427
            },
            "heading": 1.7987628480126427,
            "speeds": {
                "vmax": 20.0
            },
            "type": 1,
            "driving_direction": 1,
            "id": "1003_4",
            "lane_type": 1
        },
        {
            "pos": {
                "x": 566903.2957504453,
                "y": 4318009.074121791,
                "yaw": 1.798762852697568
            },
            "heading": 1.798762852697568,
            "speeds": {
                "vmax": 20.0
            },
            "type": 1,
            "driving_direction": 1,
            "id": "1003_4",
            "lane_type": 1
        },
        {
            "pos": {
                "x": 566903.1826791487,
                "y": 4318009.561499296,
                "yaw": 1.7987628492606462
            },
            "heading": 1.7987628492606462,
            "speeds": {
                "vmax": 20.0
            },
            "type": 1,
            "driving_direction": 1,
            "id": "1003_4",
            "lane_type": 1
        },
        {
            "pos": {
                "x": 566903.0695920144,
                "y": 4318010.048945066,
                "yaw": 1.7987628654112318
            },
            "heading": 1.7987628654112318,
            "speeds": {
                "vmax": 20.0
            },
            "type": 1,
            "driving_direction": 1,
            "id": "1003_4",
            "lane_type": 1
        },
        {
            "pos": {
                "x": 566902.9565065335,
                "y": 4318010.536383711,
                "yaw": 1.7987628445161041
            },
            "heading": 1.7987628445161041,
            "speeds": {
                "vmax": 20.0
            },
            "type": 1,
            "driving_direction": 1,
            "id": "1003_4",
            "lane_type": 1
        },
        {
            "pos": {
                "x": 566902.8434225915,
                "y": 4318011.023815721,
                "yaw": 1.7987628541045164
            },
            "heading": 1.7987628541045164,
            "speeds": {
                "vmax": 20.0
            },
            "type": 1,
            "driving_direction": 1,
            "id": "1003_4",
            "lane_type": 1
        },
        {
            "pos": {
                "x": 566902.7303400567,
                "y": 4318011.511241667,
                "yaw": 1.7987628269544158
            },
            "heading": 1.7987628269544158,
            "speeds": {
                "vmax": 20.0
            },
            "type": 1,
            "driving_direction": 1,
            "id": "1003_4",
            "lane_type": 1
        },
        {
            "pos": {
                "x": 566902.617258786,
                "y": 4318011.998662163,
                "yaw": 1.7987628444435237
            },
            "heading": 1.7987628444435237,
            "speeds": {
                "vmax": 20.0
            },
            "type": 1,
            "driving_direction": 1,
            "id": "1003_4",
            "lane_type": 1
        },
        {
            "pos": {
                "x": 566902.5041786297,
                "y": 4318012.486077856,
                "yaw": 1.7987628460289002
            },
            "heading": 1.7987628460289002,
            "speeds": {
                "vmax": 20.0
            },
            "type": 1,
            "driving_direction": 1,
            "id": "1003_4",
            "lane_type": 1
        },
        {
            "pos": {
                "x": 566902.3910994391,
                "y": 4318012.973489387,
                "yaw": 1.7987628563097353
            },
            "heading": 1.7987628563097353,
            "speeds": {
                "vmax": 20.0
            },
            "type": 1,
            "driving_direction": 1,
            "id": "1003_4",
            "lane_type": 1
        },
        {
            "pos": {
                "x": 566902.2780210737,
                "y": 4318013.46089736,
                "yaw": 1.798762841196269
            },
            "heading": 1.798762841196269,
            "speeds": {
                "vmax": 20.0
            },
            "type": 1,
            "driving_direction": 1,
            "id": "1003_4",
            "lane_type": 1
        }
    ]
}