{
    "header": {
        "trace_id": "COMMAND&x2ficyWzVo",
        "trans_id": "713c8160-942f-41c9-aea0-201678fe2e43",
        "che_id": "A522",
        "timestamp": "2025-02-19T17:23:04.233792Z"
    },
    "task_id": "COMMAND&x2ficyWzVo",
    "navi_id": "A522_COMMAND&x2ficyWzVo_2",
    "seq_num": 2,
    "dest_type": 3,
    "mode": 2,
    "waypoints": [
        {
            "pos": {
                "x": 566927.7510223122,
                "y": 4317783.961534906,
                "yaw": 0.22808924056602575
            },
            "heading": 0.22808924056602575,
            "speeds": {
                "vmax": 15.0
            },
            "type": 1,
            "driving_direction": 1,
            "id": "1443_0",
            "lane_type": 61
        },
        {
            "pos": {
                "x": 566928.2380587072,
                "y": 4317784.074652323,
                "yaw": 0.22808924056602575
            },
            "heading": 0.22808924056602575,
            "speeds": {
                "vmax": 15.0
            },
            "type": 1,
            "driving_direction": 1,
            "id": "1443_0",
            "lane_type": 61
        },
        {
            "pos": {
                "x": 566928.7250951023,
                "y": 4317784.187769739,
                "yaw": 0.22808924056602575
            },
            "heading": 0.22808924056602575,
            "speeds": {
                "vmax": 15.0
            },
            "type": 1,
            "driving_direction": 1,
            "id": "1443_0",
            "lane_type": 61
        },
        {
            "pos": {
                "x": 566929.2121314973,
                "y": 4317784.300887155,
                "yaw": 0.22808924056602575
            },
            "heading": 0.22808924056602575,
            "speeds": {
                "vmax": 15.0
            },
            "type": 1,
            "driving_direction": 1,
            "id": "1443_0",
            "lane_type": 61
        },
        {
            "pos": {
                "x": 566929.6991678925,
                "y": 4317784.414004572,
                "yaw": 0.22808924056602575
            },
            "heading": 0.22808924056602575,
            "speeds": {
                "vmax": 15.0
            },
            "type": 1,
            "driving_direction": 1,
            "id": "1443_0",
            "lane_type": 61
        },
        {
            "pos": {
                "x": 566930.1862042875,
                "y": 4317784.527121988,
                "yaw": 0.22808924056602575
            },
            "heading": 0.22808924056602575,
            "speeds": {
                "vmax": 15.0
            },
            "type": 1,
            "driving_direction": 1,
            "id": "1443_0",
            "lane_type": 61
        },
        {
            "pos": {
                "x": 566930.6732406825,
                "y": 4317784.6402394045,
                "yaw": 0.22808924056602575
            },
            "heading": 0.22808924056602575,
            "speeds": {
                "vmax": 15.0
            },
            "type": 1,
            "driving_direction": 1,
            "id": "1443_0",
            "lane_type": 61
        },
        {
            "pos": {
                "x": 566931.1602770776,
                "y": 4317784.753356821,
                "yaw": 0.22808924056602575
            },
            "heading": 0.22808924056602575,
            "speeds": {
                "vmax": 15.0
            },
            "type": 1,
            "driving_direction": 1,
            "id": "1443_0",
            "lane_type": 61
        },
        {
            "pos": {
                "x": 566931.6473134726,
                "y": 4317784.866474237,
                "yaw": 0.22808924056602575
            },
            "heading": 0.22808924056602575,
            "speeds": {
                "vmax": 15.0
            },
            "type": 1,
            "driving_direction": 1,
            "id": "1443_0",
            "lane_type": 61
        },
        {
            "pos": {
                "x": 566932.1343498677,
                "y": 4317784.979591654,
                "yaw": 0.22808924056602575
            },
            "heading": 0.22808924056602575,
            "speeds": {
                "vmax": 15.0
            },
            "type": 1,
            "driving_direction": 1,
            "id": "1443_0",
            "lane_type": 61
        },
        {
            "pos": {
                "x": 566932.6213862627,
                "y": 4317785.09270907,
                "yaw": 0.22808924056602575
            },
            "heading": 0.22808924056602575,
            "speeds": {
                "vmax": 15.0
            },
            "type": 1,
            "driving_direction": 1,
            "id": "1443_0",
            "lane_type": 61
        },
        {
            "pos": {
                "x": 566933.1084226577,
                "y": 4317785.205826486,
                "yaw": 0.22808924056602575
            },
            "heading": 0.22808924056602575,
            "speeds": {
                "vmax": 15.0
            },
            "type": 1,
            "driving_direction": 1,
            "id": "1443_0",
            "lane_type": 61
        },
        {
            "pos": {
                "x": 566933.4037046833,
                "y": 4317785.274407686,
                "yaw": 0.22808924056602575
            },
            "heading": 0.22808924056602575,
            "speeds": {
                "vmax": 15.0
            },
            "type": 1,
            "driving_direction": 1,
            "id": "1443_0",
            "lane_type": 61
        },
        {
            "pos": {
                "x": 566933.8916487638,
                "y": 4317785.387696758,
                "yaw": 0.22991952568423538
            },
            "heading": 0.22991952568423538,
            "speeds": {
                "vmax": 15.0
            },
            "type": 2,
            "driving_direction": 1,
            "id": "1640_0",
            "lane_type": 4
        },
        {
            "pos": {
                "x": 566934.4155094766,
                "y": 4317785.510311318,
                "yaw": 0.23011782499718628
            },
            "heading": 0.23011782499718628,
            "speeds": {
                "vmax": 15.0
            },
            "type": 2,
            "driving_direction": 1,
            "id": "1640_0",
            "lane_type": 4
        },
        {
            "pos": {
                "x": 566934.9428186831,
                "y": 4317785.6339500975,
                "yaw": 0.23045695722181592
            },
            "heading": 0.23045695722181592,
            "speeds": {
                "vmax": 15.0
            },
            "type": 2,
            "driving_direction": 1,
            "id": "1640_0",
            "lane_type": 4
        },
        {
            "pos": {
                "x": 566935.4710016684,
                "y": 4317785.757955111,
                "yaw": 0.2306994315062644
            },
            "heading": 0.2306994315062644,
            "speeds": {
                "vmax": 15.0
            },
            "type": 2,
            "driving_direction": 1,
            "id": "1640_0",
            "lane_type": 4
        },
        {
            "pos": {
                "x": 566935.9978336575,
                "y": 4317785.881752795,
                "yaw": 0.23083491393951838
            },
            "heading": 0.23083491393951838,
            "speeds": {
                "vmax": 15.0
            },
            "type": 2,
            "driving_direction": 1,
            "id": "1640_0",
            "lane_type": 4
        },
        {
            "pos": {
                "x": 566936.5250533123,
                "y": 4317786.0056828,
                "yaw": 0.23088352506681808
            },
            "heading": 0.23088352506681808,
            "speeds": {
                "vmax": 15.0
            },
            "type": 2,
            "driving_direction": 1,
            "id": "1640_0",
            "lane_type": 4
        },
        {
            "pos": {
                "x": 566937.0522726031,
                "y": 4317786.129625514,
                "yaw": 0.23085348521901075
            },
            "heading": 0.23085348521901075,
            "speeds": {
                "vmax": 15.0
            },
            "type": 2,
            "driving_direction": 1,
            "id": "1640_0",
            "lane_type": 4
        },
        {
            "pos": {
                "x": 566937.5794999374,
                "y": 4317786.253523075,
                "yaw": 0.23073509677240636
            },
            "heading": 0.23073509677240636,
            "speeds": {
                "vmax": 15.0
            },
            "type": 2,
            "driving_direction": 1,
            "id": "1640_0",
            "lane_type": 4
        },
        {
            "pos": {
                "x": 566938.1057178283,
                "y": 4317786.377098417,
                "yaw": 0.23052647927665787
            },
            "heading": 0.23052647927665787,
            "speeds": {
                "vmax": 15.0
            },
            "type": 2,
            "driving_direction": 1,
            "id": "1640_0",
            "lane_type": 4
        },
        {
            "pos": {
                "x": 566938.6344441604,
                "y": 4317786.501114686,
                "yaw": 0.23020817808588534
            },
            "heading": 0.23020817808588534,
            "speeds": {
                "vmax": 15.0
            },
            "type": 2,
            "driving_direction": 1,
            "id": "1640_0",
            "lane_type": 4
        },
        {
            "pos": {
                "x": 566939.1621171515,
                "y": 4317786.624674413,
                "yaw": 0.22976131069899233
            },
            "heading": 0.22976131069899233,
            "speeds": {
                "vmax": 15.0
            },
            "type": 2,
            "driving_direction": 1,
            "id": "1640_0",
            "lane_type": 4
        },
        {
            "pos": {
                "x": 566939.6879739191,
                "y": 4317786.747518188,
                "yaw": 0.22912235495999408
            },
            "heading": 0.22912235495999408,
            "speeds": {
                "vmax": 15.0
            },
            "type": 2,
            "driving_direction": 1,
            "id": "1640_0",
            "lane_type": 4
        },
        {
            "pos": {
                "x": 566940.215446176,
                "y": 4317786.87031709,
                "yaw": 0.2282523670366157
            },
            "heading": 0.2282523670366157,
            "speeds": {
                "vmax": 15.0
            },
            "type": 2,
            "driving_direction": 1,
            "id": "1640_0",
            "lane_type": 4
        },
        {
            "pos": {
                "x": 566940.7423066654,
                "y": 4317786.992424341,
                "yaw": 0.2270348207632506
            },
            "heading": 0.2270348207632506,
            "speeds": {
                "vmax": 15.0
            },
            "type": 2,
            "driving_direction": 1,
            "id": "1640_0",
            "lane_type": 4
        },
        {
            "pos": {
                "x": 566941.2679014031,
                "y": 4317787.113427547,
                "yaw": 0.2248135042040197
            },
            "heading": 0.2248135042040197,
            "speeds": {
                "vmax": 15.0
            },
            "type": 2,
            "driving_direction": 1,
            "id": "1640_0",
            "lane_type": 4
        },
        {
            "pos": {
                "x": 566941.7978009745,
                "y": 4317787.233736395,
                "yaw": 0.22122581545801173
            },
            "heading": 0.22122581545801173,
            "speeds": {
                "vmax": 15.0
            },
            "type": 2,
            "driving_direction": 1,
            "id": "1640_0",
            "lane_type": 4
        },
        {
            "pos": {
                "x": 566942.3270789695,
                "y": 4317787.351558851,
                "yaw": 0.21768244375596657
            },
            "heading": 0.21768244375596657,
            "speeds": {
                "vmax": 15.0
            },
            "type": 2,
            "driving_direction": 1,
            "id": "1640_0",
            "lane_type": 4
        },
        {
            "pos": {
                "x": 566942.8554861795,
                "y": 4317787.467658732,
                "yaw": 0.21594958348612944
            },
            "heading": 0.21594958348612944,
            "speeds": {
                "vmax": 15.0
            },
            "type": 2,
            "driving_direction": 1,
            "id": "1640_0",
            "lane_type": 4
        },
        {
            "pos": {
                "x": 566943.3805852768,
                "y": 4317787.582697077,
                "yaw": 0.21808845652398504
            },
            "heading": 0.21808845652398504,
            "speeds": {
                "vmax": 15.0
            },
            "type": 2,
            "driving_direction": 1,
            "id": "1640_0",
            "lane_type": 4
        },
        {
            "pos": {
                "x": 566943.907729355,
                "y": 4317787.701000246,
                "yaw": 0.22439545698349006
            },
            "heading": 0.22439545698349006,
            "speeds": {
                "vmax": 15.0
            },
            "type": 2,
            "driving_direction": 1,
            "id": "1640_0",
            "lane_type": 4
        },
        {
            "pos": {
                "x": 566944.4346185448,
                "y": 4317787.823394796,
                "yaw": 0.23386391951345145
            },
            "heading": 0.23386391951345145,
            "speeds": {
                "vmax": 15.0
            },
            "type": 2,
            "driving_direction": 1,
            "id": "1640_0",
            "lane_type": 4
        },
        {
            "pos": {
                "x": 566944.9600501952,
                "y": 4317787.951888854,
                "yaw": 0.2507614965582462
            },
            "heading": 0.2507614965582462,
            "speeds": {
                "vmax": 15.0
            },
            "type": 2,
            "driving_direction": 1,
            "id": "1640_0",
            "lane_type": 4
        },
        {
            "pos": {
                "x": 566945.4822647267,
                "y": 4317788.092198228,
                "yaw": 0.2722670320375808
            },
            "heading": 0.2722670320375808,
            "speeds": {
                "vmax": 15.0
            },
            "type": 2,
            "driving_direction": 1,
            "id": "1640_0",
            "lane_type": 4
        },
        {
            "pos": {
                "x": 566946.0012515965,
                "y": 4317788.242823258,
                "yaw": 0.295731768166059
            },
            "heading": 0.295731768166059,
            "speeds": {
                "vmax": 15.0
            },
            "type": 2,
            "driving_direction": 1,
            "id": "1640_0",
            "lane_type": 4
        },
        {
            "pos": {
                "x": 566946.515792273,
                "y": 4317788.407522779,
                "yaw": 0.3324623657072792
            },
            "heading": 0.3324623657072792,
            "speeds": {
                "vmax": 15.0
            },
            "type": 2,
            "driving_direction": 1,
            "id": "1640_0",
            "lane_type": 4
        },
        {
            "pos": {
                "x": 566947.0214956028,
                "y": 4317788.595874283,
                "yaw": 0.37883965232792705
            },
            "heading": 0.37883965232792705,
            "speeds": {
                "vmax": 15.0
            },
            "type": 2,
            "driving_direction": 1,
            "id": "1640_0",
            "lane_type": 4
        },
        {
            "pos": {
                "x": 566947.5177978758,
                "y": 4317788.806824306,
                "yaw": 0.4233097233068617
            },
            "heading": 0.4233097233068617,
            "speeds": {
                "vmax": 15.0
            },
            "type": 2,
            "driving_direction": 1,
            "id": "1640_0",
            "lane_type": 4
        },
        {
            "pos": {
                "x": 566948.0044194132,
                "y": 4317789.039025059,
                "yaw": 0.4733114907187956
            },
            "heading": 0.4733114907187956,
            "speeds": {
                "vmax": 15.0
            },
            "type": 2,
            "driving_direction": 1,
            "id": "1640_0",
            "lane_type": 4
        },
        {
            "pos": {
                "x": 566948.4771171524,
                "y": 4317789.298421733,
                "yaw": 0.5365163463426306
            },
            "heading": 0.5365163463426306,
            "speeds": {
                "vmax": 15.0
            },
            "type": 2,
            "driving_direction": 1,
            "id": "1640_0",
            "lane_type": 4
        },
        {
            "pos": {
                "x": 566948.9308011957,
                "y": 4317789.590028641,
                "yaw": 0.6030763027339499
            },
            "heading": 0.6030763027339499,
            "speeds": {
                "vmax": 15.0
            },
            "type": 2,
            "driving_direction": 1,
            "id": "1640_0",
            "lane_type": 4
        },
        {
            "pos": {
                "x": 566949.364987148,
                "y": 4317789.909708858,
                "yaw": 0.6673726002549693
            },
            "heading": 0.6673726002549693,
            "speeds": {
                "vmax": 15.0
            },
            "type": 2,
            "driving_direction": 1,
            "id": "1640_0",
            "lane_type": 4
        },
        {
            "pos": {
                "x": 566949.7777842337,
                "y": 4317790.257085569,
                "yaw": 0.7352167069717324
            },
            "heading": 0.7352167069717324,
            "speeds": {
                "vmax": 15.0
            },
            "type": 2,
            "driving_direction": 1,
            "id": "1640_0",
            "lane_type": 4
        },
        {
            "pos": {
                "x": 566950.1655579179,
                "y": 4317790.63300878,
                "yaw": 0.8025940056909133
            },
            "heading": 0.8025940056909133,
            "speeds": {
                "vmax": 15.0
            },
            "type": 2,
            "driving_direction": 1,
            "id": "1640_0",
            "lane_type": 4
        },
        {
            "pos": {
                "x": 566950.52847583,
                "y": 4317791.033323033,
                "yaw": 0.8681431642828034
            },
            "heading": 0.8681431642828034,
            "speeds": {
                "vmax": 15.0
            },
            "type": 2,
            "driving_direction": 1,
            "id": "1640_0",
            "lane_type": 4
        },
        {
            "pos": {
                "x": 566950.8641333712,
                "y": 4317791.457104591,
                "yaw": 0.937234069059011
            },
            "heading": 0.937234069059011,
            "speeds": {
                "vmax": 15.0
            },
            "type": 2,
            "driving_direction": 1,
            "id": "1640_0",
            "lane_type": 4
        },
        {
            "pos": {
                "x": 566951.1684472193,
                "y": 4317791.903553094,
                "yaw": 1.0132162618478144
            },
            "heading": 1.0132162618478144,
            "speeds": {
                "vmax": 15.0
            },
            "type": 2,
            "driving_direction": 1,
            "id": "1640_0",
            "lane_type": 4
        },
        {
            "pos": {
                "x": 566951.4363164802,
                "y": 4317792.373116339,
                "yaw": 1.088783239750316
            },
            "heading": 1.088783239750316,
            "speeds": {
                "vmax": 15.0
            },
            "type": 2,
            "driving_direction": 1,
            "id": "1640_0",
            "lane_type": 4
        },
        {
            "pos": {
                "x": 566951.6701338426,
                "y": 4317792.860834428,
                "yaw": 1.1548224900495794
            },
            "heading": 1.1548224900495794,
            "speeds": {
                "vmax": 15.0
            },
            "type": 2,
            "driving_direction": 1,
            "id": "1640_0",
            "lane_type": 4
        },
        {
            "pos": {
                "x": 566951.8738347129,
                "y": 4317793.362217689,
                "yaw": 1.2165059136454532
            },
            "heading": 1.2165059136454532,
            "speeds": {
                "vmax": 15.0
            },
            "type": 2,
            "driving_direction": 1,
            "id": "1640_0",
            "lane_type": 4
        },
        {
            "pos": {
                "x": 566952.0456176734,
                "y": 4317793.874624352,
                "yaw": 1.2836023860053425
            },
            "heading": 1.2836023860053425,
            "speeds": {
                "vmax": 15.0
            },
            "type": 2,
            "driving_direction": 1,
            "id": "1640_0",
            "lane_type": 4
        },
        {
            "pos": {
                "x": 566952.1806058062,
                "y": 4317794.398654185,
                "yaw": 1.3514636508160875
            },
            "heading": 1.3514636508160875,
            "speeds": {
                "vmax": 15.0
            },
            "type": 2,
            "driving_direction": 1,
            "id": "1640_0",
            "lane_type": 4
        },
        {
            "pos": {
                "x": 566952.2813461731,
                "y": 4317794.9300252795,
                "yaw": 1.4190951929233329
            },
            "heading": 1.4190951929233329,
            "speeds": {
                "vmax": 15.0
            },
            "type": 2,
            "driving_direction": 1,
            "id": "1640_0",
            "lane_type": 4
        },
        {
            "pos": {
                "x": 566952.3444487316,
                "y": 4317795.466988162,
                "yaw": 1.4881080325754394
            },
            "heading": 1.4881080325754394,
            "speeds": {
                "vmax": 15.0
            },
            "type": 2,
            "driving_direction": 1,
            "id": "1640_0",
            "lane_type": 4
        },
        {
            "pos": {
                "x": 566952.3711748263,
                "y": 4317796.008474287,
                "yaw": 1.5525192250408222
            },
            "heading": 1.5525192250408222,
            "speeds": {
                "vmax": 15.0
            },
            "type": 2,
            "driving_direction": 1,
            "id": "1640_0",
            "lane_type": 4
        },
        {
            "pos": {
                "x": 566952.3645566552,
                "y": 4317796.547795248,
                "yaw": 1.6126742291624976
            },
            "heading": 1.6126742291624976,
            "speeds": {
                "vmax": 15.0
            },
            "type": 2,
            "driving_direction": 1,
            "id": "1640_0",
            "lane_type": 4
        },
        {
            "pos": {
                "x": 566952.3263772859,
                "y": 4317797.086371043,
                "yaw": 1.6706317587790058
            },
            "heading": 1.6706317587790058,
            "speeds": {
                "vmax": 15.0
            },
            "type": 2,
            "driving_direction": 1,
            "id": "1640_0",
            "lane_type": 4
        },
        {
            "pos": {
                "x": 566952.2575598562,
                "y": 4317797.621623408,
                "yaw": 1.7212997420411147
            },
            "heading": 1.7212997420411147,
            "speeds": {
                "vmax": 15.0
            },
            "type": 2,
            "driving_direction": 1,
            "id": "1640_0",
            "lane_type": 4
        },
        {
            "pos": {
                "x": 566952.1659135798,
                "y": 4317798.14904934,
                "yaw": 1.7583268460167982
            },
            "heading": 1.7583268460167982,
            "speeds": {
                "vmax": 15.0
            },
            "type": 2,
            "driving_direction": 1,
            "id": "1640_0",
            "lane_type": 4
        },
        {
            "pos": {
                "x": 566952.0576820637,
                "y": 4317798.67962328,
                "yaw": 1.7773674426880217
            },
            "heading": 1.7773674426880217,
            "speeds": {
                "vmax": 15.0
            },
            "type": 2,
            "driving_direction": 1,
            "id": "1640_0",
            "lane_type": 4
        },
        {
            "pos": {
                "x": 566951.9441183341,
                "y": 4317799.208857037,
                "yaw": 1.7847744182116883
            },
            "heading": 1.7847744182116883,
            "speeds": {
                "vmax": 15.0
            },
            "type": 2,
            "driving_direction": 1,
            "id": "1640_0",
            "lane_type": 4
        },
        {
            "pos": {
                "x": 566951.8280206023,
                "y": 4317799.737083833,
                "yaw": 1.7886645121937461
            },
            "heading": 1.7886645121937461,
            "speeds": {
                "vmax": 15.0
            },
            "type": 2,
            "driving_direction": 1,
            "id": "1640_0",
            "lane_type": 4
        },
        {
            "pos": {
                "x": 566951.7099730594,
                "y": 4317800.26682049,
                "yaw": 1.7909986631322476
            },
            "heading": 1.7909986631322476,
            "speeds": {
                "vmax": 15.0
            },
            "type": 2,
            "driving_direction": 1,
            "id": "1640_0",
            "lane_type": 4
        },
        {
            "pos": {
                "x": 566951.5907421433,
                "y": 4317800.797311903,
                "yaw": 1.792456349988682
            },
            "heading": 1.792456349988682,
            "speeds": {
                "vmax": 15.0
            },
            "type": 2,
            "driving_direction": 1,
            "id": "1640_0",
            "lane_type": 4
        },
        {
            "pos": {
                "x": 566951.4713338986,
                "y": 4317801.325796818,
                "yaw": 1.7932863921164839
            },
            "heading": 1.7932863921164839,
            "speeds": {
                "vmax": 15.0
            },
            "type": 2,
            "driving_direction": 1,
            "id": "1640_0",
            "lane_type": 4
        },
        {
            "pos": {
                "x": 566951.3515840496,
                "y": 4317801.854456028,
                "yaw": 1.7936165075187374
            },
            "heading": 1.7936165075187374,
            "speeds": {
                "vmax": 15.0
            },
            "type": 2,
            "driving_direction": 1,
            "id": "1640_0",
            "lane_type": 4
        },
        {
            "pos": {
                "x": 566951.2318627974,
                "y": 4317802.382689042,
                "yaw": 1.7935149669012156
            },
            "heading": 1.7935149669012156,
            "speeds": {
                "vmax": 15.0
            },
            "type": 2,
            "driving_direction": 1,
            "id": "1640_0",
            "lane_type": 4
        },
        {
            "pos": {
                "x": 566951.1121149077,
                "y": 4317802.911834178,
                "yaw": 1.7929442217751015
            },
            "heading": 1.7929442217751015,
            "speeds": {
                "vmax": 15.0
            },
            "type": 2,
            "driving_direction": 1,
            "id": "1640_0",
            "lane_type": 4
        },
        {
            "pos": {
                "x": 566950.9927013323,
                "y": 4317803.441526117,
                "yaw": 1.7918455884119096
            },
            "heading": 1.7918455884119096,
            "speeds": {
                "vmax": 15.0
            },
            "type": 2,
            "driving_direction": 1,
            "id": "1640_0",
            "lane_type": 4
        },
        {
            "pos": {
                "x": 566950.8745459258,
                "y": 4317803.969058329,
                "yaw": 1.7900566101217312
            },
            "heading": 1.7900566101217312,
            "speeds": {
                "vmax": 15.0
            },
            "type": 2,
            "driving_direction": 1,
            "id": "1640_0",
            "lane_type": 4
        },
        {
            "pos": {
                "x": 566950.7582945916,
                "y": 4317804.493675187,
                "yaw": 1.798762931919148
            },
            "heading": 1.798762931919148,
            "speeds": {
                "vmax": 20.0
            },
            "type": 1,
            "driving_direction": 1,
            "id": "1023_4",
            "lane_type": 1
        },
        {
            "pos": {
                "x": 566950.645325833,
                "y": 4317804.980610717,
                "yaw": 1.7987628444342214
            },
            "heading": 1.7987628444342214,
            "speeds": {
                "vmax": 20.0
            },
            "type": 1,
            "driving_direction": 1,
            "id": "1023_4",
            "lane_type": 1
        },
        {
            "pos": {
                "x": 566950.5323488915,
                "y": 4317805.467581519,
                "yaw": 1.7987629643583463
            },
            "heading": 1.7987629643583463,
            "speeds": {
                "vmax": 20.0
            },
            "type": 1,
            "driving_direction": 1,
            "id": "1023_4",
            "lane_type": 1
        },
        {
            "pos": {
                "x": 566950.4193727889,
                "y": 4317805.954548704,
                "yaw": 1.7987624225232046
            },
            "heading": 1.7987624225232046,
            "speeds": {
                "vmax": 20.0
            },
            "type": 1,
            "driving_direction": 1,
            "id": "1023_4",
            "lane_type": 1
        },
        {
            "pos": {
                "x": 566950.3063929534,
                "y": 4317806.441531979,
                "yaw": 1.7987629215930634
            },
            "heading": 1.7987629215930634,
            "speeds": {
                "vmax": 20.0
            },
            "type": 1,
            "driving_direction": 1,
            "id": "1023_4",
            "lane_type": 1
        },
        {
            "pos": {
                "x": 566950.1934139556,
                "y": 4317806.928511645,
                "yaw": 1.798762745288861
            },
            "heading": 1.798762745288861,
            "speeds": {
                "vmax": 20.0
            },
            "type": 1,
            "driving_direction": 1,
            "id": "1023_4",
            "lane_type": 1
        },
        {
            "pos": {
                "x": 566950.0804386504,
                "y": 4317807.415475393,
                "yaw": 1.7987630110259472
            },
            "heading": 1.7987630110259472,
            "speeds": {
                "vmax": 20.0
            },
            "type": 1,
            "driving_direction": 1,
            "id": "1023_4",
            "lane_type": 1
        },
        {
            "pos": {
                "x": 566949.9674603846,
                "y": 4317807.902451903,
                "yaw": 1.7987629202922302
            },
            "heading": 1.7987629202922302,
            "speeds": {
                "vmax": 20.0
            },
            "type": 1,
            "driving_direction": 1,
            "id": "1023_4",
            "lane_type": 1
        },
        {
            "pos": {
                "x": 566949.8544820583,
                "y": 4317808.389428673,
                "yaw": 1.7987625378891294
            },
            "heading": 1.7987625378891294,
            "speeds": {
                "vmax": 20.0
            },
            "type": 1,
            "driving_direction": 1,
            "id": "1023_4",
            "lane_type": 1
        },
        {
            "pos": {
                "x": 566949.7415047769,
                "y": 4317808.87640094,
                "yaw": 1.798762931308624
            },
            "heading": 1.798762931308624,
            "speeds": {
                "vmax": 20.0
            },
            "type": 1,
            "driving_direction": 1,
            "id": "1023_4",
            "lane_type": 1
        },
        {
            "pos": {
                "x": 566949.6285263794,
                "y": 4317809.363378018,
                "yaw": 1.7987627692740022
            },
            "heading": 1.7987627692740022,
            "speeds": {
                "vmax": 20.0
            },
            "type": 1,
            "driving_direction": 1,
            "id": "1023_4",
            "lane_type": 1
        },
        {
            "pos": {
                "x": 566949.5155490667,
                "y": 4317809.850350418,
                "yaw": 1.7987630356594095
            },
            "heading": 1.7987630356594095,
            "speeds": {
                "vmax": 20.0
            },
            "type": 1,
            "driving_direction": 1,
            "id": "1023_4",
            "lane_type": 1
        },
        {
            "pos": {
                "x": 566949.402570265,
                "y": 4317810.337329238,
                "yaw": 1.7987624121617811
            },
            "heading": 1.7987624121617811,
            "speeds": {
                "vmax": 20.0
            },
            "type": 1,
            "driving_direction": 1,
            "id": "1023_4",
            "lane_type": 1
        },
        {
            "pos": {
                "x": 566949.2895910665,
                "y": 4317810.824309768,
                "yaw": 1.7987628574030943
            },
            "heading": 1.7987628574030943,
            "speeds": {
                "vmax": 20.0
            },
            "type": 1,
            "driving_direction": 1,
            "id": "1023_4",
            "lane_type": 1
        },
        {
            "pos": {
                "x": 566949.1766222512,
                "y": 4317811.311245542,
                "yaw": 1.7987628488275844
            },
            "heading": 1.7987628488275844,
            "speeds": {
                "vmax": 20.0
            },
            "type": 1,
            "driving_direction": 1,
            "id": "1022_4",
            "lane_type": 1
        },
        {
            "pos": {
                "x": 566949.0631460832,
                "y": 4317811.800368187,
                "yaw": 1.798763061140846
            },
            "heading": 1.798763061140846,
            "speeds": {
                "vmax": 20.0
            },
            "type": 1,
            "driving_direction": 1,
            "id": "1022_4",
            "lane_type": 1
        },
        {
            "pos": {
                "x": 566948.9496616952,
                "y": 4317812.289526263,
                "yaw": 1.798762662389219
            },
            "heading": 1.798762662389219,
            "speeds": {
                "vmax": 20.0
            },
            "type": 1,
            "driving_direction": 1,
            "id": "1022_4",
            "lane_type": 1
        },
        {
            "pos": {
                "x": 566948.8361781503,
                "y": 4317812.778680706,
                "yaw": 1.7987628714558266
            },
            "heading": 1.7987628714558266,
            "speeds": {
                "vmax": 20.0
            },
            "type": 1,
            "driving_direction": 1,
            "id": "1022_4",
            "lane_type": 1
        },
        {
            "pos": {
                "x": 566948.7226908554,
                "y": 4317813.267851312,
                "yaw": 1.7987629192094141
            },
            "heading": 1.7987629192094141,
            "speeds": {
                "vmax": 20.0
            },
            "type": 1,
            "driving_direction": 1,
            "id": "1022_4",
            "lane_type": 1
        },
        {
            "pos": {
                "x": 566948.6092044021,
                "y": 4317813.75701829,
                "yaw": 1.79876274369351
            },
            "heading": 1.79876274369351,
            "speeds": {
                "vmax": 20.0
            },
            "type": 1,
            "driving_direction": 1,
            "id": "1022_4",
            "lane_type": 1
        },
        {
            "pos": {
                "x": 566948.495721658,
                "y": 4317814.24616928,
                "yaw": 1.7987630082423416
            },
            "heading": 1.7987630082423416,
            "speeds": {
                "vmax": 20.0
            },
            "type": 1,
            "driving_direction": 1,
            "id": "1022_4",
            "lane_type": 1
        },
        {
            "pos": {
                "x": 566948.38223594,
                "y": 4317814.735333091,
                "yaw": 1.7987627566049451
            },
            "heading": 1.7987627566049451,
            "speeds": {
                "vmax": 20.0
            },
            "type": 1,
            "driving_direction": 1,
            "id": "1022_4",
            "lane_type": 1
        },
        {
            "pos": {
                "x": 566948.2687501614,
                "y": 4317815.22449716,
                "yaw": 1.7987629288814992
            },
            "heading": 1.7987629288814992,
            "speeds": {
                "vmax": 20.0
            },
            "type": 1,
            "driving_direction": 1,
            "id": "1022_4",
            "lane_type": 1
        },
        {
            "pos": {
                "x": 566948.1552654319,
                "y": 4317815.713656709,
                "yaw": 1.7987629288814992
            },
            "heading": 1.7987629288814992,
            "speeds": {
                "vmax": 20.0
            },
            "type": 1,
            "driving_direction": 1,
            "id": "1022_4",
            "lane_type": 1
        },
        {
            "pos": {
                "x": 566948.0417795817,
                "y": 4317816.202821087,
                "yaw": 1.7987629288814992
            },
            "heading": 1.7987629288814992,
            "speeds": {
                "vmax": 20.0
            },
            "type": 1,
            "driving_direction": 1,
            "id": "1022_4",
            "lane_type": 1
        },
        {
            "pos": {
                "x": 566947.928294821,
                "y": 4317816.69198077,
                "yaw": 1.7987628024156082
            },
            "heading": 1.7987628024156082,
            "speeds": {
                "vmax": 20.0
            },
            "type": 1,
            "driving_direction": 1,
            "id": "1022_4",
            "lane_type": 1
        },
        {
            "pos": {
                "x": 566947.8148085647,
                "y": 4317817.181146899,
                "yaw": 1.7987629417909652
            },
            "heading": 1.7987629417909652,
            "speeds": {
                "vmax": 20.0
            },
            "type": 1,
            "driving_direction": 1,
            "id": "1022_4",
            "lane_type": 1
        },
        {
            "pos": {
                "x": 566947.7013219097,
                "y": 4317817.670314748,
                "yaw": 1.7987630050067418
            },
            "heading": 1.7987630050067418,
            "speeds": {
                "vmax": 20.0
            },
            "type": 1,
            "driving_direction": 1,
            "id": "1022_4",
            "lane_type": 1
        },
        {
            "pos": {
                "x": 566947.5878456848,
                "y": 4317818.159437639,
                "yaw": 1.7987629313364735
            },
            "heading": 1.7987629313364735,
            "speeds": {
                "vmax": 20.0
            },
            "type": 1,
            "driving_direction": 1,
            "id": "1021_4",
            "lane_type": 1
        },
        {
            "pos": {
                "x": 566947.4747044012,
                "y": 4317818.647116814,
                "yaw": 1.7987628556345545
            },
            "heading": 1.7987628556345545,
            "speeds": {
                "vmax": 20.0
            },
            "type": 1,
            "driving_direction": 1,
            "id": "1021_4",
            "lane_type": 1
        },
        {
            "pos": {
                "x": 566947.3615549218,
                "y": 4317819.134831314,
                "yaw": 1.798762882831487
            },
            "heading": 1.798762882831487,
            "speeds": {
                "vmax": 20.0
            },
            "type": 1,
            "driving_direction": 1,
            "id": "1021_4",
            "lane_type": 1
        },
        {
            "pos": {
                "x": 566947.248406283,
                "y": 4317819.622542193,
                "yaw": 1.7987627229931147
            },
            "heading": 1.7987627229931147,
            "speeds": {
                "vmax": 20.0
            },
            "type": 1,
            "driving_direction": 1,
            "id": "1021_4",
            "lane_type": 1
        },
        {
            "pos": {
                "x": 566947.1352539057,
                "y": 4317820.110269185,
                "yaw": 1.7987629210261897
            },
            "heading": 1.7987629210261897,
            "speeds": {
                "vmax": 20.0
            },
            "type": 1,
            "driving_direction": 1,
            "id": "1021_4",
            "lane_type": 1
        },
        {
            "pos": {
                "x": 566947.022102367,
                "y": 4317820.597992563,
                "yaw": 1.7987629760245523
            },
            "heading": 1.7987629760245523,
            "speeds": {
                "vmax": 20.0
            },
            "type": 1,
            "driving_direction": 1,
            "id": "1021_4",
            "lane_type": 1
        },
        {
            "pos": {
                "x": 566946.9089545268,
                "y": 4317821.085699998,
                "yaw": 1.7987627909375261
            },
            "heading": 1.7987627909375261,
            "speeds": {
                "vmax": 20.0
            },
            "type": 1,
            "driving_direction": 1,
            "id": "1021_4",
            "lane_type": 1
        },
        {
            "pos": {
                "x": 566946.7958037213,
                "y": 4317821.573420215,
                "yaw": 1.798762919727335
            },
            "heading": 1.798762919727335,
            "speeds": {
                "vmax": 20.0
            },
            "type": 1,
            "driving_direction": 1,
            "id": "1021_4",
            "lane_type": 1
        },
        {
            "pos": {
                "x": 566946.6826528554,
                "y": 4317822.061140692,
                "yaw": 1.798762930726927
            },
            "heading": 1.798762930726927,
            "speeds": {
                "vmax": 20.0
            },
            "type": 1,
            "driving_direction": 1,
            "id": "1021_4",
            "lane_type": 1
        },
        {
            "pos": {
                "x": 566946.5695030356,
                "y": 4317822.548856661,
                "yaw": 1.798762768939394
            },
            "heading": 1.798762768939394,
            "speeds": {
                "vmax": 20.0
            },
            "type": 1,
            "driving_direction": 1,
            "id": "1021_4",
            "lane_type": 1
        },
        {
            "pos": {
                "x": 566946.4563520984,
                "y": 4317823.036577445,
                "yaw": 1.7987630808655302
            },
            "heading": 1.7987630808655302,
            "speeds": {
                "vmax": 20.0
            },
            "type": 1,
            "driving_direction": 1,
            "id": "1021_4",
            "lane_type": 1
        },
        {
            "pos": {
                "x": 566946.3432022476,
                "y": 4317823.5242935475,
                "yaw": 1.7987625728551402
            },
            "heading": 1.7987625728551402,
            "speeds": {
                "vmax": 20.0
            },
            "type": 1,
            "driving_direction": 1,
            "id": "1021_4",
            "lane_type": 1
        },
        {
            "pos": {
                "x": 566946.2300509054,
                "y": 4317824.012016078,
                "yaw": 1.7987628744305868
            },
            "heading": 1.7987628744305868,
            "speeds": {
                "vmax": 20.0
            },
            "type": 1,
            "driving_direction": 1,
            "id": "1021_4",
            "lane_type": 1
        },
        {
            "pos": {
                "x": 566946.1168991659,
                "y": 4317824.499740321,
                "yaw": 1.7987629378304943
            },
            "heading": 1.7987629378304943,
            "speeds": {
                "vmax": 20.0
            },
            "type": 1,
            "driving_direction": 1,
            "id": "1021_4",
            "lane_type": 1
        },
        {
            "pos": {
                "x": 566946.0037578254,
                "y": 4317824.987419741,
                "yaw": 1.7987628954857466
            },
            "heading": 1.7987628954857466,
            "speeds": {
                "vmax": 20.0
            },
            "type": 1,
            "driving_direction": 1,
            "id": "1020_4",
            "lane_type": 1
        },
        {
            "pos": {
                "x": 566945.8908192925,
                "y": 4317825.474224987,
                "yaw": 1.798762819649272
            },
            "heading": 1.798762819649272,
            "speeds": {
                "vmax": 20.0
            },
            "type": 1,
            "driving_direction": 1,
            "id": "1020_4",
            "lane_type": 1
        },
        {
            "pos": {
                "x": 566945.7778725785,
                "y": 4317825.961065497,
                "yaw": 1.7987630900161211
            },
            "heading": 1.7987630900161211,
            "speeds": {
                "vmax": 20.0
            },
            "type": 1,
            "driving_direction": 1,
            "id": "1020_4",
            "lane_type": 1
        },
        {
            "pos": {
                "x": 566945.6649267033,
                "y": 4317826.447902392,
                "yaw": 1.7987626984413478
            },
            "heading": 1.7987626984413478,
            "speeds": {
                "vmax": 20.0
            },
            "type": 1,
            "driving_direction": 1,
            "id": "1020_4",
            "lane_type": 1
        },
        {
            "pos": {
                "x": 566945.5519770966,
                "y": 4317826.934755371,
                "yaw": 1.7987629661982296
            },
            "heading": 1.7987629661982296,
            "speeds": {
                "vmax": 20.0
            },
            "type": 1,
            "driving_direction": 1,
            "id": "1020_4",
            "lane_type": 1
        },
        {
            "pos": {
                "x": 566945.4390283267,
                "y": 4317827.421604742,
                "yaw": 1.798762870887205
            },
            "heading": 1.798762870887205,
            "speeds": {
                "vmax": 20.0
            },
            "type": 1,
            "driving_direction": 1,
            "id": "1020_4",
            "lane_type": 1
        },
        {
            "pos": {
                "x": 566945.326083249,
                "y": 4317827.908438199,
                "yaw": 1.7987628242068792
            },
            "heading": 1.7987628242068792,
            "speeds": {
                "vmax": 20.0
            },
            "type": 1,
            "driving_direction": 1,
            "id": "1020_4",
            "lane_type": 1
        },
        {
            "pos": {
                "x": 566945.2131352114,
                "y": 4317828.395284414,
                "yaw": 1.7987626640829066
            },
            "heading": 1.7987626640829066,
            "speeds": {
                "vmax": 20.0
            },
            "type": 1,
            "driving_direction": 1,
            "id": "1020_4",
            "lane_type": 1
        },
        {
            "pos": {
                "x": 566945.100187113,
                "y": 4317828.882130891,
                "yaw": 1.7987625823921203
            },
            "heading": 1.7987625823921203,
            "speeds": {
                "vmax": 20.0
            },
            "type": 1,
            "driving_direction": 1,
            "id": "1020_4",
            "lane_type": 1
        },
        {
            "pos": {
                "x": 566944.9872400594,
                "y": 4317829.368972865,
                "yaw": 1.798763056956004
            },
            "heading": 1.798763056956004,
            "speeds": {
                "vmax": 20.0
            },
            "type": 1,
            "driving_direction": 1,
            "id": "1020_4",
            "lane_type": 1
        },
        {
            "pos": {
                "x": 566944.8742918901,
                "y": 4317829.855819648,
                "yaw": 1.798762744470041
            },
            "heading": 1.798762744470041,
            "speeds": {
                "vmax": 20.0
            },
            "type": 1,
            "driving_direction": 1,
            "id": "1020_4",
            "lane_type": 1
        },
        {
            "pos": {
                "x": 566944.7613448052,
                "y": 4317830.342661756,
                "yaw": 1.7987626984413478
            },
            "heading": 1.7987626984413478,
            "speeds": {
                "vmax": 20.0
            },
            "type": 1,
            "driving_direction": 1,
            "id": "1020_4",
            "lane_type": 1
        },
        {
            "pos": {
                "x": 566944.6483962317,
                "y": 4317830.829510281,
                "yaw": 1.798762988887441
            },
            "heading": 1.798762988887441,
            "speeds": {
                "vmax": 20.0
            },
            "type": 1,
            "driving_direction": 1,
            "id": "1020_4",
            "lane_type": 1
        },
        {
            "pos": {
                "x": 566944.5354472615,
                "y": 4317831.3163605165,
                "yaw": 1.7987627515802502
            },
            "heading": 1.7987627515802502,
            "speeds": {
                "vmax": 20.0
            },
            "type": 1,
            "driving_direction": 1,
            "id": "1020_4",
            "lane_type": 1
        },
        {
            "pos": {
                "x": 566944.4225086719,
                "y": 4317831.803166008,
                "yaw": 1.7987626643452774
            },
            "heading": 1.7987626643452774,
            "speeds": {
                "vmax": 20.0
            },
            "type": 1,
            "driving_direction": 1,
            "id": "1019_4",
            "lane_type": 1
        },
        {
            "pos": {
                "x": 566944.3098193482,
                "y": 4317832.288897074,
                "yaw": 1.7987625766535609
            },
            "heading": 1.7987625766535609,
            "speeds": {
                "vmax": 20.0
            },
            "type": 1,
            "driving_direction": 1,
            "id": "1019_4",
            "lane_type": 1
        },
        {
            "pos": {
                "x": 566944.1971218614,
                "y": 4317832.774663326,
                "yaw": 1.7987631608065213
            },
            "heading": 1.7987631608065213,
            "speeds": {
                "vmax": 20.0
            },
            "type": 1,
            "driving_direction": 1,
            "id": "1019_4",
            "lane_type": 1
        },
        {
            "pos": {
                "x": 566944.0844252117,
                "y": 4317833.26042597,
                "yaw": 1.7987627683646752
            },
            "heading": 1.7987627683646752,
            "speeds": {
                "vmax": 20.0
            },
            "type": 1,
            "driving_direction": 1,
            "id": "1019_4",
            "lane_type": 1
        },
        {
            "pos": {
                "x": 566943.9717248385,
                "y": 4317833.746204664,
                "yaw": 1.7987628742787127
            },
            "heading": 1.7987628742787127,
            "speeds": {
                "vmax": 20.0
            },
            "type": 1,
            "driving_direction": 1,
            "id": "1019_4",
            "lane_type": 1
        },
        {
            "pos": {
                "x": 566943.8590253006,
                "y": 4317834.231979758,
                "yaw": 1.7987628716696622
            },
            "heading": 1.7987628716696622,
            "speeds": {
                "vmax": 20.0
            },
            "type": 1,
            "driving_direction": 1,
            "id": "1019_4",
            "lane_type": 1
        },
        {
            "pos": {
                "x": 566943.7463294464,
                "y": 4317834.717738973,
                "yaw": 1.7987626624483117
            },
            "heading": 1.7987626624483117,
            "speeds": {
                "vmax": 20.0
            },
            "type": 1,
            "driving_direction": 1,
            "id": "1019_4",
            "lane_type": 1
        },
        {
            "pos": {
                "x": 566943.6336306387,
                "y": 4317835.20351092,
                "yaw": 1.7987628729742
            },
            "heading": 1.7987628729742,
            "speeds": {
                "vmax": 20.0
            },
            "type": 1,
            "driving_direction": 1,
            "id": "1019_4",
            "lane_type": 1
        },
        {
            "pos": {
                "x": 566943.5209317708,
                "y": 4317835.689283124,
                "yaw": 1.7987627332771243
            },
            "heading": 1.7987627332771243,
            "speeds": {
                "vmax": 20.0
            },
            "type": 1,
            "driving_direction": 1,
            "id": "1019_4",
            "lane_type": 1
        },
        {
            "pos": {
                "x": 566943.4082339451,
                "y": 4317836.175050838,
                "yaw": 1.7987630347585128
            },
            "heading": 1.7987630347585128,
            "speeds": {
                "vmax": 20.0
            },
            "type": 1,
            "driving_direction": 1,
            "id": "1019_4",
            "lane_type": 1
        },
        {
            "pos": {
                "x": 566943.2955350063,
                "y": 4317836.660823349,
                "yaw": 1.7987629769316698
            },
            "heading": 1.7987629769316698,
            "speeds": {
                "vmax": 20.0
            },
            "type": 1,
            "driving_direction": 1,
            "id": "1019_4",
            "lane_type": 1
        },
        {
            "pos": {
                "x": 566943.1828371495,
                "y": 4317837.146591196,
                "yaw": 1.7987626059286326
            },
            "heading": 1.7987626059286326,
            "speeds": {
                "vmax": 20.0
            },
            "type": 1,
            "driving_direction": 1,
            "id": "1019_4",
            "lane_type": 1
        },
        {
            "pos": {
                "x": 566943.0701378074,
                "y": 4317837.632365446,
                "yaw": 1.7987628274960843
            },
            "heading": 1.7987628274960843,
            "speeds": {
                "vmax": 20.0
            },
            "type": 1,
            "driving_direction": 1,
            "id": "1019_4",
            "lane_type": 1
        },
        {
            "pos": {
                "x": 566942.9574380694,
                "y": 4317838.118141402,
                "yaw": 1.7987629723691507
            },
            "heading": 1.7987629723691507,
            "speeds": {
                "vmax": 20.0
            },
            "type": 1,
            "driving_direction": 1,
            "id": "1019_4",
            "lane_type": 1
        },
        {
            "pos": {
                "x": 566942.8447486891,
                "y": 4317838.603872713,
                "yaw": 1.7987628684761616
            },
            "heading": 1.7987628684761616,
            "speeds": {
                "vmax": 20.0
            },
            "type": 1,
            "driving_direction": 1,
            "id": "1018_4",
            "lane_type": 1
        },
        {
            "pos": {
                "x": 566942.7314866893,
                "y": 4317839.092072217,
                "yaw": 1.7987628620311429
            },
            "heading": 1.7987628620311429,
            "speeds": {
                "vmax": 20.0
            },
            "type": 1,
            "driving_direction": 1,
            "id": "1018_4",
            "lane_type": 1
        },
        {
            "pos": {
                "x": 566942.6182164855,
                "y": 4317839.580307083,
                "yaw": 1.798762762492304
            },
            "heading": 1.798762762492304,
            "speeds": {
                "vmax": 20.0
            },
            "type": 1,
            "driving_direction": 1,
            "id": "1018_4",
            "lane_type": 1
        },
        {
            "pos": {
                "x": 566942.5049471227,
                "y": 4317840.068538325,
                "yaw": 1.7987626719967276
            },
            "heading": 1.7987626719967276,
            "speeds": {
                "vmax": 20.0
            },
            "type": 1,
            "driving_direction": 1,
            "id": "1018_4",
            "lane_type": 1
        },
        {
            "pos": {
                "x": 566942.3916740178,
                "y": 4317840.556785695,
                "yaw": 1.798762869819265
            },
            "heading": 1.798762869819265,
            "speeds": {
                "vmax": 20.0
            },
            "type": 1,
            "driving_direction": 1,
            "id": "1018_4",
            "lane_type": 1
        },
        {
            "pos": {
                "x": 566942.278401752,
                "y": 4317841.045029449,
                "yaw": 1.7987626247994288
            },
            "heading": 1.7987626247994288,
            "speeds": {
                "vmax": 20.0
            },
            "type": 1,
            "driving_direction": 1,
            "id": "1018_4",
            "lane_type": 1
        },
        {
            "pos": {
                "x": 566942.165133189,
                "y": 4317841.533257243,
                "yaw": 1.7987631781711306
            },
            "heading": 1.7987631781711306,
            "speeds": {
                "vmax": 20.0
            },
            "type": 1,
            "driving_direction": 1,
            "id": "1018_4",
            "lane_type": 1
        },
        {
            "pos": {
                "x": 566942.0518616572,
                "y": 4317842.021497833,
                "yaw": 1.7987627877141155
            },
            "heading": 1.7987627877141155,
            "speeds": {
                "vmax": 20.0
            },
            "type": 1,
            "driving_direction": 1,
            "id": "1018_4",
            "lane_type": 1
        },
        {
            "pos": {
                "x": 566941.9385900651,
                "y": 4317842.509738683,
                "yaw": 1.7987627987014414
            },
            "heading": 1.7987627987014414,
            "speeds": {
                "vmax": 20.0
            },
            "type": 1,
            "driving_direction": 1,
            "id": "1018_4",
            "lane_type": 1
        },
        {
            "pos": {
                "x": 566941.8253195204,
                "y": 4317842.997975019,
                "yaw": 1.7987630986585352
            },
            "heading": 1.7987630986585352,
            "speeds": {
                "vmax": 20.0
            },
            "type": 1,
            "driving_direction": 1,
            "id": "1018_4",
            "lane_type": 1
        },
        {
            "pos": {
                "x": 566941.712047857,
                "y": 4317843.486216177,
                "yaw": 1.7987630294874617
            },
            "heading": 1.7987630294874617,
            "speeds": {
                "vmax": 20.0
            },
            "type": 1,
            "driving_direction": 1,
            "id": "1018_4",
            "lane_type": 1
        },
        {
            "pos": {
                "x": 566941.598777281,
                "y": 4317843.974452647,
                "yaw": 1.7987625220188557
            },
            "heading": 1.7987625220188557,
            "speeds": {
                "vmax": 20.0
            },
            "type": 1,
            "driving_direction": 1,
            "id": "1018_4",
            "lane_type": 1
        },
        {
            "pos": {
                "x": 566941.4855052121,
                "y": 4317844.462695552,
                "yaw": 1.7987631923974812
            },
            "heading": 1.7987631923974812,
            "speeds": {
                "vmax": 20.0
            },
            "type": 1,
            "driving_direction": 1,
            "id": "1018_4",
            "lane_type": 1
        },
        {
            "pos": {
                "x": 566941.3722327456,
                "y": 4317844.950940171,
                "yaw": 1.798762805793118
            },
            "heading": 1.798762805793118,
            "speeds": {
                "vmax": 20.0
            },
            "type": 1,
            "driving_direction": 1,
            "id": "1018_4",
            "lane_type": 1
        },
        {
            "pos": {
                "x": 566941.258970689,
                "y": 4317845.439139919,
                "yaw": 1.7987629647697942
            },
            "heading": 1.7987629647697942,
            "speeds": {
                "vmax": 20.0
            },
            "type": 1,
            "driving_direction": 1,
            "id": "1017_4",
            "lane_type": 1
        },
        {
            "pos": {
                "x": 566941.1462246369,
                "y": 4317845.925115506,
                "yaw": 1.798762564078112
            },
            "heading": 1.798762564078112,
            "speeds": {
                "vmax": 20.0
            },
            "type": 1,
            "driving_direction": 1,
            "id": "1017_4",
            "lane_type": 1
        },
        {
            "pos": {
                "x": 566941.033470418,
                "y": 4317846.411126295,
                "yaw": 1.7987633102943439
            },
            "heading": 1.7987633102943439,
            "speeds": {
                "vmax": 20.0
            },
            "type": 1,
            "driving_direction": 1,
            "id": "1017_4",
            "lane_type": 1
        },
        {
            "pos": {
                "x": 566940.9207170361,
                "y": 4317846.897133474,
                "yaw": 1.798762894667966
            },
            "heading": 1.798762894667966,
            "speeds": {
                "vmax": 20.0
            },
            "type": 1,
            "driving_direction": 1,
            "id": "1017_4",
            "lane_type": 1
        },
        {
            "pos": {
                "x": 566940.8079599291,
                "y": 4317847.383156711,
                "yaw": 1.798762722581398
            },
            "heading": 1.798762722581398,
            "speeds": {
                "vmax": 20.0
            },
            "type": 1,
            "driving_direction": 1,
            "id": "1017_4",
            "lane_type": 1
        }
    ]
}