{
    "header": {
        "trace_id": "COMMAND&C8RJf19cxf",
        "trans_id": "dbfaedea-4dd1-4cfc-bdeb-a1594511bd1e",
        "che_id": "A525",
        "timestamp": "2025-02-19T17:23:01.681089Z"
    },
    "task_id": "COMMAND&C8RJf19cxf",
    "navi_id": "A525_COMMAND&C8RJf19cxf_8",
    "seq_num": 8,
    "dest_type": 3,
    "mode": 2,
    "waypoints": [
        {
            "pos": {
                "x": 566726.4876498708,
                "y": 4318013.083981222,
                "yaw": -2.9146496903513155
            },
            "heading": -2.9146496903513155,
            "speeds": {
                "vmax": 20.0
            },
            "type": 1,
            "driving_direction": 1,
            "id": "1171_1",
            "lane_type": 8
        },
        {
            "pos": {
                "x": 566725.9994108139,
                "y": 4318012.971239224,
                "yaw": -2.9146594822194785
            },
            "heading": -2.9146594822194785,
            "speeds": {
                "vmax": 20.0
            },
            "type": 1,
            "driving_direction": 1,
            "id": "1171_1",
            "lane_type": 8
        },
        {
            "pos": {
                "x": 566725.5111299313,
                "y": 4318012.858492255,
                "yaw": -2.9146680167569667
            },
            "heading": -2.9146680167569667,
            "speeds": {
                "vmax": 20.0
            },
            "type": 1,
            "driving_direction": 1,
            "id": "1171_1",
            "lane_type": 8
        },
        {
            "pos": {
                "x": 566725.0227003719,
                "y": 4318012.7457152875,
                "yaw": -2.914676131657966
            },
            "heading": -2.914676131657966,
            "speeds": {
                "vmax": 20.0
            },
            "type": 1,
            "driving_direction": 1,
            "id": "1171_1",
            "lane_type": 8
        },
        {
            "pos": {
                "x": 566724.5344848636,
                "y": 4318012.632991668,
                "yaw": -2.914683624167652
            },
            "heading": -2.914683624167652,
            "speeds": {
                "vmax": 20.0
            },
            "type": 1,
            "driving_direction": 1,
            "id": "1171_1",
            "lane_type": 8
        },
        {
            "pos": {
                "x": 566724.0460253966,
                "y": 4318012.520215327,
                "yaw": -2.914690327814357
            },
            "heading": -2.914690327814357,
            "speeds": {
                "vmax": 20.0
            },
            "type": 1,
            "driving_direction": 1,
            "id": "1171_1",
            "lane_type": 8
        },
        {
            "pos": {
                "x": 566723.5578962156,
                "y": 4318012.407518559,
                "yaw": -2.9146963205044383
            },
            "heading": -2.9146963205044383,
            "speeds": {
                "vmax": 20.0
            },
            "type": 1,
            "driving_direction": 1,
            "id": "1171_1",
            "lane_type": 8
        },
        {
            "pos": {
                "x": 566723.0694180643,
                "y": 4318012.294744132,
                "yaw": -2.914701845416988
            },
            "heading": -2.914701845416988,
            "speeds": {
                "vmax": 20.0
            },
            "type": 1,
            "driving_direction": 1,
            "id": "1171_1",
            "lane_type": 8
        },
        {
            "pos": {
                "x": 566722.5812333634,
                "y": 4318012.18204023,
                "yaw": -2.9147066134019557
            },
            "heading": -2.9147066134019557,
            "speeds": {
                "vmax": 20.0
            },
            "type": 1,
            "driving_direction": 1,
            "id": "1171_1",
            "lane_type": 8
        },
        {
            "pos": {
                "x": 566722.0929256,
                "y": 4318012.0693103615,
                "yaw": -2.9147115222009856
            },
            "heading": -2.9147115222009856,
            "speeds": {
                "vmax": 20.0
            },
            "type": 1,
            "driving_direction": 1,
            "id": "1171_1",
            "lane_type": 8
        },
        {
            "pos": {
                "x": 566721.6046148117,
                "y": 4318011.95658198,
                "yaw": -2.914715375429459
            },
            "heading": -2.914715375429459,
            "speeds": {
                "vmax": 20.0
            },
            "type": 1,
            "driving_direction": 1,
            "id": "1171_1",
            "lane_type": 8
        },
        {
            "pos": {
                "x": 566721.1163052206,
                "y": 4318011.843855839,
                "yaw": -2.9147190740967632
            },
            "heading": -2.9147190740967632,
            "speeds": {
                "vmax": 20.0
            },
            "type": 1,
            "driving_direction": 1,
            "id": "1171_1",
            "lane_type": 8
        },
        {
            "pos": {
                "x": 566720.6279209557,
                "y": 4318011.7311142385,
                "yaw": -2.914722253018728
            },
            "heading": -2.914722253018728,
            "speeds": {
                "vmax": 20.0
            },
            "type": 1,
            "driving_direction": 1,
            "id": "1171_1",
            "lane_type": 8
        },
        {
            "pos": {
                "x": 566720.139628805,
                "y": 4318011.618395422,
                "yaw": -2.914725236914017
            },
            "heading": -2.914725236914017,
            "speeds": {
                "vmax": 20.0
            },
            "type": 1,
            "driving_direction": 1,
            "id": "1171_1",
            "lane_type": 8
        },
        {
            "pos": {
                "x": 566719.651332153,
                "y": 4318011.505677022,
                "yaw": -2.9147276783449128
            },
            "heading": -2.9147276783449128,
            "speeds": {
                "vmax": 20.0
            },
            "type": 1,
            "driving_direction": 1,
            "id": "1171_1",
            "lane_type": 8
        },
        {
            "pos": {
                "x": 566719.1630395646,
                "y": 4318011.392960631,
                "yaw": -2.9147295606213053
            },
            "heading": -2.9147295606213053,
            "speeds": {
                "vmax": 20.0
            },
            "type": 1,
            "driving_direction": 1,
            "id": "1171_1",
            "lane_type": 8
        },
        {
            "pos": {
                "x": 566718.674689566,
                "y": 4318011.28023199,
                "yaw": -2.9147316045702842
            },
            "heading": -2.9147316045702842,
            "speeds": {
                "vmax": 20.0
            },
            "type": 1,
            "driving_direction": 1,
            "id": "1171_1",
            "lane_type": 8
        },
        {
            "pos": {
                "x": 566718.1864135045,
                "y": 4318011.167521253,
                "yaw": -2.914732773490016
            },
            "heading": -2.914732773490016,
            "speeds": {
                "vmax": 20.0
            },
            "type": 1,
            "driving_direction": 1,
            "id": "1171_1",
            "lane_type": 8
        },
        {
            "pos": {
                "x": 566717.6980555486,
                "y": 4318011.054792173,
                "yaw": -2.9147339532069245
            },
            "heading": -2.9147339532069245,
            "speeds": {
                "vmax": 20.0
            },
            "type": 1,
            "driving_direction": 1,
            "id": "1171_1",
            "lane_type": 8
        },
        {
            "pos": {
                "x": 566717.2097767397,
                "y": 4318010.942081891,
                "yaw": -2.9147347174669553
            },
            "heading": -2.9147347174669553,
            "speeds": {
                "vmax": 20.0
            },
            "type": 1,
            "driving_direction": 1,
            "id": "1171_1",
            "lane_type": 8
        },
        {
            "pos": {
                "x": 566716.7214455255,
                "y": 4318010.829359731,
                "yaw": -2.9147348539511717
            },
            "heading": -2.9147348539511717,
            "speeds": {
                "vmax": 20.0
            },
            "type": 1,
            "driving_direction": 1,
            "id": "1171_1",
            "lane_type": 8
        },
        {
            "pos": {
                "x": 566716.2331415687,
                "y": 4318010.716644004,
                "yaw": -2.914735046432971
            },
            "heading": -2.914735046432971,
            "speeds": {
                "vmax": 20.0
            },
            "type": 1,
            "driving_direction": 1,
            "id": "1171_1",
            "lane_type": 8
        },
        {
            "pos": {
                "x": 566715.7448404073,
                "y": 4318010.603928866,
                "yaw": -2.9147347624023054
            },
            "heading": -2.9147347624023054,
            "speeds": {
                "vmax": 20.0
            },
            "type": 1,
            "driving_direction": 1,
            "id": "1171_1",
            "lane_type": 8
        },
        {
            "pos": {
                "x": 566715.2564771033,
                "y": 4318010.491199124,
                "yaw": -2.9147343723832106
            },
            "heading": -2.9147343723832106,
            "speeds": {
                "vmax": 20.0
            },
            "type": 1,
            "driving_direction": 1,
            "id": "1171_1",
            "lane_type": 8
        },
        {
            "pos": {
                "x": 566714.7682197636,
                "y": 4318010.37849348,
                "yaw": -2.9147332160012085
            },
            "heading": -2.9147332160012085,
            "speeds": {
                "vmax": 20.0
            },
            "type": 1,
            "driving_direction": 1,
            "id": "1171_1",
            "lane_type": 8
        },
        {
            "pos": {
                "x": 566714.2798881759,
                "y": 4318010.265770139,
                "yaw": -2.91473186499106
            },
            "heading": -2.91473186499106,
            "speeds": {
                "vmax": 20.0
            },
            "type": 1,
            "driving_direction": 1,
            "id": "1171_1",
            "lane_type": 8
        },
        {
            "pos": {
                "x": 566713.7915665098,
                "y": 4318010.153048299,
                "yaw": -2.9147303136964755
            },
            "heading": -2.9147303136964755,
            "speeds": {
                "vmax": 20.0
            },
            "type": 1,
            "driving_direction": 1,
            "id": "1171_1",
            "lane_type": 8
        },
        {
            "pos": {
                "x": 566713.3032464413,
                "y": 4318010.0403259415,
                "yaw": -2.914728410972646
            },
            "heading": -2.914728410972646,
            "speeds": {
                "vmax": 20.0
            },
            "type": 1,
            "driving_direction": 1,
            "id": "1171_1",
            "lane_type": 8
        },
        {
            "pos": {
                "x": 566712.8149461753,
                "y": 4318009.927607054,
                "yaw": -2.914725994988788
            },
            "heading": -2.914725994988788,
            "speeds": {
                "vmax": 20.0
            },
            "type": 1,
            "driving_direction": 1,
            "id": "1171_1",
            "lane_type": 8
        },
        {
            "pos": {
                "x": 566712.3266606481,
                "y": 4318009.814890239,
                "yaw": -2.91472320779783
            },
            "heading": -2.91472320779783,
            "speeds": {
                "vmax": 20.0
            },
            "type": 1,
            "driving_direction": 1,
            "id": "1171_1",
            "lane_type": 8
        },
        {
            "pos": {
                "x": 566711.8382919403,
                "y": 4318009.702152768,
                "yaw": -2.914720049610128
            },
            "heading": -2.914720049610128,
            "speeds": {
                "vmax": 20.0
            },
            "type": 1,
            "driving_direction": 1,
            "id": "1171_1",
            "lane_type": 8
        },
        {
            "pos": {
                "x": 566711.3500450444,
                "y": 4318009.589441663,
                "yaw": -2.914716682186457
            },
            "heading": -2.914716682186457,
            "speeds": {
                "vmax": 20.0
            },
            "type": 1,
            "driving_direction": 1,
            "id": "1171_1",
            "lane_type": 8
        },
        {
            "pos": {
                "x": 566710.8616757293,
                "y": 4318009.476700481,
                "yaw": -2.914712703990648
            },
            "heading": -2.914712703990648,
            "speeds": {
                "vmax": 20.0
            },
            "type": 1,
            "driving_direction": 1,
            "id": "1171_1",
            "lane_type": 8
        },
        {
            "pos": {
                "x": 566710.3734167205,
                "y": 4318009.3639825545,
                "yaw": -2.914708359110386
            },
            "heading": -2.914708359110386,
            "speeds": {
                "vmax": 20.0
            },
            "type": 1,
            "driving_direction": 1,
            "id": "1171_1",
            "lane_type": 8
        },
        {
            "pos": {
                "x": 566709.8850576708,
                "y": 4318009.251239213,
                "yaw": -2.9147036367319976
            },
            "heading": -2.9147036367319976,
            "speeds": {
                "vmax": 20.0
            },
            "type": 1,
            "driving_direction": 1,
            "id": "1171_1",
            "lane_type": 8
        },
        {
            "pos": {
                "x": 566709.3967725395,
                "y": 4318009.138510267,
                "yaw": -2.9146981831733885
            },
            "heading": -2.9146981831733885,
            "speeds": {
                "vmax": 20.0
            },
            "type": 1,
            "driving_direction": 1,
            "id": "1171_1",
            "lane_type": 8
        },
        {
            "pos": {
                "x": 566708.9084334178,
                "y": 4318009.025766001,
                "yaw": -2.914691942613594
            },
            "heading": -2.914691942613594,
            "speeds": {
                "vmax": 20.0
            },
            "type": 1,
            "driving_direction": 1,
            "id": "1171_1",
            "lane_type": 8
        },
        {
            "pos": {
                "x": 566708.4201541488,
                "y": 4318008.913032349,
                "yaw": -2.9146858269803486
            },
            "heading": -2.9146858269803486,
            "speeds": {
                "vmax": 20.0
            },
            "type": 1,
            "driving_direction": 1,
            "id": "1171_1",
            "lane_type": 8
        },
        {
            "pos": {
                "x": 566707.9318173495,
                "y": 4318008.800281953,
                "yaw": -2.9146786880136384
            },
            "heading": -2.9146786880136384,
            "speeds": {
                "vmax": 20.0
            },
            "type": 1,
            "driving_direction": 1,
            "id": "1171_1",
            "lane_type": 8
        },
        {
            "pos": {
                "x": 566707.4435553616,
                "y": 4318008.68754496,
                "yaw": -2.9146710435323833
            },
            "heading": -2.9146710435323833,
            "speeds": {
                "vmax": 20.0
            },
            "type": 1,
            "driving_direction": 1,
            "id": "1171_1",
            "lane_type": 8
        },
        {
            "pos": {
                "x": 566706.9551865591,
                "y": 4318008.574779171,
                "yaw": -2.914662316798628
            },
            "heading": -2.914662316798628,
            "speeds": {
                "vmax": 20.0
            },
            "type": 1,
            "driving_direction": 1,
            "id": "1171_1",
            "lane_type": 8
        },
        {
            "pos": {
                "x": 566706.4670051449,
                "y": 4318008.46205196,
                "yaw": -2.9146529512539034
            },
            "heading": -2.9146529512539034,
            "speeds": {
                "vmax": 20.0
            },
            "type": 1,
            "driving_direction": 1,
            "id": "1171_1",
            "lane_type": 8
        },
        {
            "pos": {
                "x": 566705.9785685292,
                "y": 4318008.349260917,
                "yaw": -2.914642688010827
            },
            "heading": -2.914642688010827,
            "speeds": {
                "vmax": 20.0
            },
            "type": 1,
            "driving_direction": 1,
            "id": "1171_1",
            "lane_type": 8
        },
        {
            "pos": {
                "x": 566705.4903447354,
                "y": 4318008.236513376,
                "yaw": -2.9146315283544433
            },
            "heading": -2.9146315283544433,
            "speeds": {
                "vmax": 20.0
            },
            "type": 1,
            "driving_direction": 1,
            "id": "1171_1",
            "lane_type": 8
        },
        {
            "pos": {
                "x": 566705.0020062412,
                "y": 4318008.123733338,
                "yaw": -2.9146191125163825
            },
            "heading": -2.9146191125163825,
            "speeds": {
                "vmax": 20.0
            },
            "type": 1,
            "driving_direction": 1,
            "id": "1171_1",
            "lane_type": 8
        },
        {
            "pos": {
                "x": 566704.513648404,
                "y": 4318008.010942159,
                "yaw": -2.9146053608143636
            },
            "heading": -2.9146053608143636,
            "speeds": {
                "vmax": 20.0
            },
            "type": 1,
            "driving_direction": 1,
            "id": "1171_1",
            "lane_type": 8
        },
        {
            "pos": {
                "x": 566704.0254657681,
                "y": 4318007.898183994,
                "yaw": -2.914590156561723
            },
            "heading": -2.914590156561723,
            "speeds": {
                "vmax": 20.0
            },
            "type": 1,
            "driving_direction": 1,
            "id": "1171_1",
            "lane_type": 8
        },
        {
            "pos": {
                "x": 566703.5371650321,
                "y": 4318007.785390433,
                "yaw": -2.914573522298235
            },
            "heading": -2.914573522298235,
            "speeds": {
                "vmax": 20.0
            },
            "type": 1,
            "driving_direction": 1,
            "id": "1171_1",
            "lane_type": 8
        },
        {
            "pos": {
                "x": 566703.0487558283,
                "y": 4318007.672562759,
                "yaw": -2.9145548747376875
            },
            "heading": -2.9145548747376875,
            "speeds": {
                "vmax": 20.0
            },
            "type": 1,
            "driving_direction": 1,
            "id": "1171_1",
            "lane_type": 8
        },
        {
            "pos": {
                "x": 566702.5604478081,
                "y": 4318007.559748283,
                "yaw": -2.9145338155418776
            },
            "heading": -2.9145338155418776,
            "speeds": {
                "vmax": 20.0
            },
            "type": 1,
            "driving_direction": 1,
            "id": "1171_1",
            "lane_type": 8
        },
        {
            "pos": {
                "x": 566702.072211098,
                "y": 4318007.446938887,
                "yaw": -2.914510340842516
            },
            "heading": -2.914510340842516,
            "speeds": {
                "vmax": 20.0
            },
            "type": 1,
            "driving_direction": 1,
            "id": "1171_1",
            "lane_type": 8
        },
        {
            "pos": {
                "x": 566701.5840074989,
                "y": 4318007.334124288,
                "yaw": -2.9144834786829357
            },
            "heading": -2.9144834786829357,
            "speeds": {
                "vmax": 20.0
            },
            "type": 1,
            "driving_direction": 1,
            "id": "1171_1",
            "lane_type": 8
        },
        {
            "pos": {
                "x": 566701.0957217296,
                "y": 4318007.221276052,
                "yaw": -2.9144532066530955
            },
            "heading": -2.9144532066530955,
            "speeds": {
                "vmax": 20.0
            },
            "type": 1,
            "driving_direction": 1,
            "id": "1171_1",
            "lane_type": 8
        },
        {
            "pos": {
                "x": 566700.6074119936,
                "y": 4318007.10840548,
                "yaw": -2.914417838878209
            },
            "heading": -2.914417838878209,
            "speeds": {
                "vmax": 20.0
            },
            "type": 1,
            "driving_direction": 1,
            "id": "1171_1",
            "lane_type": 8
        },
        {
            "pos": {
                "x": 566700.1190921754,
                "y": 4318006.995513051,
                "yaw": -2.914376365179728
            },
            "heading": -2.914376365179728,
            "speeds": {
                "vmax": 20.0
            },
            "type": 1,
            "driving_direction": 1,
            "id": "1171_1",
            "lane_type": 8
        },
        {
            "pos": {
                "x": 566699.6307325636,
                "y": 4318006.882588372,
                "yaw": -2.914326975320165
            },
            "heading": -2.914326975320165,
            "speeds": {
                "vmax": 20.0
            },
            "type": 1,
            "driving_direction": 1,
            "id": "1171_1",
            "lane_type": 8
        },
        {
            "pos": {
                "x": 566699.142534337,
                "y": 4318006.7696734015,
                "yaw": -2.914267556360753
            },
            "heading": -2.914267556360753,
            "speeds": {
                "vmax": 20.0
            },
            "type": 1,
            "driving_direction": 1,
            "id": "1171_1",
            "lane_type": 8
        },
        {
            "pos": {
                "x": 566698.6543279785,
                "y": 4318006.656722802,
                "yaw": -2.9141933766724986
            },
            "heading": -2.9141933766724986,
            "speeds": {
                "vmax": 20.0
            },
            "type": 1,
            "driving_direction": 1,
            "id": "1171_1",
            "lane_type": 8
        },
        {
            "pos": {
                "x": 566698.1660825068,
                "y": 4318006.543720594,
                "yaw": -2.9140976216129286
            },
            "heading": -2.9140976216129286,
            "speeds": {
                "vmax": 20.0
            },
            "type": 1,
            "driving_direction": 1,
            "id": "1171_1",
            "lane_type": 8
        },
        {
            "pos": {
                "x": 566697.677754289,
                "y": 4318006.430643437,
                "yaw": -2.913969160762365
            },
            "heading": -2.913969160762365,
            "speeds": {
                "vmax": 20.0
            },
            "type": 1,
            "driving_direction": 1,
            "id": "1171_1",
            "lane_type": 8
        },
        {
            "pos": {
                "x": 566697.1897852321,
                "y": 4318006.317572881,
                "yaw": -2.91379689790156
            },
            "heading": -2.91379689790156,
            "speeds": {
                "vmax": 20.0
            },
            "type": 1,
            "driving_direction": 1,
            "id": "1171_1",
            "lane_type": 8
        },
        {
            "pos": {
                "x": 566696.7016113709,
                "y": 4318006.204354083,
                "yaw": -2.9135793903750247
            },
            "heading": -2.9135793903750247,
            "speeds": {
                "vmax": 20.0
            },
            "type": 1,
            "driving_direction": 1,
            "id": "1171_1",
            "lane_type": 8
        },
        {
            "pos": {
                "x": 566696.2134467971,
                "y": 4318006.0910147615,
                "yaw": -2.9133239708739747
            },
            "heading": -2.9133239708739747,
            "speeds": {
                "vmax": 20.0
            },
            "type": 1,
            "driving_direction": 1,
            "id": "1171_1",
            "lane_type": 8
        },
        {
            "pos": {
                "x": 566695.7253796987,
                "y": 4318005.977558023,
                "yaw": -2.9130588052881587
            },
            "heading": -2.9130588052881587,
            "speeds": {
                "vmax": 20.0
            },
            "type": 1,
            "driving_direction": 1,
            "id": "1171_1",
            "lane_type": 8
        },
        {
            "pos": {
                "x": 566695.2372135671,
                "y": 4318005.863945449,
                "yaw": -2.912856176360891
            },
            "heading": -2.912856176360891,
            "speeds": {
                "vmax": 20.0
            },
            "type": 1,
            "driving_direction": 1,
            "id": "1171_1",
            "lane_type": 8
        },
        {
            "pos": {
                "x": 566694.7491283348,
                "y": 4318005.750276795,
                "yaw": -2.9128097959394146
            },
            "heading": -2.9128097959394146,
            "speeds": {
                "vmax": 20.0
            },
            "type": 1,
            "driving_direction": 1,
            "id": "1171_1",
            "lane_type": 8
        },
        {
            "pos": {
                "x": 566694.2610754638,
                "y": 4318005.636642808,
                "yaw": -2.9129456953453543
            },
            "heading": -2.9129456953453543,
            "speeds": {
                "vmax": 20.0
            },
            "type": 1,
            "driving_direction": 1,
            "id": "1171_1",
            "lane_type": 8
        },
        {
            "pos": {
                "x": 566693.7730084704,
                "y": 4318005.52311746,
                "yaw": -2.913169928082577
            },
            "heading": -2.913169928082577,
            "speeds": {
                "vmax": 20.0
            },
            "type": 1,
            "driving_direction": 1,
            "id": "1362_1",
            "lane_type": 8
        },
        {
            "pos": {
                "x": 566693.2995269989,
                "y": 4318005.413042203,
                "yaw": -2.9131526311339813
            },
            "heading": -2.9131526311339813,
            "speeds": {
                "vmax": 20.0
            },
            "type": 1,
            "driving_direction": 1,
            "id": "1362_1",
            "lane_type": 8
        },
        {
            "pos": {
                "x": 566692.8260267363,
                "y": 4318005.302945932,
                "yaw": -2.9131245968037813
            },
            "heading": -2.9131245968037813,
            "speeds": {
                "vmax": 20.0
            },
            "type": 1,
            "driving_direction": 1,
            "id": "1362_1",
            "lane_type": 8
        },
        {
            "pos": {
                "x": 566692.3524967548,
                "y": 4318005.192831681,
                "yaw": -2.9131069892112644
            },
            "heading": -2.9131069892112644,
            "speeds": {
                "vmax": 20.0
            },
            "type": 1,
            "driving_direction": 1,
            "id": "1362_1",
            "lane_type": 8
        },
        {
            "pos": {
                "x": 566691.8789955163,
                "y": 4318005.0827175975,
                "yaw": -2.9130995159753925
            },
            "heading": -2.9130995159753925,
            "speeds": {
                "vmax": 20.0
            },
            "type": 1,
            "driving_direction": 1,
            "id": "1362_1",
            "lane_type": 8
        },
        {
            "pos": {
                "x": 566691.4054867378,
                "y": 4318004.972599424,
                "yaw": -2.913098235227524
            },
            "heading": -2.913098235227524,
            "speeds": {
                "vmax": 20.0
            },
            "type": 1,
            "driving_direction": 1,
            "id": "1362_1",
            "lane_type": 8
        },
        {
            "pos": {
                "x": 566690.9319798069,
                "y": 4318004.86248333,
                "yaw": -2.9131057417718402
            },
            "heading": -2.9131057417718402,
            "speeds": {
                "vmax": 20.0
            },
            "type": 1,
            "driving_direction": 1,
            "id": "1362_1",
            "lane_type": 8
        },
        {
            "pos": {
                "x": 566690.4584677401,
                "y": 4318004.752371812,
                "yaw": -2.9131211798110854
            },
            "heading": -2.9131211798110854,
            "speeds": {
                "vmax": 20.0
            },
            "type": 1,
            "driving_direction": 1,
            "id": "1362_1",
            "lane_type": 8
        },
        {
            "pos": {
                "x": 566689.98495914,
                "y": 4318004.642271393,
                "yaw": -2.9131467249317224
            },
            "heading": -2.9131467249317224,
            "speeds": {
                "vmax": 20.0
            },
            "type": 1,
            "driving_direction": 1,
            "id": "1362_1",
            "lane_type": 8
        },
        {
            "pos": {
                "x": 566689.5114397272,
                "y": 4318004.532184035,
                "yaw": -2.913185999902598
            },
            "heading": -2.913185999902598,
            "speeds": {
                "vmax": 20.0
            },
            "type": 1,
            "driving_direction": 1,
            "id": "1362_1",
            "lane_type": 8
        },
        {
            "pos": {
                "x": 566689.0379272341,
                "y": 4318004.422120596,
                "yaw": -2.9132393891940653
            },
            "heading": -2.9132393891940653,
            "speeds": {
                "vmax": 20.0
            },
            "type": 1,
            "driving_direction": 1,
            "id": "1362_1",
            "lane_type": 8
        },
        {
            "pos": {
                "x": 566688.5643920711,
                "y": 4318004.312083192,
                "yaw": -2.9133148926220653
            },
            "heading": -2.9133148926220653,
            "speeds": {
                "vmax": 20.0
            },
            "type": 1,
            "driving_direction": 1,
            "id": "1362_1",
            "lane_type": 8
        },
        {
            "pos": {
                "x": 566688.090867187,
                "y": 4318004.202092749,
                "yaw": -2.913425607400142
            },
            "heading": -2.913425607400142,
            "speeds": {
                "vmax": 20.0
            },
            "type": 1,
            "driving_direction": 1,
            "id": "1362_1",
            "lane_type": 8
        },
        {
            "pos": {
                "x": 566687.6172970938,
                "y": 4318004.092157798,
                "yaw": -2.9135911228370577
            },
            "heading": -2.9135911228370577,
            "speeds": {
                "vmax": 20.0
            },
            "type": 1,
            "driving_direction": 1,
            "id": "1362_1",
            "lane_type": 8
        },
        {
            "pos": {
                "x": 566687.1437456151,
                "y": 4318003.982325599,
                "yaw": -2.9138010595662003
            },
            "heading": -2.9138010595662003,
            "speeds": {
                "vmax": 20.0
            },
            "type": 1,
            "driving_direction": 1,
            "id": "1362_1",
            "lane_type": 8
        },
        {
            "pos": {
                "x": 566686.6701522997,
                "y": 4318003.872595301,
                "yaw": -2.914005819010648
            },
            "heading": -2.914005819010648,
            "speeds": {
                "vmax": 20.0
            },
            "type": 1,
            "driving_direction": 1,
            "id": "1362_1",
            "lane_type": 8
        },
        {
            "pos": {
                "x": 566686.1965409149,
                "y": 4318003.762953743,
                "yaw": -2.914133952498133
            },
            "heading": -2.914133952498133,
            "speeds": {
                "vmax": 20.0
            },
            "type": 1,
            "driving_direction": 1,
            "id": "1362_1",
            "lane_type": 8
        },
        {
            "pos": {
                "x": 566685.7229157875,
                "y": 4318003.65334367,
                "yaw": -2.9141250946905073
            },
            "heading": -2.9141250946905073,
            "speeds": {
                "vmax": 20.0
            },
            "type": 1,
            "driving_direction": 1,
            "id": "1362_1",
            "lane_type": 8
        },
        {
            "pos": {
                "x": 566685.249325037,
                "y": 4318003.543698256,
                "yaw": -2.9849100004249296
            },
            "heading": -2.9849100004249296,
            "speeds": {
                "vmax": 15.0
            },
            "type": 2,
            "driving_direction": 1,
            "id": "1261_0",
            "lane_type": 31
        },
        {
            "pos": {
                "x": 566684.7401053242,
                "y": 4318003.463256437,
                "yaw": -2.9859667472360925
            },
            "heading": -2.9859667472360925,
            "speeds": {
                "vmax": 15.0
            },
            "type": 2,
            "driving_direction": 1,
            "id": "1261_0",
            "lane_type": 31
        },
        {
            "pos": {
                "x": 566684.2071682204,
                "y": 4318003.380123043,
                "yaw": -2.987856707236873
            },
            "heading": -2.987856707236873,
            "speeds": {
                "vmax": 15.0
            },
            "type": 2,
            "driving_direction": 1,
            "id": "1261_0",
            "lane_type": 31
        },
        {
            "pos": {
                "x": 566683.6590767195,
                "y": 4318003.295638131,
                "yaw": -2.9889683554593067
            },
            "heading": -2.9889683554593067,
            "speeds": {
                "vmax": 15.0
            },
            "type": 2,
            "driving_direction": 1,
            "id": "1261_0",
            "lane_type": 31
        },
        {
            "pos": {
                "x": 566683.1341187471,
                "y": 4318003.2150528245,
                "yaw": -2.9895910880465077
            },
            "heading": -2.9895910880465077,
            "speeds": {
                "vmax": 15.0
            },
            "type": 2,
            "driving_direction": 1,
            "id": "1261_0",
            "lane_type": 31
        },
        {
            "pos": {
                "x": 566682.6019402005,
                "y": 4318003.133688346,
                "yaw": -2.9900395534620667
            },
            "heading": -2.9900395534620667,
            "speeds": {
                "vmax": 15.0
            },
            "type": 2,
            "driving_direction": 1,
            "id": "1261_0",
            "lane_type": 31
        },
        {
            "pos": {
                "x": 566682.0664021319,
                "y": 4318003.051977067,
                "yaw": -2.990197190766991
            },
            "heading": -2.990197190766991,
            "speeds": {
                "vmax": 15.0
            },
            "type": 2,
            "driving_direction": 1,
            "id": "1261_0",
            "lane_type": 31
        },
        {
            "pos": {
                "x": 566681.5286543212,
                "y": 4318002.969942866,
                "yaw": -2.9901297313405766
            },
            "heading": -2.9901297313405766,
            "speeds": {
                "vmax": 15.0
            },
            "type": 2,
            "driving_direction": 1,
            "id": "1261_0",
            "lane_type": 31
        },
        {
            "pos": {
                "x": 566680.9958330151,
                "y": 4318002.888572911,
                "yaw": -2.989678338336142
            },
            "heading": -2.989678338336142,
            "speeds": {
                "vmax": 15.0
            },
            "type": 2,
            "driving_direction": 1,
            "id": "1261_0",
            "lane_type": 31
        },
        {
            "pos": {
                "x": 566680.4706592374,
                "y": 4318002.807964906,
                "yaw": -2.988344643551349
            },
            "heading": -2.988344643551349,
            "speeds": {
                "vmax": 15.0
            },
            "type": 2,
            "driving_direction": 1,
            "id": "1261_0",
            "lane_type": 31
        },
        {
            "pos": {
                "x": 566679.9247630697,
                "y": 4318002.7231316455,
                "yaw": -2.9873829434475665
            },
            "heading": -2.9873829434475665,
            "speeds": {
                "vmax": 15.0
            },
            "type": 2,
            "driving_direction": 1,
            "id": "1261_0",
            "lane_type": 31
        },
        {
            "pos": {
                "x": 566679.3909089859,
                "y": 4318002.640164802,
                "yaw": -2.985682616652316
            },
            "heading": -2.985682616652316,
            "speeds": {
                "vmax": 15.0
            },
            "type": 2,
            "driving_direction": 1,
            "id": "1261_0",
            "lane_type": 31
        },
        {
            "pos": {
                "x": 566678.8679036254,
                "y": 4318002.556814151,
                "yaw": -2.982214736240988
            },
            "heading": -2.982214736240988,
            "speeds": {
                "vmax": 15.0
            },
            "type": 2,
            "driving_direction": 1,
            "id": "1261_0",
            "lane_type": 31
        },
        {
            "pos": {
                "x": 566678.3173116243,
                "y": 4318002.4675291125,
                "yaw": -2.9796079999556344
            },
            "heading": -2.9796079999556344,
            "speeds": {
                "vmax": 15.0
            },
            "type": 2,
            "driving_direction": 1,
            "id": "1261_0",
            "lane_type": 31
        },
        {
            "pos": {
                "x": 566677.8015630306,
                "y": 4318002.382453979,
                "yaw": -2.971222754783257
            },
            "heading": -2.971222754783257,
            "speeds": {
                "vmax": 15.0
            },
            "type": 2,
            "driving_direction": 1,
            "id": "1261_0",
            "lane_type": 31
        },
        {
            "pos": {
                "x": 566677.2183512698,
                "y": 4318002.277266411,
                "yaw": -2.95930747897931
            },
            "heading": -2.95930747897931,
            "speeds": {
                "vmax": 15.0
            },
            "type": 2,
            "driving_direction": 1,
            "id": "1261_0",
            "lane_type": 31
        },
        {
            "pos": {
                "x": 566676.734126836,
                "y": 4318002.185636066,
                "yaw": -2.9346725596466503
            },
            "heading": -2.9346725596466503,
            "speeds": {
                "vmax": 15.0
            },
            "type": 2,
            "driving_direction": 1,
            "id": "1261_0",
            "lane_type": 31
        },
        {
            "pos": {
                "x": 566676.2425584918,
                "y": 4318002.068209527,
                "yaw": -2.8839447223910137
            },
            "heading": -2.8839447223910137,
            "speeds": {
                "vmax": 15.0
            },
            "type": 2,
            "driving_direction": 1,
            "id": "1261_0",
            "lane_type": 31
        },
        {
            "pos": {
                "x": 566675.7252002822,
                "y": 4318001.920330499,
                "yaw": -2.8591156021744806
            },
            "heading": -2.8591156021744806,
            "speeds": {
                "vmax": 15.0
            },
            "type": 2,
            "driving_direction": 1,
            "id": "1261_0",
            "lane_type": 31
        },
        {
            "pos": {
                "x": 566675.2100953605,
                "y": 4318001.768294908,
                "yaw": -2.838403432952968
            },
            "heading": -2.838403432952968,
            "speeds": {
                "vmax": 15.0
            },
            "type": 2,
            "driving_direction": 1,
            "id": "1261_0",
            "lane_type": 31
        },
        {
            "pos": {
                "x": 566674.6992812227,
                "y": 4318001.59998991,
                "yaw": -2.8069659992027525
            },
            "heading": -2.8069659992027525,
            "speeds": {
                "vmax": 15.0
            },
            "type": 2,
            "driving_direction": 1,
            "id": "1261_0",
            "lane_type": 31
        },
        {
            "pos": {
                "x": 566674.193774088,
                "y": 4318001.415445143,
                "yaw": -2.772831873636399
            },
            "heading": -2.772831873636399,
            "speeds": {
                "vmax": 15.0
            },
            "type": 2,
            "driving_direction": 1,
            "id": "1261_0",
            "lane_type": 31
        },
        {
            "pos": {
                "x": 566673.6952844271,
                "y": 4318001.212606928,
                "yaw": -2.7344099167075138
            },
            "heading": -2.7344099167075138,
            "speeds": {
                "vmax": 15.0
            },
            "type": 2,
            "driving_direction": 1,
            "id": "1261_0",
            "lane_type": 31
        },
        {
            "pos": {
                "x": 566673.2057903637,
                "y": 4318000.98990285,
                "yaw": -2.689158961236145
            },
            "heading": -2.689158961236145,
            "speeds": {
                "vmax": 15.0
            },
            "type": 2,
            "driving_direction": 1,
            "id": "1261_0",
            "lane_type": 31
        },
        {
            "pos": {
                "x": 566672.7284405832,
                "y": 4318000.74345592,
                "yaw": -2.6372073837695735
            },
            "heading": -2.6372073837695735,
            "speeds": {
                "vmax": 15.0
            },
            "type": 2,
            "driving_direction": 1,
            "id": "1261_0",
            "lane_type": 31
        },
        {
            "pos": {
                "x": 566672.2644579007,
                "y": 4318000.471131472,
                "yaw": -2.579967067006705
            },
            "heading": -2.579967067006705,
            "speeds": {
                "vmax": 15.0
            },
            "type": 2,
            "driving_direction": 1,
            "id": "1261_0",
            "lane_type": 31
        },
        {
            "pos": {
                "x": 566671.8170587795,
                "y": 4318000.170954676,
                "yaw": -2.5175430200188247
            },
            "heading": -2.5175430200188247,
            "speeds": {
                "vmax": 15.0
            },
            "type": 2,
            "driving_direction": 1,
            "id": "1261_0",
            "lane_type": 31
        },
        {
            "pos": {
                "x": 566671.3915024076,
                "y": 4317999.843608111,
                "yaw": -2.451276296491303
            },
            "heading": -2.451276296491303,
            "speeds": {
                "vmax": 15.0
            },
            "type": 2,
            "driving_direction": 1,
            "id": "1261_0",
            "lane_type": 31
        },
        {
            "pos": {
                "x": 566670.9885533197,
                "y": 4317999.488199508,
                "yaw": -2.3942085287682504
            },
            "heading": -2.3942085287682504,
            "speeds": {
                "vmax": 15.0
            },
            "type": 2,
            "driving_direction": 1,
            "id": "1261_0",
            "lane_type": 31
        },
        {
            "pos": {
                "x": 566670.603207303,
                "y": 4317999.113869208,
                "yaw": -2.342738307495499
            },
            "heading": -2.342738307495499,
            "speeds": {
                "vmax": 15.0
            },
            "type": 2,
            "driving_direction": 1,
            "id": "1261_0",
            "lane_type": 31
        },
        {
            "pos": {
                "x": 566670.2376085173,
                "y": 4317998.717677335,
                "yaw": -2.2844748451585026
            },
            "heading": -2.2844748451585026,
            "speeds": {
                "vmax": 15.0
            },
            "type": 2,
            "driving_direction": 1,
            "id": "1261_0",
            "lane_type": 31
        },
        {
            "pos": {
                "x": 566669.8980009573,
                "y": 4317998.300631907,
                "yaw": -2.222960984278213
            },
            "heading": -2.222960984278213,
            "speeds": {
                "vmax": 15.0
            },
            "type": 2,
            "driving_direction": 1,
            "id": "1261_0",
            "lane_type": 31
        },
        {
            "pos": {
                "x": 566669.5845944172,
                "y": 4317997.863577792,
                "yaw": -2.1613530412473305
            },
            "heading": -2.1613530412473305,
            "speeds": {
                "vmax": 15.0
            },
            "type": 2,
            "driving_direction": 1,
            "id": "1261_0",
            "lane_type": 31
        },
        {
            "pos": {
                "x": 566669.299142361,
                "y": 4317997.408416139,
                "yaw": -2.099127882033443
            },
            "heading": -2.099127882033443,
            "speeds": {
                "vmax": 15.0
            },
            "type": 2,
            "driving_direction": 1,
            "id": "1261_0",
            "lane_type": 31
        },
        {
            "pos": {
                "x": 566669.0424269743,
                "y": 4317996.935911262,
                "yaw": -2.0362373258711135
            },
            "heading": -2.0362373258711135,
            "speeds": {
                "vmax": 15.0
            },
            "type": 2,
            "driving_direction": 1,
            "id": "1261_0",
            "lane_type": 31
        },
        {
            "pos": {
                "x": 566668.81628242,
                "y": 4317996.448524678,
                "yaw": -1.9757732058662327
            },
            "heading": -1.9757732058662327,
            "speeds": {
                "vmax": 15.0
            },
            "type": 2,
            "driving_direction": 1,
            "id": "1261_0",
            "lane_type": 31
        },
        {
            "pos": {
                "x": 566668.6186615586,
                "y": 4317995.948858891,
                "yaw": -1.9185174045979763
            },
            "heading": -1.9185174045979763,
            "speeds": {
                "vmax": 15.0
            },
            "type": 2,
            "driving_direction": 1,
            "id": "1261_0",
            "lane_type": 31
        },
        {
            "pos": {
                "x": 566668.4496648819,
                "y": 4317995.438861552,
                "yaw": -1.8638253026352543
            },
            "heading": -1.8638253026352543,
            "speeds": {
                "vmax": 15.0
            },
            "type": 2,
            "driving_direction": 1,
            "id": "1261_0",
            "lane_type": 31
        },
        {
            "pos": {
                "x": 566668.3079170566,
                "y": 4317994.920657797,
                "yaw": -1.8069340298901202
            },
            "heading": -1.8069340298901202,
            "speeds": {
                "vmax": 15.0
            },
            "type": 2,
            "driving_direction": 1,
            "id": "1261_0",
            "lane_type": 31
        },
        {
            "pos": {
                "x": 566668.197643393,
                "y": 4317994.395383913,
                "yaw": -1.7567063628494388
            },
            "heading": -1.7567063628494388,
            "speeds": {
                "vmax": 15.0
            },
            "type": 2,
            "driving_direction": 1,
            "id": "1261_0",
            "lane_type": 31
        },
        {
            "pos": {
                "x": 566668.1090721427,
                "y": 4317993.86543213,
                "yaw": -1.7091494665971307
            },
            "heading": -1.7091494665971307,
            "speeds": {
                "vmax": 15.0
            },
            "type": 2,
            "driving_direction": 1,
            "id": "1261_0",
            "lane_type": 31
        },
        {
            "pos": {
                "x": 566668.0487024188,
                "y": 4317993.331308327,
                "yaw": -1.6589319887713951
            },
            "heading": -1.6589319887713951,
            "speeds": {
                "vmax": 15.0
            },
            "type": 2,
            "driving_direction": 1,
            "id": "1261_0",
            "lane_type": 31
        },
        {
            "pos": {
                "x": 566668.013760068,
                "y": 4317992.795892691,
                "yaw": -1.6177399060122628
            },
            "heading": -1.6177399060122628,
            "speeds": {
                "vmax": 15.0
            },
            "type": 2,
            "driving_direction": 1,
            "id": "1261_0",
            "lane_type": 31
        },
        {
            "pos": {
                "x": 566667.9980030311,
                "y": 4317992.258695088,
                "yaw": -1.5739502331544026
            },
            "heading": -1.5739502331544026,
            "speeds": {
                "vmax": 15.0
            },
            "type": 2,
            "driving_direction": 1,
            "id": "1261_0",
            "lane_type": 31
        },
        {
            "pos": {
                "x": 566668.0093929083,
                "y": 4317991.72206412,
                "yaw": -1.529829937655632
            },
            "heading": -1.529829937655632,
            "speeds": {
                "vmax": 15.0
            },
            "type": 2,
            "driving_direction": 1,
            "id": "1261_0",
            "lane_type": 31
        },
        {
            "pos": {
                "x": 566668.041112157,
                "y": 4317991.186111736,
                "yaw": -1.4993292638665099
            },
            "heading": -1.4993292638665099,
            "speeds": {
                "vmax": 15.0
            },
            "type": 2,
            "driving_direction": 1,
            "id": "1261_0",
            "lane_type": 31
        },
        {
            "pos": {
                "x": 566668.085973602,
                "y": 4317990.649888622,
                "yaw": -1.467150316779709
            },
            "heading": -1.467150316779709,
            "speeds": {
                "vmax": 15.0
            },
            "type": 2,
            "driving_direction": 1,
            "id": "1261_0",
            "lane_type": 31
        },
        {
            "pos": {
                "x": 566668.1506263122,
                "y": 4317990.1234596465,
                "yaw": -1.4331257619425726
            },
            "heading": -1.4331257619425726,
            "speeds": {
                "vmax": 15.0
            },
            "type": 2,
            "driving_direction": 1,
            "id": "1261_0",
            "lane_type": 31
        },
        {
            "pos": {
                "x": 566668.2322110916,
                "y": 4317989.585336404,
                "yaw": -1.4165716314408783
            },
            "heading": -1.4165716314408783,
            "speeds": {
                "vmax": 15.0
            },
            "type": 2,
            "driving_direction": 1,
            "id": "1261_0",
            "lane_type": 31
        },
        {
            "pos": {
                "x": 566668.315153051,
                "y": 4317989.065113105,
                "yaw": -1.4022858546477304
            },
            "heading": -1.4022858546477304,
            "speeds": {
                "vmax": 15.0
            },
            "type": 2,
            "driving_direction": 1,
            "id": "1261_0",
            "lane_type": 31
        },
        {
            "pos": {
                "x": 566668.4112921467,
                "y": 4317988.527148094,
                "yaw": -1.389526723630355
            },
            "heading": -1.389526723630355,
            "speeds": {
                "vmax": 15.0
            },
            "type": 2,
            "driving_direction": 1,
            "id": "1261_0",
            "lane_type": 31
        },
        {
            "pos": {
                "x": 566668.510935137,
                "y": 4317987.995443743,
                "yaw": -1.382627552437133
            },
            "heading": -1.382627552437133,
            "speeds": {
                "vmax": 15.0
            },
            "type": 2,
            "driving_direction": 1,
            "id": "1261_0",
            "lane_type": 31
        },
        {
            "pos": {
                "x": 566668.6097968541,
                "y": 4317987.4840565715,
                "yaw": -1.375772489646152
            },
            "heading": -1.375772489646152,
            "speeds": {
                "vmax": 15.0
            },
            "type": 2,
            "driving_direction": 1,
            "id": "1261_0",
            "lane_type": 31
        },
        {
            "pos": {
                "x": 566668.7182759007,
                "y": 4317986.944445167,
                "yaw": -1.3689558243711064
            },
            "heading": -1.3689558243711064,
            "speeds": {
                "vmax": 15.0
            },
            "type": 2,
            "driving_direction": 1,
            "id": "1261_0",
            "lane_type": 31
        },
        {
            "pos": {
                "x": 566668.8280297774,
                "y": 4317986.416541355,
                "yaw": -1.3626399963987257
            },
            "heading": -1.3626399963987257,
            "speeds": {
                "vmax": 15.0
            },
            "type": 2,
            "driving_direction": 1,
            "id": "1261_0",
            "lane_type": 31
        },
        {
            "pos": {
                "x": 566668.9407285518,
                "y": 4317985.890424954,
                "yaw": -1.35805842416077
            },
            "heading": -1.35805842416077,
            "speeds": {
                "vmax": 15.0
            },
            "type": 2,
            "driving_direction": 1,
            "id": "1261_0",
            "lane_type": 31
        },
        {
            "pos": {
                "x": 566669.0555746176,
                "y": 4317985.362674488,
                "yaw": -1.3560263740225582
            },
            "heading": -1.3560263740225582,
            "speeds": {
                "vmax": 15.0
            },
            "type": 2,
            "driving_direction": 1,
            "id": "1261_0",
            "lane_type": 31
        },
        {
            "pos": {
                "x": 566669.1709578722,
                "y": 4317984.834794924,
                "yaw": -1.356210456705739
            },
            "heading": -1.356210456705739,
            "speeds": {
                "vmax": 15.0
            },
            "type": 2,
            "driving_direction": 1,
            "id": "1261_0",
            "lane_type": 31
        },
        {
            "pos": {
                "x": 566669.2855062953,
                "y": 4317984.307602527,
                "yaw": -1.358937367164569
            },
            "heading": -1.358937367164569,
            "speeds": {
                "vmax": 15.0
            },
            "type": 2,
            "driving_direction": 1,
            "id": "1261_0",
            "lane_type": 31
        },
        {
            "pos": {
                "x": 566669.4006826732,
                "y": 4317983.766605294,
                "yaw": -1.3637899072496356
            },
            "heading": -1.3637899072496356,
            "speeds": {
                "vmax": 15.0
            },
            "type": 2,
            "driving_direction": 1,
            "id": "1261_0",
            "lane_type": 31
        },
        {
            "pos": {
                "x": 566669.5061926756,
                "y": 4317983.256357191,
                "yaw": -1.3699465156925557
            },
            "heading": -1.3699465156925557,
            "speeds": {
                "vmax": 15.0
            },
            "type": 2,
            "driving_direction": 1,
            "id": "1261_0",
            "lane_type": 31
        },
        {
            "pos": {
                "x": 566669.6109227035,
                "y": 4317982.733989753,
                "yaw": -1.3737971901858372
            },
            "heading": -1.3737971901858372,
            "speeds": {
                "vmax": 15.0
            },
            "type": 2,
            "driving_direction": 1,
            "id": "1261_0",
            "lane_type": 31
        },
        {
            "pos": {
                "x": 566669.7124639896,
                "y": 4317982.223132107,
                "yaw": -1.374949122146857
            },
            "heading": -1.374949122146857,
            "speeds": {
                "vmax": 15.0
            },
            "type": 2,
            "driving_direction": 1,
            "id": "1261_0",
            "lane_type": 31
        },
        {
            "pos": {
                "x": 566669.8203427652,
                "y": 4317981.678409665,
                "yaw": -1.3758450756985217
            },
            "heading": -1.3758450756985217,
            "speeds": {
                "vmax": 15.0
            },
            "type": 2,
            "driving_direction": 1,
            "id": "1261_0",
            "lane_type": 31
        },
        {
            "pos": {
                "x": 566669.9245833128,
                "y": 4317981.149014121,
                "yaw": -1.3768630808283828
            },
            "heading": -1.3768630808283828,
            "speeds": {
                "vmax": 15.0
            },
            "type": 2,
            "driving_direction": 1,
            "id": "1261_0",
            "lane_type": 31
        },
        {
            "pos": {
                "x": 566670.0277274899,
                "y": 4317980.622553827,
                "yaw": -1.3776383032849908
            },
            "heading": -1.3776383032849908,
            "speeds": {
                "vmax": 15.0
            },
            "type": 2,
            "driving_direction": 1,
            "id": "1261_0",
            "lane_type": 31
        },
        {
            "pos": {
                "x": 566670.1312188141,
                "y": 4317980.092621418,
                "yaw": -1.3780839751702207
            },
            "heading": -1.3780839751702207,
            "speeds": {
                "vmax": 15.0
            },
            "type": 2,
            "driving_direction": 1,
            "id": "1261_0",
            "lane_type": 31
        },
        {
            "pos": {
                "x": 566670.2344159565,
                "y": 4317979.563361919,
                "yaw": -1.378200732094916
            },
            "heading": -1.378200732094916,
            "speeds": {
                "vmax": 15.0
            },
            "type": 2,
            "driving_direction": 1,
            "id": "1261_0",
            "lane_type": 31
        },
        {
            "pos": {
                "x": 566670.3376057332,
                "y": 4317979.0343033215,
                "yaw": -1.3779659457403215
            },
            "heading": -1.3779659457403215,
            "speeds": {
                "vmax": 15.0
            },
            "type": 2,
            "driving_direction": 1,
            "id": "1261_0",
            "lane_type": 31
        },
        {
            "pos": {
                "x": 566670.4411518467,
                "y": 4317978.504578897,
                "yaw": -1.3773952445823954
            },
            "heading": -1.3773952445823954,
            "speeds": {
                "vmax": 15.0
            },
            "type": 2,
            "driving_direction": 1,
            "id": "1261_0",
            "lane_type": 31
        },
        {
            "pos": {
                "x": 566670.5442986215,
                "y": 4317977.979018331,
                "yaw": -1.3431950919564868
            },
            "heading": -1.3431950919564868,
            "speeds": {
                "vmax": 15.0
            },
            "type": 1,
            "driving_direction": 1,
            "id": "1282_2",
            "lane_type": 22
        },
        {
            "pos": {
                "x": 566670.6571981184,
                "y": 4317977.491931373,
                "yaw": -1.3431950919564868
            },
            "heading": -1.3431950919564868,
            "speeds": {
                "vmax": 15.0
            },
            "type": 1,
            "driving_direction": 1,
            "id": "1282_2",
            "lane_type": 22
        },
        {
            "pos": {
                "x": 566670.7700976152,
                "y": 4317977.004844417,
                "yaw": -1.3431950919564868
            },
            "heading": -1.3431950919564868,
            "speeds": {
                "vmax": 15.0
            },
            "type": 1,
            "driving_direction": 1,
            "id": "1282_2",
            "lane_type": 22
        },
        {
            "pos": {
                "x": 566670.8829971121,
                "y": 4317976.51775746,
                "yaw": -1.3431950919564868
            },
            "heading": -1.3431950919564868,
            "speeds": {
                "vmax": 15.0
            },
            "type": 1,
            "driving_direction": 1,
            "id": "1282_2",
            "lane_type": 22
        },
        {
            "pos": {
                "x": 566670.9958966089,
                "y": 4317976.030670503,
                "yaw": -1.3431950919564868
            },
            "heading": -1.3431950919564868,
            "speeds": {
                "vmax": 15.0
            },
            "type": 1,
            "driving_direction": 1,
            "id": "1282_2",
            "lane_type": 22
        },
        {
            "pos": {
                "x": 566671.1087961058,
                "y": 4317975.543583546,
                "yaw": -1.3431950919564868
            },
            "heading": -1.3431950919564868,
            "speeds": {
                "vmax": 15.0
            },
            "type": 1,
            "driving_direction": 1,
            "id": "1282_2",
            "lane_type": 22
        }
    ]
}