{
    "header": {
        "trace_id": "6cf0f9f801064abc97da732c20eda3e9",
        "trans_id": "970f8d76-09cf-4de3-8f4d-cdf0dbc0313b",
        "che_id": "A526",
        "timestamp": "2025-02-19T17:19:19.879931Z"
    },
    "task_id": "6cf0f9f801064abc97da732c20eda3e9",
    "navi_id": "A526_6cf0f9f801064abc97da732c20eda3e9_37",
    "seq_num": 37,
    "dest_type": 1,
    "mode": 2,
    "waypoints": [
        {
            "pos": {
                "x": 566829.8912343475,
                "y": 4317874.649334247,
                "yaw": -1.3424726930729947
            },
            "heading": -1.3424726930729947,
            "speeds": {
                "vmax": 15.0
            },
            "type": 1,
            "driving_direction": 1,
            "id": "1280_2",
            "lane_type": 22
        },
        {
            "pos": {
                "x": 566830.0040726375,
                "y": 4317874.162233108,
                "yaw": -1.3424726930729947
            },
            "heading": -1.3424726930729947,
            "speeds": {
                "vmax": 15.0
            },
            "type": 1,
            "driving_direction": 1,
            "id": "1280_2",
            "lane_type": 22
        },
        {
            "pos": {
                "x": 566830.1169109275,
                "y": 4317873.675131968,
                "yaw": -1.3424726930729947
            },
            "heading": -1.3424726930729947,
            "speeds": {
                "vmax": 15.0
            },
            "type": 1,
            "driving_direction": 1,
            "id": "1280_2",
            "lane_type": 22
        },
        {
            "pos": {
                "x": 566830.2297492175,
                "y": 4317873.188030828,
                "yaw": -1.3424726930729947
            },
            "heading": -1.3424726930729947,
            "speeds": {
                "vmax": 15.0
            },
            "type": 1,
            "driving_direction": 1,
            "id": "1280_2",
            "lane_type": 22
        },
        {
            "pos": {
                "x": 566830.3425875074,
                "y": 4317872.700929688,
                "yaw": -1.3424726930729947
            },
            "heading": -1.3424726930729947,
            "speeds": {
                "vmax": 15.0
            },
            "type": 1,
            "driving_direction": 1,
            "id": "1280_2",
            "lane_type": 22
        },
        {
            "pos": {
                "x": 566830.4554257975,
                "y": 4317872.213828549,
                "yaw": -1.3424726930729947
            },
            "heading": -1.3424726930729947,
            "speeds": {
                "vmax": 15.0
            },
            "type": 1,
            "driving_direction": 1,
            "id": "1280_2",
            "lane_type": 22
        },
        {
            "pos": {
                "x": 566830.5682640875,
                "y": 4317871.726727409,
                "yaw": -1.3424726930729947
            },
            "heading": -1.3424726930729947,
            "speeds": {
                "vmax": 15.0
            },
            "type": 1,
            "driving_direction": 1,
            "id": "1280_2",
            "lane_type": 22
        },
        {
            "pos": {
                "x": 566830.6811023775,
                "y": 4317871.239626269,
                "yaw": -1.3424726930729947
            },
            "heading": -1.3424726930729947,
            "speeds": {
                "vmax": 15.0
            },
            "type": 1,
            "driving_direction": 1,
            "id": "1280_2",
            "lane_type": 22
        },
        {
            "pos": {
                "x": 566830.7939406675,
                "y": 4317870.752525129,
                "yaw": -1.3424726930729947
            },
            "heading": -1.3424726930729947,
            "speeds": {
                "vmax": 15.0
            },
            "type": 1,
            "driving_direction": 1,
            "id": "1280_2",
            "lane_type": 22
        },
        {
            "pos": {
                "x": 566830.9067789576,
                "y": 4317870.26542399,
                "yaw": -1.3424726930729947
            },
            "heading": -1.3424726930729947,
            "speeds": {
                "vmax": 15.0
            },
            "type": 1,
            "driving_direction": 1,
            "id": "1280_2",
            "lane_type": 22
        },
        {
            "pos": {
                "x": 566831.0196172475,
                "y": 4317869.77832285,
                "yaw": -1.3424726930729947
            },
            "heading": -1.3424726930729947,
            "speeds": {
                "vmax": 15.0
            },
            "type": 1,
            "driving_direction": 1,
            "id": "1280_2",
            "lane_type": 22
        },
        {
            "pos": {
                "x": 566831.1324555376,
                "y": 4317869.29122171,
                "yaw": -1.3424726930729947
            },
            "heading": -1.3424726930729947,
            "speeds": {
                "vmax": 15.0
            },
            "type": 1,
            "driving_direction": 1,
            "id": "1280_2",
            "lane_type": 22
        },
        {
            "pos": {
                "x": 566831.2452938276,
                "y": 4317868.80412057,
                "yaw": -1.3424726930729947
            },
            "heading": -1.3424726930729947,
            "speeds": {
                "vmax": 15.0
            },
            "type": 1,
            "driving_direction": 1,
            "id": "1280_2",
            "lane_type": 22
        },
        {
            "pos": {
                "x": 566831.3581321175,
                "y": 4317868.317019431,
                "yaw": -1.3424726930729947
            },
            "heading": -1.3424726930729947,
            "speeds": {
                "vmax": 15.0
            },
            "type": 1,
            "driving_direction": 1,
            "id": "1280_2",
            "lane_type": 22
        },
        {
            "pos": {
                "x": 566831.4709704076,
                "y": 4317867.829918291,
                "yaw": -1.3424726930729947
            },
            "heading": -1.3424726930729947,
            "speeds": {
                "vmax": 15.0
            },
            "type": 1,
            "driving_direction": 1,
            "id": "1280_2",
            "lane_type": 22
        },
        {
            "pos": {
                "x": 566831.5838086975,
                "y": 4317867.342817152,
                "yaw": -1.3424726930729947
            },
            "heading": -1.3424726930729947,
            "speeds": {
                "vmax": 15.0
            },
            "type": 1,
            "driving_direction": 1,
            "id": "1280_2",
            "lane_type": 22
        },
        {
            "pos": {
                "x": 566831.6966469876,
                "y": 4317866.8557160115,
                "yaw": -1.3424726930729947
            },
            "heading": -1.3424726930729947,
            "speeds": {
                "vmax": 15.0
            },
            "type": 1,
            "driving_direction": 1,
            "id": "1280_2",
            "lane_type": 22
        },
        {
            "pos": {
                "x": 566831.8094852776,
                "y": 4317866.368614872,
                "yaw": -1.3424726930729947
            },
            "heading": -1.3424726930729947,
            "speeds": {
                "vmax": 15.0
            },
            "type": 1,
            "driving_direction": 1,
            "id": "1280_2",
            "lane_type": 22
        },
        {
            "pos": {
                "x": 566831.9223235676,
                "y": 4317865.8815137325,
                "yaw": -1.3424726930729947
            },
            "heading": -1.3424726930729947,
            "speeds": {
                "vmax": 15.0
            },
            "type": 1,
            "driving_direction": 1,
            "id": "1280_2",
            "lane_type": 22
        },
        {
            "pos": {
                "x": 566832.0351618576,
                "y": 4317865.394412593,
                "yaw": -1.3424726930729947
            },
            "heading": -1.3424726930729947,
            "speeds": {
                "vmax": 15.0
            },
            "type": 1,
            "driving_direction": 1,
            "id": "1280_2",
            "lane_type": 22
        },
        {
            "pos": {
                "x": 566832.1480001477,
                "y": 4317864.907311453,
                "yaw": -1.3424726930729947
            },
            "heading": -1.3424726930729947,
            "speeds": {
                "vmax": 15.0
            },
            "type": 1,
            "driving_direction": 1,
            "id": "1280_2",
            "lane_type": 22
        },
        {
            "pos": {
                "x": 566832.2608384376,
                "y": 4317864.420210313,
                "yaw": -1.3424726930729947
            },
            "heading": -1.3424726930729947,
            "speeds": {
                "vmax": 15.0
            },
            "type": 1,
            "driving_direction": 1,
            "id": "1280_2",
            "lane_type": 22
        },
        {
            "pos": {
                "x": 566832.3736767276,
                "y": 4317863.933109174,
                "yaw": -1.3424726930729947
            },
            "heading": -1.3424726930729947,
            "speeds": {
                "vmax": 15.0
            },
            "type": 1,
            "driving_direction": 1,
            "id": "1280_2",
            "lane_type": 22
        },
        {
            "pos": {
                "x": 566832.4865150176,
                "y": 4317863.446008034,
                "yaw": -1.3424726930729947
            },
            "heading": -1.3424726930729947,
            "speeds": {
                "vmax": 15.0
            },
            "type": 1,
            "driving_direction": 1,
            "id": "1280_2",
            "lane_type": 22
        },
        {
            "pos": {
                "x": 566832.5993533076,
                "y": 4317862.958906895,
                "yaw": -1.3424726930729947
            },
            "heading": -1.3424726930729947,
            "speeds": {
                "vmax": 15.0
            },
            "type": 1,
            "driving_direction": 1,
            "id": "1280_2",
            "lane_type": 22
        },
        {
            "pos": {
                "x": 566832.7121915977,
                "y": 4317862.471805754,
                "yaw": -1.3424726930729947
            },
            "heading": -1.3424726930729947,
            "speeds": {
                "vmax": 15.0
            },
            "type": 1,
            "driving_direction": 1,
            "id": "1280_2",
            "lane_type": 22
        },
        {
            "pos": {
                "x": 566832.8250298876,
                "y": 4317861.984704615,
                "yaw": -1.3424726930729947
            },
            "heading": -1.3424726930729947,
            "speeds": {
                "vmax": 15.0
            },
            "type": 1,
            "driving_direction": 1,
            "id": "1280_2",
            "lane_type": 22
        },
        {
            "pos": {
                "x": 566832.9378681777,
                "y": 4317861.497603475,
                "yaw": -1.3424726930729947
            },
            "heading": -1.3424726930729947,
            "speeds": {
                "vmax": 15.0
            },
            "type": 1,
            "driving_direction": 1,
            "id": "1280_2",
            "lane_type": 22
        },
        {
            "pos": {
                "x": 566833.0507064677,
                "y": 4317861.010502336,
                "yaw": -1.3424726930729947
            },
            "heading": -1.3424726930729947,
            "speeds": {
                "vmax": 15.0
            },
            "type": 1,
            "driving_direction": 1,
            "id": "1280_2",
            "lane_type": 22
        },
        {
            "pos": {
                "x": 566833.1635447576,
                "y": 4317860.523401195,
                "yaw": -1.3424726930729947
            },
            "heading": -1.3424726930729947,
            "speeds": {
                "vmax": 15.0
            },
            "type": 1,
            "driving_direction": 1,
            "id": "1280_2",
            "lane_type": 22
        },
        {
            "pos": {
                "x": 566833.2763830477,
                "y": 4317860.036300056,
                "yaw": -1.3424726930729947
            },
            "heading": -1.3424726930729947,
            "speeds": {
                "vmax": 15.0
            },
            "type": 1,
            "driving_direction": 1,
            "id": "1280_2",
            "lane_type": 22
        },
        {
            "pos": {
                "x": 566833.3892213377,
                "y": 4317859.549198916,
                "yaw": -1.3424726930729947
            },
            "heading": -1.3424726930729947,
            "speeds": {
                "vmax": 15.0
            },
            "type": 1,
            "driving_direction": 1,
            "id": "1280_2",
            "lane_type": 22
        },
        {
            "pos": {
                "x": 566833.4095165628,
                "y": 4317859.461588343,
                "yaw": -1.3424726930729947
            },
            "heading": -1.3424726930729947,
            "speeds": {
                "vmax": 15.0
            },
            "type": 1,
            "driving_direction": 1,
            "id": "1280_2",
            "lane_type": 22
        }
    ],
    "is_final_navi": true
}