{
    "header": {
        "trace_id": "COMMAND&XIbvXkgbq2",
        "trans_id": "b39db436-3568-4a52-87be-32d82b4779ad",
        "che_id": "A533",
        "timestamp": "2025-02-19T17:23:01.771931Z"
    },
    "task_id": "COMMAND&XIbvXkgbq2",
    "navi_id": "A533_COMMAND&XIbvXkgbq2_4",
    "seq_num": 4,
    "dest_type": 3,
    "mode": 2,
    "waypoints": [
        {
            "pos": {
                "x": 566939.6921615982,
                "y": 4317772.368631098,
                "yaw": 0.23088114491617895
            },
            "heading": 0.23088114491617895,
            "speeds": {
                "vmax": 15.0
            },
            "type": 2,
            "driving_direction": 1,
            "id": "1533_0",
            "lane_type": 4
        },
        {
            "pos": {
                "x": 566940.2196844062,
                "y": 4317772.492643734,
                "yaw": 0.23085077434780282
            },
            "heading": 0.23085077434780282,
            "speeds": {
                "vmax": 15.0
            },
            "type": 2,
            "driving_direction": 1,
            "id": "1533_0",
            "lane_type": 4
        },
        {
            "pos": {
                "x": 566940.7472205834,
                "y": 4317772.616612345,
                "yaw": 0.23073196909811228
            },
            "heading": 0.23073196909811228,
            "speeds": {
                "vmax": 15.0
            },
            "type": 2,
            "driving_direction": 1,
            "id": "1533_0",
            "lane_type": 4
        },
        {
            "pos": {
                "x": 566941.2737326962,
                "y": 4317772.740254849,
                "yaw": 0.23052302542291792
            },
            "heading": 0.23052302542291792,
            "speeds": {
                "vmax": 15.0
            },
            "type": 2,
            "driving_direction": 1,
            "id": "1533_0",
            "lane_type": 4
        },
        {
            "pos": {
                "x": 566941.8027499329,
                "y": 4317772.8643375,
                "yaw": 0.2302042600327614
            },
            "heading": 0.2302042600327614,
            "speeds": {
                "vmax": 15.0
            },
            "type": 2,
            "driving_direction": 1,
            "id": "1533_0",
            "lane_type": 4
        },
        {
            "pos": {
                "x": 566942.3307528368,
                "y": 4317772.9879721245,
                "yaw": 0.22975683592016158
            },
            "heading": 0.22975683592016158,
            "speeds": {
                "vmax": 15.0
            },
            "type": 2,
            "driving_direction": 1,
            "id": "1533_0",
            "lane_type": 4
        },
        {
            "pos": {
                "x": 566942.8568972547,
                "y": 4317773.110880651,
                "yaw": 0.22911684199242222
            },
            "heading": 0.22911684199242222,
            "speeds": {
                "vmax": 15.0
            },
            "type": 2,
            "driving_direction": 1,
            "id": "1533_0",
            "lane_type": 4
        },
        {
            "pos": {
                "x": 566943.3847241845,
                "y": 4317773.233758615,
                "yaw": 0.2282443355870196
            },
            "heading": 0.2282443355870196,
            "speeds": {
                "vmax": 15.0
            },
            "type": 2,
            "driving_direction": 1,
            "id": "1533_0",
            "lane_type": 4
        },
        {
            "pos": {
                "x": 566943.9117851325,
                "y": 4317773.355906824,
                "yaw": 0.2270237953919639
            },
            "heading": 0.2270237953919639,
            "speeds": {
                "vmax": 15.0
            },
            "type": 2,
            "driving_direction": 1,
            "id": "1533_0",
            "lane_type": 4
        },
        {
            "pos": {
                "x": 566944.4375595871,
                "y": 4317773.476944976,
                "yaw": 0.22479165623684075
            },
            "heading": 0.22479165623684075,
            "speeds": {
                "vmax": 15.0
            },
            "type": 2,
            "driving_direction": 1,
            "id": "1533_0",
            "lane_type": 4
        },
        {
            "pos": {
                "x": 566944.9678673737,
                "y": 4317773.5973300105,
                "yaw": 0.22119734188637966
            },
            "heading": 0.22119734188637966,
            "speeds": {
                "vmax": 15.0
            },
            "type": 2,
            "driving_direction": 1,
            "id": "1533_0",
            "lane_type": 4
        },
        {
            "pos": {
                "x": 566945.4974781445,
                "y": 4317773.715212885,
                "yaw": 0.2176629955274301
            },
            "heading": 0.2176629955274301,
            "speeds": {
                "vmax": 15.0
            },
            "type": 2,
            "driving_direction": 1,
            "id": "1533_0",
            "lane_type": 4
        },
        {
            "pos": {
                "x": 566946.0259658366,
                "y": 4317773.831323141,
                "yaw": 0.21595311920721535
            },
            "heading": 0.21595311920721535,
            "speeds": {
                "vmax": 15.0
            },
            "type": 2,
            "driving_direction": 1,
            "id": "1533_0",
            "lane_type": 4
        },
        {
            "pos": {
                "x": 566946.551654783,
                "y": 4317773.946501862,
                "yaw": 0.21815444400571538
            },
            "heading": 0.21815444400571538,
            "speeds": {
                "vmax": 15.0
            },
            "type": 2,
            "driving_direction": 1,
            "id": "1533_0",
            "lane_type": 4
        },
        {
            "pos": {
                "x": 566947.0800266812,
                "y": 4317774.065144923,
                "yaw": 0.22445845759215777
            },
            "heading": 0.22445845759215777,
            "speeds": {
                "vmax": 15.0
            },
            "type": 2,
            "driving_direction": 1,
            "id": "1533_0",
            "lane_type": 4
        },
        {
            "pos": {
                "x": 566947.6063250846,
                "y": 4317774.187422231,
                "yaw": 0.23397425912809064
            },
            "heading": 0.23397425912809064,
            "speeds": {
                "vmax": 15.0
            },
            "type": 2,
            "driving_direction": 1,
            "id": "1533_0",
            "lane_type": 4
        },
        {
            "pos": {
                "x": 566948.1320006223,
                "y": 4317774.316087365,
                "yaw": 0.2509907886493147
            },
            "heading": 0.2509907886493147,
            "speeds": {
                "vmax": 15.0
            },
            "type": 2,
            "driving_direction": 1,
            "id": "1533_0",
            "lane_type": 4
        },
        {
            "pos": {
                "x": 566948.6544175878,
                "y": 4317774.4565978795,
                "yaw": 0.27252951451048996
            },
            "heading": 0.27252951451048996,
            "speeds": {
                "vmax": 15.0
            },
            "type": 2,
            "driving_direction": 1,
            "id": "1533_0",
            "lane_type": 4
        },
        {
            "pos": {
                "x": 566949.1737202711,
                "y": 4317774.607460842,
                "yaw": 0.29611262251512743
            },
            "heading": 0.29611262251512743,
            "speeds": {
                "vmax": 15.0
            },
            "type": 2,
            "driving_direction": 1,
            "id": "1533_0",
            "lane_type": 4
        },
        {
            "pos": {
                "x": 566949.6883973961,
                "y": 4317774.7724975925,
                "yaw": 0.33305237061773624
            },
            "heading": 0.33305237061773624,
            "speeds": {
                "vmax": 15.0
            },
            "type": 2,
            "driving_direction": 1,
            "id": "1533_0",
            "lane_type": 4
        },
        {
            "pos": {
                "x": 566950.1942695517,
                "y": 4317774.961288506,
                "yaw": 0.3794633347673504
            },
            "heading": 0.3794633347673504,
            "speeds": {
                "vmax": 15.0
            },
            "type": 2,
            "driving_direction": 1,
            "id": "1533_0",
            "lane_type": 4
        },
        {
            "pos": {
                "x": 566950.6907204927,
                "y": 4317775.172643153,
                "yaw": 0.4239626584605223
            },
            "heading": 0.4239626584605223,
            "speeds": {
                "vmax": 15.0
            },
            "type": 2,
            "driving_direction": 1,
            "id": "1533_0",
            "lane_type": 4
        },
        {
            "pos": {
                "x": 566951.1774850937,
                "y": 4317775.405342134,
                "yaw": 0.4742082709805098
            },
            "heading": 0.4742082709805098,
            "speeds": {
                "vmax": 15.0
            },
            "type": 2,
            "driving_direction": 1,
            "id": "1533_0",
            "lane_type": 4
        },
        {
            "pos": {
                "x": 566951.6501762351,
                "y": 4317775.665395111,
                "yaw": 0.5376059048514858
            },
            "heading": 0.5376059048514858,
            "speeds": {
                "vmax": 15.0
            },
            "type": 2,
            "driving_direction": 1,
            "id": "1533_0",
            "lane_type": 4
        },
        {
            "pos": {
                "x": 566952.1037851621,
                "y": 4317775.957659222,
                "yaw": 0.6041301934509594
            },
            "heading": 0.6041301934509594,
            "speeds": {
                "vmax": 15.0
            },
            "type": 2,
            "driving_direction": 1,
            "id": "1533_0",
            "lane_type": 4
        },
        {
            "pos": {
                "x": 566952.5379153815,
                "y": 4317776.277969612,
                "yaw": 0.6684775589124657
            },
            "heading": 0.6684775589124657,
            "speeds": {
                "vmax": 15.0
            },
            "type": 2,
            "driving_direction": 1,
            "id": "1533_0",
            "lane_type": 4
        },
        {
            "pos": {
                "x": 566952.9505412966,
                "y": 4317776.6260496685,
                "yaw": 0.7364040717501635
            },
            "heading": 0.7364040717501635,
            "speeds": {
                "vmax": 15.0
            },
            "type": 2,
            "driving_direction": 1,
            "id": "1533_0",
            "lane_type": 4
        },
        {
            "pos": {
                "x": 566953.3381087342,
                "y": 4317777.002656737,
                "yaw": 0.8037780468541701
            },
            "heading": 0.8037780468541701,
            "speeds": {
                "vmax": 15.0
            },
            "type": 2,
            "driving_direction": 1,
            "id": "1533_0",
            "lane_type": 4
        },
        {
            "pos": {
                "x": 566953.7007487235,
                "y": 4317777.403629366,
                "yaw": 0.8694157374655272
            },
            "heading": 0.8694157374655272,
            "speeds": {
                "vmax": 15.0
            },
            "type": 2,
            "driving_direction": 1,
            "id": "1533_0",
            "lane_type": 4
        },
        {
            "pos": {
                "x": 566954.0360607384,
                "y": 4317777.828148866,
                "yaw": 0.9387061182219532
            },
            "heading": 0.9387061182219532,
            "speeds": {
                "vmax": 15.0
            },
            "type": 2,
            "driving_direction": 1,
            "id": "1533_0",
            "lane_type": 4
        },
        {
            "pos": {
                "x": 566954.3398125931,
                "y": 4317778.27531077,
                "yaw": 1.0148124451725897
            },
            "heading": 1.0148124451725897,
            "speeds": {
                "vmax": 15.0
            },
            "type": 2,
            "driving_direction": 1,
            "id": "1533_0",
            "lane_type": 4
        },
        {
            "pos": {
                "x": 566954.6070842289,
                "y": 4317778.74556737,
                "yaw": 1.0902319620638674
            },
            "heading": 1.0902319620638674,
            "speeds": {
                "vmax": 15.0
            },
            "type": 2,
            "driving_direction": 1,
            "id": "1533_0",
            "lane_type": 4
        },
        {
            "pos": {
                "x": 566954.8403947973,
                "y": 4317779.233875776,
                "yaw": 1.156032822598038
            },
            "heading": 1.156032822598038,
            "speeds": {
                "vmax": 15.0
            },
            "type": 2,
            "driving_direction": 1,
            "id": "1533_0",
            "lane_type": 4
        },
        {
            "pos": {
                "x": 566955.0435874081,
                "y": 4317779.735623909,
                "yaw": 1.2178973370134594
            },
            "heading": 1.2178973370134594,
            "speeds": {
                "vmax": 15.0
            },
            "type": 2,
            "driving_direction": 1,
            "id": "1533_0",
            "lane_type": 4
        },
        {
            "pos": {
                "x": 566955.2147515352,
                "y": 4317780.248941278,
                "yaw": 1.2851878220403543
            },
            "heading": 1.2851878220403543,
            "speeds": {
                "vmax": 15.0
            },
            "type": 2,
            "driving_direction": 1,
            "id": "1533_0",
            "lane_type": 4
        },
        {
            "pos": {
                "x": 566955.3489221856,
                "y": 4317780.773290939,
                "yaw": 1.3530346071239765
            },
            "heading": 1.3530346071239765,
            "speeds": {
                "vmax": 15.0
            },
            "type": 2,
            "driving_direction": 1,
            "id": "1533_0",
            "lane_type": 4
        },
        {
            "pos": {
                "x": 566955.4488992663,
                "y": 4317781.3051206395,
                "yaw": 1.4207863406027368
            },
            "heading": 1.4207863406027368,
            "speeds": {
                "vmax": 15.0
            },
            "type": 2,
            "driving_direction": 1,
            "id": "1533_0",
            "lane_type": 4
        },
        {
            "pos": {
                "x": 566955.5110562308,
                "y": 4317781.842517696,
                "yaw": 1.4897021428866553
            },
            "heading": 1.4897021428866553,
            "speeds": {
                "vmax": 15.0
            },
            "type": 2,
            "driving_direction": 1,
            "id": "1533_0",
            "lane_type": 4
        },
        {
            "pos": {
                "x": 566955.5370096839,
                "y": 4317782.383367976,
                "yaw": 1.5540676217274019
            },
            "heading": 1.5540676217274019,
            "speeds": {
                "vmax": 15.0
            },
            "type": 2,
            "driving_direction": 1,
            "id": "1533_0",
            "lane_type": 4
        },
        {
            "pos": {
                "x": 566955.5295578687,
                "y": 4317782.923809707,
                "yaw": 1.6142987345088604
            },
            "heading": 1.6142987345088604,
            "speeds": {
                "vmax": 15.0
            },
            "type": 2,
            "driving_direction": 1,
            "id": "1533_0",
            "lane_type": 4
        },
        {
            "pos": {
                "x": 566955.4904339426,
                "y": 4317783.462824358,
                "yaw": 1.6719041012514253
            },
            "heading": 1.6719041012514253,
            "speeds": {
                "vmax": 15.0
            },
            "type": 2,
            "driving_direction": 1,
            "id": "1533_0",
            "lane_type": 4
        },
        {
            "pos": {
                "x": 566955.4211838867,
                "y": 4317783.99765459,
                "yaw": 1.7225399878208316
            },
            "heading": 1.7225399878208316,
            "speeds": {
                "vmax": 15.0
            },
            "type": 2,
            "driving_direction": 1,
            "id": "1533_0",
            "lane_type": 4
        },
        {
            "pos": {
                "x": 566955.3287903266,
                "y": 4317784.524956906,
                "yaw": 1.7593835502403332
            },
            "heading": 1.7593835502403332,
            "speeds": {
                "vmax": 15.0
            },
            "type": 2,
            "driving_direction": 1,
            "id": "1533_0",
            "lane_type": 4
        },
        {
            "pos": {
                "x": 566955.2200268644,
                "y": 4317785.056499013,
                "yaw": 1.7778700054301522
            },
            "heading": 1.7778700054301522,
            "speeds": {
                "vmax": 15.0
            },
            "type": 2,
            "driving_direction": 1,
            "id": "1533_0",
            "lane_type": 4
        },
        {
            "pos": {
                "x": 566955.1060781614,
                "y": 4317785.586483495,
                "yaw": 1.7851387189542653
            },
            "heading": 1.7851387189542653,
            "speeds": {
                "vmax": 15.0
            },
            "type": 2,
            "driving_direction": 1,
            "id": "1533_0",
            "lane_type": 4
        },
        {
            "pos": {
                "x": 566954.9897859597,
                "y": 4317786.114747362,
                "yaw": 1.7889825862129267
            },
            "heading": 1.7889825862129267,
            "speeds": {
                "vmax": 15.0
            },
            "type": 2,
            "driving_direction": 1,
            "id": "1533_0",
            "lane_type": 4
        },
        {
            "pos": {
                "x": 566954.8715391294,
                "y": 4317786.644622569,
                "yaw": 1.7912919672786767
            },
            "heading": 1.7912919672786767,
            "speeds": {
                "vmax": 15.0
            },
            "type": 2,
            "driving_direction": 1,
            "id": "1533_0",
            "lane_type": 4
        },
        {
            "pos": {
                "x": 566954.7520969813,
                "y": 4317787.175348574,
                "yaw": 1.7927348207099978
            },
            "heading": 1.7927348207099978,
            "speeds": {
                "vmax": 15.0
            },
            "type": 2,
            "driving_direction": 1,
            "id": "1533_0",
            "lane_type": 4
        },
        {
            "pos": {
                "x": 566954.6324646296,
                "y": 4317787.704154808,
                "yaw": 1.793556114067178
            },
            "heading": 1.793556114067178,
            "speeds": {
                "vmax": 15.0
            },
            "type": 2,
            "driving_direction": 1,
            "id": "1533_0",
            "lane_type": 4
        },
        {
            "pos": {
                "x": 566954.5124973299,
                "y": 4317788.233119098,
                "yaw": 1.7938800774091375
            },
            "heading": 1.7938800774091375,
            "speeds": {
                "vmax": 15.0
            },
            "type": 2,
            "driving_direction": 1,
            "id": "1533_0",
            "lane_type": 4
        },
        {
            "pos": {
                "x": 566954.3925698595,
                "y": 4317788.761623135,
                "yaw": 1.7937742658180311
            },
            "heading": 1.7937742658180311,
            "speeds": {
                "vmax": 15.0
            },
            "type": 2,
            "driving_direction": 1,
            "id": "1533_0",
            "lane_type": 4
        },
        {
            "pos": {
                "x": 566954.2726226784,
                "y": 4317789.291014183,
                "yaw": 1.7932009843427823
            },
            "heading": 1.7932009843427823,
            "speeds": {
                "vmax": 15.0
            },
            "type": 2,
            "driving_direction": 1,
            "id": "1533_0",
            "lane_type": 4
        },
        {
            "pos": {
                "x": 566954.1529985857,
                "y": 4317789.821008579,
                "yaw": 1.7921008131744298
            },
            "heading": 1.7921008131744298,
            "speeds": {
                "vmax": 15.0
            },
            "type": 2,
            "driving_direction": 1,
            "id": "1533_0",
            "lane_type": 4
        },
        {
            "pos": {
                "x": 566954.034638247,
                "y": 4317790.348825643,
                "yaw": 1.790311836777472
            },
            "heading": 1.790311836777472,
            "speeds": {
                "vmax": 15.0
            },
            "type": 2,
            "driving_direction": 1,
            "id": "1533_0",
            "lane_type": 4
        },
        {
            "pos": {
                "x": 566953.9181868967,
                "y": 4317790.873695704,
                "yaw": 1.798766236655874
            },
            "heading": 1.798766236655874,
            "speeds": {
                "vmax": 20.0
            },
            "type": 1,
            "driving_direction": 1,
            "id": "1025_4",
            "lane_type": 1
        },
        {
            "pos": {
                "x": 566953.8055365207,
                "y": 4317791.359251583,
                "yaw": 1.7987661487980016
            },
            "heading": 1.7987661487980016,
            "speeds": {
                "vmax": 20.0
            },
            "type": 1,
            "driving_direction": 1,
            "id": "1025_4",
            "lane_type": 1
        },
        {
            "pos": {
                "x": 566953.6928779844,
                "y": 4317791.844842637,
                "yaw": 1.7987661181619776
            },
            "heading": 1.7987661181619776,
            "speeds": {
                "vmax": 20.0
            },
            "type": 1,
            "driving_direction": 1,
            "id": "1025_4",
            "lane_type": 1
        },
        {
            "pos": {
                "x": 566953.5802202848,
                "y": 4317792.330430081,
                "yaw": 1.7987659458806307
            },
            "heading": 1.7987659458806307,
            "speeds": {
                "vmax": 20.0
            },
            "type": 1,
            "driving_direction": 1,
            "id": "1025_4",
            "lane_type": 1
        },
        {
            "pos": {
                "x": 566953.4675588631,
                "y": 4317792.816033571,
                "yaw": 1.7987661564394024
            },
            "heading": 1.7987661564394024,
            "speeds": {
                "vmax": 20.0
            },
            "type": 1,
            "driving_direction": 1,
            "id": "1025_4",
            "lane_type": 1
        },
        {
            "pos": {
                "x": 566953.3548982765,
                "y": 4317793.30163346,
                "yaw": 1.7987662812947816
            },
            "heading": 1.7987662812947816,
            "speeds": {
                "vmax": 20.0
            },
            "type": 1,
            "driving_direction": 1,
            "id": "1025_4",
            "lane_type": 1
        },
        {
            "pos": {
                "x": 566953.2422413721,
                "y": 4317793.787217479,
                "yaw": 1.7987661649534317
            },
            "heading": 1.7987661649534317,
            "speeds": {
                "vmax": 20.0
            },
            "type": 1,
            "driving_direction": 1,
            "id": "1025_4",
            "lane_type": 1
        },
        {
            "pos": {
                "x": 566953.1295815154,
                "y": 4317794.272814224,
                "yaw": 1.7987660622211676
            },
            "heading": 1.7987660622211676,
            "speeds": {
                "vmax": 20.0
            },
            "type": 1,
            "driving_direction": 1,
            "id": "1025_4",
            "lane_type": 1
        },
        {
            "pos": {
                "x": 566953.0169215985,
                "y": 4317794.758411227,
                "yaw": 1.798766224078822
            },
            "heading": 1.798766224078822,
            "speeds": {
                "vmax": 20.0
            },
            "type": 1,
            "driving_direction": 1,
            "id": "1025_4",
            "lane_type": 1
        },
        {
            "pos": {
                "x": 566952.9042627234,
                "y": 4317795.244003739,
                "yaw": 1.7987661545291347
            },
            "heading": 1.7987661545291347,
            "speeds": {
                "vmax": 20.0
            },
            "type": 1,
            "driving_direction": 1,
            "id": "1025_4",
            "lane_type": 1
        },
        {
            "pos": {
                "x": 566952.7916027354,
                "y": 4317795.729601048,
                "yaw": 1.7987661545291347
            },
            "heading": 1.7987661545291347,
            "speeds": {
                "vmax": 20.0
            },
            "type": 1,
            "driving_direction": 1,
            "id": "1025_4",
            "lane_type": 1
        },
        {
            "pos": {
                "x": 566952.6789438294,
                "y": 4317796.215193694,
                "yaw": 1.7987662591718327
            },
            "heading": 1.7987662591718327,
            "speeds": {
                "vmax": 20.0
            },
            "type": 1,
            "driving_direction": 1,
            "id": "1025_4",
            "lane_type": 1
        },
        {
            "pos": {
                "x": 566952.5662834384,
                "y": 4317796.700792741,
                "yaw": 1.7987659354583976
            },
            "heading": 1.7987659354583976,
            "speeds": {
                "vmax": 20.0
            },
            "type": 1,
            "driving_direction": 1,
            "id": "1025_4",
            "lane_type": 1
        },
        {
            "pos": {
                "x": 566952.4536226515,
                "y": 4317797.186393494,
                "yaw": 1.7987660805197037
            },
            "heading": 1.7987660805197037,
            "speeds": {
                "vmax": 20.0
            },
            "type": 1,
            "driving_direction": 1,
            "id": "1025_4",
            "lane_type": 1
        },
        {
            "pos": {
                "x": 566952.3409722188,
                "y": 4317797.671949618,
                "yaw": 1.7987661302173519
            },
            "heading": 1.7987661302173519,
            "speeds": {
                "vmax": 20.0
            },
            "type": 1,
            "driving_direction": 1,
            "id": "1024_4",
            "lane_type": 1
        },
        {
            "pos": {
                "x": 566952.2355547283,
                "y": 4317798.126329735,
                "yaw": 1.798766157073741
            },
            "heading": 1.798766157073741,
            "speeds": {
                "vmax": 20.0
            },
            "type": 1,
            "driving_direction": 1,
            "id": "1024_4",
            "lane_type": 1
        },
        {
            "pos": {
                "x": 566952.1301258868,
                "y": 4317798.580758778,
                "yaw": 1.7987660456972887
            },
            "heading": 1.7987660456972887,
            "speeds": {
                "vmax": 20.0
            },
            "type": 1,
            "driving_direction": 1,
            "id": "1024_4",
            "lane_type": 1
        },
        {
            "pos": {
                "x": 566952.0247007005,
                "y": 4317799.035172066,
                "yaw": 1.798766140804152
            },
            "heading": 1.798766140804152,
            "speeds": {
                "vmax": 20.0
            },
            "type": 1,
            "driving_direction": 1,
            "id": "1024_4",
            "lane_type": 1
        },
        {
            "pos": {
                "x": 566951.9192741861,
                "y": 4317799.489591079,
                "yaw": 1.7987661213591244
            },
            "heading": 1.7987661213591244,
            "speeds": {
                "vmax": 20.0
            },
            "type": 1,
            "driving_direction": 1,
            "id": "1024_4",
            "lane_type": 1
        },
        {
            "pos": {
                "x": 566951.8138491203,
                "y": 4317799.944003847,
                "yaw": 1.7987663525827333
            },
            "heading": 1.7987663525827333,
            "speeds": {
                "vmax": 20.0
            },
            "type": 1,
            "driving_direction": 1,
            "id": "1024_4",
            "lane_type": 1
        },
        {
            "pos": {
                "x": 566951.7084230836,
                "y": 4317800.398420802,
                "yaw": 1.7987658134163131
            },
            "heading": 1.7987658134163131,
            "speeds": {
                "vmax": 20.0
            },
            "type": 1,
            "driving_direction": 1,
            "id": "1024_4",
            "lane_type": 1
        },
        {
            "pos": {
                "x": 566951.6029968853,
                "y": 4317800.852838451,
                "yaw": 1.7987664303616928
            },
            "heading": 1.7987664303616928,
            "speeds": {
                "vmax": 20.0
            },
            "type": 1,
            "driving_direction": 1,
            "id": "1024_4",
            "lane_type": 1
        },
        {
            "pos": {
                "x": 566951.4975709028,
                "y": 4317801.307255171,
                "yaw": 1.7987660414597824
            },
            "heading": 1.7987660414597824,
            "speeds": {
                "vmax": 20.0
            },
            "type": 1,
            "driving_direction": 1,
            "id": "1024_4",
            "lane_type": 1
        },
        {
            "pos": {
                "x": 566951.3921281942,
                "y": 4317801.761627508,
                "yaw": 1.7987627484084043
            },
            "heading": 1.7987627484084043,
            "speeds": {
                "vmax": 20.0
            },
            "type": 1,
            "driving_direction": 1,
            "id": "1000_4",
            "lane_type": 1
        },
        {
            "pos": {
                "x": 566951.2653651517,
                "y": 4317802.30802119,
                "yaw": 1.7987628390008705
            },
            "heading": 1.7987628390008705,
            "speeds": {
                "vmax": 20.0
            },
            "type": 1,
            "driving_direction": 1,
            "id": "1000_4",
            "lane_type": 1
        },
        {
            "pos": {
                "x": 566951.1385949606,
                "y": 4317802.854445687,
                "yaw": 1.7987630719089178
            },
            "heading": 1.7987630719089178,
            "speeds": {
                "vmax": 20.0
            },
            "type": 1,
            "driving_direction": 1,
            "id": "1000_4",
            "lane_type": 1
        },
        {
            "pos": {
                "x": 566951.0118279653,
                "y": 4317803.4008564055,
                "yaw": 1.798762492883295
            },
            "heading": 1.798762492883295,
            "speeds": {
                "vmax": 20.0
            },
            "type": 1,
            "driving_direction": 1,
            "id": "1000_4",
            "lane_type": 1
        },
        {
            "pos": {
                "x": 566950.8850610037,
                "y": 4317803.94726698,
                "yaw": 1.7987624637688455
            },
            "heading": 1.7987624637688455,
            "speeds": {
                "vmax": 20.0
            },
            "type": 1,
            "driving_direction": 1,
            "id": "1000_4",
            "lane_type": 1
        },
        {
            "pos": {
                "x": 566950.7582945916,
                "y": 4317804.493675187,
                "yaw": 1.798762931919148
            },
            "heading": 1.798762931919148,
            "speeds": {
                "vmax": 20.0
            },
            "type": 1,
            "driving_direction": 1,
            "id": "1023_4",
            "lane_type": 1
        },
        {
            "pos": {
                "x": 566950.645325833,
                "y": 4317804.980610717,
                "yaw": 1.7987628444342214
            },
            "heading": 1.7987628444342214,
            "speeds": {
                "vmax": 20.0
            },
            "type": 1,
            "driving_direction": 1,
            "id": "1023_4",
            "lane_type": 1
        },
        {
            "pos": {
                "x": 566950.5323488915,
                "y": 4317805.467581519,
                "yaw": 1.7987629643583463
            },
            "heading": 1.7987629643583463,
            "speeds": {
                "vmax": 20.0
            },
            "type": 1,
            "driving_direction": 1,
            "id": "1023_4",
            "lane_type": 1
        },
        {
            "pos": {
                "x": 566950.4193727889,
                "y": 4317805.954548704,
                "yaw": 1.7987624225232046
            },
            "heading": 1.7987624225232046,
            "speeds": {
                "vmax": 20.0
            },
            "type": 1,
            "driving_direction": 1,
            "id": "1023_4",
            "lane_type": 1
        },
        {
            "pos": {
                "x": 566950.3063929534,
                "y": 4317806.441531979,
                "yaw": 1.7987629215930634
            },
            "heading": 1.7987629215930634,
            "speeds": {
                "vmax": 20.0
            },
            "type": 1,
            "driving_direction": 1,
            "id": "1023_4",
            "lane_type": 1
        },
        {
            "pos": {
                "x": 566950.1934139556,
                "y": 4317806.928511645,
                "yaw": 1.798762745288861
            },
            "heading": 1.798762745288861,
            "speeds": {
                "vmax": 20.0
            },
            "type": 1,
            "driving_direction": 1,
            "id": "1023_4",
            "lane_type": 1
        },
        {
            "pos": {
                "x": 566950.0804386504,
                "y": 4317807.415475393,
                "yaw": 1.7987630110259472
            },
            "heading": 1.7987630110259472,
            "speeds": {
                "vmax": 20.0
            },
            "type": 1,
            "driving_direction": 1,
            "id": "1023_4",
            "lane_type": 1
        },
        {
            "pos": {
                "x": 566949.9674603846,
                "y": 4317807.902451903,
                "yaw": 1.7987629202922302
            },
            "heading": 1.7987629202922302,
            "speeds": {
                "vmax": 20.0
            },
            "type": 1,
            "driving_direction": 1,
            "id": "1023_4",
            "lane_type": 1
        },
        {
            "pos": {
                "x": 566949.8544820583,
                "y": 4317808.389428673,
                "yaw": 1.7987625378891294
            },
            "heading": 1.7987625378891294,
            "speeds": {
                "vmax": 20.0
            },
            "type": 1,
            "driving_direction": 1,
            "id": "1023_4",
            "lane_type": 1
        },
        {
            "pos": {
                "x": 566949.7415047769,
                "y": 4317808.87640094,
                "yaw": 1.798762931308624
            },
            "heading": 1.798762931308624,
            "speeds": {
                "vmax": 20.0
            },
            "type": 1,
            "driving_direction": 1,
            "id": "1023_4",
            "lane_type": 1
        },
        {
            "pos": {
                "x": 566949.6285263794,
                "y": 4317809.363378018,
                "yaw": 1.7987627692740022
            },
            "heading": 1.7987627692740022,
            "speeds": {
                "vmax": 20.0
            },
            "type": 1,
            "driving_direction": 1,
            "id": "1023_4",
            "lane_type": 1
        },
        {
            "pos": {
                "x": 566949.5155490667,
                "y": 4317809.850350418,
                "yaw": 1.7987630356594095
            },
            "heading": 1.7987630356594095,
            "speeds": {
                "vmax": 20.0
            },
            "type": 1,
            "driving_direction": 1,
            "id": "1023_4",
            "lane_type": 1
        },
        {
            "pos": {
                "x": 566949.402570265,
                "y": 4317810.337329238,
                "yaw": 1.7987624121617811
            },
            "heading": 1.7987624121617811,
            "speeds": {
                "vmax": 20.0
            },
            "type": 1,
            "driving_direction": 1,
            "id": "1023_4",
            "lane_type": 1
        },
        {
            "pos": {
                "x": 566949.2895910665,
                "y": 4317810.824309768,
                "yaw": 1.7987628574030943
            },
            "heading": 1.7987628574030943,
            "speeds": {
                "vmax": 20.0
            },
            "type": 1,
            "driving_direction": 1,
            "id": "1023_4",
            "lane_type": 1
        },
        {
            "pos": {
                "x": 566949.1766222512,
                "y": 4317811.311245542,
                "yaw": 1.7987628488275844
            },
            "heading": 1.7987628488275844,
            "speeds": {
                "vmax": 20.0
            },
            "type": 1,
            "driving_direction": 1,
            "id": "1022_4",
            "lane_type": 1
        },
        {
            "pos": {
                "x": 566949.0631460832,
                "y": 4317811.800368187,
                "yaw": 1.798763061140846
            },
            "heading": 1.798763061140846,
            "speeds": {
                "vmax": 20.0
            },
            "type": 1,
            "driving_direction": 1,
            "id": "1022_4",
            "lane_type": 1
        },
        {
            "pos": {
                "x": 566948.9496616952,
                "y": 4317812.289526263,
                "yaw": 1.798762662389219
            },
            "heading": 1.798762662389219,
            "speeds": {
                "vmax": 20.0
            },
            "type": 1,
            "driving_direction": 1,
            "id": "1022_4",
            "lane_type": 1
        },
        {
            "pos": {
                "x": 566948.8361781503,
                "y": 4317812.778680706,
                "yaw": 1.7987628714558266
            },
            "heading": 1.7987628714558266,
            "speeds": {
                "vmax": 20.0
            },
            "type": 1,
            "driving_direction": 1,
            "id": "1022_4",
            "lane_type": 1
        },
        {
            "pos": {
                "x": 566948.7226908554,
                "y": 4317813.267851312,
                "yaw": 1.7987629192094141
            },
            "heading": 1.7987629192094141,
            "speeds": {
                "vmax": 20.0
            },
            "type": 1,
            "driving_direction": 1,
            "id": "1022_4",
            "lane_type": 1
        },
        {
            "pos": {
                "x": 566948.6092044021,
                "y": 4317813.75701829,
                "yaw": 1.79876274369351
            },
            "heading": 1.79876274369351,
            "speeds": {
                "vmax": 20.0
            },
            "type": 1,
            "driving_direction": 1,
            "id": "1022_4",
            "lane_type": 1
        },
        {
            "pos": {
                "x": 566948.495721658,
                "y": 4317814.24616928,
                "yaw": 1.7987630082423416
            },
            "heading": 1.7987630082423416,
            "speeds": {
                "vmax": 20.0
            },
            "type": 1,
            "driving_direction": 1,
            "id": "1022_4",
            "lane_type": 1
        },
        {
            "pos": {
                "x": 566948.38223594,
                "y": 4317814.735333091,
                "yaw": 1.7987627566049451
            },
            "heading": 1.7987627566049451,
            "speeds": {
                "vmax": 20.0
            },
            "type": 1,
            "driving_direction": 1,
            "id": "1022_4",
            "lane_type": 1
        },
        {
            "pos": {
                "x": 566948.2687501614,
                "y": 4317815.22449716,
                "yaw": 1.7987629288814992
            },
            "heading": 1.7987629288814992,
            "speeds": {
                "vmax": 20.0
            },
            "type": 1,
            "driving_direction": 1,
            "id": "1022_4",
            "lane_type": 1
        },
        {
            "pos": {
                "x": 566948.1552654319,
                "y": 4317815.713656709,
                "yaw": 1.7987629288814992
            },
            "heading": 1.7987629288814992,
            "speeds": {
                "vmax": 20.0
            },
            "type": 1,
            "driving_direction": 1,
            "id": "1022_4",
            "lane_type": 1
        },
        {
            "pos": {
                "x": 566948.0417795817,
                "y": 4317816.202821087,
                "yaw": 1.7987629288814992
            },
            "heading": 1.7987629288814992,
            "speeds": {
                "vmax": 20.0
            },
            "type": 1,
            "driving_direction": 1,
            "id": "1022_4",
            "lane_type": 1
        },
        {
            "pos": {
                "x": 566947.928294821,
                "y": 4317816.69198077,
                "yaw": 1.7987628024156082
            },
            "heading": 1.7987628024156082,
            "speeds": {
                "vmax": 20.0
            },
            "type": 1,
            "driving_direction": 1,
            "id": "1022_4",
            "lane_type": 1
        },
        {
            "pos": {
                "x": 566947.8148085647,
                "y": 4317817.181146899,
                "yaw": 1.7987629417909652
            },
            "heading": 1.7987629417909652,
            "speeds": {
                "vmax": 20.0
            },
            "type": 1,
            "driving_direction": 1,
            "id": "1022_4",
            "lane_type": 1
        },
        {
            "pos": {
                "x": 566947.7013219097,
                "y": 4317817.670314748,
                "yaw": 1.7987630050067418
            },
            "heading": 1.7987630050067418,
            "speeds": {
                "vmax": 20.0
            },
            "type": 1,
            "driving_direction": 1,
            "id": "1022_4",
            "lane_type": 1
        },
        {
            "pos": {
                "x": 566947.5878456848,
                "y": 4317818.159437639,
                "yaw": 1.7987629313364735
            },
            "heading": 1.7987629313364735,
            "speeds": {
                "vmax": 20.0
            },
            "type": 1,
            "driving_direction": 1,
            "id": "1021_4",
            "lane_type": 1
        },
        {
            "pos": {
                "x": 566947.4747044012,
                "y": 4317818.647116814,
                "yaw": 1.7987628556345545
            },
            "heading": 1.7987628556345545,
            "speeds": {
                "vmax": 20.0
            },
            "type": 1,
            "driving_direction": 1,
            "id": "1021_4",
            "lane_type": 1
        },
        {
            "pos": {
                "x": 566947.3615549218,
                "y": 4317819.134831314,
                "yaw": 1.798762882831487
            },
            "heading": 1.798762882831487,
            "speeds": {
                "vmax": 20.0
            },
            "type": 1,
            "driving_direction": 1,
            "id": "1021_4",
            "lane_type": 1
        },
        {
            "pos": {
                "x": 566947.248406283,
                "y": 4317819.622542193,
                "yaw": 1.7987627229931147
            },
            "heading": 1.7987627229931147,
            "speeds": {
                "vmax": 20.0
            },
            "type": 1,
            "driving_direction": 1,
            "id": "1021_4",
            "lane_type": 1
        },
        {
            "pos": {
                "x": 566947.1352539057,
                "y": 4317820.110269185,
                "yaw": 1.7987629210261897
            },
            "heading": 1.7987629210261897,
            "speeds": {
                "vmax": 20.0
            },
            "type": 1,
            "driving_direction": 1,
            "id": "1021_4",
            "lane_type": 1
        },
        {
            "pos": {
                "x": 566947.022102367,
                "y": 4317820.597992563,
                "yaw": 1.7987629760245523
            },
            "heading": 1.7987629760245523,
            "speeds": {
                "vmax": 20.0
            },
            "type": 1,
            "driving_direction": 1,
            "id": "1021_4",
            "lane_type": 1
        },
        {
            "pos": {
                "x": 566946.9089545268,
                "y": 4317821.085699998,
                "yaw": 1.7987627909375261
            },
            "heading": 1.7987627909375261,
            "speeds": {
                "vmax": 20.0
            },
            "type": 1,
            "driving_direction": 1,
            "id": "1021_4",
            "lane_type": 1
        },
        {
            "pos": {
                "x": 566946.7958037213,
                "y": 4317821.573420215,
                "yaw": 1.798762919727335
            },
            "heading": 1.798762919727335,
            "speeds": {
                "vmax": 20.0
            },
            "type": 1,
            "driving_direction": 1,
            "id": "1021_4",
            "lane_type": 1
        },
        {
            "pos": {
                "x": 566946.6826528554,
                "y": 4317822.061140692,
                "yaw": 1.798762930726927
            },
            "heading": 1.798762930726927,
            "speeds": {
                "vmax": 20.0
            },
            "type": 1,
            "driving_direction": 1,
            "id": "1021_4",
            "lane_type": 1
        },
        {
            "pos": {
                "x": 566946.5695030356,
                "y": 4317822.548856661,
                "yaw": 1.798762768939394
            },
            "heading": 1.798762768939394,
            "speeds": {
                "vmax": 20.0
            },
            "type": 1,
            "driving_direction": 1,
            "id": "1021_4",
            "lane_type": 1
        },
        {
            "pos": {
                "x": 566946.4563520984,
                "y": 4317823.036577445,
                "yaw": 1.7987630808655302
            },
            "heading": 1.7987630808655302,
            "speeds": {
                "vmax": 20.0
            },
            "type": 1,
            "driving_direction": 1,
            "id": "1021_4",
            "lane_type": 1
        },
        {
            "pos": {
                "x": 566946.3432022476,
                "y": 4317823.5242935475,
                "yaw": 1.7987625728551402
            },
            "heading": 1.7987625728551402,
            "speeds": {
                "vmax": 20.0
            },
            "type": 1,
            "driving_direction": 1,
            "id": "1021_4",
            "lane_type": 1
        },
        {
            "pos": {
                "x": 566946.2300509054,
                "y": 4317824.012016078,
                "yaw": 1.7987628744305868
            },
            "heading": 1.7987628744305868,
            "speeds": {
                "vmax": 20.0
            },
            "type": 1,
            "driving_direction": 1,
            "id": "1021_4",
            "lane_type": 1
        },
        {
            "pos": {
                "x": 566946.1168991659,
                "y": 4317824.499740321,
                "yaw": 1.7987629378304943
            },
            "heading": 1.7987629378304943,
            "speeds": {
                "vmax": 20.0
            },
            "type": 1,
            "driving_direction": 1,
            "id": "1021_4",
            "lane_type": 1
        },
        {
            "pos": {
                "x": 566946.0037578254,
                "y": 4317824.987419741,
                "yaw": 1.7987628954857466
            },
            "heading": 1.7987628954857466,
            "speeds": {
                "vmax": 20.0
            },
            "type": 1,
            "driving_direction": 1,
            "id": "1020_4",
            "lane_type": 1
        },
        {
            "pos": {
                "x": 566945.8908192925,
                "y": 4317825.474224987,
                "yaw": 1.798762819649272
            },
            "heading": 1.798762819649272,
            "speeds": {
                "vmax": 20.0
            },
            "type": 1,
            "driving_direction": 1,
            "id": "1020_4",
            "lane_type": 1
        },
        {
            "pos": {
                "x": 566945.7778725785,
                "y": 4317825.961065497,
                "yaw": 1.7987630900161211
            },
            "heading": 1.7987630900161211,
            "speeds": {
                "vmax": 20.0
            },
            "type": 1,
            "driving_direction": 1,
            "id": "1020_4",
            "lane_type": 1
        },
        {
            "pos": {
                "x": 566945.6649267033,
                "y": 4317826.447902392,
                "yaw": 1.7987626984413478
            },
            "heading": 1.7987626984413478,
            "speeds": {
                "vmax": 20.0
            },
            "type": 1,
            "driving_direction": 1,
            "id": "1020_4",
            "lane_type": 1
        },
        {
            "pos": {
                "x": 566945.5519770966,
                "y": 4317826.934755371,
                "yaw": 1.7987629661982296
            },
            "heading": 1.7987629661982296,
            "speeds": {
                "vmax": 20.0
            },
            "type": 1,
            "driving_direction": 1,
            "id": "1020_4",
            "lane_type": 1
        },
        {
            "pos": {
                "x": 566945.4390283267,
                "y": 4317827.421604742,
                "yaw": 1.798762870887205
            },
            "heading": 1.798762870887205,
            "speeds": {
                "vmax": 20.0
            },
            "type": 1,
            "driving_direction": 1,
            "id": "1020_4",
            "lane_type": 1
        },
        {
            "pos": {
                "x": 566945.326083249,
                "y": 4317827.908438199,
                "yaw": 1.7987628242068792
            },
            "heading": 1.7987628242068792,
            "speeds": {
                "vmax": 20.0
            },
            "type": 1,
            "driving_direction": 1,
            "id": "1020_4",
            "lane_type": 1
        },
        {
            "pos": {
                "x": 566945.2131352114,
                "y": 4317828.395284414,
                "yaw": 1.7987626640829066
            },
            "heading": 1.7987626640829066,
            "speeds": {
                "vmax": 20.0
            },
            "type": 1,
            "driving_direction": 1,
            "id": "1020_4",
            "lane_type": 1
        },
        {
            "pos": {
                "x": 566945.100187113,
                "y": 4317828.882130891,
                "yaw": 1.7987625823921203
            },
            "heading": 1.7987625823921203,
            "speeds": {
                "vmax": 20.0
            },
            "type": 1,
            "driving_direction": 1,
            "id": "1020_4",
            "lane_type": 1
        },
        {
            "pos": {
                "x": 566944.9872400594,
                "y": 4317829.368972865,
                "yaw": 1.798763056956004
            },
            "heading": 1.798763056956004,
            "speeds": {
                "vmax": 20.0
            },
            "type": 1,
            "driving_direction": 1,
            "id": "1020_4",
            "lane_type": 1
        },
        {
            "pos": {
                "x": 566944.8742918901,
                "y": 4317829.855819648,
                "yaw": 1.798762744470041
            },
            "heading": 1.798762744470041,
            "speeds": {
                "vmax": 20.0
            },
            "type": 1,
            "driving_direction": 1,
            "id": "1020_4",
            "lane_type": 1
        },
        {
            "pos": {
                "x": 566944.7613448052,
                "y": 4317830.342661756,
                "yaw": 1.7987626984413478
            },
            "heading": 1.7987626984413478,
            "speeds": {
                "vmax": 20.0
            },
            "type": 1,
            "driving_direction": 1,
            "id": "1020_4",
            "lane_type": 1
        },
        {
            "pos": {
                "x": 566944.6483962317,
                "y": 4317830.829510281,
                "yaw": 1.798762988887441
            },
            "heading": 1.798762988887441,
            "speeds": {
                "vmax": 20.0
            },
            "type": 1,
            "driving_direction": 1,
            "id": "1020_4",
            "lane_type": 1
        },
        {
            "pos": {
                "x": 566944.5354472615,
                "y": 4317831.3163605165,
                "yaw": 1.7987627515802502
            },
            "heading": 1.7987627515802502,
            "speeds": {
                "vmax": 20.0
            },
            "type": 1,
            "driving_direction": 1,
            "id": "1020_4",
            "lane_type": 1
        },
        {
            "pos": {
                "x": 566944.4225086719,
                "y": 4317831.803166008,
                "yaw": 1.7987626643452774
            },
            "heading": 1.7987626643452774,
            "speeds": {
                "vmax": 20.0
            },
            "type": 1,
            "driving_direction": 1,
            "id": "1019_4",
            "lane_type": 1
        },
        {
            "pos": {
                "x": 566944.3098193482,
                "y": 4317832.288897074,
                "yaw": 1.7987625766535609
            },
            "heading": 1.7987625766535609,
            "speeds": {
                "vmax": 20.0
            },
            "type": 1,
            "driving_direction": 1,
            "id": "1019_4",
            "lane_type": 1
        },
        {
            "pos": {
                "x": 566944.1971218614,
                "y": 4317832.774663326,
                "yaw": 1.7987631608065213
            },
            "heading": 1.7987631608065213,
            "speeds": {
                "vmax": 20.0
            },
            "type": 1,
            "driving_direction": 1,
            "id": "1019_4",
            "lane_type": 1
        },
        {
            "pos": {
                "x": 566944.0844252117,
                "y": 4317833.26042597,
                "yaw": 1.7987627683646752
            },
            "heading": 1.7987627683646752,
            "speeds": {
                "vmax": 20.0
            },
            "type": 1,
            "driving_direction": 1,
            "id": "1019_4",
            "lane_type": 1
        },
        {
            "pos": {
                "x": 566943.9717248385,
                "y": 4317833.746204664,
                "yaw": 1.7987628742787127
            },
            "heading": 1.7987628742787127,
            "speeds": {
                "vmax": 20.0
            },
            "type": 1,
            "driving_direction": 1,
            "id": "1019_4",
            "lane_type": 1
        },
        {
            "pos": {
                "x": 566943.8590253006,
                "y": 4317834.231979758,
                "yaw": 1.7987628716696622
            },
            "heading": 1.7987628716696622,
            "speeds": {
                "vmax": 20.0
            },
            "type": 1,
            "driving_direction": 1,
            "id": "1019_4",
            "lane_type": 1
        },
        {
            "pos": {
                "x": 566943.7463294464,
                "y": 4317834.717738973,
                "yaw": 1.7987626624483117
            },
            "heading": 1.7987626624483117,
            "speeds": {
                "vmax": 20.0
            },
            "type": 1,
            "driving_direction": 1,
            "id": "1019_4",
            "lane_type": 1
        },
        {
            "pos": {
                "x": 566943.6336306387,
                "y": 4317835.20351092,
                "yaw": 1.7987628729742
            },
            "heading": 1.7987628729742,
            "speeds": {
                "vmax": 20.0
            },
            "type": 1,
            "driving_direction": 1,
            "id": "1019_4",
            "lane_type": 1
        },
        {
            "pos": {
                "x": 566943.5209317708,
                "y": 4317835.689283124,
                "yaw": 1.7987627332771243
            },
            "heading": 1.7987627332771243,
            "speeds": {
                "vmax": 20.0
            },
            "type": 1,
            "driving_direction": 1,
            "id": "1019_4",
            "lane_type": 1
        },
        {
            "pos": {
                "x": 566943.4082339451,
                "y": 4317836.175050838,
                "yaw": 1.7987630347585128
            },
            "heading": 1.7987630347585128,
            "speeds": {
                "vmax": 20.0
            },
            "type": 1,
            "driving_direction": 1,
            "id": "1019_4",
            "lane_type": 1
        },
        {
            "pos": {
                "x": 566943.2955350063,
                "y": 4317836.660823349,
                "yaw": 1.7987629769316698
            },
            "heading": 1.7987629769316698,
            "speeds": {
                "vmax": 20.0
            },
            "type": 1,
            "driving_direction": 1,
            "id": "1019_4",
            "lane_type": 1
        },
        {
            "pos": {
                "x": 566943.1828371495,
                "y": 4317837.146591196,
                "yaw": 1.7987626059286326
            },
            "heading": 1.7987626059286326,
            "speeds": {
                "vmax": 20.0
            },
            "type": 1,
            "driving_direction": 1,
            "id": "1019_4",
            "lane_type": 1
        },
        {
            "pos": {
                "x": 566943.0701378074,
                "y": 4317837.632365446,
                "yaw": 1.7987628274960843
            },
            "heading": 1.7987628274960843,
            "speeds": {
                "vmax": 20.0
            },
            "type": 1,
            "driving_direction": 1,
            "id": "1019_4",
            "lane_type": 1
        },
        {
            "pos": {
                "x": 566942.9574380694,
                "y": 4317838.118141402,
                "yaw": 1.7987629723691507
            },
            "heading": 1.7987629723691507,
            "speeds": {
                "vmax": 20.0
            },
            "type": 1,
            "driving_direction": 1,
            "id": "1019_4",
            "lane_type": 1
        },
        {
            "pos": {
                "x": 566942.8447486891,
                "y": 4317838.603872713,
                "yaw": 1.7987628684761616
            },
            "heading": 1.7987628684761616,
            "speeds": {
                "vmax": 20.0
            },
            "type": 1,
            "driving_direction": 1,
            "id": "1018_4",
            "lane_type": 1
        },
        {
            "pos": {
                "x": 566942.7314866893,
                "y": 4317839.092072217,
                "yaw": 1.7987628620311429
            },
            "heading": 1.7987628620311429,
            "speeds": {
                "vmax": 20.0
            },
            "type": 1,
            "driving_direction": 1,
            "id": "1018_4",
            "lane_type": 1
        },
        {
            "pos": {
                "x": 566942.6182164855,
                "y": 4317839.580307083,
                "yaw": 1.798762762492304
            },
            "heading": 1.798762762492304,
            "speeds": {
                "vmax": 20.0
            },
            "type": 1,
            "driving_direction": 1,
            "id": "1018_4",
            "lane_type": 1
        },
        {
            "pos": {
                "x": 566942.5049471227,
                "y": 4317840.068538325,
                "yaw": 1.7987626719967276
            },
            "heading": 1.7987626719967276,
            "speeds": {
                "vmax": 20.0
            },
            "type": 1,
            "driving_direction": 1,
            "id": "1018_4",
            "lane_type": 1
        },
        {
            "pos": {
                "x": 566942.3916740178,
                "y": 4317840.556785695,
                "yaw": 1.798762869819265
            },
            "heading": 1.798762869819265,
            "speeds": {
                "vmax": 20.0
            },
            "type": 1,
            "driving_direction": 1,
            "id": "1018_4",
            "lane_type": 1
        },
        {
            "pos": {
                "x": 566942.278401752,
                "y": 4317841.045029449,
                "yaw": 1.7987626247994288
            },
            "heading": 1.7987626247994288,
            "speeds": {
                "vmax": 20.0
            },
            "type": 1,
            "driving_direction": 1,
            "id": "1018_4",
            "lane_type": 1
        },
        {
            "pos": {
                "x": 566942.165133189,
                "y": 4317841.533257243,
                "yaw": 1.7987631781711306
            },
            "heading": 1.7987631781711306,
            "speeds": {
                "vmax": 20.0
            },
            "type": 1,
            "driving_direction": 1,
            "id": "1018_4",
            "lane_type": 1
        },
        {
            "pos": {
                "x": 566942.0518616572,
                "y": 4317842.021497833,
                "yaw": 1.7987627877141155
            },
            "heading": 1.7987627877141155,
            "speeds": {
                "vmax": 20.0
            },
            "type": 1,
            "driving_direction": 1,
            "id": "1018_4",
            "lane_type": 1
        },
        {
            "pos": {
                "x": 566941.9385900651,
                "y": 4317842.509738683,
                "yaw": 1.7987627987014414
            },
            "heading": 1.7987627987014414,
            "speeds": {
                "vmax": 20.0
            },
            "type": 1,
            "driving_direction": 1,
            "id": "1018_4",
            "lane_type": 1
        }
    ]
}