{
    "header": {
        "trace_id": "COMMAND&ngSRKhTV87",
        "trans_id": "2953de9f-dbc8-45cf-87a0-07c7ec0e66ad",
        "che_id": "A535",
        "timestamp": "2025-02-19T17:23:03.952249Z"
    },
    "task_id": "COMMAND&ngSRKhTV87",
    "navi_id": "A535_COMMAND&ngSRKhTV87_6",
    "seq_num": 6,
    "dest_type": 3,
    "mode": 2,
    "waypoints": [
        {
            "pos": {
                "x": 566836.0364191025,
                "y": 4318037.156069523,
                "yaw": -2.238272384377433
            },
            "heading": -2.238272384377433,
            "speeds": {
                "vmax": 15.0
            },
            "type": 2,
            "driving_direction": 1,
            "id": "4511_0",
            "lane_type": 4
        },
        {
            "pos": {
                "x": 566835.7192826853,
                "y": 4318036.772776601,
                "yaw": -2.2893988830456165
            },
            "heading": -2.2893988830456165,
            "speeds": {
                "vmax": 15.0
            },
            "type": 2,
            "driving_direction": 1,
            "id": "4511_0",
            "lane_type": 4
        },
        {
            "pos": {
                "x": 566835.3821820053,
                "y": 4318036.406417574,
                "yaw": -2.3422239728656504
            },
            "heading": -2.3422239728656504,
            "speeds": {
                "vmax": 15.0
            },
            "type": 2,
            "driving_direction": 1,
            "id": "4511_0",
            "lane_type": 4
        },
        {
            "pos": {
                "x": 566835.0261040863,
                "y": 4318036.05810173,
                "yaw": -2.3942501060517896
            },
            "heading": -2.3942501060517896,
            "speeds": {
                "vmax": 15.0
            },
            "type": 2,
            "driving_direction": 1,
            "id": "4511_0",
            "lane_type": 4
        },
        {
            "pos": {
                "x": 566834.6515370267,
                "y": 4318035.7273408305,
                "yaw": -2.442295345898968
            },
            "heading": -2.442295345898968,
            "speeds": {
                "vmax": 15.0
            },
            "type": 2,
            "driving_direction": 1,
            "id": "4511_0",
            "lane_type": 4
        },
        {
            "pos": {
                "x": 566834.2623878778,
                "y": 4318035.414127928,
                "yaw": -2.488297813322079
            },
            "heading": -2.488297813322079,
            "speeds": {
                "vmax": 15.0
            },
            "type": 2,
            "driving_direction": 1,
            "id": "4511_0",
            "lane_type": 4
        },
        {
            "pos": {
                "x": 566833.8587407542,
                "y": 4318035.118797291,
                "yaw": -2.53193616044336
            },
            "heading": -2.53193616044336,
            "speeds": {
                "vmax": 15.0
            },
            "type": 2,
            "driving_direction": 1,
            "id": "4511_0",
            "lane_type": 4
        },
        {
            "pos": {
                "x": 566833.4429410379,
                "y": 4318034.8404323105,
                "yaw": -2.573292922810183
            },
            "heading": -2.573292922810183,
            "speeds": {
                "vmax": 15.0
            },
            "type": 2,
            "driving_direction": 1,
            "id": "4511_0",
            "lane_type": 4
        },
        {
            "pos": {
                "x": 566833.0160123925,
                "y": 4318034.579148885,
                "yaw": -2.6088780146497244
            },
            "heading": -2.6088780146497244,
            "speeds": {
                "vmax": 15.0
            },
            "type": 2,
            "driving_direction": 1,
            "id": "4511_0",
            "lane_type": 4
        },
        {
            "pos": {
                "x": 566832.5809769093,
                "y": 4318034.3311806545,
                "yaw": -2.635605457562639
            },
            "heading": -2.635605457562639,
            "speeds": {
                "vmax": 15.0
            },
            "type": 2,
            "driving_direction": 1,
            "id": "4511_0",
            "lane_type": 4
        },
        {
            "pos": {
                "x": 566832.1400841079,
                "y": 4318034.093376949,
                "yaw": -2.662603989920154
            },
            "heading": -2.662603989920154,
            "speeds": {
                "vmax": 15.0
            },
            "type": 2,
            "driving_direction": 1,
            "id": "4511_0",
            "lane_type": 4
        },
        {
            "pos": {
                "x": 566831.6928671566,
                "y": 4318033.869362194,
                "yaw": -2.694925419297592
            },
            "heading": -2.694925419297592,
            "speeds": {
                "vmax": 15.0
            },
            "type": 2,
            "driving_direction": 1,
            "id": "4511_0",
            "lane_type": 4
        },
        {
            "pos": {
                "x": 566831.2367812938,
                "y": 4318033.659996068,
                "yaw": -2.726853066064338
            },
            "heading": -2.726853066064338,
            "speeds": {
                "vmax": 15.0
            },
            "type": 2,
            "driving_direction": 1,
            "id": "4511_0",
            "lane_type": 4
        },
        {
            "pos": {
                "x": 566830.7753429173,
                "y": 4318033.464877305,
                "yaw": -2.756220071499027
            },
            "heading": -2.756220071499027,
            "speeds": {
                "vmax": 15.0
            },
            "type": 2,
            "driving_direction": 1,
            "id": "4511_0",
            "lane_type": 4
        },
        {
            "pos": {
                "x": 566830.3086072716,
                "y": 4318033.283107603,
                "yaw": -2.7848911881860126
            },
            "heading": -2.7848911881860126,
            "speeds": {
                "vmax": 15.0
            },
            "type": 2,
            "driving_direction": 1,
            "id": "4511_0",
            "lane_type": 4
        },
        {
            "pos": {
                "x": 566829.8377949735,
                "y": 4318033.115148967,
                "yaw": -2.811089769160472
            },
            "heading": -2.811089769160472,
            "speeds": {
                "vmax": 15.0
            },
            "type": 2,
            "driving_direction": 1,
            "id": "4511_0",
            "lane_type": 4
        },
        {
            "pos": {
                "x": 566829.3616485425,
                "y": 4318032.957989624,
                "yaw": -2.8340143533837963
            },
            "heading": -2.8340143533837963,
            "speeds": {
                "vmax": 15.0
            },
            "type": 2,
            "driving_direction": 1,
            "id": "4511_0",
            "lane_type": 4
        },
        {
            "pos": {
                "x": 566828.8831317395,
                "y": 4318032.811671219,
                "yaw": -2.850780315197432
            },
            "heading": -2.850780315197432,
            "speeds": {
                "vmax": 15.0
            },
            "type": 2,
            "driving_direction": 1,
            "id": "4511_0",
            "lane_type": 4
        },
        {
            "pos": {
                "x": 566828.4029629456,
                "y": 4318032.670938353,
                "yaw": -2.856702564348825
            },
            "heading": -2.856702564348825,
            "speeds": {
                "vmax": 15.0
            },
            "type": 2,
            "driving_direction": 1,
            "id": "4511_0",
            "lane_type": 4
        },
        {
            "pos": {
                "x": 566827.922950983,
                "y": 4318032.530485956,
                "yaw": -2.8592451369392866
            },
            "heading": -2.8592451369392866,
            "speeds": {
                "vmax": 15.0
            },
            "type": 2,
            "driving_direction": 1,
            "id": "4511_0",
            "lane_type": 4
        },
        {
            "pos": {
                "x": 566827.4420250121,
                "y": 4318032.3921577865,
                "yaw": -2.863089489271081
            },
            "heading": -2.863089489271081,
            "speeds": {
                "vmax": 15.0
            },
            "type": 2,
            "driving_direction": 1,
            "id": "4511_0",
            "lane_type": 4
        },
        {
            "pos": {
                "x": 566826.9609096015,
                "y": 4318032.255388519,
                "yaw": -2.864411671519748
            },
            "heading": -2.864411671519748,
            "speeds": {
                "vmax": 15.0
            },
            "type": 2,
            "driving_direction": 1,
            "id": "4511_0",
            "lane_type": 4
        },
        {
            "pos": {
                "x": 566826.4799638039,
                "y": 4318032.118442176,
                "yaw": -2.9146279040993397
            },
            "heading": -2.9146279040993397,
            "speeds": {
                "vmax": 20.0
            },
            "type": 1,
            "driving_direction": 1,
            "id": "1166_0",
            "lane_type": 8
        },
        {
            "pos": {
                "x": 566825.9935766968,
                "y": 4318032.006113974,
                "yaw": -2.914627807683888
            },
            "heading": -2.914627807683888,
            "speeds": {
                "vmax": 20.0
            },
            "type": 1,
            "driving_direction": 1,
            "id": "1166_0",
            "lane_type": 8
        },
        {
            "pos": {
                "x": 566825.5070298521,
                "y": 4318031.893748882,
                "yaw": -2.9146281747569542
            },
            "heading": -2.9146281747569542,
            "speeds": {
                "vmax": 20.0
            },
            "type": 1,
            "driving_direction": 1,
            "id": "1166_0",
            "lane_type": 8
        },
        {
            "pos": {
                "x": 566825.0205674777,
                "y": 4318031.781403298,
                "yaw": -2.9146276287450337
            },
            "heading": -2.9146276287450337,
            "speeds": {
                "vmax": 20.0
            },
            "type": 1,
            "driving_direction": 1,
            "id": "1166_0",
            "lane_type": 8
        },
        {
            "pos": {
                "x": 566824.5340254245,
                "y": 4318031.669039313,
                "yaw": -2.9146279007528206
            },
            "heading": -2.9146279007528206,
            "speeds": {
                "vmax": 20.0
            },
            "type": 1,
            "driving_direction": 1,
            "id": "1166_0",
            "lane_type": 8
        },
        {
            "pos": {
                "x": 566824.0475373059,
                "y": 4318031.5566877825,
                "yaw": -2.9146283479221595
            },
            "heading": -2.9146283479221595,
            "speeds": {
                "vmax": 20.0
            },
            "type": 1,
            "driving_direction": 1,
            "id": "1166_0",
            "lane_type": 8
        },
        {
            "pos": {
                "x": 566823.5610282226,
                "y": 4318031.44433141,
                "yaw": -2.914627787496115
            },
            "heading": -2.914627787496115,
            "speeds": {
                "vmax": 20.0
            },
            "type": 1,
            "driving_direction": 1,
            "id": "1166_0",
            "lane_type": 8
        },
        {
            "pos": {
                "x": 566823.0744783159,
                "y": 4318031.331965611,
                "yaw": -2.914626908437456
            },
            "heading": -2.914626908437456,
            "speeds": {
                "vmax": 20.0
            },
            "type": 1,
            "driving_direction": 1,
            "id": "1166_0",
            "lane_type": 8
        },
        {
            "pos": {
                "x": 566822.5879988731,
                "y": 4318031.219616085,
                "yaw": -2.9146282044478924
            },
            "heading": -2.9146282044478924,
            "speeds": {
                "vmax": 20.0
            },
            "type": 1,
            "driving_direction": 1,
            "id": "1166_0",
            "lane_type": 8
        },
        {
            "pos": {
                "x": 566822.1014986858,
                "y": 4318031.107261768,
                "yaw": -2.914628071279647
            },
            "heading": -2.914628071279647,
            "speeds": {
                "vmax": 20.0
            },
            "type": 1,
            "driving_direction": 1,
            "id": "1166_0",
            "lane_type": 8
        },
        {
            "pos": {
                "x": 566821.6149767356,
                "y": 4318030.9949024245,
                "yaw": -2.914627902646928
            },
            "heading": -2.914627902646928,
            "speeds": {
                "vmax": 20.0
            },
            "type": 1,
            "driving_direction": 1,
            "id": "1166_0",
            "lane_type": 8
        },
        {
            "pos": {
                "x": 566821.1284767964,
                "y": 4318030.8825481655,
                "yaw": -2.9146276257911685
            },
            "heading": -2.9146276257911685,
            "speeds": {
                "vmax": 20.0
            },
            "type": 1,
            "driving_direction": 1,
            "id": "1166_0",
            "lane_type": 8
        },
        {
            "pos": {
                "x": 566820.641986402,
                "y": 4318030.77019611,
                "yaw": -2.9146284044415367
            },
            "heading": -2.9146284044415367,
            "speeds": {
                "vmax": 20.0
            },
            "type": 1,
            "driving_direction": 1,
            "id": "1166_0",
            "lane_type": 8
        },
        {
            "pos": {
                "x": 566820.1554590977,
                "y": 4318030.65783553,
                "yaw": -2.914628194966071
            },
            "heading": -2.914628194966071,
            "speeds": {
                "vmax": 20.0
            },
            "type": 1,
            "driving_direction": 1,
            "id": "1166_0",
            "lane_type": 8
        },
        {
            "pos": {
                "x": 566819.6689705695,
                "y": 4318030.545483906,
                "yaw": -2.9146276178993924
            },
            "heading": -2.9146276178993924,
            "speeds": {
                "vmax": 20.0
            },
            "type": 1,
            "driving_direction": 1,
            "id": "1166_0",
            "lane_type": 8
        },
        {
            "pos": {
                "x": 566819.1824603466,
                "y": 4318030.433127271,
                "yaw": -2.9146283073884582
            },
            "heading": -2.9146283073884582,
            "speeds": {
                "vmax": 20.0
            },
            "type": 1,
            "driving_direction": 1,
            "id": "1166_0",
            "lane_type": 8
        },
        {
            "pos": {
                "x": 566818.6959542173,
                "y": 4318030.3207715815,
                "yaw": -2.9146282317044445
            },
            "heading": -2.9146282317044445,
            "speeds": {
                "vmax": 20.0
            },
            "type": 1,
            "driving_direction": 1,
            "id": "1166_0",
            "lane_type": 8
        },
        {
            "pos": {
                "x": 566818.209448718,
                "y": 4318030.208416038,
                "yaw": -2.914627266737141
            },
            "heading": -2.914627266737141,
            "speeds": {
                "vmax": 20.0
            },
            "type": 1,
            "driving_direction": 1,
            "id": "1166_0",
            "lane_type": 8
        },
        {
            "pos": {
                "x": 566817.7229468619,
                "y": 4318030.096061336,
                "yaw": -2.9146279633839574
            },
            "heading": -2.9146279633839574,
            "speeds": {
                "vmax": 20.0
            },
            "type": 1,
            "driving_direction": 1,
            "id": "1166_0",
            "lane_type": 8
        },
        {
            "pos": {
                "x": 566817.2364368325,
                "y": 4318029.983704746,
                "yaw": -2.914627798855792
            },
            "heading": -2.914627798855792,
            "speeds": {
                "vmax": 20.0
            },
            "type": 1,
            "driving_direction": 1,
            "id": "1166_0",
            "lane_type": 8
        },
        {
            "pos": {
                "x": 566816.7499298961,
                "y": 4318029.871348869,
                "yaw": -2.914627713062747
            },
            "heading": -2.914627713062747,
            "speeds": {
                "vmax": 20.0
            },
            "type": 1,
            "driving_direction": 1,
            "id": "1166_0",
            "lane_type": 8
        },
        {
            "pos": {
                "x": 566816.2634289544,
                "y": 4318029.758994378,
                "yaw": -2.9146276381136715
            },
            "heading": -2.9146276381136715,
            "speeds": {
                "vmax": 20.0
            },
            "type": 1,
            "driving_direction": 1,
            "id": "1166_0",
            "lane_type": 8
        },
        {
            "pos": {
                "x": 566815.7769222728,
                "y": 4318029.646638561,
                "yaw": -2.9146276819100327
            },
            "heading": -2.9146276819100327,
            "speeds": {
                "vmax": 20.0
            },
            "type": 1,
            "driving_direction": 1,
            "id": "1166_0",
            "lane_type": 8
        },
        {
            "pos": {
                "x": 566815.2904023771,
                "y": 4318029.534279693,
                "yaw": -2.9146277059084453
            },
            "heading": -2.9146277059084453,
            "speeds": {
                "vmax": 20.0
            },
            "type": 1,
            "driving_direction": 1,
            "id": "1166_0",
            "lane_type": 8
        },
        {
            "pos": {
                "x": 566814.8039018257,
                "y": 4318029.421925292,
                "yaw": -2.914627575902301
            },
            "heading": -2.914627575902301,
            "speeds": {
                "vmax": 20.0
            },
            "type": 1,
            "driving_direction": 1,
            "id": "1166_0",
            "lane_type": 8
        },
        {
            "pos": {
                "x": 566814.3173934701,
                "y": 4318029.309569089,
                "yaw": -2.914628027805633
            },
            "heading": -2.914628027805633,
            "speeds": {
                "vmax": 20.0
            },
            "type": 1,
            "driving_direction": 1,
            "id": "1166_0",
            "lane_type": 8
        },
        {
            "pos": {
                "x": 566813.8308779609,
                "y": 4318029.197211234,
                "yaw": -2.9146278135853483
            },
            "heading": -2.9146278135853483,
            "speeds": {
                "vmax": 20.0
            },
            "type": 1,
            "driving_direction": 1,
            "id": "1166_0",
            "lane_type": 8
        },
        {
            "pos": {
                "x": 566813.3444196044,
                "y": 4318029.084866577,
                "yaw": -2.9146273384793657
            },
            "heading": -2.9146273384793657,
            "speeds": {
                "vmax": 20.0
            },
            "type": 1,
            "driving_direction": 1,
            "id": "1166_0",
            "lane_type": 8
        },
        {
            "pos": {
                "x": 566812.8579435204,
                "y": 4318028.972517826,
                "yaw": -2.915382833094935
            },
            "heading": -2.915382833094935,
            "speeds": {
                "vmax": 20.0
            },
            "type": 1,
            "driving_direction": 1,
            "id": "1167_0",
            "lane_type": 3
        },
        {
            "pos": {
                "x": 566812.3886739068,
                "y": 4318028.864516139,
                "yaw": -2.9154236450824818
            },
            "heading": -2.9154236450824818,
            "speeds": {
                "vmax": 20.0
            },
            "type": 1,
            "driving_direction": 1,
            "id": "1167_0",
            "lane_type": 3
        },
        {
            "pos": {
                "x": 566811.919333915,
                "y": 4318028.756537637,
                "yaw": -2.9154866341170744
            },
            "heading": -2.9154866341170744,
            "speeds": {
                "vmax": 20.0
            },
            "type": 1,
            "driving_direction": 1,
            "id": "1167_0",
            "lane_type": 3
        },
        {
            "pos": {
                "x": 566811.4500152322,
                "y": 4318028.64858776,
                "yaw": -2.9155241115616906
            },
            "heading": -2.9155241115616906,
            "speeds": {
                "vmax": 20.0
            },
            "type": 1,
            "driving_direction": 1,
            "id": "1167_0",
            "lane_type": 3
        },
        {
            "pos": {
                "x": 566810.9806678834,
                "y": 4318028.540643752,
                "yaw": -2.915539259425822
            },
            "heading": -2.915539259425822,
            "speeds": {
                "vmax": 20.0
            },
            "type": 1,
            "driving_direction": 1,
            "id": "1167_0",
            "lane_type": 3
        },
        {
            "pos": {
                "x": 566810.5113425772,
                "y": 4318028.432708133,
                "yaw": -2.915537316941504
            },
            "heading": -2.915537316941504,
            "speeds": {
                "vmax": 20.0
            },
            "type": 1,
            "driving_direction": 1,
            "id": "1167_0",
            "lane_type": 3
        },
        {
            "pos": {
                "x": 566810.042007014,
                "y": 4318028.324764645,
                "yaw": -2.9155160637936195
            },
            "heading": -2.9155160637936195,
            "speeds": {
                "vmax": 20.0
            },
            "type": 1,
            "driving_direction": 1,
            "id": "1167_0",
            "lane_type": 3
        },
        {
            "pos": {
                "x": 566809.5726698649,
                "y": 4318028.216805758,
                "yaw": -2.915473663291532
            },
            "heading": -2.915473663291532,
            "speeds": {
                "vmax": 20.0
            },
            "type": 1,
            "driving_direction": 1,
            "id": "1167_0",
            "lane_type": 3
        },
        {
            "pos": {
                "x": 566809.1033392922,
                "y": 4318028.10882131,
                "yaw": -2.9154007965587834
            },
            "heading": -2.9154007965587834,
            "speeds": {
                "vmax": 20.0
            },
            "type": 1,
            "driving_direction": 1,
            "id": "1167_0",
            "lane_type": 3
        },
        {
            "pos": {
                "x": 566808.6340352795,
                "y": 4318028.000798318,
                "yaw": -2.915281040840803
            },
            "heading": -2.915281040840803,
            "speeds": {
                "vmax": 20.0
            },
            "type": 1,
            "driving_direction": 1,
            "id": "1167_0",
            "lane_type": 3
        },
        {
            "pos": {
                "x": 566808.1647610846,
                "y": 4318027.892707441,
                "yaw": -2.915062658558921
            },
            "heading": -2.915062658558921,
            "speeds": {
                "vmax": 20.0
            },
            "type": 1,
            "driving_direction": 1,
            "id": "1167_0",
            "lane_type": 3
        },
        {
            "pos": {
                "x": 566807.6954700456,
                "y": 4318027.784472151,
                "yaw": -2.9145334741787163
            },
            "heading": -2.9145334741787163,
            "speeds": {
                "vmax": 20.0
            },
            "type": 1,
            "driving_direction": 1,
            "id": "1167_0",
            "lane_type": 3
        },
        {
            "pos": {
                "x": 566807.2263162262,
                "y": 4318027.675885325,
                "yaw": -2.9130429741341
            },
            "heading": -2.9130429741341,
            "speeds": {
                "vmax": 20.0
            },
            "type": 1,
            "driving_direction": 1,
            "id": "1167_0",
            "lane_type": 3
        },
        {
            "pos": {
                "x": 566806.7573942763,
                "y": 4318027.566263644,
                "yaw": -2.9122248349938733
            },
            "heading": -2.9122248349938733,
            "speeds": {
                "vmax": 10.0
            },
            "type": 3,
            "driving_direction": 1
        },
        {
            "pos": {
                "x": 566806.2695036209,
                "y": 4318027.460540854,
                "yaw": -2.9122248349938733
            },
            "heading": -2.9122248349938733,
            "speeds": {
                "vmax": 10.0
            },
            "type": 3,
            "driving_direction": 1
        },
        {
            "pos": {
                "x": 566805.7797106005,
                "y": 4318027.370180291,
                "yaw": -2.9122248349938733
            },
            "heading": -2.9122248349938733,
            "speeds": {
                "vmax": 10.0
            },
            "type": 3,
            "driving_direction": 1
        },
        {
            "pos": {
                "x": 566805.2881181467,
                "y": 4318027.294350739,
                "yaw": -2.9122248349938733
            },
            "heading": -2.9122248349938733,
            "speeds": {
                "vmax": 10.0
            },
            "type": 3,
            "driving_direction": 1
        },
        {
            "pos": {
                "x": 566804.7948291926,
                "y": 4318027.232220986,
                "yaw": -2.9122248349938733
            },
            "heading": -2.9122248349938733,
            "speeds": {
                "vmax": 10.0
            },
            "type": 3,
            "driving_direction": 1
        },
        {
            "pos": {
                "x": 566804.2999466707,
                "y": 4318027.182959821,
                "yaw": -2.9122248349938733
            },
            "heading": -2.9122248349938733,
            "speeds": {
                "vmax": 10.0
            },
            "type": 3,
            "driving_direction": 1
        },
        {
            "pos": {
                "x": 566803.8035735126,
                "y": 4318027.1457360275,
                "yaw": -2.9122248349938733
            },
            "heading": -2.9122248349938733,
            "speeds": {
                "vmax": 10.0
            },
            "type": 3,
            "driving_direction": 1
        },
        {
            "pos": {
                "x": 566803.3058126512,
                "y": 4318027.119718394,
                "yaw": -2.9122248349938733
            },
            "heading": -2.9122248349938733,
            "speeds": {
                "vmax": 10.0
            },
            "type": 3,
            "driving_direction": 1
        },
        {
            "pos": {
                "x": 566802.8067670186,
                "y": 4318027.1040757075,
                "yaw": -2.9122248349938733
            },
            "heading": -2.9122248349938733,
            "speeds": {
                "vmax": 10.0
            },
            "type": 3,
            "driving_direction": 1
        },
        {
            "pos": {
                "x": 566802.3065395477,
                "y": 4318027.097976758,
                "yaw": -2.9122248349938733
            },
            "heading": -2.9122248349938733,
            "speeds": {
                "vmax": 10.0
            },
            "type": 3,
            "driving_direction": 1
        },
        {
            "pos": {
                "x": 566801.8052331704,
                "y": 4318027.10059033,
                "yaw": -2.9122248349938733
            },
            "heading": -2.9122248349938733,
            "speeds": {
                "vmax": 10.0
            },
            "type": 3,
            "driving_direction": 1
        },
        {
            "pos": {
                "x": 566801.3029508195,
                "y": 4318027.111085209,
                "yaw": -2.9122248349938733
            },
            "heading": -2.9122248349938733,
            "speeds": {
                "vmax": 10.0
            },
            "type": 3,
            "driving_direction": 1
        },
        {
            "pos": {
                "x": 566800.7997954274,
                "y": 4318027.128630187,
                "yaw": -2.9122248349938733
            },
            "heading": -2.9122248349938733,
            "speeds": {
                "vmax": 10.0
            },
            "type": 3,
            "driving_direction": 1
        },
        {
            "pos": {
                "x": 566800.2958699255,
                "y": 4318027.152394044,
                "yaw": -2.9122248349938733
            },
            "heading": -2.9122248349938733,
            "speeds": {
                "vmax": 10.0
            },
            "type": 3,
            "driving_direction": 1
        },
        {
            "pos": {
                "x": 566799.7912772477,
                "y": 4318027.181545576,
                "yaw": -2.9122248349938733
            },
            "heading": -2.9122248349938733,
            "speeds": {
                "vmax": 10.0
            },
            "type": 3,
            "driving_direction": 1
        },
        {
            "pos": {
                "x": 566799.2861203252,
                "y": 4318027.215253562,
                "yaw": -2.9122248349938733
            },
            "heading": -2.9122248349938733,
            "speeds": {
                "vmax": 10.0
            },
            "type": 3,
            "driving_direction": 1
        },
        {
            "pos": {
                "x": 566798.7805020912,
                "y": 4318027.252686795,
                "yaw": -2.9122248349938733
            },
            "heading": -2.9122248349938733,
            "speeds": {
                "vmax": 10.0
            },
            "type": 3,
            "driving_direction": 1
        },
        {
            "pos": {
                "x": 566798.2745254776,
                "y": 4318027.29301406,
                "yaw": -2.9122248349938733
            },
            "heading": -2.9122248349938733,
            "speeds": {
                "vmax": 10.0
            },
            "type": 3,
            "driving_direction": 1
        },
        {
            "pos": {
                "x": 566797.7682934171,
                "y": 4318027.335404143,
                "yaw": -2.9122248349938733
            },
            "heading": -2.9122248349938733,
            "speeds": {
                "vmax": 10.0
            },
            "type": 3,
            "driving_direction": 1
        },
        {
            "pos": {
                "x": 566797.2619088417,
                "y": 4318027.379025832,
                "yaw": -2.9122248349938733
            },
            "heading": -2.9122248349938733,
            "speeds": {
                "vmax": 10.0
            },
            "type": 3,
            "driving_direction": 1
        },
        {
            "pos": {
                "x": 566796.755474684,
                "y": 4318027.423047914,
                "yaw": -2.9122248349938733
            },
            "heading": -2.9122248349938733,
            "speeds": {
                "vmax": 10.0
            },
            "type": 3,
            "driving_direction": 1
        },
        {
            "pos": {
                "x": 566796.2490938765,
                "y": 4318027.466639176,
                "yaw": -2.9122248349938733
            },
            "heading": -2.9122248349938733,
            "speeds": {
                "vmax": 10.0
            },
            "type": 3,
            "driving_direction": 1
        },
        {
            "pos": {
                "x": 566795.7428693514,
                "y": 4318027.508968406,
                "yaw": -2.9122248349938733
            },
            "heading": -2.9122248349938733,
            "speeds": {
                "vmax": 10.0
            },
            "type": 3,
            "driving_direction": 1
        },
        {
            "pos": {
                "x": 566795.2369040414,
                "y": 4318027.549204391,
                "yaw": -2.9122248349938733
            },
            "heading": -2.9122248349938733,
            "speeds": {
                "vmax": 10.0
            },
            "type": 3,
            "driving_direction": 1
        },
        {
            "pos": {
                "x": 566794.7313008786,
                "y": 4318027.586515917,
                "yaw": -2.9122248349938733
            },
            "heading": -2.9122248349938733,
            "speeds": {
                "vmax": 10.0
            },
            "type": 3,
            "driving_direction": 1
        },
        {
            "pos": {
                "x": 566794.2261627954,
                "y": 4318027.6200717725,
                "yaw": -2.9122248349938733
            },
            "heading": -2.9122248349938733,
            "speeds": {
                "vmax": 10.0
            },
            "type": 3,
            "driving_direction": 1
        },
        {
            "pos": {
                "x": 566793.7215927243,
                "y": 4318027.649040744,
                "yaw": -2.9122248349938733
            },
            "heading": -2.9122248349938733,
            "speeds": {
                "vmax": 10.0
            },
            "type": 3,
            "driving_direction": 1
        },
        {
            "pos": {
                "x": 566793.2176935978,
                "y": 4318027.672591617,
                "yaw": -2.9122248349938733
            },
            "heading": -2.9122248349938733,
            "speeds": {
                "vmax": 10.0
            },
            "type": 3,
            "driving_direction": 1
        },
        {
            "pos": {
                "x": 566792.714568348,
                "y": 4318027.689893181,
                "yaw": -2.9122248349938733
            },
            "heading": -2.9122248349938733,
            "speeds": {
                "vmax": 10.0
            },
            "type": 3,
            "driving_direction": 1
        },
        {
            "pos": {
                "x": 566792.2123199075,
                "y": 4318027.700114224,
                "yaw": -2.9122248349938733
            },
            "heading": -2.9122248349938733,
            "speeds": {
                "vmax": 10.0
            },
            "type": 3,
            "driving_direction": 1
        },
        {
            "pos": {
                "x": 566791.7110512087,
                "y": 4318027.70242353,
                "yaw": -2.9122248349938733
            },
            "heading": -2.9122248349938733,
            "speeds": {
                "vmax": 10.0
            },
            "type": 3,
            "driving_direction": 1
        },
        {
            "pos": {
                "x": 566791.2108651838,
                "y": 4318027.695989888,
                "yaw": -2.9122248349938733
            },
            "heading": -2.9122248349938733,
            "speeds": {
                "vmax": 10.0
            },
            "type": 3,
            "driving_direction": 1
        },
        {
            "pos": {
                "x": 566790.7118647655,
                "y": 4318027.679982085,
                "yaw": -2.9122248349938733
            },
            "heading": -2.9122248349938733,
            "speeds": {
                "vmax": 10.0
            },
            "type": 3,
            "driving_direction": 1
        },
        {
            "pos": {
                "x": 566790.2141528858,
                "y": 4318027.653568908,
                "yaw": -2.9122248349938733
            },
            "heading": -2.9122248349938733,
            "speeds": {
                "vmax": 10.0
            },
            "type": 3,
            "driving_direction": 1
        },
        {
            "pos": {
                "x": 566789.7178324775,
                "y": 4318027.615919143,
                "yaw": -2.9122248349938733
            },
            "heading": -2.9122248349938733,
            "speeds": {
                "vmax": 10.0
            },
            "type": 3,
            "driving_direction": 1
        },
        {
            "pos": {
                "x": 566789.2230064729,
                "y": 4318027.566201579,
                "yaw": -2.9122248349938733
            },
            "heading": -2.9122248349938733,
            "speeds": {
                "vmax": 10.0
            },
            "type": 3,
            "driving_direction": 1
        },
        {
            "pos": {
                "x": 566788.7297778041,
                "y": 4318027.503585002,
                "yaw": -2.9122248349938733
            },
            "heading": -2.9122248349938733,
            "speeds": {
                "vmax": 10.0
            },
            "type": 3,
            "driving_direction": 1
        },
        {
            "pos": {
                "x": 566788.2382494038,
                "y": 4318027.4272382,
                "yaw": -2.9122248349938733
            },
            "heading": -2.9122248349938733,
            "speeds": {
                "vmax": 10.0
            },
            "type": 3,
            "driving_direction": 1
        },
        {
            "pos": {
                "x": 566787.7485242041,
                "y": 4318027.336329959,
                "yaw": -2.9122248349938733
            },
            "heading": -2.9122248349938733,
            "speeds": {
                "vmax": 10.0
            },
            "type": 3,
            "driving_direction": 1
        },
        {
            "pos": {
                "x": 566787.2785269285,
                "y": 4318027.234201208,
                "yaw": -2.912723211076712
            },
            "heading": -2.912723211076712,
            "speeds": {
                "vmax": 20.0
            },
            "type": 1,
            "driving_direction": 1,
            "id": "1169_1",
            "lane_type": 8
        },
        {
            "pos": {
                "x": 566786.7916116493,
                "y": 4318027.120563578,
                "yaw": -2.912723211076712
            },
            "heading": -2.912723211076712,
            "speeds": {
                "vmax": 20.0
            },
            "type": 1,
            "driving_direction": 1,
            "id": "1169_1",
            "lane_type": 8
        },
        {
            "pos": {
                "x": 566786.30469637,
                "y": 4318027.006925949,
                "yaw": -2.912723211076712
            },
            "heading": -2.912723211076712,
            "speeds": {
                "vmax": 20.0
            },
            "type": 1,
            "driving_direction": 1,
            "id": "1169_1",
            "lane_type": 8
        },
        {
            "pos": {
                "x": 566785.8177810909,
                "y": 4318026.893288319,
                "yaw": -2.912723211076712
            },
            "heading": -2.912723211076712,
            "speeds": {
                "vmax": 20.0
            },
            "type": 1,
            "driving_direction": 1,
            "id": "1169_1",
            "lane_type": 8
        },
        {
            "pos": {
                "x": 566785.3308658116,
                "y": 4318026.779650689,
                "yaw": -2.912723211076712
            },
            "heading": -2.912723211076712,
            "speeds": {
                "vmax": 20.0
            },
            "type": 1,
            "driving_direction": 1,
            "id": "1169_1",
            "lane_type": 8
        },
        {
            "pos": {
                "x": 566784.8439505324,
                "y": 4318026.66601306,
                "yaw": -2.912723211076712
            },
            "heading": -2.912723211076712,
            "speeds": {
                "vmax": 20.0
            },
            "type": 1,
            "driving_direction": 1,
            "id": "1169_1",
            "lane_type": 8
        },
        {
            "pos": {
                "x": 566784.3570352532,
                "y": 4318026.55237543,
                "yaw": -2.912723211076712
            },
            "heading": -2.912723211076712,
            "speeds": {
                "vmax": 20.0
            },
            "type": 1,
            "driving_direction": 1,
            "id": "1169_1",
            "lane_type": 8
        },
        {
            "pos": {
                "x": 566783.8701199739,
                "y": 4318026.4387378,
                "yaw": -2.912723211076712
            },
            "heading": -2.912723211076712,
            "speeds": {
                "vmax": 20.0
            },
            "type": 1,
            "driving_direction": 1,
            "id": "1169_1",
            "lane_type": 8
        },
        {
            "pos": {
                "x": 566783.3832046947,
                "y": 4318026.325100171,
                "yaw": -2.912723211076712
            },
            "heading": -2.912723211076712,
            "speeds": {
                "vmax": 20.0
            },
            "type": 1,
            "driving_direction": 1,
            "id": "1169_1",
            "lane_type": 8
        },
        {
            "pos": {
                "x": 566782.8962894154,
                "y": 4318026.2114625415,
                "yaw": -2.912723211076712
            },
            "heading": -2.912723211076712,
            "speeds": {
                "vmax": 20.0
            },
            "type": 1,
            "driving_direction": 1,
            "id": "1169_1",
            "lane_type": 8
        },
        {
            "pos": {
                "x": 566782.4093741362,
                "y": 4318026.0978249125,
                "yaw": -2.912723211076712
            },
            "heading": -2.912723211076712,
            "speeds": {
                "vmax": 20.0
            },
            "type": 1,
            "driving_direction": 1,
            "id": "1169_1",
            "lane_type": 8
        },
        {
            "pos": {
                "x": 566781.922458857,
                "y": 4318025.984187283,
                "yaw": -2.912723211076712
            },
            "heading": -2.912723211076712,
            "speeds": {
                "vmax": 20.0
            },
            "type": 1,
            "driving_direction": 1,
            "id": "1169_1",
            "lane_type": 8
        },
        {
            "pos": {
                "x": 566781.4355435778,
                "y": 4318025.870549653,
                "yaw": -2.912723211076712
            },
            "heading": -2.912723211076712,
            "speeds": {
                "vmax": 20.0
            },
            "type": 1,
            "driving_direction": 1,
            "id": "1169_1",
            "lane_type": 8
        },
        {
            "pos": {
                "x": 566780.9486282986,
                "y": 4318025.756912024,
                "yaw": -2.912723211076712
            },
            "heading": -2.912723211076712,
            "speeds": {
                "vmax": 20.0
            },
            "type": 1,
            "driving_direction": 1,
            "id": "1169_1",
            "lane_type": 8
        },
        {
            "pos": {
                "x": 566780.4617130193,
                "y": 4318025.643274394,
                "yaw": -2.912723211076712
            },
            "heading": -2.912723211076712,
            "speeds": {
                "vmax": 20.0
            },
            "type": 1,
            "driving_direction": 1,
            "id": "1169_1",
            "lane_type": 8
        },
        {
            "pos": {
                "x": 566779.9747977401,
                "y": 4318025.529636764,
                "yaw": -2.912723211076712
            },
            "heading": -2.912723211076712,
            "speeds": {
                "vmax": 20.0
            },
            "type": 1,
            "driving_direction": 1,
            "id": "1169_1",
            "lane_type": 8
        },
        {
            "pos": {
                "x": 566779.4878824608,
                "y": 4318025.415999135,
                "yaw": -2.912723211076712
            },
            "heading": -2.912723211076712,
            "speeds": {
                "vmax": 20.0
            },
            "type": 1,
            "driving_direction": 1,
            "id": "1169_1",
            "lane_type": 8
        },
        {
            "pos": {
                "x": 566779.0009671816,
                "y": 4318025.302361505,
                "yaw": -2.912723211076712
            },
            "heading": -2.912723211076712,
            "speeds": {
                "vmax": 20.0
            },
            "type": 1,
            "driving_direction": 1,
            "id": "1169_1",
            "lane_type": 8
        },
        {
            "pos": {
                "x": 566778.5140519025,
                "y": 4318025.188723875,
                "yaw": -2.912723211076712
            },
            "heading": -2.912723211076712,
            "speeds": {
                "vmax": 20.0
            },
            "type": 1,
            "driving_direction": 1,
            "id": "1169_1",
            "lane_type": 8
        },
        {
            "pos": {
                "x": 566778.0271366232,
                "y": 4318025.075086246,
                "yaw": -2.912723211076712
            },
            "heading": -2.912723211076712,
            "speeds": {
                "vmax": 20.0
            },
            "type": 1,
            "driving_direction": 1,
            "id": "1169_1",
            "lane_type": 8
        },
        {
            "pos": {
                "x": 566777.540221344,
                "y": 4318024.961448616,
                "yaw": -2.912723211076712
            },
            "heading": -2.912723211076712,
            "speeds": {
                "vmax": 20.0
            },
            "type": 1,
            "driving_direction": 1,
            "id": "1169_1",
            "lane_type": 8
        },
        {
            "pos": {
                "x": 566777.0533060647,
                "y": 4318024.847810986,
                "yaw": -2.912723211076712
            },
            "heading": -2.912723211076712,
            "speeds": {
                "vmax": 20.0
            },
            "type": 1,
            "driving_direction": 1,
            "id": "1169_1",
            "lane_type": 8
        },
        {
            "pos": {
                "x": 566776.5663907855,
                "y": 4318024.7341733575,
                "yaw": -2.912723211076712
            },
            "heading": -2.912723211076712,
            "speeds": {
                "vmax": 20.0
            },
            "type": 1,
            "driving_direction": 1,
            "id": "1169_1",
            "lane_type": 8
        },
        {
            "pos": {
                "x": 566776.0794755062,
                "y": 4318024.620535728,
                "yaw": -2.912723211076712
            },
            "heading": -2.912723211076712,
            "speeds": {
                "vmax": 20.0
            },
            "type": 1,
            "driving_direction": 1,
            "id": "1169_1",
            "lane_type": 8
        },
        {
            "pos": {
                "x": 566775.592560227,
                "y": 4318024.506898098,
                "yaw": -2.912723211076712
            },
            "heading": -2.912723211076712,
            "speeds": {
                "vmax": 20.0
            },
            "type": 1,
            "driving_direction": 1,
            "id": "1169_1",
            "lane_type": 8
        },
        {
            "pos": {
                "x": 566775.1056449478,
                "y": 4318024.393260469,
                "yaw": -2.912723211076712
            },
            "heading": -2.912723211076712,
            "speeds": {
                "vmax": 20.0
            },
            "type": 1,
            "driving_direction": 1,
            "id": "1169_1",
            "lane_type": 8
        },
        {
            "pos": {
                "x": 566774.6187296686,
                "y": 4318024.279622839,
                "yaw": -2.912723211076712
            },
            "heading": -2.912723211076712,
            "speeds": {
                "vmax": 20.0
            },
            "type": 1,
            "driving_direction": 1,
            "id": "1169_1",
            "lane_type": 8
        },
        {
            "pos": {
                "x": 566774.1318143894,
                "y": 4318024.165985209,
                "yaw": -2.912723211076712
            },
            "heading": -2.912723211076712,
            "speeds": {
                "vmax": 20.0
            },
            "type": 1,
            "driving_direction": 1,
            "id": "1169_1",
            "lane_type": 8
        },
        {
            "pos": {
                "x": 566773.6448991101,
                "y": 4318024.05234758,
                "yaw": -2.912723211076712
            },
            "heading": -2.912723211076712,
            "speeds": {
                "vmax": 20.0
            },
            "type": 1,
            "driving_direction": 1,
            "id": "1169_1",
            "lane_type": 8
        },
        {
            "pos": {
                "x": 566773.1579838309,
                "y": 4318023.93870995,
                "yaw": -2.912723211076712
            },
            "heading": -2.912723211076712,
            "speeds": {
                "vmax": 20.0
            },
            "type": 1,
            "driving_direction": 1,
            "id": "1169_1",
            "lane_type": 8
        },
        {
            "pos": {
                "x": 566772.6710685517,
                "y": 4318023.825072321,
                "yaw": -2.912723211076712
            },
            "heading": -2.912723211076712,
            "speeds": {
                "vmax": 20.0
            },
            "type": 1,
            "driving_direction": 1,
            "id": "1169_1",
            "lane_type": 8
        },
        {
            "pos": {
                "x": 566772.1841532724,
                "y": 4318023.711434691,
                "yaw": -2.912723211076712
            },
            "heading": -2.912723211076712,
            "speeds": {
                "vmax": 20.0
            },
            "type": 1,
            "driving_direction": 1,
            "id": "1169_1",
            "lane_type": 8
        },
        {
            "pos": {
                "x": 566771.6972379932,
                "y": 4318023.597797061,
                "yaw": -2.912723211076712
            },
            "heading": -2.912723211076712,
            "speeds": {
                "vmax": 20.0
            },
            "type": 1,
            "driving_direction": 1,
            "id": "1169_1",
            "lane_type": 8
        },
        {
            "pos": {
                "x": 566771.210322714,
                "y": 4318023.484159432,
                "yaw": -2.912723211076712
            },
            "heading": -2.912723211076712,
            "speeds": {
                "vmax": 20.0
            },
            "type": 1,
            "driving_direction": 1,
            "id": "1169_1",
            "lane_type": 8
        },
        {
            "pos": {
                "x": 566770.7234074348,
                "y": 4318023.370521802,
                "yaw": -2.912723211076712
            },
            "heading": -2.912723211076712,
            "speeds": {
                "vmax": 20.0
            },
            "type": 1,
            "driving_direction": 1,
            "id": "1169_1",
            "lane_type": 8
        },
        {
            "pos": {
                "x": 566770.2364921556,
                "y": 4318023.256884173,
                "yaw": -2.912723211076712
            },
            "heading": -2.912723211076712,
            "speeds": {
                "vmax": 20.0
            },
            "type": 1,
            "driving_direction": 1,
            "id": "1169_1",
            "lane_type": 8
        },
        {
            "pos": {
                "x": 566769.7495768763,
                "y": 4318023.143246544,
                "yaw": -2.912723211076712
            },
            "heading": -2.912723211076712,
            "speeds": {
                "vmax": 20.0
            },
            "type": 1,
            "driving_direction": 1,
            "id": "1169_1",
            "lane_type": 8
        },
        {
            "pos": {
                "x": 566769.2626615971,
                "y": 4318023.029608914,
                "yaw": -2.912723211076712
            },
            "heading": -2.912723211076712,
            "speeds": {
                "vmax": 20.0
            },
            "type": 1,
            "driving_direction": 1,
            "id": "1169_1",
            "lane_type": 8
        },
        {
            "pos": {
                "x": 566768.7757463178,
                "y": 4318022.915971284,
                "yaw": -2.912723211076712
            },
            "heading": -2.912723211076712,
            "speeds": {
                "vmax": 20.0
            },
            "type": 1,
            "driving_direction": 1,
            "id": "1169_1",
            "lane_type": 8
        },
        {
            "pos": {
                "x": 566768.2888310386,
                "y": 4318022.802333655,
                "yaw": -2.912723211076712
            },
            "heading": -2.912723211076712,
            "speeds": {
                "vmax": 20.0
            },
            "type": 1,
            "driving_direction": 1,
            "id": "1169_1",
            "lane_type": 8
        },
        {
            "pos": {
                "x": 566767.8019157593,
                "y": 4318022.688696025,
                "yaw": -2.912723211076712
            },
            "heading": -2.912723211076712,
            "speeds": {
                "vmax": 20.0
            },
            "type": 1,
            "driving_direction": 1,
            "id": "1169_1",
            "lane_type": 8
        },
        {
            "pos": {
                "x": 566767.3150004802,
                "y": 4318022.575058395,
                "yaw": -2.912723211076712
            },
            "heading": -2.912723211076712,
            "speeds": {
                "vmax": 20.0
            },
            "type": 1,
            "driving_direction": 1,
            "id": "1169_1",
            "lane_type": 8
        },
        {
            "pos": {
                "x": 566766.828085201,
                "y": 4318022.461420766,
                "yaw": -2.912723211076712
            },
            "heading": -2.912723211076712,
            "speeds": {
                "vmax": 20.0
            },
            "type": 1,
            "driving_direction": 1,
            "id": "1169_1",
            "lane_type": 8
        },
        {
            "pos": {
                "x": 566766.3411699217,
                "y": 4318022.347783136,
                "yaw": -2.912723211076712
            },
            "heading": -2.912723211076712,
            "speeds": {
                "vmax": 20.0
            },
            "type": 1,
            "driving_direction": 1,
            "id": "1169_1",
            "lane_type": 8
        },
        {
            "pos": {
                "x": 566765.8542546425,
                "y": 4318022.234145506,
                "yaw": -2.912723211076712
            },
            "heading": -2.912723211076712,
            "speeds": {
                "vmax": 20.0
            },
            "type": 1,
            "driving_direction": 1,
            "id": "1169_1",
            "lane_type": 8
        },
        {
            "pos": {
                "x": 566765.3673393632,
                "y": 4318022.120507877,
                "yaw": -2.912723211076712
            },
            "heading": -2.912723211076712,
            "speeds": {
                "vmax": 20.0
            },
            "type": 1,
            "driving_direction": 1,
            "id": "1169_1",
            "lane_type": 8
        },
        {
            "pos": {
                "x": 566764.880424084,
                "y": 4318022.006870247,
                "yaw": -2.912723211076712
            },
            "heading": -2.912723211076712,
            "speeds": {
                "vmax": 20.0
            },
            "type": 1,
            "driving_direction": 1,
            "id": "1169_1",
            "lane_type": 8
        },
        {
            "pos": {
                "x": 566764.3935088048,
                "y": 4318021.8932326175,
                "yaw": -2.912723211076712
            },
            "heading": -2.912723211076712,
            "speeds": {
                "vmax": 20.0
            },
            "type": 1,
            "driving_direction": 1,
            "id": "1169_1",
            "lane_type": 8
        },
        {
            "pos": {
                "x": 566763.9065935255,
                "y": 4318021.779594989,
                "yaw": -2.912723211076712
            },
            "heading": -2.912723211076712,
            "speeds": {
                "vmax": 20.0
            },
            "type": 1,
            "driving_direction": 1,
            "id": "1169_1",
            "lane_type": 8
        },
        {
            "pos": {
                "x": 566763.4196782464,
                "y": 4318021.665957359,
                "yaw": -2.912723211076712
            },
            "heading": -2.912723211076712,
            "speeds": {
                "vmax": 20.0
            },
            "type": 1,
            "driving_direction": 1,
            "id": "1169_1",
            "lane_type": 8
        },
        {
            "pos": {
                "x": 566762.9327629671,
                "y": 4318021.55231973,
                "yaw": -2.912723211076712
            },
            "heading": -2.912723211076712,
            "speeds": {
                "vmax": 20.0
            },
            "type": 1,
            "driving_direction": 1,
            "id": "1169_1",
            "lane_type": 8
        },
        {
            "pos": {
                "x": 566762.4458476879,
                "y": 4318021.4386821,
                "yaw": -2.912723211076712
            },
            "heading": -2.912723211076712,
            "speeds": {
                "vmax": 20.0
            },
            "type": 1,
            "driving_direction": 1,
            "id": "1169_1",
            "lane_type": 8
        },
        {
            "pos": {
                "x": 566761.9589324086,
                "y": 4318021.32504447,
                "yaw": -2.912723211076712
            },
            "heading": -2.912723211076712,
            "speeds": {
                "vmax": 20.0
            },
            "type": 1,
            "driving_direction": 1,
            "id": "1169_1",
            "lane_type": 8
        },
        {
            "pos": {
                "x": 566761.4720171294,
                "y": 4318021.211406841,
                "yaw": -2.912723211076712
            },
            "heading": -2.912723211076712,
            "speeds": {
                "vmax": 20.0
            },
            "type": 1,
            "driving_direction": 1,
            "id": "1169_1",
            "lane_type": 8
        },
        {
            "pos": {
                "x": 566760.9851018502,
                "y": 4318021.097769211,
                "yaw": -2.912723211076712
            },
            "heading": -2.912723211076712,
            "speeds": {
                "vmax": 20.0
            },
            "type": 1,
            "driving_direction": 1,
            "id": "1169_1",
            "lane_type": 8
        },
        {
            "pos": {
                "x": 566760.4981865709,
                "y": 4318020.984131581,
                "yaw": -2.912723211076712
            },
            "heading": -2.912723211076712,
            "speeds": {
                "vmax": 20.0
            },
            "type": 1,
            "driving_direction": 1,
            "id": "1169_1",
            "lane_type": 8
        },
        {
            "pos": {
                "x": 566760.0112712918,
                "y": 4318020.870493952,
                "yaw": -2.912723211076712
            },
            "heading": -2.912723211076712,
            "speeds": {
                "vmax": 20.0
            },
            "type": 1,
            "driving_direction": 1,
            "id": "1169_1",
            "lane_type": 8
        },
        {
            "pos": {
                "x": 566759.5243560125,
                "y": 4318020.756856322,
                "yaw": -2.912723211076712
            },
            "heading": -2.912723211076712,
            "speeds": {
                "vmax": 20.0
            },
            "type": 1,
            "driving_direction": 1,
            "id": "1169_1",
            "lane_type": 8
        },
        {
            "pos": {
                "x": 566759.0374407333,
                "y": 4318020.643218692,
                "yaw": -2.912723211076712
            },
            "heading": -2.912723211076712,
            "speeds": {
                "vmax": 20.0
            },
            "type": 1,
            "driving_direction": 1,
            "id": "1169_1",
            "lane_type": 8
        }
    ]
}