{
    "header": {
        "trace_id": "5c633bdc3dcf4dcabd212a4515e72151",
        "trans_id": "8ea5b9fd-3d77-4c07-917b-9658310a0d3f",
        "che_id": "A522",
        "timestamp": "2025-02-18T12:21:25.057500Z"
    },
    "task_id": "5c633bdc3dcf4dcabd212a4515e72151",
    "navi_id": "A522_5c633bdc3dcf4dcabd212a4515e72151_25",
    "seq_num": 25,
    "dest_type": 1,
    "mode": 2,
    "waypoints": [
        {
            "pos": {
                "x": 566704.9112685224,
                "y": 4317886.384627309,
                "yaw": -1.3456684430064474
            },
            "heading": -1.3456684430064474,
            "speeds": {
                "vmax": 15.0
            },
            "type": 1,
            "driving_direction": 1,
            "id": "1368_0",
            "lane_type": 22
        },
        {
            "pos": {
                "x": 566705.024278262,
                "y": 4317885.897565917,
                "yaw": -1.3456684430064474
            },
            "heading": -1.3456684430064474,
            "speeds": {
                "vmax": 15.0
            },
            "type": 1,
            "driving_direction": 1,
            "id": "1368_0",
            "lane_type": 22
        },
        {
            "pos": {
                "x": 566705.1372880017,
                "y": 4317885.410504526,
                "yaw": -1.3456684430064474
            },
            "heading": -1.3456684430064474,
            "speeds": {
                "vmax": 15.0
            },
            "type": 1,
            "driving_direction": 1,
            "id": "1368_0",
            "lane_type": 22
        },
        {
            "pos": {
                "x": 566705.2502977415,
                "y": 4317884.923443135,
                "yaw": -1.3456684430064474
            },
            "heading": -1.3456684430064474,
            "speeds": {
                "vmax": 15.0
            },
            "type": 1,
            "driving_direction": 1,
            "id": "1368_0",
            "lane_type": 22
        },
        {
            "pos": {
                "x": 566705.3633074812,
                "y": 4317884.436381744,
                "yaw": -1.3456684430064474
            },
            "heading": -1.3456684430064474,
            "speeds": {
                "vmax": 15.0
            },
            "type": 1,
            "driving_direction": 1,
            "id": "1368_0",
            "lane_type": 22
        },
        {
            "pos": {
                "x": 566705.4763172208,
                "y": 4317883.949320353,
                "yaw": -1.3456684430064474
            },
            "heading": -1.3456684430064474,
            "speeds": {
                "vmax": 15.0
            },
            "type": 1,
            "driving_direction": 1,
            "id": "1368_0",
            "lane_type": 22
        },
        {
            "pos": {
                "x": 566705.5893269605,
                "y": 4317883.462258962,
                "yaw": -1.3456684430064474
            },
            "heading": -1.3456684430064474,
            "speeds": {
                "vmax": 15.0
            },
            "type": 1,
            "driving_direction": 1,
            "id": "1368_0",
            "lane_type": 22
        },
        {
            "pos": {
                "x": 566705.7023367003,
                "y": 4317882.97519757,
                "yaw": -1.3456684430064474
            },
            "heading": -1.3456684430064474,
            "speeds": {
                "vmax": 15.0
            },
            "type": 1,
            "driving_direction": 1,
            "id": "1368_0",
            "lane_type": 22
        },
        {
            "pos": {
                "x": 566705.81534644,
                "y": 4317882.48813618,
                "yaw": -1.3456684430064474
            },
            "heading": -1.3456684430064474,
            "speeds": {
                "vmax": 15.0
            },
            "type": 1,
            "driving_direction": 1,
            "id": "1368_0",
            "lane_type": 22
        },
        {
            "pos": {
                "x": 566705.9283561796,
                "y": 4317882.001074788,
                "yaw": -1.3456684430064474
            },
            "heading": -1.3456684430064474,
            "speeds": {
                "vmax": 15.0
            },
            "type": 1,
            "driving_direction": 1,
            "id": "1368_0",
            "lane_type": 22
        },
        {
            "pos": {
                "x": 566706.0413659194,
                "y": 4317881.5140133975,
                "yaw": -1.3456684430064474
            },
            "heading": -1.3456684430064474,
            "speeds": {
                "vmax": 15.0
            },
            "type": 1,
            "driving_direction": 1,
            "id": "1368_0",
            "lane_type": 22
        },
        {
            "pos": {
                "x": 566706.1543756591,
                "y": 4317881.026952006,
                "yaw": -1.3456684430064474
            },
            "heading": -1.3456684430064474,
            "speeds": {
                "vmax": 15.0
            },
            "type": 1,
            "driving_direction": 1,
            "id": "1368_0",
            "lane_type": 22
        },
        {
            "pos": {
                "x": 566706.2673853987,
                "y": 4317880.539890615,
                "yaw": -1.3456684430064474
            },
            "heading": -1.3456684430064474,
            "speeds": {
                "vmax": 15.0
            },
            "type": 1,
            "driving_direction": 1,
            "id": "1368_0",
            "lane_type": 22
        },
        {
            "pos": {
                "x": 566706.3803951384,
                "y": 4317880.052829224,
                "yaw": -1.3456684430064474
            },
            "heading": -1.3456684430064474,
            "speeds": {
                "vmax": 15.0
            },
            "type": 1,
            "driving_direction": 1,
            "id": "1368_0",
            "lane_type": 22
        },
        {
            "pos": {
                "x": 566706.4934048782,
                "y": 4317879.565767833,
                "yaw": -1.3456684430064474
            },
            "heading": -1.3456684430064474,
            "speeds": {
                "vmax": 15.0
            },
            "type": 1,
            "driving_direction": 1,
            "id": "1368_0",
            "lane_type": 22
        },
        {
            "pos": {
                "x": 566706.6064146179,
                "y": 4317879.078706441,
                "yaw": -1.3456684430064474
            },
            "heading": -1.3456684430064474,
            "speeds": {
                "vmax": 15.0
            },
            "type": 1,
            "driving_direction": 1,
            "id": "1368_0",
            "lane_type": 22
        },
        {
            "pos": {
                "x": 566706.7194243575,
                "y": 4317878.591645051,
                "yaw": -1.3456684430064474
            },
            "heading": -1.3456684430064474,
            "speeds": {
                "vmax": 15.0
            },
            "type": 1,
            "driving_direction": 1,
            "id": "1368_0",
            "lane_type": 22
        },
        {
            "pos": {
                "x": 566706.8324340973,
                "y": 4317878.104583659,
                "yaw": -1.3456684430064474
            },
            "heading": -1.3456684430064474,
            "speeds": {
                "vmax": 15.0
            },
            "type": 1,
            "driving_direction": 1,
            "id": "1368_0",
            "lane_type": 22
        },
        {
            "pos": {
                "x": 566706.945443837,
                "y": 4317877.617522269,
                "yaw": -1.3456684430064474
            },
            "heading": -1.3456684430064474,
            "speeds": {
                "vmax": 15.0
            },
            "type": 1,
            "driving_direction": 1,
            "id": "1368_0",
            "lane_type": 22
        },
        {
            "pos": {
                "x": 566707.0584535766,
                "y": 4317877.130460877,
                "yaw": -1.3456684430064474
            },
            "heading": -1.3456684430064474,
            "speeds": {
                "vmax": 15.0
            },
            "type": 1,
            "driving_direction": 1,
            "id": "1368_0",
            "lane_type": 22
        },
        {
            "pos": {
                "x": 566707.1714633163,
                "y": 4317876.643399486,
                "yaw": -1.3456684430064474
            },
            "heading": -1.3456684430064474,
            "speeds": {
                "vmax": 15.0
            },
            "type": 1,
            "driving_direction": 1,
            "id": "1368_0",
            "lane_type": 22
        },
        {
            "pos": {
                "x": 566707.2844730561,
                "y": 4317876.156338095,
                "yaw": -1.3456684430064474
            },
            "heading": -1.3456684430064474,
            "speeds": {
                "vmax": 15.0
            },
            "type": 1,
            "driving_direction": 1,
            "id": "1368_0",
            "lane_type": 22
        },
        {
            "pos": {
                "x": 566707.3974827958,
                "y": 4317875.669276704,
                "yaw": -1.3456684430064474
            },
            "heading": -1.3456684430064474,
            "speeds": {
                "vmax": 15.0
            },
            "type": 1,
            "driving_direction": 1,
            "id": "1368_0",
            "lane_type": 22
        },
        {
            "pos": {
                "x": 566707.5104925354,
                "y": 4317875.1822153125,
                "yaw": -1.3456684430064474
            },
            "heading": -1.3456684430064474,
            "speeds": {
                "vmax": 15.0
            },
            "type": 1,
            "driving_direction": 1,
            "id": "1368_0",
            "lane_type": 22
        },
        {
            "pos": {
                "x": 566707.6235022751,
                "y": 4317874.695153922,
                "yaw": -1.3456684430064474
            },
            "heading": -1.3456684430064474,
            "speeds": {
                "vmax": 15.0
            },
            "type": 1,
            "driving_direction": 1,
            "id": "1368_0",
            "lane_type": 22
        },
        {
            "pos": {
                "x": 566707.7365120149,
                "y": 4317874.20809253,
                "yaw": -1.3456684430064474
            },
            "heading": -1.3456684430064474,
            "speeds": {
                "vmax": 15.0
            },
            "type": 1,
            "driving_direction": 1,
            "id": "1368_0",
            "lane_type": 22
        },
        {
            "pos": {
                "x": 566707.8495217545,
                "y": 4317873.72103114,
                "yaw": -1.3456684430064474
            },
            "heading": -1.3456684430064474,
            "speeds": {
                "vmax": 15.0
            },
            "type": 1,
            "driving_direction": 1,
            "id": "1368_0",
            "lane_type": 22
        },
        {
            "pos": {
                "x": 566707.9625314942,
                "y": 4317873.233969748,
                "yaw": -1.3456684430064474
            },
            "heading": -1.3456684430064474,
            "speeds": {
                "vmax": 15.0
            },
            "type": 1,
            "driving_direction": 1,
            "id": "1368_0",
            "lane_type": 22
        },
        {
            "pos": {
                "x": 566708.075541234,
                "y": 4317872.746908357,
                "yaw": -1.3456684430064474
            },
            "heading": -1.3456684430064474,
            "speeds": {
                "vmax": 15.0
            },
            "type": 1,
            "driving_direction": 1,
            "id": "1368_0",
            "lane_type": 22
        },
        {
            "pos": {
                "x": 566708.1885509737,
                "y": 4317872.259846966,
                "yaw": -1.3456684430064474
            },
            "heading": -1.3456684430064474,
            "speeds": {
                "vmax": 15.0
            },
            "type": 1,
            "driving_direction": 1,
            "id": "1368_0",
            "lane_type": 22
        },
        {
            "pos": {
                "x": 566708.3015607133,
                "y": 4317871.772785574,
                "yaw": -1.3456684430064474
            },
            "heading": -1.3456684430064474,
            "speeds": {
                "vmax": 15.0
            },
            "type": 1,
            "driving_direction": 1,
            "id": "1368_0",
            "lane_type": 22
        },
        {
            "pos": {
                "x": 566708.414570453,
                "y": 4317871.285724184,
                "yaw": -1.3456684430064474
            },
            "heading": -1.3456684430064474,
            "speeds": {
                "vmax": 15.0
            },
            "type": 1,
            "driving_direction": 1,
            "id": "1368_0",
            "lane_type": 22
        },
        {
            "pos": {
                "x": 566708.5275801928,
                "y": 4317870.798662792,
                "yaw": -1.3456684430064474
            },
            "heading": -1.3456684430064474,
            "speeds": {
                "vmax": 15.0
            },
            "type": 1,
            "driving_direction": 1,
            "id": "1368_0",
            "lane_type": 22
        },
        {
            "pos": {
                "x": 566708.6405899324,
                "y": 4317870.311601401,
                "yaw": -1.3456684430064474
            },
            "heading": -1.3456684430064474,
            "speeds": {
                "vmax": 15.0
            },
            "type": 1,
            "driving_direction": 1,
            "id": "1368_0",
            "lane_type": 22
        },
        {
            "pos": {
                "x": 566708.7535996721,
                "y": 4317869.82454001,
                "yaw": -1.3456684430064474
            },
            "heading": -1.3456684430064474,
            "speeds": {
                "vmax": 15.0
            },
            "type": 1,
            "driving_direction": 1,
            "id": "1368_0",
            "lane_type": 22
        },
        {
            "pos": {
                "x": 566708.8666094119,
                "y": 4317869.337478619,
                "yaw": -1.3456684430064474
            },
            "heading": -1.3456684430064474,
            "speeds": {
                "vmax": 15.0
            },
            "type": 1,
            "driving_direction": 1,
            "id": "1368_0",
            "lane_type": 22
        },
        {
            "pos": {
                "x": 566708.9796191516,
                "y": 4317868.8504172275,
                "yaw": -1.3456684430064474
            },
            "heading": -1.3456684430064474,
            "speeds": {
                "vmax": 15.0
            },
            "type": 1,
            "driving_direction": 1,
            "id": "1368_0",
            "lane_type": 22
        },
        {
            "pos": {
                "x": 566709.0926288912,
                "y": 4317868.363355837,
                "yaw": -1.3456684430064474
            },
            "heading": -1.3456684430064474,
            "speeds": {
                "vmax": 15.0
            },
            "type": 1,
            "driving_direction": 1,
            "id": "1368_0",
            "lane_type": 22
        },
        {
            "pos": {
                "x": 566709.2056386309,
                "y": 4317867.876294445,
                "yaw": -1.3456684430064474
            },
            "heading": -1.3456684430064474,
            "speeds": {
                "vmax": 15.0
            },
            "type": 1,
            "driving_direction": 1,
            "id": "1368_0",
            "lane_type": 22
        },
        {
            "pos": {
                "x": 566709.3186483707,
                "y": 4317867.389233055,
                "yaw": -1.3456684430064474
            },
            "heading": -1.3456684430064474,
            "speeds": {
                "vmax": 15.0
            },
            "type": 1,
            "driving_direction": 1,
            "id": "1368_0",
            "lane_type": 22
        },
        {
            "pos": {
                "x": 566709.4316581103,
                "y": 4317866.902171663,
                "yaw": -1.3456684430064474
            },
            "heading": -1.3456684430064474,
            "speeds": {
                "vmax": 15.0
            },
            "type": 1,
            "driving_direction": 1,
            "id": "1368_0",
            "lane_type": 22
        },
        {
            "pos": {
                "x": 566709.54466785,
                "y": 4317866.415110272,
                "yaw": -1.3456684430064474
            },
            "heading": -1.3456684430064474,
            "speeds": {
                "vmax": 15.0
            },
            "type": 1,
            "driving_direction": 1,
            "id": "1368_0",
            "lane_type": 22
        },
        {
            "pos": {
                "x": 566709.6576775898,
                "y": 4317865.928048881,
                "yaw": -1.3456684430064474
            },
            "heading": -1.3456684430064474,
            "speeds": {
                "vmax": 15.0
            },
            "type": 1,
            "driving_direction": 1,
            "id": "1368_0",
            "lane_type": 22
        },
        {
            "pos": {
                "x": 566709.7706873295,
                "y": 4317865.44098749,
                "yaw": -1.3456684430064474
            },
            "heading": -1.3456684430064474,
            "speeds": {
                "vmax": 15.0
            },
            "type": 1,
            "driving_direction": 1,
            "id": "1368_0",
            "lane_type": 22
        },
        {
            "pos": {
                "x": 566709.8836970691,
                "y": 4317864.9539260985,
                "yaw": -1.3456684430064474
            },
            "heading": -1.3456684430064474,
            "speeds": {
                "vmax": 15.0
            },
            "type": 1,
            "driving_direction": 1,
            "id": "1368_0",
            "lane_type": 22
        },
        {
            "pos": {
                "x": 566709.9967068088,
                "y": 4317864.466864708,
                "yaw": -1.3456684430064474
            },
            "heading": -1.3456684430064474,
            "speeds": {
                "vmax": 15.0
            },
            "type": 1,
            "driving_direction": 1,
            "id": "1368_0",
            "lane_type": 22
        },
        {
            "pos": {
                "x": 566710.1097165486,
                "y": 4317863.979803316,
                "yaw": -1.3456684430064474
            },
            "heading": -1.3456684430064474,
            "speeds": {
                "vmax": 15.0
            },
            "type": 1,
            "driving_direction": 1,
            "id": "1368_0",
            "lane_type": 22
        },
        {
            "pos": {
                "x": 566710.2227262883,
                "y": 4317863.492741926,
                "yaw": -1.3456684430064474
            },
            "heading": -1.3456684430064474,
            "speeds": {
                "vmax": 15.0
            },
            "type": 1,
            "driving_direction": 1,
            "id": "1368_0",
            "lane_type": 22
        },
        {
            "pos": {
                "x": 566710.3357360279,
                "y": 4317863.005680534,
                "yaw": -1.3456684430064474
            },
            "heading": -1.3456684430064474,
            "speeds": {
                "vmax": 15.0
            },
            "type": 1,
            "driving_direction": 1,
            "id": "1368_0",
            "lane_type": 22
        },
        {
            "pos": {
                "x": 566710.4487457677,
                "y": 4317862.518619143,
                "yaw": -1.3456684430064474
            },
            "heading": -1.3456684430064474,
            "speeds": {
                "vmax": 15.0
            },
            "type": 1,
            "driving_direction": 1,
            "id": "1368_0",
            "lane_type": 22
        },
        {
            "pos": {
                "x": 566710.5617555074,
                "y": 4317862.031557752,
                "yaw": -1.3456684430064474
            },
            "heading": -1.3456684430064474,
            "speeds": {
                "vmax": 15.0
            },
            "type": 1,
            "driving_direction": 1,
            "id": "1368_0",
            "lane_type": 22
        },
        {
            "pos": {
                "x": 566710.674765247,
                "y": 4317861.544496361,
                "yaw": -1.3456684430064474
            },
            "heading": -1.3456684430064474,
            "speeds": {
                "vmax": 15.0
            },
            "type": 1,
            "driving_direction": 1,
            "id": "1368_0",
            "lane_type": 22
        },
        {
            "pos": {
                "x": 566710.7877749867,
                "y": 4317861.05743497,
                "yaw": -1.3456684430064474
            },
            "heading": -1.3456684430064474,
            "speeds": {
                "vmax": 15.0
            },
            "type": 1,
            "driving_direction": 1,
            "id": "1368_0",
            "lane_type": 22
        },
        {
            "pos": {
                "x": 566710.9007847265,
                "y": 4317860.570373579,
                "yaw": -1.3456684430064474
            },
            "heading": -1.3456684430064474,
            "speeds": {
                "vmax": 15.0
            },
            "type": 1,
            "driving_direction": 1,
            "id": "1368_0",
            "lane_type": 22
        },
        {
            "pos": {
                "x": 566711.0137944662,
                "y": 4317860.083312187,
                "yaw": -1.3456684430064474
            },
            "heading": -1.3456684430064474,
            "speeds": {
                "vmax": 15.0
            },
            "type": 1,
            "driving_direction": 1,
            "id": "1368_0",
            "lane_type": 22
        },
        {
            "pos": {
                "x": 566711.1268042058,
                "y": 4317859.596250797,
                "yaw": -1.3456684430064474
            },
            "heading": -1.3456684430064474,
            "speeds": {
                "vmax": 15.0
            },
            "type": 1,
            "driving_direction": 1,
            "id": "1368_0",
            "lane_type": 22
        },
        {
            "pos": {
                "x": 566711.2398139456,
                "y": 4317859.109189405,
                "yaw": -1.3456684430064474
            },
            "heading": -1.3456684430064474,
            "speeds": {
                "vmax": 15.0
            },
            "type": 1,
            "driving_direction": 1,
            "id": "1368_0",
            "lane_type": 22
        },
        {
            "pos": {
                "x": 566711.3528236853,
                "y": 4317858.622128014,
                "yaw": -1.3456684430064474
            },
            "heading": -1.3456684430064474,
            "speeds": {
                "vmax": 15.0
            },
            "type": 1,
            "driving_direction": 1,
            "id": "1368_0",
            "lane_type": 22
        },
        {
            "pos": {
                "x": 566711.4658334249,
                "y": 4317858.135066623,
                "yaw": -1.3456684430064474
            },
            "heading": -1.3456684430064474,
            "speeds": {
                "vmax": 15.0
            },
            "type": 1,
            "driving_direction": 1,
            "id": "1368_0",
            "lane_type": 22
        },
        {
            "pos": {
                "x": 566711.5065639921,
                "y": 4317857.959521694,
                "yaw": -1.3456684430064474
            },
            "heading": -1.3456684430064474,
            "speeds": {
                "vmax": 15.0
            },
            "type": 1,
            "driving_direction": 1,
            "id": "1368_0",
            "lane_type": 22
        }
    ],
    "is_final_navi": true
}