{
    "header": {
        "trace_id": "7621a25c-9b77-4c4d-b09c-3ad836d85436",
        "trans_id": "2c212413-4d04-459c-b421-4d0d1a68da2c",
        "che_id": "A523",
        "timestamp": "2025-02-18T12:23:23.025742Z"
    },
    "task_id": "7621a25c-9b77-4c4d-b09c-3ad836d85436",
    "navi_id": "A523_7621a25c-9b77-4c4d-b09c-3ad836d85436_6",
    "seq_num": 6,
    "dest_type": 3,
    "mode": 2,
    "waypoints": [
        {
            "pos": {
                "x": 566784.8962378482,
                "y": 4317837.819652204,
                "yaw": -1.3434102940473758
            },
            "heading": -1.3434102940473758,
            "speeds": {
                "vmax": 15.0
            },
            "type": 1,
            "driving_direction": 1,
            "id": "1367_0",
            "lane_type": 22
        },
        {
            "pos": {
                "x": 566785.0092897573,
                "y": 4317837.3326006,
                "yaw": -1.3434102940473758
            },
            "heading": -1.3434102940473758,
            "speeds": {
                "vmax": 15.0
            },
            "type": 1,
            "driving_direction": 1,
            "id": "1367_0",
            "lane_type": 22
        },
        {
            "pos": {
                "x": 566785.1223416665,
                "y": 4317836.845548995,
                "yaw": -1.3434102940473758
            },
            "heading": -1.3434102940473758,
            "speeds": {
                "vmax": 15.0
            },
            "type": 1,
            "driving_direction": 1,
            "id": "1367_0",
            "lane_type": 22
        },
        {
            "pos": {
                "x": 566785.2353935756,
                "y": 4317836.35849739,
                "yaw": -1.3434102940473758
            },
            "heading": -1.3434102940473758,
            "speeds": {
                "vmax": 15.0
            },
            "type": 1,
            "driving_direction": 1,
            "id": "1367_0",
            "lane_type": 22
        },
        {
            "pos": {
                "x": 566785.3484454849,
                "y": 4317835.871445785,
                "yaw": -1.3434102940473758
            },
            "heading": -1.3434102940473758,
            "speeds": {
                "vmax": 15.0
            },
            "type": 1,
            "driving_direction": 1,
            "id": "1367_0",
            "lane_type": 22
        },
        {
            "pos": {
                "x": 566785.461497394,
                "y": 4317835.38439418,
                "yaw": -1.3434102940473758
            },
            "heading": -1.3434102940473758,
            "speeds": {
                "vmax": 15.0
            },
            "type": 1,
            "driving_direction": 1,
            "id": "1367_0",
            "lane_type": 22
        },
        {
            "pos": {
                "x": 566785.5745493032,
                "y": 4317834.897342575,
                "yaw": -1.3434102940473758
            },
            "heading": -1.3434102940473758,
            "speeds": {
                "vmax": 15.0
            },
            "type": 1,
            "driving_direction": 1,
            "id": "1367_0",
            "lane_type": 22
        },
        {
            "pos": {
                "x": 566785.6876012123,
                "y": 4317834.4102909705,
                "yaw": -1.3434102940473758
            },
            "heading": -1.3434102940473758,
            "speeds": {
                "vmax": 15.0
            },
            "type": 1,
            "driving_direction": 1,
            "id": "1367_0",
            "lane_type": 22
        },
        {
            "pos": {
                "x": 566785.8006531214,
                "y": 4317833.923239365,
                "yaw": -1.3434102940473758
            },
            "heading": -1.3434102940473758,
            "speeds": {
                "vmax": 15.0
            },
            "type": 1,
            "driving_direction": 1,
            "id": "1367_0",
            "lane_type": 22
        },
        {
            "pos": {
                "x": 566785.9137050307,
                "y": 4317833.436187761,
                "yaw": -1.3434102940473758
            },
            "heading": -1.3434102940473758,
            "speeds": {
                "vmax": 15.0
            },
            "type": 1,
            "driving_direction": 1,
            "id": "1367_0",
            "lane_type": 22
        },
        {
            "pos": {
                "x": 566786.0267569398,
                "y": 4317832.949136156,
                "yaw": -1.3434102940473758
            },
            "heading": -1.3434102940473758,
            "speeds": {
                "vmax": 15.0
            },
            "type": 1,
            "driving_direction": 1,
            "id": "1367_0",
            "lane_type": 22
        },
        {
            "pos": {
                "x": 566786.139808849,
                "y": 4317832.46208455,
                "yaw": -1.3434102940473758
            },
            "heading": -1.3434102940473758,
            "speeds": {
                "vmax": 15.0
            },
            "type": 1,
            "driving_direction": 1,
            "id": "1367_0",
            "lane_type": 22
        },
        {
            "pos": {
                "x": 566786.2528607581,
                "y": 4317831.975032946,
                "yaw": -1.3434102940473758
            },
            "heading": -1.3434102940473758,
            "speeds": {
                "vmax": 15.0
            },
            "type": 1,
            "driving_direction": 1,
            "id": "1367_0",
            "lane_type": 22
        },
        {
            "pos": {
                "x": 566786.3659126672,
                "y": 4317831.487981341,
                "yaw": -1.3434102940473758
            },
            "heading": -1.3434102940473758,
            "speeds": {
                "vmax": 15.0
            },
            "type": 1,
            "driving_direction": 1,
            "id": "1367_0",
            "lane_type": 22
        },
        {
            "pos": {
                "x": 566786.4789645764,
                "y": 4317831.000929736,
                "yaw": -1.3434102940473758
            },
            "heading": -1.3434102940473758,
            "speeds": {
                "vmax": 15.0
            },
            "type": 1,
            "driving_direction": 1,
            "id": "1367_0",
            "lane_type": 22
        },
        {
            "pos": {
                "x": 566786.5920164856,
                "y": 4317830.513878131,
                "yaw": -1.3434102940473758
            },
            "heading": -1.3434102940473758,
            "speeds": {
                "vmax": 15.0
            },
            "type": 1,
            "driving_direction": 1,
            "id": "1367_0",
            "lane_type": 22
        },
        {
            "pos": {
                "x": 566786.7050683948,
                "y": 4317830.026826526,
                "yaw": -1.3434102940473758
            },
            "heading": -1.3434102940473758,
            "speeds": {
                "vmax": 15.0
            },
            "type": 1,
            "driving_direction": 1,
            "id": "1367_0",
            "lane_type": 22
        },
        {
            "pos": {
                "x": 566786.8181203039,
                "y": 4317829.539774922,
                "yaw": -1.3434102940473758
            },
            "heading": -1.3434102940473758,
            "speeds": {
                "vmax": 15.0
            },
            "type": 1,
            "driving_direction": 1,
            "id": "1367_0",
            "lane_type": 22
        },
        {
            "pos": {
                "x": 566786.931172213,
                "y": 4317829.0527233165,
                "yaw": -1.3434102940473758
            },
            "heading": -1.3434102940473758,
            "speeds": {
                "vmax": 15.0
            },
            "type": 1,
            "driving_direction": 1,
            "id": "1367_0",
            "lane_type": 22
        },
        {
            "pos": {
                "x": 566787.0442241222,
                "y": 4317828.565671711,
                "yaw": -1.3434102940473758
            },
            "heading": -1.3434102940473758,
            "speeds": {
                "vmax": 15.0
            },
            "type": 1,
            "driving_direction": 1,
            "id": "1367_0",
            "lane_type": 22
        },
        {
            "pos": {
                "x": 566787.1572760314,
                "y": 4317828.078620107,
                "yaw": -1.3434102940473758
            },
            "heading": -1.3434102940473758,
            "speeds": {
                "vmax": 15.0
            },
            "type": 1,
            "driving_direction": 1,
            "id": "1367_0",
            "lane_type": 22
        },
        {
            "pos": {
                "x": 566787.2703279406,
                "y": 4317827.591568502,
                "yaw": -1.3434102940473758
            },
            "heading": -1.3434102940473758,
            "speeds": {
                "vmax": 15.0
            },
            "type": 1,
            "driving_direction": 1,
            "id": "1367_0",
            "lane_type": 22
        },
        {
            "pos": {
                "x": 566787.3833798497,
                "y": 4317827.104516896,
                "yaw": -1.3434102940473758
            },
            "heading": -1.3434102940473758,
            "speeds": {
                "vmax": 15.0
            },
            "type": 1,
            "driving_direction": 1,
            "id": "1367_0",
            "lane_type": 22
        },
        {
            "pos": {
                "x": 566787.4964317589,
                "y": 4317826.617465292,
                "yaw": -1.3434102940473758
            },
            "heading": -1.3434102940473758,
            "speeds": {
                "vmax": 15.0
            },
            "type": 1,
            "driving_direction": 1,
            "id": "1367_0",
            "lane_type": 22
        },
        {
            "pos": {
                "x": 566787.609483668,
                "y": 4317826.130413687,
                "yaw": -1.3434102940473758
            },
            "heading": -1.3434102940473758,
            "speeds": {
                "vmax": 15.0
            },
            "type": 1,
            "driving_direction": 1,
            "id": "1367_0",
            "lane_type": 22
        },
        {
            "pos": {
                "x": 566787.7225355773,
                "y": 4317825.643362083,
                "yaw": -1.3434102940473758
            },
            "heading": -1.3434102940473758,
            "speeds": {
                "vmax": 15.0
            },
            "type": 1,
            "driving_direction": 1,
            "id": "1367_0",
            "lane_type": 22
        },
        {
            "pos": {
                "x": 566787.8355874864,
                "y": 4317825.156310477,
                "yaw": -1.3434102940473758
            },
            "heading": -1.3434102940473758,
            "speeds": {
                "vmax": 15.0
            },
            "type": 1,
            "driving_direction": 1,
            "id": "1367_0",
            "lane_type": 22
        },
        {
            "pos": {
                "x": 566787.9486393955,
                "y": 4317824.669258872,
                "yaw": -1.3434102940473758
            },
            "heading": -1.3434102940473758,
            "speeds": {
                "vmax": 15.0
            },
            "type": 1,
            "driving_direction": 1,
            "id": "1367_0",
            "lane_type": 22
        },
        {
            "pos": {
                "x": 566788.0616913047,
                "y": 4317824.182207268,
                "yaw": -1.3434102940473758
            },
            "heading": -1.3434102940473758,
            "speeds": {
                "vmax": 15.0
            },
            "type": 1,
            "driving_direction": 1,
            "id": "1367_0",
            "lane_type": 22
        },
        {
            "pos": {
                "x": 566788.1747432138,
                "y": 4317823.6951556625,
                "yaw": -1.3434102940473758
            },
            "heading": -1.3434102940473758,
            "speeds": {
                "vmax": 15.0
            },
            "type": 1,
            "driving_direction": 1,
            "id": "1367_0",
            "lane_type": 22
        },
        {
            "pos": {
                "x": 566788.2877951231,
                "y": 4317823.208104057,
                "yaw": -1.3434102940473758
            },
            "heading": -1.3434102940473758,
            "speeds": {
                "vmax": 15.0
            },
            "type": 1,
            "driving_direction": 1,
            "id": "1367_0",
            "lane_type": 22
        },
        {
            "pos": {
                "x": 566788.4008470322,
                "y": 4317822.721052453,
                "yaw": -1.3434102940473758
            },
            "heading": -1.3434102940473758,
            "speeds": {
                "vmax": 15.0
            },
            "type": 1,
            "driving_direction": 1,
            "id": "1367_0",
            "lane_type": 22
        },
        {
            "pos": {
                "x": 566788.5138989413,
                "y": 4317822.234000848,
                "yaw": -1.3434102940473758
            },
            "heading": -1.3434102940473758,
            "speeds": {
                "vmax": 15.0
            },
            "type": 1,
            "driving_direction": 1,
            "id": "1367_0",
            "lane_type": 22
        },
        {
            "pos": {
                "x": 566788.6269508505,
                "y": 4317821.746949243,
                "yaw": -1.3434102940473758
            },
            "heading": -1.3434102940473758,
            "speeds": {
                "vmax": 15.0
            },
            "type": 1,
            "driving_direction": 1,
            "id": "1367_0",
            "lane_type": 22
        },
        {
            "pos": {
                "x": 566788.7400027596,
                "y": 4317821.259897638,
                "yaw": -1.3434102940473758
            },
            "heading": -1.3434102940473758,
            "speeds": {
                "vmax": 15.0
            },
            "type": 1,
            "driving_direction": 1,
            "id": "1367_0",
            "lane_type": 22
        },
        {
            "pos": {
                "x": 566788.8530546688,
                "y": 4317820.772846033,
                "yaw": -1.3434102940473758
            },
            "heading": -1.3434102940473758,
            "speeds": {
                "vmax": 15.0
            },
            "type": 1,
            "driving_direction": 1,
            "id": "1367_0",
            "lane_type": 22
        },
        {
            "pos": {
                "x": 566788.966106578,
                "y": 4317820.285794429,
                "yaw": -1.3434102940473758
            },
            "heading": -1.3434102940473758,
            "speeds": {
                "vmax": 15.0
            },
            "type": 1,
            "driving_direction": 1,
            "id": "1367_0",
            "lane_type": 22
        },
        {
            "pos": {
                "x": 566789.0791584871,
                "y": 4317819.798742823,
                "yaw": -1.3434102940473758
            },
            "heading": -1.3434102940473758,
            "speeds": {
                "vmax": 15.0
            },
            "type": 1,
            "driving_direction": 1,
            "id": "1367_0",
            "lane_type": 22
        },
        {
            "pos": {
                "x": 566789.1922103963,
                "y": 4317819.311691218,
                "yaw": -1.3434102940473758
            },
            "heading": -1.3434102940473758,
            "speeds": {
                "vmax": 15.0
            },
            "type": 1,
            "driving_direction": 1,
            "id": "1367_0",
            "lane_type": 22
        },
        {
            "pos": {
                "x": 566789.3052623054,
                "y": 4317818.824639614,
                "yaw": -1.3434102940473758
            },
            "heading": -1.3434102940473758,
            "speeds": {
                "vmax": 15.0
            },
            "type": 1,
            "driving_direction": 1,
            "id": "1367_0",
            "lane_type": 22
        },
        {
            "pos": {
                "x": 566789.4183142146,
                "y": 4317818.3375880085,
                "yaw": -1.3434102940473758
            },
            "heading": -1.3434102940473758,
            "speeds": {
                "vmax": 15.0
            },
            "type": 1,
            "driving_direction": 1,
            "id": "1367_0",
            "lane_type": 22
        },
        {
            "pos": {
                "x": 566789.5313661238,
                "y": 4317817.850536404,
                "yaw": -1.3434102940473758
            },
            "heading": -1.3434102940473758,
            "speeds": {
                "vmax": 15.0
            },
            "type": 1,
            "driving_direction": 1,
            "id": "1367_0",
            "lane_type": 22
        },
        {
            "pos": {
                "x": 566789.644418033,
                "y": 4317817.363484799,
                "yaw": -1.3434102940473758
            },
            "heading": -1.3434102940473758,
            "speeds": {
                "vmax": 15.0
            },
            "type": 1,
            "driving_direction": 1,
            "id": "1367_0",
            "lane_type": 22
        },
        {
            "pos": {
                "x": 566789.7574699421,
                "y": 4317816.876433194,
                "yaw": -1.3434102940473758
            },
            "heading": -1.3434102940473758,
            "speeds": {
                "vmax": 15.0
            },
            "type": 1,
            "driving_direction": 1,
            "id": "1367_0",
            "lane_type": 22
        },
        {
            "pos": {
                "x": 566789.8705218512,
                "y": 4317816.389381589,
                "yaw": -1.3416576311086348
            },
            "heading": -1.3416576311086348,
            "speeds": {
                "vmax": 15.0
            },
            "type": 1,
            "driving_direction": 1,
            "id": "1367_0",
            "lane_type": 22
        },
        {
            "pos": {
                "x": 566789.9835737604,
                "y": 4317815.902329984,
                "yaw": -1.3416576311086348
            },
            "heading": -1.3416576311086348,
            "speeds": {
                "vmax": 15.0
            },
            "type": 1,
            "driving_direction": 1,
            "id": "1367_0",
            "lane_type": 22
        },
        {
            "pos": {
                "x": 566790.0966256695,
                "y": 4317815.41527838,
                "yaw": -1.3416576311086348
            },
            "heading": -1.3416576311086348,
            "speeds": {
                "vmax": 15.0
            },
            "type": 1,
            "driving_direction": 1,
            "id": "1367_0",
            "lane_type": 22
        },
        {
            "pos": {
                "x": 566790.2096775788,
                "y": 4317814.928226775,
                "yaw": -1.3416576311086348
            },
            "heading": -1.3416576311086348,
            "speeds": {
                "vmax": 15.0
            },
            "type": 1,
            "driving_direction": 1,
            "id": "1367_0",
            "lane_type": 22
        },
        {
            "pos": {
                "x": 566790.3227294879,
                "y": 4317814.441175169,
                "yaw": -1.3416576311086348
            },
            "heading": -1.3416576311086348,
            "speeds": {
                "vmax": 15.0
            },
            "type": 1,
            "driving_direction": 1,
            "id": "1367_0",
            "lane_type": 22
        },
        {
            "pos": {
                "x": 566790.435781397,
                "y": 4317813.954123565,
                "yaw": -1.3416576311086348
            },
            "heading": -1.3416576311086348,
            "speeds": {
                "vmax": 15.0
            },
            "type": 1,
            "driving_direction": 1,
            "id": "1367_0",
            "lane_type": 22
        },
        {
            "pos": {
                "x": 566790.5488333062,
                "y": 4317813.46707196,
                "yaw": -1.3416576311086348
            },
            "heading": -1.3416576311086348,
            "speeds": {
                "vmax": 15.0
            },
            "type": 1,
            "driving_direction": 1,
            "id": "1367_0",
            "lane_type": 22
        },
        {
            "pos": {
                "x": 566790.6618852153,
                "y": 4317812.980020355,
                "yaw": -1.3416576311086348
            },
            "heading": -1.3416576311086348,
            "speeds": {
                "vmax": 15.0
            },
            "type": 1,
            "driving_direction": 1,
            "id": "1367_0",
            "lane_type": 22
        },
        {
            "pos": {
                "x": 566790.7749371245,
                "y": 4317812.49296875,
                "yaw": -1.3416576311086348
            },
            "heading": -1.3416576311086348,
            "speeds": {
                "vmax": 15.0
            },
            "type": 1,
            "driving_direction": 1,
            "id": "1367_0",
            "lane_type": 22
        },
        {
            "pos": {
                "x": 566790.8879890337,
                "y": 4317812.005917145,
                "yaw": -1.3416576311086348
            },
            "heading": -1.3416576311086348,
            "speeds": {
                "vmax": 15.0
            },
            "type": 1,
            "driving_direction": 1,
            "id": "1367_0",
            "lane_type": 22
        },
        {
            "pos": {
                "x": 566791.0010409429,
                "y": 4317811.518865541,
                "yaw": -1.3416576311086348
            },
            "heading": -1.3416576311086348,
            "speeds": {
                "vmax": 15.0
            },
            "type": 1,
            "driving_direction": 1,
            "id": "1367_0",
            "lane_type": 22
        },
        {
            "pos": {
                "x": 566791.114092852,
                "y": 4317811.031813935,
                "yaw": -1.3416576311086348
            },
            "heading": -1.3416576311086348,
            "speeds": {
                "vmax": 15.0
            },
            "type": 1,
            "driving_direction": 1,
            "id": "1367_0",
            "lane_type": 22
        },
        {
            "pos": {
                "x": 566791.2271447611,
                "y": 4317810.54476233,
                "yaw": -1.3416576311086348
            },
            "heading": -1.3416576311086348,
            "speeds": {
                "vmax": 15.0
            },
            "type": 1,
            "driving_direction": 1,
            "id": "1367_0",
            "lane_type": 22
        },
        {
            "pos": {
                "x": 566791.3401966703,
                "y": 4317810.057710726,
                "yaw": -1.3416576311086348
            },
            "heading": -1.3416576311086348,
            "speeds": {
                "vmax": 15.0
            },
            "type": 1,
            "driving_direction": 1,
            "id": "1367_0",
            "lane_type": 22
        },
        {
            "pos": {
                "x": 566791.4532485795,
                "y": 4317809.570659121,
                "yaw": -1.3416576311086348
            },
            "heading": -1.3416576311086348,
            "speeds": {
                "vmax": 15.0
            },
            "type": 1,
            "driving_direction": 1,
            "id": "1367_0",
            "lane_type": 22
        },
        {
            "pos": {
                "x": 566791.5663004887,
                "y": 4317809.083607516,
                "yaw": -1.3416576311086348
            },
            "heading": -1.3416576311086348,
            "speeds": {
                "vmax": 15.0
            },
            "type": 1,
            "driving_direction": 1,
            "id": "1367_0",
            "lane_type": 22
        },
        {
            "pos": {
                "x": 566791.6793523978,
                "y": 4317808.596555911,
                "yaw": -1.3416576311086348
            },
            "heading": -1.3416576311086348,
            "speeds": {
                "vmax": 15.0
            },
            "type": 1,
            "driving_direction": 1,
            "id": "1367_0",
            "lane_type": 22
        },
        {
            "pos": {
                "x": 566791.7924043069,
                "y": 4317808.109504306,
                "yaw": -1.3416576311086348
            },
            "heading": -1.3416576311086348,
            "speeds": {
                "vmax": 15.0
            },
            "type": 1,
            "driving_direction": 1,
            "id": "1367_0",
            "lane_type": 22
        },
        {
            "pos": {
                "x": 566791.9054562161,
                "y": 4317807.622452701,
                "yaw": -1.3416576311086348
            },
            "heading": -1.3416576311086348,
            "speeds": {
                "vmax": 15.0
            },
            "type": 1,
            "driving_direction": 1,
            "id": "1367_0",
            "lane_type": 22
        },
        {
            "pos": {
                "x": 566792.0185081252,
                "y": 4317807.135401096,
                "yaw": -1.3416576311086348
            },
            "heading": -1.3416576311086348,
            "speeds": {
                "vmax": 15.0
            },
            "type": 1,
            "driving_direction": 1,
            "id": "1367_0",
            "lane_type": 22
        },
        {
            "pos": {
                "x": 566792.1315600345,
                "y": 4317806.648349491,
                "yaw": -1.3416576311086348
            },
            "heading": -1.3416576311086348,
            "speeds": {
                "vmax": 15.0
            },
            "type": 1,
            "driving_direction": 1,
            "id": "1367_0",
            "lane_type": 22
        },
        {
            "pos": {
                "x": 566792.2446119436,
                "y": 4317806.161297887,
                "yaw": -1.3416576311086348
            },
            "heading": -1.3416576311086348,
            "speeds": {
                "vmax": 15.0
            },
            "type": 1,
            "driving_direction": 1,
            "id": "1367_0",
            "lane_type": 22
        },
        {
            "pos": {
                "x": 566792.3576638527,
                "y": 4317805.674246281,
                "yaw": -1.3416576311086348
            },
            "heading": -1.3416576311086348,
            "speeds": {
                "vmax": 15.0
            },
            "type": 1,
            "driving_direction": 1,
            "id": "1367_0",
            "lane_type": 22
        },
        {
            "pos": {
                "x": 566792.4707157619,
                "y": 4317805.187194677,
                "yaw": -1.3416576311086348
            },
            "heading": -1.3416576311086348,
            "speeds": {
                "vmax": 15.0
            },
            "type": 1,
            "driving_direction": 1,
            "id": "1367_0",
            "lane_type": 22
        },
        {
            "pos": {
                "x": 566792.583767671,
                "y": 4317804.700143072,
                "yaw": -1.3416576311086348
            },
            "heading": -1.3416576311086348,
            "speeds": {
                "vmax": 15.0
            },
            "type": 1,
            "driving_direction": 1,
            "id": "1367_0",
            "lane_type": 22
        },
        {
            "pos": {
                "x": 566792.6968195803,
                "y": 4317804.213091467,
                "yaw": -1.3416576311086348
            },
            "heading": -1.3416576311086348,
            "speeds": {
                "vmax": 15.0
            },
            "type": 1,
            "driving_direction": 1,
            "id": "1367_0",
            "lane_type": 22
        },
        {
            "pos": {
                "x": 566792.8098714894,
                "y": 4317803.726039862,
                "yaw": -1.3416576311086348
            },
            "heading": -1.3416576311086348,
            "speeds": {
                "vmax": 15.0
            },
            "type": 1,
            "driving_direction": 1,
            "id": "1367_0",
            "lane_type": 22
        },
        {
            "pos": {
                "x": 566792.9229233986,
                "y": 4317803.238988257,
                "yaw": -1.3416576311086348
            },
            "heading": -1.3416576311086348,
            "speeds": {
                "vmax": 15.0
            },
            "type": 1,
            "driving_direction": 1,
            "id": "1367_0",
            "lane_type": 22
        },
        {
            "pos": {
                "x": 566793.0359753077,
                "y": 4317802.751936652,
                "yaw": -1.3416576311086348
            },
            "heading": -1.3416576311086348,
            "speeds": {
                "vmax": 15.0
            },
            "type": 1,
            "driving_direction": 1,
            "id": "1367_0",
            "lane_type": 22
        },
        {
            "pos": {
                "x": 566793.1490272168,
                "y": 4317802.264885047,
                "yaw": -1.3416576311086348
            },
            "heading": -1.3416576311086348,
            "speeds": {
                "vmax": 15.0
            },
            "type": 1,
            "driving_direction": 1,
            "id": "1367_0",
            "lane_type": 22
        },
        {
            "pos": {
                "x": 566793.262079126,
                "y": 4317801.777833442,
                "yaw": -1.3416576311086348
            },
            "heading": -1.3416576311086348,
            "speeds": {
                "vmax": 15.0
            },
            "type": 1,
            "driving_direction": 1,
            "id": "1367_0",
            "lane_type": 22
        },
        {
            "pos": {
                "x": 566793.3751310352,
                "y": 4317801.290781838,
                "yaw": -1.3416576311086348
            },
            "heading": -1.3416576311086348,
            "speeds": {
                "vmax": 15.0
            },
            "type": 1,
            "driving_direction": 1,
            "id": "1367_0",
            "lane_type": 22
        },
        {
            "pos": {
                "x": 566793.4881829444,
                "y": 4317800.803730233,
                "yaw": -1.3416576311086348
            },
            "heading": -1.3416576311086348,
            "speeds": {
                "vmax": 15.0
            },
            "type": 1,
            "driving_direction": 1,
            "id": "1367_0",
            "lane_type": 22
        },
        {
            "pos": {
                "x": 566793.6012348535,
                "y": 4317800.316678627,
                "yaw": -1.3416576311086348
            },
            "heading": -1.3416576311086348,
            "speeds": {
                "vmax": 15.0
            },
            "type": 1,
            "driving_direction": 1,
            "id": "1367_0",
            "lane_type": 22
        },
        {
            "pos": {
                "x": 566793.7142867626,
                "y": 4317799.829627023,
                "yaw": -1.3416576311086348
            },
            "heading": -1.3416576311086348,
            "speeds": {
                "vmax": 15.0
            },
            "type": 1,
            "driving_direction": 1,
            "id": "1367_0",
            "lane_type": 22
        },
        {
            "pos": {
                "x": 566793.8273386718,
                "y": 4317799.342575418,
                "yaw": -1.3416576311086348
            },
            "heading": -1.3416576311086348,
            "speeds": {
                "vmax": 15.0
            },
            "type": 1,
            "driving_direction": 1,
            "id": "1367_0",
            "lane_type": 22
        },
        {
            "pos": {
                "x": 566793.9403905809,
                "y": 4317798.855523813,
                "yaw": -1.3416576311086348
            },
            "heading": -1.3416576311086348,
            "speeds": {
                "vmax": 15.0
            },
            "type": 1,
            "driving_direction": 1,
            "id": "1367_0",
            "lane_type": 22
        },
        {
            "pos": {
                "x": 566794.0534424902,
                "y": 4317798.368472208,
                "yaw": -1.3416576311086348
            },
            "heading": -1.3416576311086348,
            "speeds": {
                "vmax": 15.0
            },
            "type": 1,
            "driving_direction": 1,
            "id": "1367_0",
            "lane_type": 22
        },
        {
            "pos": {
                "x": 566794.1664943993,
                "y": 4317797.881420603,
                "yaw": -1.3416576311086348
            },
            "heading": -1.3416576311086348,
            "speeds": {
                "vmax": 15.0
            },
            "type": 1,
            "driving_direction": 1,
            "id": "1367_0",
            "lane_type": 22
        },
        {
            "pos": {
                "x": 566794.2795463084,
                "y": 4317797.394368999,
                "yaw": -1.3416576311086348
            },
            "heading": -1.3416576311086348,
            "speeds": {
                "vmax": 15.0
            },
            "type": 1,
            "driving_direction": 1,
            "id": "1367_0",
            "lane_type": 22
        },
        {
            "pos": {
                "x": 566794.3925982176,
                "y": 4317796.907317393,
                "yaw": -1.3416576311086348
            },
            "heading": -1.3416576311086348,
            "speeds": {
                "vmax": 15.0
            },
            "type": 1,
            "driving_direction": 1,
            "id": "1367_0",
            "lane_type": 22
        },
        {
            "pos": {
                "x": 566794.5056501267,
                "y": 4317796.420265788,
                "yaw": -1.3416576311086348
            },
            "heading": -1.3416576311086348,
            "speeds": {
                "vmax": 15.0
            },
            "type": 1,
            "driving_direction": 1,
            "id": "1367_0",
            "lane_type": 22
        },
        {
            "pos": {
                "x": 566794.618702036,
                "y": 4317795.933214184,
                "yaw": -1.3416576311086348
            },
            "heading": -1.3416576311086348,
            "speeds": {
                "vmax": 15.0
            },
            "type": 1,
            "driving_direction": 1,
            "id": "1367_0",
            "lane_type": 22
        },
        {
            "pos": {
                "x": 566794.7317539451,
                "y": 4317795.446162579,
                "yaw": -1.3416576311086348
            },
            "heading": -1.3416576311086348,
            "speeds": {
                "vmax": 15.0
            },
            "type": 1,
            "driving_direction": 1,
            "id": "1367_0",
            "lane_type": 22
        },
        {
            "pos": {
                "x": 566794.8448058543,
                "y": 4317794.959110973,
                "yaw": -1.3416576311086348
            },
            "heading": -1.3416576311086348,
            "speeds": {
                "vmax": 15.0
            },
            "type": 1,
            "driving_direction": 1,
            "id": "1367_0",
            "lane_type": 22
        },
        {
            "pos": {
                "x": 566794.9578577634,
                "y": 4317794.472059369,
                "yaw": -1.3416576311086348
            },
            "heading": -1.3416576311086348,
            "speeds": {
                "vmax": 15.0
            },
            "type": 1,
            "driving_direction": 1,
            "id": "1367_0",
            "lane_type": 22
        },
        {
            "pos": {
                "x": 566795.0709096725,
                "y": 4317793.985007764,
                "yaw": -1.3416576311086348
            },
            "heading": -1.3416576311086348,
            "speeds": {
                "vmax": 15.0
            },
            "type": 1,
            "driving_direction": 1,
            "id": "1367_0",
            "lane_type": 22
        },
        {
            "pos": {
                "x": 566795.1839615817,
                "y": 4317793.4979561595,
                "yaw": -1.3416576311086348
            },
            "heading": -1.3416576311086348,
            "speeds": {
                "vmax": 15.0
            },
            "type": 1,
            "driving_direction": 1,
            "id": "1367_0",
            "lane_type": 22
        },
        {
            "pos": {
                "x": 566795.2970134909,
                "y": 4317793.010904554,
                "yaw": -1.3416576311086348
            },
            "heading": -1.3416576311086348,
            "speeds": {
                "vmax": 15.0
            },
            "type": 1,
            "driving_direction": 1,
            "id": "1367_0",
            "lane_type": 22
        },
        {
            "pos": {
                "x": 566795.4100654001,
                "y": 4317792.523852949,
                "yaw": -1.3416576311086348
            },
            "heading": -1.3416576311086348,
            "speeds": {
                "vmax": 15.0
            },
            "type": 1,
            "driving_direction": 1,
            "id": "1367_0",
            "lane_type": 22
        },
        {
            "pos": {
                "x": 566795.5231173092,
                "y": 4317792.036801345,
                "yaw": -1.3416576311086348
            },
            "heading": -1.3416576311086348,
            "speeds": {
                "vmax": 15.0
            },
            "type": 1,
            "driving_direction": 1,
            "id": "1367_0",
            "lane_type": 22
        },
        {
            "pos": {
                "x": 566795.6361692183,
                "y": 4317791.5497497395,
                "yaw": -1.3416576311086348
            },
            "heading": -1.3416576311086348,
            "speeds": {
                "vmax": 15.0
            },
            "type": 1,
            "driving_direction": 1,
            "id": "1367_0",
            "lane_type": 22
        },
        {
            "pos": {
                "x": 566795.7492211275,
                "y": 4317791.062698134,
                "yaw": -1.3416576311086348
            },
            "heading": -1.3416576311086348,
            "speeds": {
                "vmax": 15.0
            },
            "type": 1,
            "driving_direction": 1,
            "id": "1367_0",
            "lane_type": 22
        },
        {
            "pos": {
                "x": 566795.7638817097,
                "y": 4317790.999537237,
                "yaw": -1.3416576311086348
            },
            "heading": -1.3416576311086348,
            "speeds": {
                "vmax": 15.0
            },
            "type": 1,
            "driving_direction": 1,
            "id": "1367_0",
            "lane_type": 22
        },
        {
            "pos": {
                "x": 566795.876383943,
                "y": 4317790.511865412,
                "yaw": -1.3475501136204162
            },
            "heading": -1.3475501136204162,
            "speeds": {
                "vmax": 15.0
            },
            "type": 2,
            "driving_direction": 1,
            "id": "2122_0",
            "lane_type": 3
        },
        {
            "pos": {
                "x": 566795.9921323339,
                "y": 4317790.002019518,
                "yaw": -1.3480212999684147
            },
            "heading": -1.3480212999684147,
            "speeds": {
                "vmax": 15.0
            },
            "type": 2,
            "driving_direction": 1,
            "id": "2122_0",
            "lane_type": 3
        },
        {
            "pos": {
                "x": 566796.1106513141,
                "y": 4317789.477821762,
                "yaw": -1.348392865687323
            },
            "heading": -1.348392865687323,
            "speeds": {
                "vmax": 15.0
            },
            "type": 2,
            "driving_direction": 1,
            "id": "2122_0",
            "lane_type": 3
        },
        {
            "pos": {
                "x": 566796.2292178036,
                "y": 4317788.953670355,
                "yaw": -1.3475135576308124
            },
            "heading": -1.3475135576308124,
            "speeds": {
                "vmax": 15.0
            },
            "type": 2,
            "driving_direction": 1,
            "id": "2122_0",
            "lane_type": 3
        },
        {
            "pos": {
                "x": 566796.3480473298,
                "y": 4317788.43249388,
                "yaw": -1.344729417031909
            },
            "heading": -1.344729417031909,
            "speeds": {
                "vmax": 15.0
            },
            "type": 2,
            "driving_direction": 1,
            "id": "2122_0",
            "lane_type": 3
        },
        {
            "pos": {
                "x": 566796.4698191787,
                "y": 4317787.908155582,
                "yaw": -1.3397962851905645
            },
            "heading": -1.3397962851905645,
            "speeds": {
                "vmax": 15.0
            },
            "type": 2,
            "driving_direction": 1,
            "id": "2122_0",
            "lane_type": 3
        },
        {
            "pos": {
                "x": 566796.5936436506,
                "y": 4317787.3894484015,
                "yaw": -1.334530647491419
            },
            "heading": -1.334530647491419,
            "speeds": {
                "vmax": 15.0
            },
            "type": 2,
            "driving_direction": 1,
            "id": "2122_0",
            "lane_type": 3
        },
        {
            "pos": {
                "x": 566796.7167786671,
                "y": 4317786.882647213,
                "yaw": -1.3308212458499113
            },
            "heading": -1.3308212458499113,
            "speeds": {
                "vmax": 15.0
            },
            "type": 2,
            "driving_direction": 1,
            "id": "2122_0",
            "lane_type": 3
        },
        {
            "pos": {
                "x": 566796.8514485596,
                "y": 4317786.336468975,
                "yaw": -1.3277563653008384
            },
            "heading": -1.3277563653008384,
            "speeds": {
                "vmax": 15.0
            },
            "type": 2,
            "driving_direction": 1,
            "id": "2122_0",
            "lane_type": 3
        },
        {
            "pos": {
                "x": 566796.9758444991,
                "y": 4317785.83835445,
                "yaw": -1.3175847847667312
            },
            "heading": -1.3175847847667312,
            "speeds": {
                "vmax": 15.0
            },
            "type": 2,
            "driving_direction": 1,
            "id": "2122_0",
            "lane_type": 3
        },
        {
            "pos": {
                "x": 566797.1119265863,
                "y": 4317785.337712616,
                "yaw": -1.2928618349979046
            },
            "heading": -1.2928618349979046,
            "speeds": {
                "vmax": 15.0
            },
            "type": 2,
            "driving_direction": 1,
            "id": "2122_0",
            "lane_type": 3
        },
        {
            "pos": {
                "x": 566797.265291495,
                "y": 4317784.827868145,
                "yaw": -1.2645528730043252
            },
            "heading": -1.2645528730043252,
            "speeds": {
                "vmax": 15.0
            },
            "type": 2,
            "driving_direction": 1,
            "id": "2122_0",
            "lane_type": 3
        },
        {
            "pos": {
                "x": 566797.4332383383,
                "y": 4317784.324840704,
                "yaw": -1.230884824599962
            },
            "heading": -1.230884824599962,
            "speeds": {
                "vmax": 15.0
            },
            "type": 2,
            "driving_direction": 1,
            "id": "2122_0",
            "lane_type": 3
        },
        {
            "pos": {
                "x": 566797.6214024185,
                "y": 4317783.825307969,
                "yaw": -1.182275316545862
            },
            "heading": -1.182275316545862,
            "speeds": {
                "vmax": 15.0
            },
            "type": 2,
            "driving_direction": 1,
            "id": "2122_0",
            "lane_type": 3
        },
        {
            "pos": {
                "x": 566797.8386530818,
                "y": 4317783.342250809,
                "yaw": -1.1220498190025696
            },
            "heading": -1.1220498190025696,
            "speeds": {
                "vmax": 15.0
            },
            "type": 2,
            "driving_direction": 1,
            "id": "2122_0",
            "lane_type": 3
        },
        {
            "pos": {
                "x": 566798.0837312236,
                "y": 4317782.869317502,
                "yaw": -1.0667393685147413
            },
            "heading": -1.0667393685147413,
            "speeds": {
                "vmax": 15.0
            },
            "type": 2,
            "driving_direction": 1,
            "id": "2122_0",
            "lane_type": 3
        },
        {
            "pos": {
                "x": 566798.3546712527,
                "y": 4317782.411309594,
                "yaw": -0.9978700561510618
            },
            "heading": -0.9978700561510618,
            "speeds": {
                "vmax": 15.0
            },
            "type": 2,
            "driving_direction": 1,
            "id": "2122_0",
            "lane_type": 3
        },
        {
            "pos": {
                "x": 566798.6633498629,
                "y": 4317781.979740572,
                "yaw": -0.912531416115138
            },
            "heading": -0.912531416115138,
            "speeds": {
                "vmax": 15.0
            },
            "type": 2,
            "driving_direction": 1,
            "id": "2122_0",
            "lane_type": 3
        },
        {
            "pos": {
                "x": 566799.0065890155,
                "y": 4317781.5736569455,
                "yaw": -0.8347098484688338
            },
            "heading": -0.8347098484688338,
            "speeds": {
                "vmax": 15.0
            },
            "type": 2,
            "driving_direction": 1,
            "id": "2122_0",
            "lane_type": 3
        },
        {
            "pos": {
                "x": 566799.3796101426,
                "y": 4317781.193780238,
                "yaw": -0.7668857978590898
            },
            "heading": -0.7668857978590898,
            "speeds": {
                "vmax": 15.0
            },
            "type": 2,
            "driving_direction": 1,
            "id": "2122_0",
            "lane_type": 3
        },
        {
            "pos": {
                "x": 566799.7699125651,
                "y": 4317780.840841897,
                "yaw": -0.7023584969910168
            },
            "heading": -0.7023584969910168,
            "speeds": {
                "vmax": 15.0
            },
            "type": 2,
            "driving_direction": 1,
            "id": "2122_0",
            "lane_type": 3
        },
        {
            "pos": {
                "x": 566800.1907683738,
                "y": 4317780.51205894,
                "yaw": -0.6369889485531716
            },
            "heading": -0.6369889485531716,
            "speeds": {
                "vmax": 15.0
            },
            "type": 2,
            "driving_direction": 1,
            "id": "2122_0",
            "lane_type": 3
        },
        {
            "pos": {
                "x": 566800.625822258,
                "y": 4317780.209857443,
                "yaw": -0.5750332452474884
            },
            "heading": -0.5750332452474884,
            "speeds": {
                "vmax": 15.0
            },
            "type": 2,
            "driving_direction": 1,
            "id": "2122_0",
            "lane_type": 3
        },
        {
            "pos": {
                "x": 566801.0800154612,
                "y": 4317779.9402919505,
                "yaw": -0.49985162269162264
            },
            "heading": -0.49985162269162264,
            "speeds": {
                "vmax": 15.0
            },
            "type": 2,
            "driving_direction": 1,
            "id": "2122_0",
            "lane_type": 3
        },
        {
            "pos": {
                "x": 566801.5531104063,
                "y": 4317779.707294835,
                "yaw": -0.4280222876358492
            },
            "heading": -0.4280222876358492,
            "speeds": {
                "vmax": 15.0
            },
            "type": 2,
            "driving_direction": 1,
            "id": "2122_0",
            "lane_type": 3
        },
        {
            "pos": {
                "x": 566802.0404384411,
                "y": 4317779.503925955,
                "yaw": -0.3632385220039277
            },
            "heading": -0.3632385220039277,
            "speeds": {
                "vmax": 15.0
            },
            "type": 2,
            "driving_direction": 1,
            "id": "2122_0",
            "lane_type": 3
        },
        {
            "pos": {
                "x": 566802.5390452511,
                "y": 4317779.334784424,
                "yaw": -0.2969289040040551
            },
            "heading": -0.2969289040040551,
            "speeds": {
                "vmax": 15.0
            },
            "type": 2,
            "driving_direction": 1,
            "id": "2122_0",
            "lane_type": 3
        },
        {
            "pos": {
                "x": 566803.0410770867,
                "y": 4317779.198776608,
                "yaw": -0.22895639060944709
            },
            "heading": -0.22895639060944709,
            "speeds": {
                "vmax": 15.0
            },
            "type": 2,
            "driving_direction": 1,
            "id": "2122_0",
            "lane_type": 3
        },
        {
            "pos": {
                "x": 566803.5605203107,
                "y": 4317779.097177935,
                "yaw": -0.16727965869615682
            },
            "heading": -0.16727965869615682,
            "speeds": {
                "vmax": 15.0
            },
            "type": 2,
            "driving_direction": 1,
            "id": "2122_0",
            "lane_type": 3
        },
        {
            "pos": {
                "x": 566804.080548471,
                "y": 4317779.022951679,
                "yaw": -0.11702682651979636
            },
            "heading": -0.11702682651979636,
            "speeds": {
                "vmax": 15.0
            },
            "type": 2,
            "driving_direction": 1,
            "id": "2122_0",
            "lane_type": 3
        },
        {
            "pos": {
                "x": 566804.6043337495,
                "y": 4317778.973774591,
                "yaw": -0.07210390067720611
            },
            "heading": -0.07210390067720611,
            "speeds": {
                "vmax": 15.0
            },
            "type": 2,
            "driving_direction": 1,
            "id": "2122_0",
            "lane_type": 3
        },
        {
            "pos": {
                "x": 566805.129463817,
                "y": 4317778.946483398,
                "yaw": -0.024209754339422684
            },
            "heading": -0.024209754339422684,
            "speeds": {
                "vmax": 15.0
            },
            "type": 2,
            "driving_direction": 1,
            "id": "2122_0",
            "lane_type": 3
        },
        {
            "pos": {
                "x": 566805.6574780052,
                "y": 4317778.946493703,
                "yaw": 0.024381964945944648
            },
            "heading": 0.024381964945944648,
            "speeds": {
                "vmax": 15.0
            },
            "type": 2,
            "driving_direction": 1,
            "id": "2122_0",
            "lane_type": 3
        },
        {
            "pos": {
                "x": 566806.1850929284,
                "y": 4317778.970286809,
                "yaw": 0.06519155515824132
            },
            "heading": 0.06519155515824132,
            "speeds": {
                "vmax": 15.0
            },
            "type": 2,
            "driving_direction": 1,
            "id": "2122_0",
            "lane_type": 3
        },
        {
            "pos": {
                "x": 566806.7124606592,
                "y": 4317779.01350012,
                "yaw": 0.09662587246324192
            },
            "heading": 0.09662587246324192,
            "speeds": {
                "vmax": 15.0
            },
            "type": 2,
            "driving_direction": 1,
            "id": "2122_0",
            "lane_type": 3
        },
        {
            "pos": {
                "x": 566807.2395521043,
                "y": 4317779.07130342,
                "yaw": 0.12485419647232703
            },
            "heading": 0.12485419647232703,
            "speeds": {
                "vmax": 15.0
            },
            "type": 2,
            "driving_direction": 1,
            "id": "2122_0",
            "lane_type": 3
        },
        {
            "pos": {
                "x": 566807.7641689987,
                "y": 4317779.143764435,
                "yaw": 0.14643105591404074
            },
            "heading": 0.14643105591404074,
            "speeds": {
                "vmax": 15.0
            },
            "type": 2,
            "driving_direction": 1,
            "id": "2122_0",
            "lane_type": 3
        },
        {
            "pos": {
                "x": 566808.2868583684,
                "y": 4317779.225383848,
                "yaw": 0.17005196121055147
            },
            "heading": 0.17005196121055147,
            "speeds": {
                "vmax": 15.0
            },
            "type": 2,
            "driving_direction": 1,
            "id": "2122_0",
            "lane_type": 3
        },
        {
            "pos": {
                "x": 566808.8084046929,
                "y": 4317779.321905547,
                "yaw": 0.20119790090865536
            },
            "heading": 0.20119790090865536,
            "speeds": {
                "vmax": 15.0
            },
            "type": 2,
            "driving_direction": 1,
            "id": "2122_0",
            "lane_type": 3
        },
        {
            "pos": {
                "x": 566809.3291653916,
                "y": 4317779.436361609,
                "yaw": 0.2352602894220891
            },
            "heading": 0.2352602894220891,
            "speeds": {
                "vmax": 15.0
            },
            "type": 2,
            "driving_direction": 1,
            "id": "2122_0",
            "lane_type": 3
        },
        {
            "pos": {
                "x": 566809.8423041292,
                "y": 4317779.5680337325,
                "yaw": 0.27039892685833883
            },
            "heading": 0.27039892685833883,
            "speeds": {
                "vmax": 15.0
            },
            "type": 2,
            "driving_direction": 1,
            "id": "2122_0",
            "lane_type": 3
        },
        {
            "pos": {
                "x": 566810.3500855336,
                "y": 4317779.717625815,
                "yaw": 0.30628816560034894
            },
            "heading": 0.30628816560034894,
            "speeds": {
                "vmax": 15.0
            },
            "type": 2,
            "driving_direction": 1,
            "id": "2122_0",
            "lane_type": 3
        },
        {
            "pos": {
                "x": 566810.8517074496,
                "y": 4317779.88522067,
                "yaw": 0.34100380667745167
            },
            "heading": 0.34100380667745167,
            "speeds": {
                "vmax": 15.0
            },
            "type": 2,
            "driving_direction": 1,
            "id": "2122_0",
            "lane_type": 3
        },
        {
            "pos": {
                "x": 566811.3486536583,
                "y": 4317780.069858045,
                "yaw": 0.3720704597141204
            },
            "heading": 0.3720704597141204,
            "speeds": {
                "vmax": 15.0
            },
            "type": 2,
            "driving_direction": 1,
            "id": "2122_0",
            "lane_type": 3
        },
        {
            "pos": {
                "x": 566811.8298385348,
                "y": 4317780.264383089,
                "yaw": 0.3936942118245692
            },
            "heading": 0.3936942118245692,
            "speeds": {
                "vmax": 15.0
            },
            "type": 2,
            "driving_direction": 1,
            "id": "2122_0",
            "lane_type": 3
        },
        {
            "pos": {
                "x": 566812.3178380288,
                "y": 4317780.4709272245,
                "yaw": 0.4067721677279754
            },
            "heading": 0.4067721677279754,
            "speeds": {
                "vmax": 15.0
            },
            "type": 2,
            "driving_direction": 1,
            "id": "2122_0",
            "lane_type": 3
        },
        {
            "pos": {
                "x": 566812.8013764634,
                "y": 4317780.682885377,
                "yaw": 0.4286983211196528
            },
            "heading": 0.4286983211196528,
            "speeds": {
                "vmax": 15.0
            },
            "type": 2,
            "driving_direction": 1,
            "id": "2122_0",
            "lane_type": 3
        },
        {
            "pos": {
                "x": 566813.2787208512,
                "y": 4317780.907578306,
                "yaw": 0.45571404169462054
            },
            "heading": 0.45571404169462054,
            "speeds": {
                "vmax": 15.0
            },
            "type": 2,
            "driving_direction": 1,
            "id": "2122_0",
            "lane_type": 3
        },
        {
            "pos": {
                "x": 566813.7511410273,
                "y": 4317781.145488195,
                "yaw": 0.4802116777436529
            },
            "heading": 0.4802116777436529,
            "speeds": {
                "vmax": 15.0
            },
            "type": 2,
            "driving_direction": 1,
            "id": "2122_0",
            "lane_type": 3
        },
        {
            "pos": {
                "x": 566814.2187359778,
                "y": 4317781.395089857,
                "yaw": 0.5074385601288834
            },
            "heading": 0.5074385601288834,
            "speeds": {
                "vmax": 15.0
            },
            "type": 2,
            "driving_direction": 1,
            "id": "2122_0",
            "lane_type": 3
        },
        {
            "pos": {
                "x": 566814.6799240913,
                "y": 4317781.658071479,
                "yaw": 0.5294247239963701
            },
            "heading": 0.5294247239963701,
            "speeds": {
                "vmax": 15.0
            },
            "type": 2,
            "driving_direction": 1,
            "id": "2122_0",
            "lane_type": 3
        },
        {
            "pos": {
                "x": 566815.1417490504,
                "y": 4317781.933377985,
                "yaw": 0.5512107926326403
            },
            "heading": 0.5512107926326403,
            "speeds": {
                "vmax": 15.0
            },
            "type": 2,
            "driving_direction": 1,
            "id": "2122_0",
            "lane_type": 3
        },
        {
            "pos": {
                "x": 566815.5908063215,
                "y": 4317782.214564098,
                "yaw": 0.5636114985399283
            },
            "heading": 0.5636114985399283,
            "speeds": {
                "vmax": 15.0
            },
            "type": 2,
            "driving_direction": 1,
            "id": "2122_0",
            "lane_type": 3
        },
        {
            "pos": {
                "x": 566816.0513789222,
                "y": 4317782.506985879,
                "yaw": 0.5645539131630408
            },
            "heading": 0.5645539131630408,
            "speeds": {
                "vmax": 15.0
            },
            "type": 2,
            "driving_direction": 1,
            "id": "2122_0",
            "lane_type": 3
        },
        {
            "pos": {
                "x": 566816.4871258554,
                "y": 4317782.782068206,
                "yaw": 0.5581129897887861
            },
            "heading": 0.5581129897887861,
            "speeds": {
                "vmax": 15.0
            },
            "type": 2,
            "driving_direction": 1,
            "id": "2122_0",
            "lane_type": 3
        },
        {
            "pos": {
                "x": 566816.938575718,
                "y": 4317783.061775466,
                "yaw": 0.550862916822308
            },
            "heading": 0.550862916822308,
            "speeds": {
                "vmax": 15.0
            },
            "type": 2,
            "driving_direction": 1,
            "id": "2122_0",
            "lane_type": 3
        },
        {
            "pos": {
                "x": 566817.3913124711,
                "y": 4317783.338214294,
                "yaw": 0.5450379533595342
            },
            "heading": 0.5450379533595342,
            "speeds": {
                "vmax": 15.0
            },
            "type": 2,
            "driving_direction": 1,
            "id": "2122_0",
            "lane_type": 3
        },
        {
            "pos": {
                "x": 566817.8447326048,
                "y": 4317783.611616884,
                "yaw": 0.5387855946005149
            },
            "heading": 0.5387855946005149,
            "speeds": {
                "vmax": 15.0
            },
            "type": 2,
            "driving_direction": 1,
            "id": "2122_0",
            "lane_type": 3
        },
        {
            "pos": {
                "x": 566818.304861125,
                "y": 4317783.884867562,
                "yaw": 0.5317006007272763
            },
            "heading": 0.5317006007272763,
            "speeds": {
                "vmax": 15.0
            },
            "type": 2,
            "driving_direction": 1,
            "id": "2122_0",
            "lane_type": 3
        },
        {
            "pos": {
                "x": 566818.7671984856,
                "y": 4317784.154653918,
                "yaw": 0.5226892489490597
            },
            "heading": 0.5226892489490597,
            "speeds": {
                "vmax": 15.0
            },
            "type": 2,
            "driving_direction": 1,
            "id": "2122_0",
            "lane_type": 3
        },
        {
            "pos": {
                "x": 566819.228124024,
                "y": 4317784.417053938,
                "yaw": 0.5068572615742079
            },
            "heading": 0.5068572615742079,
            "speeds": {
                "vmax": 15.0
            },
            "type": 2,
            "driving_direction": 1,
            "id": "2122_0",
            "lane_type": 3
        },
        {
            "pos": {
                "x": 566819.6905143592,
                "y": 4317784.668618039,
                "yaw": 0.4851344058502496
            },
            "heading": 0.4851344058502496,
            "speeds": {
                "vmax": 15.0
            },
            "type": 2,
            "driving_direction": 1,
            "id": "2122_0",
            "lane_type": 3
        },
        {
            "pos": {
                "x": 566820.164149624,
                "y": 4317784.912793031,
                "yaw": 0.46724768947212253
            },
            "heading": 0.46724768947212253,
            "speeds": {
                "vmax": 15.0
            },
            "type": 2,
            "driving_direction": 1,
            "id": "2122_0",
            "lane_type": 3
        }
    ]
}