{
    "header": {
        "trace_id": "233156cc2d994c20933dd81f9331f1d2",
        "trans_id": "d30094c4-7894-4c27-b520-bb18f421c59f",
        "che_id": "A530",
        "timestamp": "2025-02-18T12:23:19.192727Z"
    },
    "task_id": "233156cc2d994c20933dd81f9331f1d2",
    "navi_id": "A530_233156cc2d994c20933dd81f9331f1d2_13",
    "seq_num": 13,
    "dest_type": 1,
    "mode": 2,
    "waypoints": [
        {
            "pos": {
                "x": 566736.2777896695,
                "y": 4318014.486508442,
                "yaw": -2.4130565456443174
            },
            "heading": -2.4130565456443174,
            "speeds": {
                "vmax": 15.0
            },
            "type": 2,
            "driving_direction": 1,
            "id": "1260_0",
            "lane_type": 31
        },
        {
            "pos": {
                "x": 566735.8797470147,
                "y": 4318014.111178171,
                "yaw": -2.3594190888681847
            },
            "heading": -2.3594190888681847,
            "speeds": {
                "vmax": 15.0
            },
            "type": 2,
            "driving_direction": 1,
            "id": "1260_0",
            "lane_type": 31
        },
        {
            "pos": {
                "x": 566735.5010889601,
                "y": 4318013.715512824,
                "yaw": -2.303424437758639
            },
            "heading": -2.303424437758639,
            "speeds": {
                "vmax": 15.0
            },
            "type": 2,
            "driving_direction": 1,
            "id": "1260_0",
            "lane_type": 31
        },
        {
            "pos": {
                "x": 566735.1471201561,
                "y": 4318013.297823154,
                "yaw": -2.2418713814483704
            },
            "heading": -2.2418713814483704,
            "speeds": {
                "vmax": 15.0
            },
            "type": 2,
            "driving_direction": 1,
            "id": "1260_0",
            "lane_type": 31
        },
        {
            "pos": {
                "x": 566734.8197562394,
                "y": 4318012.858414639,
                "yaw": -2.178377703053058
            },
            "heading": -2.178377703053058,
            "speeds": {
                "vmax": 15.0
            },
            "type": 2,
            "driving_direction": 1,
            "id": "1260_0",
            "lane_type": 31
        },
        {
            "pos": {
                "x": 566734.5220654118,
                "y": 4318012.4000037955,
                "yaw": -2.115515364713951
            },
            "heading": -2.115515364713951,
            "speeds": {
                "vmax": 15.0
            },
            "type": 2,
            "driving_direction": 1,
            "id": "1260_0",
            "lane_type": 31
        },
        {
            "pos": {
                "x": 566734.2528203694,
                "y": 4318011.923712403,
                "yaw": -2.0517001683755085
            },
            "heading": -2.0517001683755085,
            "speeds": {
                "vmax": 15.0
            },
            "type": 2,
            "driving_direction": 1,
            "id": "1260_0",
            "lane_type": 31
        },
        {
            "pos": {
                "x": 566734.0158547865,
                "y": 4318011.431430292,
                "yaw": -1.990088435154637
            },
            "heading": -1.990088435154637,
            "speeds": {
                "vmax": 15.0
            },
            "type": 2,
            "driving_direction": 1,
            "id": "1260_0",
            "lane_type": 31
        },
        {
            "pos": {
                "x": 566733.8073365323,
                "y": 4318010.925718706,
                "yaw": -1.9310348259115517
            },
            "heading": -1.9310348259115517,
            "speeds": {
                "vmax": 15.0
            },
            "type": 2,
            "driving_direction": 1,
            "id": "1260_0",
            "lane_type": 31
        },
        {
            "pos": {
                "x": 566733.6297657043,
                "y": 4318010.408755973,
                "yaw": -1.8759975087140888
            },
            "heading": -1.8759975087140888,
            "speeds": {
                "vmax": 15.0
            },
            "type": 2,
            "driving_direction": 1,
            "id": "1260_0",
            "lane_type": 31
        },
        {
            "pos": {
                "x": 566733.478446278,
                "y": 4318009.883215672,
                "yaw": -1.8169627912374977
            },
            "heading": -1.8169627912374977,
            "speeds": {
                "vmax": 15.0
            },
            "type": 2,
            "driving_direction": 1,
            "id": "1260_0",
            "lane_type": 31
        },
        {
            "pos": {
                "x": 566733.3623930186,
                "y": 4318009.349679753,
                "yaw": -1.7645288746328294
            },
            "heading": -1.7645288746328294,
            "speeds": {
                "vmax": 15.0
            },
            "type": 2,
            "driving_direction": 1,
            "id": "1260_0",
            "lane_type": 31
        },
        {
            "pos": {
                "x": 566733.2676591126,
                "y": 4318008.811076834,
                "yaw": -1.7188220193638832
            },
            "heading": -1.7188220193638832,
            "speeds": {
                "vmax": 15.0
            },
            "type": 2,
            "driving_direction": 1,
            "id": "1260_0",
            "lane_type": 31
        },
        {
            "pos": {
                "x": 566733.2004187459,
                "y": 4318008.268541669,
                "yaw": -1.6656894631865933
            },
            "heading": -1.6656894631865933,
            "speeds": {
                "vmax": 15.0
            },
            "type": 2,
            "driving_direction": 1,
            "id": "1260_0",
            "lane_type": 31
        },
        {
            "pos": {
                "x": 566733.162859675,
                "y": 4318007.723159116,
                "yaw": -1.6223312165464698
            },
            "heading": -1.6223312165464698,
            "speeds": {
                "vmax": 15.0
            },
            "type": 2,
            "driving_direction": 1,
            "id": "1260_0",
            "lane_type": 31
        },
        {
            "pos": {
                "x": 566733.143807043,
                "y": 4318007.176444134,
                "yaw": -1.5785082875098357
            },
            "heading": -1.5785082875098357,
            "speeds": {
                "vmax": 15.0
            },
            "type": 2,
            "driving_direction": 1,
            "id": "1260_0",
            "lane_type": 31
        },
        {
            "pos": {
                "x": 566733.1532406772,
                "y": 4318006.630262852,
                "yaw": -1.5332740539710814
            },
            "heading": -1.5332740539710814,
            "speeds": {
                "vmax": 15.0
            },
            "type": 2,
            "driving_direction": 1,
            "id": "1260_0",
            "lane_type": 31
        },
        {
            "pos": {
                "x": 566733.1837487062,
                "y": 4318006.084613354,
                "yaw": -1.5030489457581646
            },
            "heading": -1.5030489457581646,
            "speeds": {
                "vmax": 15.0
            },
            "type": 2,
            "driving_direction": 1,
            "id": "1260_0",
            "lane_type": 31
        },
        {
            "pos": {
                "x": 566733.2270779314,
                "y": 4318005.538025025,
                "yaw": -1.4745337151778068
            },
            "heading": -1.4745337151778068,
            "speeds": {
                "vmax": 15.0
            },
            "type": 2,
            "driving_direction": 1,
            "id": "1260_0",
            "lane_type": 31
        },
        {
            "pos": {
                "x": 566733.2865351448,
                "y": 4318005.010424281,
                "yaw": -1.4392030810375258
            },
            "heading": -1.4392030810375258,
            "speeds": {
                "vmax": 15.0
            },
            "type": 2,
            "driving_direction": 1,
            "id": "1260_0",
            "lane_type": 31
        },
        {
            "pos": {
                "x": 566733.3680735584,
                "y": 4318004.4549677335,
                "yaw": -1.419922422291303
            },
            "heading": -1.419922422291303,
            "speeds": {
                "vmax": 15.0
            },
            "type": 2,
            "driving_direction": 1,
            "id": "1260_0",
            "lane_type": 31
        },
        {
            "pos": {
                "x": 566733.4527530051,
                "y": 4318003.91498312,
                "yaw": -1.41047452355249
            },
            "heading": -1.41047452355249,
            "speeds": {
                "vmax": 15.0
            },
            "type": 2,
            "driving_direction": 1,
            "id": "1260_0",
            "lane_type": 31
        },
        {
            "pos": {
                "x": 566733.5425305214,
                "y": 4318003.374820823,
                "yaw": -1.4012073064915032
            },
            "heading": -1.4012073064915032,
            "speeds": {
                "vmax": 15.0
            },
            "type": 2,
            "driving_direction": 1,
            "id": "1260_0",
            "lane_type": 31
        },
        {
            "pos": {
                "x": 566733.6344888344,
                "y": 4318002.851861389,
                "yaw": -1.391615054588363
            },
            "heading": -1.391615054588363,
            "speeds": {
                "vmax": 15.0
            },
            "type": 2,
            "driving_direction": 1,
            "id": "1260_0",
            "lane_type": 31
        },
        {
            "pos": {
                "x": 566733.7283612257,
                "y": 4318002.34652613,
                "yaw": -1.378631631805691
            },
            "heading": -1.378631631805691,
            "speeds": {
                "vmax": 15.0
            },
            "type": 2,
            "driving_direction": 1,
            "id": "1260_0",
            "lane_type": 31
        },
        {
            "pos": {
                "x": 566733.8429424266,
                "y": 4318001.771352574,
                "yaw": -1.3706809851594786
            },
            "heading": -1.3706809851594786,
            "speeds": {
                "vmax": 15.0
            },
            "type": 2,
            "driving_direction": 1,
            "id": "1260_0",
            "lane_type": 31
        },
        {
            "pos": {
                "x": 566733.952446521,
                "y": 4318001.238303164,
                "yaw": -1.3681200406316303
            },
            "heading": -1.3681200406316303,
            "speeds": {
                "vmax": 15.0
            },
            "type": 2,
            "driving_direction": 1,
            "id": "1260_0",
            "lane_type": 31
        },
        {
            "pos": {
                "x": 566734.0655617635,
                "y": 4318000.686892229,
                "yaw": -1.3716645043058882
            },
            "heading": -1.3716645043058882,
            "speeds": {
                "vmax": 15.0
            },
            "type": 2,
            "driving_direction": 1,
            "id": "1260_0",
            "lane_type": 31
        },
        {
            "pos": {
                "x": 566734.1708509877,
                "y": 4318000.158584118,
                "yaw": -1.3672614947482853
            },
            "heading": -1.3672614947482853,
            "speeds": {
                "vmax": 15.0
            },
            "type": 2,
            "driving_direction": 1,
            "id": "1260_0",
            "lane_type": 31
        },
        {
            "pos": {
                "x": 566734.277369177,
                "y": 4317999.656342609,
                "yaw": -1.3588873875149967
            },
            "heading": -1.3588873875149967,
            "speeds": {
                "vmax": 15.0
            },
            "type": 2,
            "driving_direction": 1,
            "id": "1260_0",
            "lane_type": 31
        },
        {
            "pos": {
                "x": 566734.399027967,
                "y": 4317999.095433863,
                "yaw": -1.3559681124357508
            },
            "heading": -1.3559681124357508,
            "speeds": {
                "vmax": 15.0
            },
            "type": 2,
            "driving_direction": 1,
            "id": "1260_0",
            "lane_type": 31
        },
        {
            "pos": {
                "x": 566734.5171207057,
                "y": 4317998.5566870645,
                "yaw": -1.3544049263667373
            },
            "heading": -1.3544049263667373,
            "speeds": {
                "vmax": 15.0
            },
            "type": 2,
            "driving_direction": 1,
            "id": "1260_0",
            "lane_type": 31
        },
        {
            "pos": {
                "x": 566734.6353652147,
                "y": 4317998.020075761,
                "yaw": -1.3535239520956155
            },
            "heading": -1.3535239520956155,
            "speeds": {
                "vmax": 15.0
            },
            "type": 2,
            "driving_direction": 1,
            "id": "1260_0",
            "lane_type": 31
        },
        {
            "pos": {
                "x": 566734.7537715217,
                "y": 4317997.484528947,
                "yaw": -1.3529685359094739
            },
            "heading": -1.3529685359094739,
            "speeds": {
                "vmax": 15.0
            },
            "type": 2,
            "driving_direction": 1,
            "id": "1260_0",
            "lane_type": 31
        },
        {
            "pos": {
                "x": 566734.8745044604,
                "y": 4317996.939577076,
                "yaw": -1.3526356289002388
            },
            "heading": -1.3526356289002388,
            "speeds": {
                "vmax": 15.0
            },
            "type": 2,
            "driving_direction": 1,
            "id": "1260_0",
            "lane_type": 31
        },
        {
            "pos": {
                "x": 566734.9929926468,
                "y": 4317996.40541603,
                "yaw": -1.3524522071263103
            },
            "heading": -1.3524522071263103,
            "speeds": {
                "vmax": 15.0
            },
            "type": 2,
            "driving_direction": 1,
            "id": "1260_0",
            "lane_type": 31
        },
        {
            "pos": {
                "x": 566735.1124771631,
                "y": 4317995.867044032,
                "yaw": -1.3524060521397927
            },
            "heading": -1.3524060521397927,
            "speeds": {
                "vmax": 15.0
            },
            "type": 2,
            "driving_direction": 1,
            "id": "1260_0",
            "lane_type": 31
        },
        {
            "pos": {
                "x": 566735.231713267,
                "y": 4317995.329755617,
                "yaw": -1.352482274916694
            },
            "heading": -1.352482274916694,
            "speeds": {
                "vmax": 15.0
            },
            "type": 2,
            "driving_direction": 1,
            "id": "1260_0",
            "lane_type": 31
        },
        {
            "pos": {
                "x": 566735.3508206699,
                "y": 4317994.792693243,
                "yaw": -1.3526883501504479
            },
            "heading": -1.3526883501504479,
            "speeds": {
                "vmax": 15.0
            },
            "type": 2,
            "driving_direction": 1,
            "id": "1260_0",
            "lane_type": 31
        },
        {
            "pos": {
                "x": 566735.4706294255,
                "y": 4317994.25175683,
                "yaw": -1.3530429317174448
            },
            "heading": -1.3530429317174448,
            "speeds": {
                "vmax": 15.0
            },
            "type": 2,
            "driving_direction": 1,
            "id": "1260_0",
            "lane_type": 31
        },
        {
            "pos": {
                "x": 566735.5899278738,
                "y": 4317993.711975126,
                "yaw": -1.353581658247265
            },
            "heading": -1.353581658247265,
            "speeds": {
                "vmax": 15.0
            },
            "type": 2,
            "driving_direction": 1,
            "id": "1260_0",
            "lane_type": 31
        },
        {
            "pos": {
                "x": 566735.7039795188,
                "y": 4317993.194329203,
                "yaw": -1.342334337384977
            },
            "heading": -1.342334337384977,
            "speeds": {
                "vmax": 15.0
            },
            "type": 1,
            "driving_direction": 1,
            "id": "1281_2",
            "lane_type": 22
        },
        {
            "pos": {
                "x": 566735.8169946725,
                "y": 4317992.707269068,
                "yaw": -1.342334337384977
            },
            "heading": -1.342334337384977,
            "speeds": {
                "vmax": 15.0
            },
            "type": 1,
            "driving_direction": 1,
            "id": "1281_2",
            "lane_type": 22
        },
        {
            "pos": {
                "x": 566735.9300098262,
                "y": 4317992.220208934,
                "yaw": -1.342334337384977
            },
            "heading": -1.342334337384977,
            "speeds": {
                "vmax": 15.0
            },
            "type": 1,
            "driving_direction": 1,
            "id": "1281_2",
            "lane_type": 22
        },
        {
            "pos": {
                "x": 566736.04302498,
                "y": 4317991.733148798,
                "yaw": -1.342334337384977
            },
            "heading": -1.342334337384977,
            "speeds": {
                "vmax": 15.0
            },
            "type": 1,
            "driving_direction": 1,
            "id": "1281_2",
            "lane_type": 22
        },
        {
            "pos": {
                "x": 566736.1560401337,
                "y": 4317991.246088663,
                "yaw": -1.342334337384977
            },
            "heading": -1.342334337384977,
            "speeds": {
                "vmax": 15.0
            },
            "type": 1,
            "driving_direction": 1,
            "id": "1281_2",
            "lane_type": 22
        },
        {
            "pos": {
                "x": 566736.2690552874,
                "y": 4317990.759028529,
                "yaw": -1.342334337384977
            },
            "heading": -1.342334337384977,
            "speeds": {
                "vmax": 15.0
            },
            "type": 1,
            "driving_direction": 1,
            "id": "1281_2",
            "lane_type": 22
        },
        {
            "pos": {
                "x": 566736.382070441,
                "y": 4317990.271968394,
                "yaw": -1.342334337384977
            },
            "heading": -1.342334337384977,
            "speeds": {
                "vmax": 15.0
            },
            "type": 1,
            "driving_direction": 1,
            "id": "1281_2",
            "lane_type": 22
        },
        {
            "pos": {
                "x": 566736.4950855947,
                "y": 4317989.784908258,
                "yaw": -1.342334337384977
            },
            "heading": -1.342334337384977,
            "speeds": {
                "vmax": 15.0
            },
            "type": 1,
            "driving_direction": 1,
            "id": "1281_2",
            "lane_type": 22
        },
        {
            "pos": {
                "x": 566736.6081007485,
                "y": 4317989.297848124,
                "yaw": -1.342334337384977
            },
            "heading": -1.342334337384977,
            "speeds": {
                "vmax": 15.0
            },
            "type": 1,
            "driving_direction": 1,
            "id": "1281_2",
            "lane_type": 22
        },
        {
            "pos": {
                "x": 566736.7211159022,
                "y": 4317988.810787989,
                "yaw": -1.342334337384977
            },
            "heading": -1.342334337384977,
            "speeds": {
                "vmax": 15.0
            },
            "type": 1,
            "driving_direction": 1,
            "id": "1281_2",
            "lane_type": 22
        },
        {
            "pos": {
                "x": 566736.8341310559,
                "y": 4317988.323727854,
                "yaw": -1.342334337384977
            },
            "heading": -1.342334337384977,
            "speeds": {
                "vmax": 15.0
            },
            "type": 1,
            "driving_direction": 1,
            "id": "1281_2",
            "lane_type": 22
        },
        {
            "pos": {
                "x": 566736.9471462095,
                "y": 4317987.836667719,
                "yaw": -1.342334337384977
            },
            "heading": -1.342334337384977,
            "speeds": {
                "vmax": 15.0
            },
            "type": 1,
            "driving_direction": 1,
            "id": "1281_2",
            "lane_type": 22
        },
        {
            "pos": {
                "x": 566737.0601613633,
                "y": 4317987.349607584,
                "yaw": -1.342334337384977
            },
            "heading": -1.342334337384977,
            "speeds": {
                "vmax": 15.0
            },
            "type": 1,
            "driving_direction": 1,
            "id": "1281_2",
            "lane_type": 22
        },
        {
            "pos": {
                "x": 566737.173176517,
                "y": 4317986.862547449,
                "yaw": -1.342334337384977
            },
            "heading": -1.342334337384977,
            "speeds": {
                "vmax": 15.0
            },
            "type": 1,
            "driving_direction": 1,
            "id": "1281_2",
            "lane_type": 22
        },
        {
            "pos": {
                "x": 566737.2861916707,
                "y": 4317986.375487315,
                "yaw": -1.342334337384977
            },
            "heading": -1.342334337384977,
            "speeds": {
                "vmax": 15.0
            },
            "type": 1,
            "driving_direction": 1,
            "id": "1281_2",
            "lane_type": 22
        },
        {
            "pos": {
                "x": 566737.3992068244,
                "y": 4317985.888427179,
                "yaw": -1.342334337384977
            },
            "heading": -1.342334337384977,
            "speeds": {
                "vmax": 15.0
            },
            "type": 1,
            "driving_direction": 1,
            "id": "1281_2",
            "lane_type": 22
        },
        {
            "pos": {
                "x": 566737.512221978,
                "y": 4317985.401367044,
                "yaw": -1.342334337384977
            },
            "heading": -1.342334337384977,
            "speeds": {
                "vmax": 15.0
            },
            "type": 1,
            "driving_direction": 1,
            "id": "1281_2",
            "lane_type": 22
        },
        {
            "pos": {
                "x": 566737.6252371318,
                "y": 4317984.91430691,
                "yaw": -1.342334337384977
            },
            "heading": -1.342334337384977,
            "speeds": {
                "vmax": 15.0
            },
            "type": 1,
            "driving_direction": 1,
            "id": "1281_2",
            "lane_type": 22
        },
        {
            "pos": {
                "x": 566737.7382522855,
                "y": 4317984.427246775,
                "yaw": -1.342334337384977
            },
            "heading": -1.342334337384977,
            "speeds": {
                "vmax": 15.0
            },
            "type": 1,
            "driving_direction": 1,
            "id": "1281_2",
            "lane_type": 22
        },
        {
            "pos": {
                "x": 566737.8512674392,
                "y": 4317983.940186639,
                "yaw": -1.342334337384977
            },
            "heading": -1.342334337384977,
            "speeds": {
                "vmax": 15.0
            },
            "type": 1,
            "driving_direction": 1,
            "id": "1281_2",
            "lane_type": 22
        },
        {
            "pos": {
                "x": 566737.9642825929,
                "y": 4317983.453126505,
                "yaw": -1.342334337384977
            },
            "heading": -1.342334337384977,
            "speeds": {
                "vmax": 15.0
            },
            "type": 1,
            "driving_direction": 1,
            "id": "1281_2",
            "lane_type": 22
        },
        {
            "pos": {
                "x": 566738.0772977466,
                "y": 4317982.96606637,
                "yaw": -1.342334337384977
            },
            "heading": -1.342334337384977,
            "speeds": {
                "vmax": 15.0
            },
            "type": 1,
            "driving_direction": 1,
            "id": "1281_2",
            "lane_type": 22
        },
        {
            "pos": {
                "x": 566738.1903129003,
                "y": 4317982.479006235,
                "yaw": -1.342334337384977
            },
            "heading": -1.342334337384977,
            "speeds": {
                "vmax": 15.0
            },
            "type": 1,
            "driving_direction": 1,
            "id": "1281_2",
            "lane_type": 22
        },
        {
            "pos": {
                "x": 566738.303328054,
                "y": 4317981.9919461,
                "yaw": -1.342334337384977
            },
            "heading": -1.342334337384977,
            "speeds": {
                "vmax": 15.0
            },
            "type": 1,
            "driving_direction": 1,
            "id": "1281_2",
            "lane_type": 22
        },
        {
            "pos": {
                "x": 566738.4163432077,
                "y": 4317981.504885965,
                "yaw": -1.342334337384977
            },
            "heading": -1.342334337384977,
            "speeds": {
                "vmax": 15.0
            },
            "type": 1,
            "driving_direction": 1,
            "id": "1281_2",
            "lane_type": 22
        },
        {
            "pos": {
                "x": 566738.5293583614,
                "y": 4317981.01782583,
                "yaw": -1.342334337384977
            },
            "heading": -1.342334337384977,
            "speeds": {
                "vmax": 15.0
            },
            "type": 1,
            "driving_direction": 1,
            "id": "1281_2",
            "lane_type": 22
        },
        {
            "pos": {
                "x": 566738.6423735152,
                "y": 4317980.5307656955,
                "yaw": -1.342334337384977
            },
            "heading": -1.342334337384977,
            "speeds": {
                "vmax": 15.0
            },
            "type": 1,
            "driving_direction": 1,
            "id": "1281_2",
            "lane_type": 22
        },
        {
            "pos": {
                "x": 566738.7553886689,
                "y": 4317980.04370556,
                "yaw": -1.342334337384977
            },
            "heading": -1.342334337384977,
            "speeds": {
                "vmax": 15.0
            },
            "type": 1,
            "driving_direction": 1,
            "id": "1281_2",
            "lane_type": 22
        },
        {
            "pos": {
                "x": 566738.8684038225,
                "y": 4317979.556645425,
                "yaw": -1.342334337384977
            },
            "heading": -1.342334337384977,
            "speeds": {
                "vmax": 15.0
            },
            "type": 1,
            "driving_direction": 1,
            "id": "1281_2",
            "lane_type": 22
        },
        {
            "pos": {
                "x": 566738.9814189762,
                "y": 4317979.06958529,
                "yaw": -1.342334337384977
            },
            "heading": -1.342334337384977,
            "speeds": {
                "vmax": 15.0
            },
            "type": 1,
            "driving_direction": 1,
            "id": "1281_2",
            "lane_type": 22
        },
        {
            "pos": {
                "x": 566739.0944341299,
                "y": 4317978.5825251555,
                "yaw": -1.342334337384977
            },
            "heading": -1.342334337384977,
            "speeds": {
                "vmax": 15.0
            },
            "type": 1,
            "driving_direction": 1,
            "id": "1281_2",
            "lane_type": 22
        },
        {
            "pos": {
                "x": 566739.2074492837,
                "y": 4317978.09546502,
                "yaw": -1.342334337384977
            },
            "heading": -1.342334337384977,
            "speeds": {
                "vmax": 15.0
            },
            "type": 1,
            "driving_direction": 1,
            "id": "1281_2",
            "lane_type": 22
        },
        {
            "pos": {
                "x": 566739.3204644374,
                "y": 4317977.608404885,
                "yaw": -1.342334337384977
            },
            "heading": -1.342334337384977,
            "speeds": {
                "vmax": 15.0
            },
            "type": 1,
            "driving_direction": 1,
            "id": "1281_2",
            "lane_type": 22
        },
        {
            "pos": {
                "x": 566739.433479591,
                "y": 4317977.121344751,
                "yaw": -1.342334337384977
            },
            "heading": -1.342334337384977,
            "speeds": {
                "vmax": 15.0
            },
            "type": 1,
            "driving_direction": 1,
            "id": "1281_2",
            "lane_type": 22
        },
        {
            "pos": {
                "x": 566739.5464947447,
                "y": 4317976.6342846155,
                "yaw": -1.342334337384977
            },
            "heading": -1.342334337384977,
            "speeds": {
                "vmax": 15.0
            },
            "type": 1,
            "driving_direction": 1,
            "id": "1281_2",
            "lane_type": 22
        },
        {
            "pos": {
                "x": 566739.6595098984,
                "y": 4317976.14722448,
                "yaw": -1.342334337384977
            },
            "heading": -1.342334337384977,
            "speeds": {
                "vmax": 15.0
            },
            "type": 1,
            "driving_direction": 1,
            "id": "1281_2",
            "lane_type": 22
        },
        {
            "pos": {
                "x": 566739.7725250522,
                "y": 4317975.660164346,
                "yaw": -1.342334337384977
            },
            "heading": -1.342334337384977,
            "speeds": {
                "vmax": 15.0
            },
            "type": 1,
            "driving_direction": 1,
            "id": "1281_2",
            "lane_type": 22
        },
        {
            "pos": {
                "x": 566739.8855402059,
                "y": 4317975.173104211,
                "yaw": -1.342334337384977
            },
            "heading": -1.342334337384977,
            "speeds": {
                "vmax": 15.0
            },
            "type": 1,
            "driving_direction": 1,
            "id": "1281_2",
            "lane_type": 22
        },
        {
            "pos": {
                "x": 566739.9985553595,
                "y": 4317974.6860440755,
                "yaw": -1.342334337384977
            },
            "heading": -1.342334337384977,
            "speeds": {
                "vmax": 15.0
            },
            "type": 1,
            "driving_direction": 1,
            "id": "1281_2",
            "lane_type": 22
        },
        {
            "pos": {
                "x": 566740.1115705132,
                "y": 4317974.198983941,
                "yaw": -1.342334337384977
            },
            "heading": -1.342334337384977,
            "speeds": {
                "vmax": 15.0
            },
            "type": 1,
            "driving_direction": 1,
            "id": "1281_2",
            "lane_type": 22
        },
        {
            "pos": {
                "x": 566740.224585667,
                "y": 4317973.711923806,
                "yaw": -1.342334337384977
            },
            "heading": -1.342334337384977,
            "speeds": {
                "vmax": 15.0
            },
            "type": 1,
            "driving_direction": 1,
            "id": "1281_2",
            "lane_type": 22
        },
        {
            "pos": {
                "x": 566740.3376008207,
                "y": 4317973.224863671,
                "yaw": -1.342334337384977
            },
            "heading": -1.342334337384977,
            "speeds": {
                "vmax": 15.0
            },
            "type": 1,
            "driving_direction": 1,
            "id": "1281_2",
            "lane_type": 22
        },
        {
            "pos": {
                "x": 566740.4506159744,
                "y": 4317972.7378035365,
                "yaw": -1.342334337384977
            },
            "heading": -1.342334337384977,
            "speeds": {
                "vmax": 15.0
            },
            "type": 1,
            "driving_direction": 1,
            "id": "1281_2",
            "lane_type": 22
        },
        {
            "pos": {
                "x": 566740.563631128,
                "y": 4317972.250743401,
                "yaw": -1.342334337384977
            },
            "heading": -1.342334337384977,
            "speeds": {
                "vmax": 15.0
            },
            "type": 1,
            "driving_direction": 1,
            "id": "1281_2",
            "lane_type": 22
        },
        {
            "pos": {
                "x": 566740.6766462817,
                "y": 4317971.763683266,
                "yaw": -1.342334337384977
            },
            "heading": -1.342334337384977,
            "speeds": {
                "vmax": 15.0
            },
            "type": 1,
            "driving_direction": 1,
            "id": "1281_2",
            "lane_type": 22
        },
        {
            "pos": {
                "x": 566740.7896614355,
                "y": 4317971.276623132,
                "yaw": -1.342334337384977
            },
            "heading": -1.342334337384977,
            "speeds": {
                "vmax": 15.0
            },
            "type": 1,
            "driving_direction": 1,
            "id": "1281_2",
            "lane_type": 22
        },
        {
            "pos": {
                "x": 566740.9026765892,
                "y": 4317970.7895629965,
                "yaw": -1.342334337384977
            },
            "heading": -1.342334337384977,
            "speeds": {
                "vmax": 15.0
            },
            "type": 1,
            "driving_direction": 1,
            "id": "1281_2",
            "lane_type": 22
        },
        {
            "pos": {
                "x": 566741.0156917429,
                "y": 4317970.302502861,
                "yaw": -1.342334337384977
            },
            "heading": -1.342334337384977,
            "speeds": {
                "vmax": 15.0
            },
            "type": 1,
            "driving_direction": 1,
            "id": "1281_2",
            "lane_type": 22
        },
        {
            "pos": {
                "x": 566741.1287068966,
                "y": 4317969.815442727,
                "yaw": -1.342334337384977
            },
            "heading": -1.342334337384977,
            "speeds": {
                "vmax": 15.0
            },
            "type": 1,
            "driving_direction": 1,
            "id": "1281_2",
            "lane_type": 22
        },
        {
            "pos": {
                "x": 566741.2417220502,
                "y": 4317969.328382592,
                "yaw": -1.342334337384977
            },
            "heading": -1.342334337384977,
            "speeds": {
                "vmax": 15.0
            },
            "type": 1,
            "driving_direction": 1,
            "id": "1281_2",
            "lane_type": 22
        },
        {
            "pos": {
                "x": 566741.354737204,
                "y": 4317968.8413224565,
                "yaw": -1.342334337384977
            },
            "heading": -1.342334337384977,
            "speeds": {
                "vmax": 15.0
            },
            "type": 1,
            "driving_direction": 1,
            "id": "1281_2",
            "lane_type": 22
        },
        {
            "pos": {
                "x": 566741.4677523577,
                "y": 4317968.354262322,
                "yaw": -1.342334337384977
            },
            "heading": -1.342334337384977,
            "speeds": {
                "vmax": 15.0
            },
            "type": 1,
            "driving_direction": 1,
            "id": "1281_2",
            "lane_type": 22
        },
        {
            "pos": {
                "x": 566741.5807675114,
                "y": 4317967.867202187,
                "yaw": -1.342334337384977
            },
            "heading": -1.342334337384977,
            "speeds": {
                "vmax": 15.0
            },
            "type": 1,
            "driving_direction": 1,
            "id": "1281_2",
            "lane_type": 22
        },
        {
            "pos": {
                "x": 566741.6937826651,
                "y": 4317967.380142052,
                "yaw": -1.342334337384977
            },
            "heading": -1.342334337384977,
            "speeds": {
                "vmax": 15.0
            },
            "type": 1,
            "driving_direction": 1,
            "id": "1281_2",
            "lane_type": 22
        },
        {
            "pos": {
                "x": 566741.8067978189,
                "y": 4317966.893081917,
                "yaw": -1.342334337384977
            },
            "heading": -1.342334337384977,
            "speeds": {
                "vmax": 15.0
            },
            "type": 1,
            "driving_direction": 1,
            "id": "1281_2",
            "lane_type": 22
        },
        {
            "pos": {
                "x": 566741.9198129725,
                "y": 4317966.406021782,
                "yaw": -1.342334337384977
            },
            "heading": -1.342334337384977,
            "speeds": {
                "vmax": 15.0
            },
            "type": 1,
            "driving_direction": 1,
            "id": "1281_2",
            "lane_type": 22
        },
        {
            "pos": {
                "x": 566742.0328281262,
                "y": 4317965.918961647,
                "yaw": -1.342334337384977
            },
            "heading": -1.342334337384977,
            "speeds": {
                "vmax": 15.0
            },
            "type": 1,
            "driving_direction": 1,
            "id": "1281_2",
            "lane_type": 22
        },
        {
            "pos": {
                "x": 566742.1458432799,
                "y": 4317965.431901513,
                "yaw": -1.342334337384977
            },
            "heading": -1.342334337384977,
            "speeds": {
                "vmax": 15.0
            },
            "type": 1,
            "driving_direction": 1,
            "id": "1281_2",
            "lane_type": 22
        },
        {
            "pos": {
                "x": 566742.2588584336,
                "y": 4317964.944841377,
                "yaw": -1.342334337384977
            },
            "heading": -1.342334337384977,
            "speeds": {
                "vmax": 15.0
            },
            "type": 1,
            "driving_direction": 1,
            "id": "1281_2",
            "lane_type": 22
        },
        {
            "pos": {
                "x": 566742.3718735874,
                "y": 4317964.457781242,
                "yaw": -1.342334337384977
            },
            "heading": -1.342334337384977,
            "speeds": {
                "vmax": 15.0
            },
            "type": 1,
            "driving_direction": 1,
            "id": "1281_2",
            "lane_type": 22
        },
        {
            "pos": {
                "x": 566742.484888741,
                "y": 4317963.970721108,
                "yaw": -1.342334337384977
            },
            "heading": -1.342334337384977,
            "speeds": {
                "vmax": 15.0
            },
            "type": 1,
            "driving_direction": 1,
            "id": "1281_2",
            "lane_type": 22
        },
        {
            "pos": {
                "x": 566742.5979038947,
                "y": 4317963.483660973,
                "yaw": -1.342334337384977
            },
            "heading": -1.342334337384977,
            "speeds": {
                "vmax": 15.0
            },
            "type": 1,
            "driving_direction": 1,
            "id": "1281_2",
            "lane_type": 22
        },
        {
            "pos": {
                "x": 566742.7109190484,
                "y": 4317962.996600837,
                "yaw": -1.342334337384977
            },
            "heading": -1.342334337384977,
            "speeds": {
                "vmax": 15.0
            },
            "type": 1,
            "driving_direction": 1,
            "id": "1281_2",
            "lane_type": 22
        },
        {
            "pos": {
                "x": 566742.8239342021,
                "y": 4317962.509540703,
                "yaw": -1.342334337384977
            },
            "heading": -1.342334337384977,
            "speeds": {
                "vmax": 15.0
            },
            "type": 1,
            "driving_direction": 1,
            "id": "1281_2",
            "lane_type": 22
        },
        {
            "pos": {
                "x": 566742.9369493559,
                "y": 4317962.022480568,
                "yaw": -1.342334337384977
            },
            "heading": -1.342334337384977,
            "speeds": {
                "vmax": 15.0
            },
            "type": 1,
            "driving_direction": 1,
            "id": "1281_2",
            "lane_type": 22
        },
        {
            "pos": {
                "x": 566743.0499645096,
                "y": 4317961.535420433,
                "yaw": -1.342334337384977
            },
            "heading": -1.342334337384977,
            "speeds": {
                "vmax": 15.0
            },
            "type": 1,
            "driving_direction": 1,
            "id": "1281_2",
            "lane_type": 22
        },
        {
            "pos": {
                "x": 566743.1629796632,
                "y": 4317961.048360298,
                "yaw": -1.342334337384977
            },
            "heading": -1.342334337384977,
            "speeds": {
                "vmax": 15.0
            },
            "type": 1,
            "driving_direction": 1,
            "id": "1281_2",
            "lane_type": 22
        },
        {
            "pos": {
                "x": 566743.2759948169,
                "y": 4317960.561300163,
                "yaw": -1.342334337384977
            },
            "heading": -1.342334337384977,
            "speeds": {
                "vmax": 15.0
            },
            "type": 1,
            "driving_direction": 1,
            "id": "1281_2",
            "lane_type": 22
        },
        {
            "pos": {
                "x": 566743.3890099707,
                "y": 4317960.074240028,
                "yaw": -1.342334337384977
            },
            "heading": -1.342334337384977,
            "speeds": {
                "vmax": 15.0
            },
            "type": 1,
            "driving_direction": 1,
            "id": "1281_2",
            "lane_type": 22
        },
        {
            "pos": {
                "x": 566743.5020251244,
                "y": 4317959.587179894,
                "yaw": -1.342334337384977
            },
            "heading": -1.342334337384977,
            "speeds": {
                "vmax": 15.0
            },
            "type": 1,
            "driving_direction": 1,
            "id": "1281_2",
            "lane_type": 22
        },
        {
            "pos": {
                "x": 566743.6150402781,
                "y": 4317959.100119758,
                "yaw": -1.342334337384977
            },
            "heading": -1.342334337384977,
            "speeds": {
                "vmax": 15.0
            },
            "type": 1,
            "driving_direction": 1,
            "id": "1281_2",
            "lane_type": 22
        },
        {
            "pos": {
                "x": 566743.7280554317,
                "y": 4317958.613059623,
                "yaw": -1.342334337384977
            },
            "heading": -1.342334337384977,
            "speeds": {
                "vmax": 15.0
            },
            "type": 1,
            "driving_direction": 1,
            "id": "1281_2",
            "lane_type": 22
        },
        {
            "pos": {
                "x": 566743.8410705854,
                "y": 4317958.125999489,
                "yaw": -1.342334337384977
            },
            "heading": -1.342334337384977,
            "speeds": {
                "vmax": 15.0
            },
            "type": 1,
            "driving_direction": 1,
            "id": "1281_2",
            "lane_type": 22
        },
        {
            "pos": {
                "x": 566743.9540857392,
                "y": 4317957.638939354,
                "yaw": -1.342334337384977
            },
            "heading": -1.342334337384977,
            "speeds": {
                "vmax": 15.0
            },
            "type": 1,
            "driving_direction": 1,
            "id": "1281_2",
            "lane_type": 22
        },
        {
            "pos": {
                "x": 566744.0671008929,
                "y": 4317957.151879218,
                "yaw": -1.342334337384977
            },
            "heading": -1.342334337384977,
            "speeds": {
                "vmax": 15.0
            },
            "type": 1,
            "driving_direction": 1,
            "id": "1281_2",
            "lane_type": 22
        },
        {
            "pos": {
                "x": 566744.1801160466,
                "y": 4317956.664819084,
                "yaw": -1.342334337384977
            },
            "heading": -1.342334337384977,
            "speeds": {
                "vmax": 15.0
            },
            "type": 1,
            "driving_direction": 1,
            "id": "1281_2",
            "lane_type": 22
        },
        {
            "pos": {
                "x": 566744.2931312002,
                "y": 4317956.177758949,
                "yaw": -1.342334337384977
            },
            "heading": -1.342334337384977,
            "speeds": {
                "vmax": 15.0
            },
            "type": 1,
            "driving_direction": 1,
            "id": "1281_2",
            "lane_type": 22
        },
        {
            "pos": {
                "x": 566744.4061463539,
                "y": 4317955.690698814,
                "yaw": -1.342334337384977
            },
            "heading": -1.342334337384977,
            "speeds": {
                "vmax": 15.0
            },
            "type": 1,
            "driving_direction": 1,
            "id": "1281_2",
            "lane_type": 22
        },
        {
            "pos": {
                "x": 566744.5191615077,
                "y": 4317955.203638679,
                "yaw": -1.342334337384977
            },
            "heading": -1.342334337384977,
            "speeds": {
                "vmax": 15.0
            },
            "type": 1,
            "driving_direction": 1,
            "id": "1281_2",
            "lane_type": 22
        },
        {
            "pos": {
                "x": 566744.6321766614,
                "y": 4317954.716578544,
                "yaw": -1.342334337384977
            },
            "heading": -1.342334337384977,
            "speeds": {
                "vmax": 15.0
            },
            "type": 1,
            "driving_direction": 1,
            "id": "1281_2",
            "lane_type": 22
        },
        {
            "pos": {
                "x": 566744.7451918151,
                "y": 4317954.229518409,
                "yaw": -1.342334337384977
            },
            "heading": -1.342334337384977,
            "speeds": {
                "vmax": 15.0
            },
            "type": 1,
            "driving_direction": 1,
            "id": "1281_2",
            "lane_type": 22
        },
        {
            "pos": {
                "x": 566744.8582069688,
                "y": 4317953.742458275,
                "yaw": -1.342334337384977
            },
            "heading": -1.342334337384977,
            "speeds": {
                "vmax": 15.0
            },
            "type": 1,
            "driving_direction": 1,
            "id": "1281_2",
            "lane_type": 22
        },
        {
            "pos": {
                "x": 566744.9712221225,
                "y": 4317953.255398139,
                "yaw": -1.342334337384977
            },
            "heading": -1.342334337384977,
            "speeds": {
                "vmax": 15.0
            },
            "type": 1,
            "driving_direction": 1,
            "id": "1281_2",
            "lane_type": 22
        },
        {
            "pos": {
                "x": 566745.0842372762,
                "y": 4317952.768338004,
                "yaw": -1.342334337384977
            },
            "heading": -1.342334337384977,
            "speeds": {
                "vmax": 15.0
            },
            "type": 1,
            "driving_direction": 1,
            "id": "1281_2",
            "lane_type": 22
        },
        {
            "pos": {
                "x": 566745.1972524299,
                "y": 4317952.28127787,
                "yaw": -1.342334337384977
            },
            "heading": -1.342334337384977,
            "speeds": {
                "vmax": 15.0
            },
            "type": 1,
            "driving_direction": 1,
            "id": "1281_2",
            "lane_type": 22
        },
        {
            "pos": {
                "x": 566745.3102675836,
                "y": 4317951.794217735,
                "yaw": -1.342334337384977
            },
            "heading": -1.342334337384977,
            "speeds": {
                "vmax": 15.0
            },
            "type": 1,
            "driving_direction": 1,
            "id": "1281_2",
            "lane_type": 22
        },
        {
            "pos": {
                "x": 566745.4232827373,
                "y": 4317951.307157599,
                "yaw": -1.342334337384977
            },
            "heading": -1.342334337384977,
            "speeds": {
                "vmax": 15.0
            },
            "type": 1,
            "driving_direction": 1,
            "id": "1281_2",
            "lane_type": 22
        },
        {
            "pos": {
                "x": 566745.536297891,
                "y": 4317950.820097464,
                "yaw": -1.342334337384977
            },
            "heading": -1.342334337384977,
            "speeds": {
                "vmax": 15.0
            },
            "type": 1,
            "driving_direction": 1,
            "id": "1281_2",
            "lane_type": 22
        },
        {
            "pos": {
                "x": 566745.6493130447,
                "y": 4317950.33303733,
                "yaw": -1.342334337384977
            },
            "heading": -1.342334337384977,
            "speeds": {
                "vmax": 15.0
            },
            "type": 1,
            "driving_direction": 1,
            "id": "1281_2",
            "lane_type": 22
        },
        {
            "pos": {
                "x": 566745.7623281984,
                "y": 4317949.845977195,
                "yaw": -1.342334337384977
            },
            "heading": -1.342334337384977,
            "speeds": {
                "vmax": 15.0
            },
            "type": 1,
            "driving_direction": 1,
            "id": "1281_2",
            "lane_type": 22
        },
        {
            "pos": {
                "x": 566745.8753433521,
                "y": 4317949.358917059,
                "yaw": -1.342334337384977
            },
            "heading": -1.342334337384977,
            "speeds": {
                "vmax": 15.0
            },
            "type": 1,
            "driving_direction": 1,
            "id": "1281_2",
            "lane_type": 22
        },
        {
            "pos": {
                "x": 566745.9883585058,
                "y": 4317948.871856925,
                "yaw": -1.342334337384977
            },
            "heading": -1.342334337384977,
            "speeds": {
                "vmax": 15.0
            },
            "type": 1,
            "driving_direction": 1,
            "id": "1281_2",
            "lane_type": 22
        },
        {
            "pos": {
                "x": 566746.1013736596,
                "y": 4317948.38479679,
                "yaw": -1.342334337384977
            },
            "heading": -1.342334337384977,
            "speeds": {
                "vmax": 15.0
            },
            "type": 1,
            "driving_direction": 1,
            "id": "1281_2",
            "lane_type": 22
        },
        {
            "pos": {
                "x": 566746.2143888132,
                "y": 4317947.897736655,
                "yaw": -1.342334337384977
            },
            "heading": -1.342334337384977,
            "speeds": {
                "vmax": 15.0
            },
            "type": 1,
            "driving_direction": 1,
            "id": "1281_2",
            "lane_type": 22
        },
        {
            "pos": {
                "x": 566746.3274039669,
                "y": 4317947.41067652,
                "yaw": -1.342334337384977
            },
            "heading": -1.342334337384977,
            "speeds": {
                "vmax": 15.0
            },
            "type": 1,
            "driving_direction": 1,
            "id": "1281_2",
            "lane_type": 22
        },
        {
            "pos": {
                "x": 566746.4404191206,
                "y": 4317946.923616385,
                "yaw": -1.342334337384977
            },
            "heading": -1.342334337384977,
            "speeds": {
                "vmax": 15.0
            },
            "type": 1,
            "driving_direction": 1,
            "id": "1281_2",
            "lane_type": 22
        },
        {
            "pos": {
                "x": 566746.5534342744,
                "y": 4317946.43655625,
                "yaw": -1.342334337384977
            },
            "heading": -1.342334337384977,
            "speeds": {
                "vmax": 15.0
            },
            "type": 1,
            "driving_direction": 1,
            "id": "1281_2",
            "lane_type": 22
        },
        {
            "pos": {
                "x": 566746.6664494281,
                "y": 4317945.949496116,
                "yaw": -1.342334337384977
            },
            "heading": -1.342334337384977,
            "speeds": {
                "vmax": 15.0
            },
            "type": 1,
            "driving_direction": 1,
            "id": "1281_2",
            "lane_type": 22
        },
        {
            "pos": {
                "x": 566746.7794645817,
                "y": 4317945.46243598,
                "yaw": -1.342334337384977
            },
            "heading": -1.342334337384977,
            "speeds": {
                "vmax": 15.0
            },
            "type": 1,
            "driving_direction": 1,
            "id": "1281_2",
            "lane_type": 22
        },
        {
            "pos": {
                "x": 566746.8924797354,
                "y": 4317944.975375845,
                "yaw": -1.342334337384977
            },
            "heading": -1.342334337384977,
            "speeds": {
                "vmax": 15.0
            },
            "type": 1,
            "driving_direction": 1,
            "id": "1281_2",
            "lane_type": 22
        },
        {
            "pos": {
                "x": 566747.0054948891,
                "y": 4317944.488315711,
                "yaw": -1.342334337384977
            },
            "heading": -1.342334337384977,
            "speeds": {
                "vmax": 15.0
            },
            "type": 1,
            "driving_direction": 1,
            "id": "1281_2",
            "lane_type": 22
        },
        {
            "pos": {
                "x": 566747.1185100429,
                "y": 4317944.001255576,
                "yaw": -1.342334337384977
            },
            "heading": -1.342334337384977,
            "speeds": {
                "vmax": 15.0
            },
            "type": 1,
            "driving_direction": 1,
            "id": "1281_2",
            "lane_type": 22
        },
        {
            "pos": {
                "x": 566747.2315251966,
                "y": 4317943.51419544,
                "yaw": -1.342334337384977
            },
            "heading": -1.342334337384977,
            "speeds": {
                "vmax": 15.0
            },
            "type": 1,
            "driving_direction": 1,
            "id": "1281_2",
            "lane_type": 22
        },
        {
            "pos": {
                "x": 566747.3445403503,
                "y": 4317943.027135306,
                "yaw": -1.342334337384977
            },
            "heading": -1.342334337384977,
            "speeds": {
                "vmax": 15.0
            },
            "type": 1,
            "driving_direction": 1,
            "id": "1281_2",
            "lane_type": 22
        },
        {
            "pos": {
                "x": 566747.4575555039,
                "y": 4317942.540075171,
                "yaw": -1.342334337384977
            },
            "heading": -1.342334337384977,
            "speeds": {
                "vmax": 15.0
            },
            "type": 1,
            "driving_direction": 1,
            "id": "1281_2",
            "lane_type": 22
        },
        {
            "pos": {
                "x": 566747.5705706576,
                "y": 4317942.053015036,
                "yaw": -1.342334337384977
            },
            "heading": -1.342334337384977,
            "speeds": {
                "vmax": 15.0
            },
            "type": 1,
            "driving_direction": 1,
            "id": "1281_2",
            "lane_type": 22
        },
        {
            "pos": {
                "x": 566747.6835858114,
                "y": 4317941.565954901,
                "yaw": -1.342334337384977
            },
            "heading": -1.342334337384977,
            "speeds": {
                "vmax": 15.0
            },
            "type": 1,
            "driving_direction": 1,
            "id": "1281_2",
            "lane_type": 22
        },
        {
            "pos": {
                "x": 566747.7966009651,
                "y": 4317941.078894766,
                "yaw": -1.342334337384977
            },
            "heading": -1.342334337384977,
            "speeds": {
                "vmax": 15.0
            },
            "type": 1,
            "driving_direction": 1,
            "id": "1281_2",
            "lane_type": 22
        },
        {
            "pos": {
                "x": 566747.9096161188,
                "y": 4317940.591834631,
                "yaw": -1.342334337384977
            },
            "heading": -1.342334337384977,
            "speeds": {
                "vmax": 15.0
            },
            "type": 1,
            "driving_direction": 1,
            "id": "1281_2",
            "lane_type": 22
        },
        {
            "pos": {
                "x": 566748.0226312724,
                "y": 4317940.1047744965,
                "yaw": -1.342334337384977
            },
            "heading": -1.342334337384977,
            "speeds": {
                "vmax": 15.0
            },
            "type": 1,
            "driving_direction": 1,
            "id": "1281_2",
            "lane_type": 22
        },
        {
            "pos": {
                "x": 566748.1356464262,
                "y": 4317939.617714361,
                "yaw": -1.342334337384977
            },
            "heading": -1.342334337384977,
            "speeds": {
                "vmax": 15.0
            },
            "type": 1,
            "driving_direction": 1,
            "id": "1281_2",
            "lane_type": 22
        },
        {
            "pos": {
                "x": 566748.2486615799,
                "y": 4317939.130654226,
                "yaw": -1.342334337384977
            },
            "heading": -1.342334337384977,
            "speeds": {
                "vmax": 15.0
            },
            "type": 1,
            "driving_direction": 1,
            "id": "1281_2",
            "lane_type": 22
        },
        {
            "pos": {
                "x": 566748.3616767336,
                "y": 4317938.643594092,
                "yaw": -1.342334337384977
            },
            "heading": -1.342334337384977,
            "speeds": {
                "vmax": 15.0
            },
            "type": 1,
            "driving_direction": 1,
            "id": "1281_2",
            "lane_type": 22
        },
        {
            "pos": {
                "x": 566748.4746918873,
                "y": 4317938.1565339565,
                "yaw": -1.342334337384977
            },
            "heading": -1.342334337384977,
            "speeds": {
                "vmax": 15.0
            },
            "type": 1,
            "driving_direction": 1,
            "id": "1281_2",
            "lane_type": 22
        },
        {
            "pos": {
                "x": 566748.587707041,
                "y": 4317937.669473821,
                "yaw": -1.342334337384977
            },
            "heading": -1.342334337384977,
            "speeds": {
                "vmax": 15.0
            },
            "type": 1,
            "driving_direction": 1,
            "id": "1281_2",
            "lane_type": 22
        },
        {
            "pos": {
                "x": 566748.7007221947,
                "y": 4317937.182413687,
                "yaw": -1.342334337384977
            },
            "heading": -1.342334337384977,
            "speeds": {
                "vmax": 15.0
            },
            "type": 1,
            "driving_direction": 1,
            "id": "1281_2",
            "lane_type": 22
        },
        {
            "pos": {
                "x": 566748.8137373484,
                "y": 4317936.695353552,
                "yaw": -1.342334337384977
            },
            "heading": -1.342334337384977,
            "speeds": {
                "vmax": 15.0
            },
            "type": 1,
            "driving_direction": 1,
            "id": "1281_2",
            "lane_type": 22
        },
        {
            "pos": {
                "x": 566748.9267525021,
                "y": 4317936.208293417,
                "yaw": -1.342334337384977
            },
            "heading": -1.342334337384977,
            "speeds": {
                "vmax": 15.0
            },
            "type": 1,
            "driving_direction": 1,
            "id": "1281_2",
            "lane_type": 22
        },
        {
            "pos": {
                "x": 566749.0397676558,
                "y": 4317935.721233282,
                "yaw": -1.342334337384977
            },
            "heading": -1.342334337384977,
            "speeds": {
                "vmax": 15.0
            },
            "type": 1,
            "driving_direction": 1,
            "id": "1281_2",
            "lane_type": 22
        },
        {
            "pos": {
                "x": 566749.1527828095,
                "y": 4317935.234173147,
                "yaw": -1.342334337384977
            },
            "heading": -1.342334337384977,
            "speeds": {
                "vmax": 15.0
            },
            "type": 1,
            "driving_direction": 1,
            "id": "1281_2",
            "lane_type": 22
        }
    ]
}