{
    "header": {
        "trace_id": "6ae88dd6-9078-4fc9-b546-aaf9e6b471ec",
        "trans_id": "cf37b626-bf84-4f3f-bab2-578d65f89a06",
        "che_id": "A531",
        "timestamp": "2025-02-18T12:23:21.276081Z"
    },
    "task_id": "6ae88dd6-9078-4fc9-b546-aaf9e6b471ec",
    "navi_id": "A531_6ae88dd6-9078-4fc9-b546-aaf9e6b471ec_9",
    "seq_num": 9,
    "dest_type": 3,
    "mode": 2,
    "waypoints": [
        {
            "pos": {
                "x": 566823.7589392811,
                "y": 4317782.748070036,
                "yaw": 0.2277809388192106
            },
            "heading": 0.2277809388192106,
            "speeds": {
                "vmax": 20.0
            },
            "type": 1,
            "driving_direction": 1,
            "id": "1179_1",
            "lane_type": 8
        },
        {
            "pos": {
                "x": 566824.2573316481,
                "y": 4317782.863599641,
                "yaw": 0.22778186150031784
            },
            "heading": 0.22778186150031784,
            "speeds": {
                "vmax": 20.0
            },
            "type": 1,
            "driving_direction": 1,
            "id": "1179_1",
            "lane_type": 8
        },
        {
            "pos": {
                "x": 566824.7557098493,
                "y": 4317782.97912596,
                "yaw": 0.2277814043029174
            },
            "heading": 0.2277814043029174,
            "speeds": {
                "vmax": 20.0
            },
            "type": 1,
            "driving_direction": 1,
            "id": "1179_1",
            "lane_type": 8
        },
        {
            "pos": {
                "x": 566825.2541255113,
                "y": 4317783.094660964,
                "yaw": 0.22778152154251247
            },
            "heading": 0.22778152154251247,
            "speeds": {
                "vmax": 20.0
            },
            "type": 1,
            "driving_direction": 1,
            "id": "1179_1",
            "lane_type": 8
        },
        {
            "pos": {
                "x": 566825.7525160554,
                "y": 4317783.210190145,
                "yaw": 0.22778150188684232
            },
            "heading": 0.22778150188684232,
            "speeds": {
                "vmax": 20.0
            },
            "type": 1,
            "driving_direction": 1,
            "id": "1179_1",
            "lane_type": 8
        },
        {
            "pos": {
                "x": 566826.2509151055,
                "y": 4317783.325721297,
                "yaw": 0.22778121875275342
            },
            "heading": 0.22778121875275342,
            "speeds": {
                "vmax": 20.0
            },
            "type": 1,
            "driving_direction": 1,
            "id": "1179_1",
            "lane_type": 8
        },
        {
            "pos": {
                "x": 566826.7492832544,
                "y": 4317783.441245289,
                "yaw": 0.22778114869577923
            },
            "heading": 0.22778114869577923,
            "speeds": {
                "vmax": 20.0
            },
            "type": 1,
            "driving_direction": 1,
            "id": "1179_1",
            "lane_type": 8
        },
        {
            "pos": {
                "x": 566827.2476468603,
                "y": 4317783.5567682255,
                "yaw": 0.2277810420950958
            },
            "heading": 0.2277810420950958,
            "speeds": {
                "vmax": 20.0
            },
            "type": 1,
            "driving_direction": 1,
            "id": "2127_1",
            "lane_type": 8
        },
        {
            "pos": {
                "x": 566827.7485591621,
                "y": 4317783.672881962,
                "yaw": 0.2277814201597032
            },
            "heading": 0.2277814201597032,
            "speeds": {
                "vmax": 20.0
            },
            "type": 1,
            "driving_direction": 1,
            "id": "2127_1",
            "lane_type": 8
        },
        {
            "pos": {
                "x": 566828.249497971,
                "y": 4317783.789001842,
                "yaw": 0.22778105892410266
            },
            "heading": 0.22778105892410266,
            "speeds": {
                "vmax": 20.0
            },
            "type": 1,
            "driving_direction": 1,
            "id": "2127_1",
            "lane_type": 8
        },
        {
            "pos": {
                "x": 566828.7504072586,
                "y": 4317783.90511488,
                "yaw": 0.22778212476055276
            },
            "heading": 0.22778212476055276,
            "speeds": {
                "vmax": 20.0
            },
            "type": 1,
            "driving_direction": 1,
            "id": "2127_1",
            "lane_type": 8
        },
        {
            "pos": {
                "x": 566829.2513177779,
                "y": 4317784.021228203,
                "yaw": 0.22778134390568847
            },
            "heading": 0.22778134390568847,
            "speeds": {
                "vmax": 20.0
            },
            "type": 1,
            "driving_direction": 1,
            "id": "2127_1",
            "lane_type": 8
        },
        {
            "pos": {
                "x": 566829.7522443691,
                "y": 4317784.137345251,
                "yaw": 0.22778211255100947
            },
            "heading": 0.22778211255100947,
            "speeds": {
                "vmax": 20.0
            },
            "type": 1,
            "driving_direction": 1,
            "id": "2127_1",
            "lane_type": 8
        },
        {
            "pos": {
                "x": 566830.253175363,
                "y": 4317784.25346332,
                "yaw": 0.22778124884801323
            },
            "heading": 0.22778124884801323,
            "speeds": {
                "vmax": 20.0
            },
            "type": 1,
            "driving_direction": 1,
            "id": "2127_1",
            "lane_type": 8
        },
        {
            "pos": {
                "x": 566830.7541175085,
                "y": 4317784.369583975,
                "yaw": 0.22778203878353814
            },
            "heading": 0.22778203878353814,
            "speeds": {
                "vmax": 20.0
            },
            "type": 1,
            "driving_direction": 1,
            "id": "2127_1",
            "lane_type": 8
        },
        {
            "pos": {
                "x": 566831.2550523097,
                "y": 4317784.485702926,
                "yaw": 0.2277812404360534
            },
            "heading": 0.2277812404360534,
            "speeds": {
                "vmax": 20.0
            },
            "type": 1,
            "driving_direction": 1,
            "id": "2127_1",
            "lane_type": 8
        },
        {
            "pos": {
                "x": 566831.7559790193,
                "y": 4317784.601820001,
                "yaw": 0.22778183419832748
            },
            "heading": 0.22778183419832748,
            "speeds": {
                "vmax": 20.0
            },
            "type": 1,
            "driving_direction": 1,
            "id": "2127_1",
            "lane_type": 8
        },
        {
            "pos": {
                "x": 566832.2569089102,
                "y": 4317784.717937816,
                "yaw": 0.22778188735790064
            },
            "heading": 0.22778188735790064,
            "speeds": {
                "vmax": 20.0
            },
            "type": 1,
            "driving_direction": 1,
            "id": "2127_1",
            "lane_type": 8
        },
        {
            "pos": {
                "x": 566832.7578422253,
                "y": 4317784.834056422,
                "yaw": 0.2277822636217556
            },
            "heading": 0.2277822636217556,
            "speeds": {
                "vmax": 20.0
            },
            "type": 1,
            "driving_direction": 1,
            "id": "2127_1",
            "lane_type": 8
        },
        {
            "pos": {
                "x": 566833.2587753041,
                "y": 4317784.950174975,
                "yaw": 0.22778214333062566
            },
            "heading": 0.22778214333062566,
            "speeds": {
                "vmax": 20.0
            },
            "type": 1,
            "driving_direction": 1,
            "id": "2127_1",
            "lane_type": 8
        },
        {
            "pos": {
                "x": 566833.7597090945,
                "y": 4317785.066293692,
                "yaw": 0.2277812851879559
            },
            "heading": 0.2277812851879559,
            "speeds": {
                "vmax": 20.0
            },
            "type": 1,
            "driving_direction": 1,
            "id": "2127_1",
            "lane_type": 8
        },
        {
            "pos": {
                "x": 566834.2606317146,
                "y": 4317785.182409819,
                "yaw": 0.22778103028506264
            },
            "heading": 0.22778103028506264,
            "speeds": {
                "vmax": 20.0
            },
            "type": 1,
            "driving_direction": 1,
            "id": "2127_1",
            "lane_type": 8
        },
        {
            "pos": {
                "x": 566834.7615766871,
                "y": 4317785.29853113,
                "yaw": 0.22778128554528673
            },
            "heading": 0.22778128554528673,
            "speeds": {
                "vmax": 20.0
            },
            "type": 1,
            "driving_direction": 1,
            "id": "2127_1",
            "lane_type": 8
        },
        {
            "pos": {
                "x": 566835.2624924427,
                "y": 4317785.414645666,
                "yaw": 0.22778170336741183
            },
            "heading": 0.22778170336741183,
            "speeds": {
                "vmax": 20.0
            },
            "type": 1,
            "driving_direction": 1,
            "id": "2127_1",
            "lane_type": 8
        },
        {
            "pos": {
                "x": 566835.7633932594,
                "y": 4317785.530756741,
                "yaw": 0.2277815176147685
            },
            "heading": 0.2277815176147685,
            "speeds": {
                "vmax": 20.0
            },
            "type": 1,
            "driving_direction": 1,
            "id": "2126_1",
            "lane_type": 8
        },
        {
            "pos": {
                "x": 566836.2513905519,
                "y": 4317785.64387672,
                "yaw": 0.2277809723607895
            },
            "heading": 0.2277809723607895,
            "speeds": {
                "vmax": 20.0
            },
            "type": 1,
            "driving_direction": 1,
            "id": "2126_1",
            "lane_type": 8
        },
        {
            "pos": {
                "x": 566836.7395251147,
                "y": 4317785.757028518,
                "yaw": 0.22778184617985048
            },
            "heading": 0.22778184617985048,
            "speeds": {
                "vmax": 20.0
            },
            "type": 1,
            "driving_direction": 1,
            "id": "2126_1",
            "lane_type": 8
        },
        {
            "pos": {
                "x": 566837.2276303542,
                "y": 4317785.8701735195,
                "yaw": 0.22778160359616204
            },
            "heading": 0.22778160359616204,
            "speeds": {
                "vmax": 20.0
            },
            "type": 1,
            "driving_direction": 1,
            "id": "2126_1",
            "lane_type": 8
        },
        {
            "pos": {
                "x": 566837.7157485089,
                "y": 4317785.983321514,
                "yaw": 0.2277818147004153
            },
            "heading": 0.2277818147004153,
            "speeds": {
                "vmax": 20.0
            },
            "type": 1,
            "driving_direction": 1,
            "id": "2126_1",
            "lane_type": 8
        },
        {
            "pos": {
                "x": 566838.2038692037,
                "y": 4317786.096470099,
                "yaw": 0.22778136623616352
            },
            "heading": 0.22778136623616352,
            "speeds": {
                "vmax": 20.0
            },
            "type": 1,
            "driving_direction": 1,
            "id": "2126_1",
            "lane_type": 8
        },
        {
            "pos": {
                "x": 566838.6920238629,
                "y": 4317786.209626555,
                "yaw": 0.22778146917346198
            },
            "heading": 0.22778146917346198,
            "speeds": {
                "vmax": 20.0
            },
            "type": 1,
            "driving_direction": 1,
            "id": "2126_1",
            "lane_type": 8
        },
        {
            "pos": {
                "x": 566839.1801199063,
                "y": 4317786.322769426,
                "yaw": 0.22778112727660468
            },
            "heading": 0.22778112727660468,
            "speeds": {
                "vmax": 20.0
            },
            "type": 1,
            "driving_direction": 1,
            "id": "2126_1",
            "lane_type": 8
        },
        {
            "pos": {
                "x": 566839.6682635007,
                "y": 4317786.435923317,
                "yaw": 0.22778155063270264
            },
            "heading": 0.22778155063270264,
            "speeds": {
                "vmax": 20.0
            },
            "type": 1,
            "driving_direction": 1,
            "id": "2126_1",
            "lane_type": 8
        },
        {
            "pos": {
                "x": 566840.1563377129,
                "y": 4317786.549061127,
                "yaw": 0.22778163482784264
            },
            "heading": 0.22778163482784264,
            "speeds": {
                "vmax": 20.0
            },
            "type": 1,
            "driving_direction": 1,
            "id": "2126_1",
            "lane_type": 8
        },
        {
            "pos": {
                "x": 566840.6444827756,
                "y": 4317786.6622153595,
                "yaw": 0.22778176760516583
            },
            "heading": 0.22778176760516583,
            "speeds": {
                "vmax": 20.0
            },
            "type": 1,
            "driving_direction": 1,
            "id": "2126_1",
            "lane_type": 8
        },
        {
            "pos": {
                "x": 566841.1325785614,
                "y": 4317786.775358168,
                "yaw": 0.22778145519725457
            },
            "heading": 0.22778145519725457,
            "speeds": {
                "vmax": 20.0
            },
            "type": 1,
            "driving_direction": 1,
            "id": "2126_1",
            "lane_type": 8
        },
        {
            "pos": {
                "x": 566841.6206878385,
                "y": 4317786.888504107,
                "yaw": 0.22778153014310448
            },
            "heading": 0.22778153014310448,
            "speeds": {
                "vmax": 20.0
            },
            "type": 1,
            "driving_direction": 1,
            "id": "2126_1",
            "lane_type": 8
        },
        {
            "pos": {
                "x": 566842.1088027153,
                "y": 4317787.001651341,
                "yaw": 0.2277814781741251
            },
            "heading": 0.2277814781741251,
            "speeds": {
                "vmax": 20.0
            },
            "type": 1,
            "driving_direction": 1,
            "id": "2126_1",
            "lane_type": 8
        },
        {
            "pos": {
                "x": 566842.5969186942,
                "y": 4317787.114798833,
                "yaw": 0.22778154650430665
            },
            "heading": 0.22778154650430665,
            "speeds": {
                "vmax": 20.0
            },
            "type": 1,
            "driving_direction": 1,
            "id": "2126_1",
            "lane_type": 8
        },
        {
            "pos": {
                "x": 566843.0850348196,
                "y": 4317787.227946356,
                "yaw": 0.22778150453149137
            },
            "heading": 0.22778150453149137,
            "speeds": {
                "vmax": 20.0
            },
            "type": 1,
            "driving_direction": 1,
            "id": "2126_1",
            "lane_type": 8
        },
        {
            "pos": {
                "x": 566843.5731509756,
                "y": 4317787.3410938885,
                "yaw": 0.22778146255869133
            },
            "heading": 0.22778146255869133,
            "speeds": {
                "vmax": 20.0
            },
            "type": 1,
            "driving_direction": 1,
            "id": "2126_1",
            "lane_type": 8
        },
        {
            "pos": {
                "x": 566844.0612672722,
                "y": 4317787.454241453,
                "yaw": 0.2277815779839281
            },
            "heading": 0.2277815779839281,
            "speeds": {
                "vmax": 20.0
            },
            "type": 1,
            "driving_direction": 1,
            "id": "2126_1",
            "lane_type": 8
        },
        {
            "pos": {
                "x": 566844.5493829923,
                "y": 4317787.567388884,
                "yaw": 0.22778200258914919
            },
            "heading": 0.22778200258914919,
            "speeds": {
                "vmax": 20.0
            },
            "type": 1,
            "driving_direction": 1,
            "id": "2126_1",
            "lane_type": 8
        },
        {
            "pos": {
                "x": 566845.0374924361,
                "y": 4317787.680534859,
                "yaw": 0.22778078848597627
            },
            "heading": 0.22778078848597627,
            "speeds": {
                "vmax": 20.0
            },
            "type": 1,
            "driving_direction": 1,
            "id": "2126_1",
            "lane_type": 8
        },
        {
            "pos": {
                "x": 566845.525586212,
                "y": 4317787.793677203,
                "yaw": 0.22778215072801178
            },
            "heading": 0.22778215072801178,
            "speeds": {
                "vmax": 20.0
            },
            "type": 1,
            "driving_direction": 1,
            "id": "2126_1",
            "lane_type": 8
        },
        {
            "pos": {
                "x": 566846.0137332523,
                "y": 4317787.906831894,
                "yaw": 0.22778147867158036
            },
            "heading": 0.22778147867158036,
            "speeds": {
                "vmax": 20.0
            },
            "type": 1,
            "driving_direction": 1,
            "id": "2126_1",
            "lane_type": 8
        },
        {
            "pos": {
                "x": 566846.5018223367,
                "y": 4317788.019973151,
                "yaw": 0.22778172117000126
            },
            "heading": 0.22778172117000126,
            "speeds": {
                "vmax": 20.0
            },
            "type": 1,
            "driving_direction": 1,
            "id": "2126_1",
            "lane_type": 8
        },
        {
            "pos": {
                "x": 566846.9899165838,
                "y": 4317788.1331156045,
                "yaw": 0.2277813747364221
            },
            "heading": 0.2277813747364221,
            "speeds": {
                "vmax": 20.0
            },
            "type": 1,
            "driving_direction": 1,
            "id": "2126_1",
            "lane_type": 8
        },
        {
            "pos": {
                "x": 566847.4780730049,
                "y": 4317788.246272469,
                "yaw": 0.22778154501325307
            },
            "heading": 0.22778154501325307,
            "speeds": {
                "vmax": 20.0
            },
            "type": 1,
            "driving_direction": 1,
            "id": "2126_1",
            "lane_type": 8
        },
        {
            "pos": {
                "x": 566847.9661270299,
                "y": 4317788.359405598,
                "yaw": 0.2277818941259316
            },
            "heading": 0.2277818941259316,
            "speeds": {
                "vmax": 20.0
            },
            "type": 1,
            "driving_direction": 1,
            "id": "1178_1",
            "lane_type": 3
        },
        {
            "pos": {
                "x": 566848.4467520847,
                "y": 4317788.470816659,
                "yaw": 0.22778161729800409
            },
            "heading": 0.22778161729800409,
            "speeds": {
                "vmax": 20.0
            },
            "type": 1,
            "driving_direction": 1,
            "id": "1178_1",
            "lane_type": 3
        },
        {
            "pos": {
                "x": 566848.9275297683,
                "y": 4317788.582263099,
                "yaw": 0.22778167777925917
            },
            "heading": 0.22778167777925917,
            "speeds": {
                "vmax": 20.0
            },
            "type": 1,
            "driving_direction": 1,
            "id": "1178_1",
            "lane_type": 3
        },
        {
            "pos": {
                "x": 566849.40839481,
                "y": 4317788.69372979,
                "yaw": 0.22778137479270083
            },
            "heading": 0.22778137479270083,
            "speeds": {
                "vmax": 20.0
            },
            "type": 1,
            "driving_direction": 1,
            "id": "1178_1",
            "lane_type": 3
        },
        {
            "pos": {
                "x": 566849.8891489024,
                "y": 4317788.805170761,
                "yaw": 0.22778158507701274
            },
            "heading": 0.22778158507701274,
            "speeds": {
                "vmax": 20.0
            },
            "type": 1,
            "driving_direction": 1,
            "id": "1178_1",
            "lane_type": 3
        },
        {
            "pos": {
                "x": 566850.3699267638,
                "y": 4317788.916617243,
                "yaw": 0.2277816311608877
            },
            "heading": 0.2277816311608877,
            "speeds": {
                "vmax": 20.0
            },
            "type": 1,
            "driving_direction": 1,
            "id": "1178_1",
            "lane_type": 3
        },
        {
            "pos": {
                "x": 566850.8507343271,
                "y": 4317789.02807061,
                "yaw": 0.22778156985754913
            },
            "heading": 0.22778156985754913,
            "speeds": {
                "vmax": 20.0
            },
            "type": 1,
            "driving_direction": 1,
            "id": "1178_1",
            "lane_type": 3
        },
        {
            "pos": {
                "x": 566851.3314605912,
                "y": 4317789.139505131,
                "yaw": 0.22778153332134807
            },
            "heading": 0.22778153332134807,
            "speeds": {
                "vmax": 20.0
            },
            "type": 1,
            "driving_direction": 1,
            "id": "1178_1",
            "lane_type": 3
        },
        {
            "pos": {
                "x": 566851.8123303878,
                "y": 4317789.250972925,
                "yaw": 0.22778195536348297
            },
            "heading": 0.22778195536348297,
            "speeds": {
                "vmax": 20.0
            },
            "type": 1,
            "driving_direction": 1,
            "id": "1178_1",
            "lane_type": 3
        },
        {
            "pos": {
                "x": 566852.2930558972,
                "y": 4317789.362407271,
                "yaw": 0.2277816629099343
            },
            "heading": 0.2277816629099343,
            "speeds": {
                "vmax": 20.0
            },
            "type": 1,
            "driving_direction": 1,
            "id": "1178_1",
            "lane_type": 3
        },
        {
            "pos": {
                "x": 566852.7738354157,
                "y": 4317789.473854138,
                "yaw": 0.2277814867644679
            },
            "heading": 0.2277814867644679,
            "speeds": {
                "vmax": 20.0
            },
            "type": 1,
            "driving_direction": 1,
            "id": "1178_1",
            "lane_type": 3
        },
        {
            "pos": {
                "x": 566853.2546444314,
                "y": 4317789.58530784,
                "yaw": 0.22778171306522055
            },
            "heading": 0.22778171306522055,
            "speeds": {
                "vmax": 20.0
            },
            "type": 1,
            "driving_direction": 1,
            "id": "1178_1",
            "lane_type": 3
        },
        {
            "pos": {
                "x": 566853.735398544,
                "y": 4317789.696748817,
                "yaw": 0.22778172468850233
            },
            "heading": 0.22778172468850233,
            "speeds": {
                "vmax": 20.0
            },
            "type": 1,
            "driving_direction": 1,
            "id": "1178_1",
            "lane_type": 3
        },
        {
            "pos": {
                "x": 566854.2161612686,
                "y": 4317789.808191791,
                "yaw": 0.22778183289749623
            },
            "heading": 0.22778183289749623,
            "speeds": {
                "vmax": 20.0
            },
            "type": 1,
            "driving_direction": 1,
            "id": "1178_1",
            "lane_type": 3
        },
        {
            "pos": {
                "x": 566854.696983936,
                "y": 4317789.9196486585,
                "yaw": 0.22778143540920837
            },
            "heading": 0.22778143540920837,
            "speeds": {
                "vmax": 20.0
            },
            "type": 1,
            "driving_direction": 1,
            "id": "1178_1",
            "lane_type": 3
        },
        {
            "pos": {
                "x": 566855.1777266745,
                "y": 4317790.031086998,
                "yaw": 0.22778158579750357
            },
            "heading": 0.22778158579750357,
            "speeds": {
                "vmax": 20.0
            },
            "type": 1,
            "driving_direction": 1,
            "id": "1178_1",
            "lane_type": 3
        },
        {
            "pos": {
                "x": 566855.6585249811,
                "y": 4317790.14253822,
                "yaw": 0.22778174811673818
            },
            "heading": 0.22778174811673818,
            "speeds": {
                "vmax": 20.0
            },
            "type": 1,
            "driving_direction": 1,
            "id": "1178_1",
            "lane_type": 3
        },
        {
            "pos": {
                "x": 566856.1392996865,
                "y": 4317790.253983971,
                "yaw": 0.22778135044034162
            },
            "heading": 0.22778135044034162,
            "speeds": {
                "vmax": 20.0
            },
            "type": 1,
            "driving_direction": 1,
            "id": "1178_1",
            "lane_type": 3
        },
        {
            "pos": {
                "x": 566856.6200745879,
                "y": 4317790.3654297665,
                "yaw": 0.22778180827374533
            },
            "heading": 0.22778180827374533,
            "speeds": {
                "vmax": 20.0
            },
            "type": 1,
            "driving_direction": 1,
            "id": "1178_1",
            "lane_type": 3
        },
        {
            "pos": {
                "x": 566857.1008631971,
                "y": 4317790.47687874,
                "yaw": 0.22778166776809966
            },
            "heading": 0.22778166776809966,
            "speeds": {
                "vmax": 20.0
            },
            "type": 1,
            "driving_direction": 1,
            "id": "1178_1",
            "lane_type": 3
        },
        {
            "pos": {
                "x": 566857.581642285,
                "y": 4317790.588325506,
                "yaw": 0.22778149202938217
            },
            "heading": 0.22778149202938217,
            "speeds": {
                "vmax": 20.0
            },
            "type": 1,
            "driving_direction": 1,
            "id": "1178_1",
            "lane_type": 3
        },
        {
            "pos": {
                "x": 566858.0624224364,
                "y": 4317790.699772519,
                "yaw": 0.22778141982924777
            },
            "heading": 0.22778141982924777,
            "speeds": {
                "vmax": 20.0
            },
            "type": 1,
            "driving_direction": 1,
            "id": "1178_1",
            "lane_type": 3
        },
        {
            "pos": {
                "x": 566858.5432030079,
                "y": 4317790.811219629,
                "yaw": 0.22778210043458086
            },
            "heading": 0.22778210043458086,
            "speeds": {
                "vmax": 20.0
            },
            "type": 1,
            "driving_direction": 1,
            "id": "1178_1",
            "lane_type": 3
        },
        {
            "pos": {
                "x": 566859.0239744363,
                "y": 4317790.922664619,
                "yaw": 0.22778185411018634
            },
            "heading": 0.22778185411018634,
            "speeds": {
                "vmax": 20.0
            },
            "type": 1,
            "driving_direction": 1,
            "id": "1178_1",
            "lane_type": 3
        },
        {
            "pos": {
                "x": 566859.5047686648,
                "y": 4317791.034114895,
                "yaw": 0.22778128004817894
            },
            "heading": 0.22778128004817894,
            "speeds": {
                "vmax": 20.0
            },
            "type": 1,
            "driving_direction": 1,
            "id": "1178_1",
            "lane_type": 3
        },
        {
            "pos": {
                "x": 566859.9855481824,
                "y": 4317791.14556176,
                "yaw": 0.22778185620995023
            },
            "heading": 0.22778185620995023,
            "speeds": {
                "vmax": 20.0
            },
            "type": 1,
            "driving_direction": 1,
            "id": "1178_1",
            "lane_type": 3
        },
        {
            "pos": {
                "x": 566860.4663124827,
                "y": 4317791.257005099,
                "yaw": 0.2277815766348002
            },
            "heading": 0.2277815766348002,
            "speeds": {
                "vmax": 20.0
            },
            "type": 1,
            "driving_direction": 1,
            "id": "1178_1",
            "lane_type": 3
        },
        {
            "pos": {
                "x": 566860.9471186132,
                "y": 4317791.368458134,
                "yaw": 0.22778136176439961
            },
            "heading": 0.22778136176439961,
            "speeds": {
                "vmax": 20.0
            },
            "type": 1,
            "driving_direction": 1,
            "id": "1178_1",
            "lane_type": 3
        },
        {
            "pos": {
                "x": 566861.4278600381,
                "y": 4317791.47989617,
                "yaw": 0.2277815721995661
            },
            "heading": 0.2277815721995661,
            "speeds": {
                "vmax": 20.0
            },
            "type": 1,
            "driving_direction": 1,
            "id": "1178_1",
            "lane_type": 3
        },
        {
            "pos": {
                "x": 566861.9086811747,
                "y": 4317791.591352684,
                "yaw": 0.22778199376800323
            },
            "heading": 0.22778199376800323,
            "speeds": {
                "vmax": 20.0
            },
            "type": 1,
            "driving_direction": 1,
            "id": "1178_1",
            "lane_type": 3
        },
        {
            "pos": {
                "x": 566862.3894587108,
                "y": 4317791.702799091,
                "yaw": 0.22778150454374307
            },
            "heading": 0.22778150454374307,
            "speeds": {
                "vmax": 20.0
            },
            "type": 1,
            "driving_direction": 1,
            "id": "1178_1",
            "lane_type": 3
        },
        {
            "pos": {
                "x": 566862.8702054545,
                "y": 4317791.814238358,
                "yaw": 0.22778130895757437
            },
            "heading": 0.22778130895757437,
            "speeds": {
                "vmax": 20.0
            },
            "type": 1,
            "driving_direction": 1,
            "id": "1178_1",
            "lane_type": 3
        },
        {
            "pos": {
                "x": 566863.3509649347,
                "y": 4317791.92568058,
                "yaw": 0.22778156866505553
            },
            "heading": 0.22778156866505553,
            "speeds": {
                "vmax": 20.0
            },
            "type": 1,
            "driving_direction": 1,
            "id": "1178_1",
            "lane_type": 3
        },
        {
            "pos": {
                "x": 566863.8317714212,
                "y": 4317792.037133697,
                "yaw": 0.22778153620500155
            },
            "heading": 0.22778153620500155,
            "speeds": {
                "vmax": 20.0
            },
            "type": 1,
            "driving_direction": 1,
            "id": "1178_1",
            "lane_type": 3
        },
        {
            "pos": {
                "x": 566864.3126021137,
                "y": 4317792.1485924255,
                "yaw": 0.2277817131838028
            },
            "heading": 0.2277817131838028,
            "speeds": {
                "vmax": 20.0
            },
            "type": 1,
            "driving_direction": 1,
            "id": "1178_1",
            "lane_type": 3
        },
        {
            "pos": {
                "x": 566864.7949778705,
                "y": 4317792.26040636,
                "yaw": 0.22456179627858217
            },
            "heading": 0.22456179627858217,
            "speeds": {
                "vmax": 20.0
            },
            "type": 1,
            "driving_direction": 1,
            "id": "1148_1",
            "lane_type": 8
        },
        {
            "pos": {
                "x": 566865.2933163927,
                "y": 4317792.374233772,
                "yaw": 0.2245608733050092
            },
            "heading": 0.2245608733050092,
            "speeds": {
                "vmax": 20.0
            },
            "type": 1,
            "driving_direction": 1,
            "id": "1148_1",
            "lane_type": 8
        },
        {
            "pos": {
                "x": 566865.7915923323,
                "y": 4317792.488046888,
                "yaw": 0.22456167545095176
            },
            "heading": 0.22456167545095176,
            "speeds": {
                "vmax": 20.0
            },
            "type": 1,
            "driving_direction": 1,
            "id": "1148_1",
            "lane_type": 8
        },
        {
            "pos": {
                "x": 566866.2899464264,
                "y": 4317792.601877857,
                "yaw": 0.22456108966954327
            },
            "heading": 0.22456108966954327,
            "speeds": {
                "vmax": 20.0
            },
            "type": 1,
            "driving_direction": 1,
            "id": "1148_1",
            "lane_type": 8
        },
        {
            "pos": {
                "x": 566866.7882953141,
                "y": 4317792.715707636,
                "yaw": 0.22456156425928012
            },
            "heading": 0.22456156425928012,
            "speeds": {
                "vmax": 20.0
            },
            "type": 1,
            "driving_direction": 1,
            "id": "1148_1",
            "lane_type": 8
        },
        {
            "pos": {
                "x": 566867.2866826414,
                "y": 4317792.829546195,
                "yaw": 0.22456078570643365
            },
            "heading": 0.22456078570643365,
            "speeds": {
                "vmax": 20.0
            },
            "type": 1,
            "driving_direction": 1,
            "id": "1148_1",
            "lane_type": 8
        },
        {
            "pos": {
                "x": 566867.7850022338,
                "y": 4317792.943369282,
                "yaw": 0.22456205319815128
            },
            "heading": 0.22456205319815128,
            "speeds": {
                "vmax": 20.0
            },
            "type": 1,
            "driving_direction": 1,
            "id": "1148_1",
            "lane_type": 8
        },
        {
            "pos": {
                "x": 566868.2833799932,
                "y": 4317793.057205657,
                "yaw": 0.22456162550733255
            },
            "heading": 0.22456162550733255,
            "speeds": {
                "vmax": 20.0
            },
            "type": 1,
            "driving_direction": 1,
            "id": "1148_1",
            "lane_type": 8
        },
        {
            "pos": {
                "x": 566868.7817251682,
                "y": 4317793.1710345885,
                "yaw": 0.22456180895690106
            },
            "heading": 0.22456180895690106,
            "speeds": {
                "vmax": 20.0
            },
            "type": 1,
            "driving_direction": 1,
            "id": "1148_1",
            "lane_type": 8
        },
        {
            "pos": {
                "x": 566869.2800572487,
                "y": 4317793.284860529,
                "yaw": 0.22456104795339227
            },
            "heading": 0.22456104795339227,
            "speeds": {
                "vmax": 20.0
            },
            "type": 1,
            "driving_direction": 1,
            "id": "1148_1",
            "lane_type": 8
        },
        {
            "pos": {
                "x": 566869.778403698,
                "y": 4317793.398689751,
                "yaw": 0.22456144465282152
            },
            "heading": 0.22456144465282152,
            "speeds": {
                "vmax": 20.0
            },
            "type": 1,
            "driving_direction": 1,
            "id": "1148_1",
            "lane_type": 8
        },
        {
            "pos": {
                "x": 566870.2767584685,
                "y": 4317793.512520874,
                "yaw": 0.22456149536480846
            },
            "heading": 0.22456149536480846,
            "speeds": {
                "vmax": 20.0
            },
            "type": 1,
            "driving_direction": 1,
            "id": "1148_1",
            "lane_type": 8
        },
        {
            "pos": {
                "x": 566870.7751047681,
                "y": 4317793.626350062,
                "yaw": 0.22456203930075952
            },
            "heading": 0.22456203930075952,
            "speeds": {
                "vmax": 20.0
            },
            "type": 1,
            "driving_direction": 1,
            "id": "1148_1",
            "lane_type": 8
        },
        {
            "pos": {
                "x": 566871.2734488223,
                "y": 4317793.740178737,
                "yaw": 0.22456178726451811
            },
            "heading": 0.22456178726451811,
            "speeds": {
                "vmax": 20.0
            },
            "type": 1,
            "driving_direction": 1,
            "id": "1148_1",
            "lane_type": 8
        },
        {
            "pos": {
                "x": 566871.771806426,
                "y": 4317793.8540105065,
                "yaw": 0.22456197743476683
            },
            "heading": 0.22456197743476683,
            "speeds": {
                "vmax": 20.0
            },
            "type": 1,
            "driving_direction": 1,
            "id": "1148_1",
            "lane_type": 8
        },
        {
            "pos": {
                "x": 566872.2701495357,
                "y": 4317793.967838966,
                "yaw": 0.2245603880692924
            },
            "heading": 0.2245603880692924,
            "speeds": {
                "vmax": 20.0
            },
            "type": 1,
            "driving_direction": 1,
            "id": "1148_1",
            "lane_type": 8
        },
        {
            "pos": {
                "x": 566872.7684838357,
                "y": 4317794.081665413,
                "yaw": 0.22456173471977944
            },
            "heading": 0.22456173471977944,
            "speeds": {
                "vmax": 20.0
            },
            "type": 1,
            "driving_direction": 1,
            "id": "1148_1",
            "lane_type": 8
        },
        {
            "pos": {
                "x": 566873.2668393046,
                "y": 4317794.195496695,
                "yaw": 0.22456156273030514
            },
            "heading": 0.22456156273030514,
            "speeds": {
                "vmax": 20.0
            },
            "type": 1,
            "driving_direction": 1,
            "id": "1148_1",
            "lane_type": 8
        },
        {
            "pos": {
                "x": 566873.7652112598,
                "y": 4317794.309331743,
                "yaw": 0.2245613212422477
            },
            "heading": 0.2245613212422477,
            "speeds": {
                "vmax": 20.0
            },
            "type": 1,
            "driving_direction": 1,
            "id": "1148_1",
            "lane_type": 8
        },
        {
            "pos": {
                "x": 566874.2635629822,
                "y": 4317794.42316217,
                "yaw": 0.22456136001071292
            },
            "heading": 0.22456136001071292,
            "speeds": {
                "vmax": 20.0
            },
            "type": 1,
            "driving_direction": 1,
            "id": "1148_1",
            "lane_type": 8
        },
        {
            "pos": {
                "x": 566874.7618542672,
                "y": 4317794.536978792,
                "yaw": 0.22456116622840136
            },
            "heading": 0.22456116622840136,
            "speeds": {
                "vmax": 20.0
            },
            "type": 1,
            "driving_direction": 1,
            "id": "1351_1",
            "lane_type": 8
        },
        {
            "pos": {
                "x": 566875.2515442164,
                "y": 4317794.64883065,
                "yaw": 0.22456113949326953
            },
            "heading": 0.22456113949326953,
            "speeds": {
                "vmax": 20.0
            },
            "type": 1,
            "driving_direction": 1,
            "id": "1351_1",
            "lane_type": 8
        },
        {
            "pos": {
                "x": 566875.7413155307,
                "y": 4317794.760701094,
                "yaw": 0.2245616423888346
            },
            "heading": 0.2245616423888346,
            "speeds": {
                "vmax": 20.0
            },
            "type": 1,
            "driving_direction": 1,
            "id": "1351_1",
            "lane_type": 8
        },
        {
            "pos": {
                "x": 566876.2310512987,
                "y": 4317794.872563418,
                "yaw": 0.22456017323568775
            },
            "heading": 0.22456017323568775,
            "speeds": {
                "vmax": 20.0
            },
            "type": 1,
            "driving_direction": 1,
            "id": "1351_1",
            "lane_type": 8
        },
        {
            "pos": {
                "x": 566876.7208243054,
                "y": 4317794.984434247,
                "yaw": 0.22456060890316218
            },
            "heading": 0.22456060890316218,
            "speeds": {
                "vmax": 20.0
            },
            "type": 1,
            "driving_direction": 1,
            "id": "1351_1",
            "lane_type": 8
        },
        {
            "pos": {
                "x": 566877.210553027,
                "y": 4317795.096294962,
                "yaw": 0.22456060553059515
            },
            "heading": 0.22456060553059515,
            "speeds": {
                "vmax": 20.0
            },
            "type": 1,
            "driving_direction": 1,
            "id": "1351_1",
            "lane_type": 8
        },
        {
            "pos": {
                "x": 566877.7003036786,
                "y": 4317795.208160685,
                "yaw": 0.2245610063249697
            },
            "heading": 0.2245610063249697,
            "speeds": {
                "vmax": 20.0
            },
            "type": 1,
            "driving_direction": 1,
            "id": "1351_1",
            "lane_type": 8
        },
        {
            "pos": {
                "x": 566878.1900559341,
                "y": 4317795.320026776,
                "yaw": 0.2245608669148463
            },
            "heading": 0.2245608669148463,
            "speeds": {
                "vmax": 20.0
            },
            "type": 1,
            "driving_direction": 1,
            "id": "1351_1",
            "lane_type": 8
        },
        {
            "pos": {
                "x": 566878.6798039818,
                "y": 4317795.431891905,
                "yaw": 0.2245613035513319
            },
            "heading": 0.2245613035513319,
            "speeds": {
                "vmax": 20.0
            },
            "type": 1,
            "driving_direction": 1,
            "id": "1351_1",
            "lane_type": 8
        },
        {
            "pos": {
                "x": 566879.1695543294,
                "y": 4317795.543757559,
                "yaw": 0.22456122368293727
            },
            "heading": 0.22456122368293727,
            "speeds": {
                "vmax": 20.0
            },
            "type": 1,
            "driving_direction": 1,
            "id": "1351_1",
            "lane_type": 8
        },
        {
            "pos": {
                "x": 566879.6592996542,
                "y": 4317795.655622065,
                "yaw": 0.22456191976985276
            },
            "heading": 0.22456191976985276,
            "speeds": {
                "vmax": 20.0
            },
            "type": 1,
            "driving_direction": 1,
            "id": "1351_1",
            "lane_type": 8
        },
        {
            "pos": {
                "x": 566880.1490565124,
                "y": 4317795.767489206,
                "yaw": 0.22456138437787707
            },
            "heading": 0.22456138437787707,
            "speeds": {
                "vmax": 20.0
            },
            "type": 1,
            "driving_direction": 1,
            "id": "1351_1",
            "lane_type": 8
        },
        {
            "pos": {
                "x": 566880.6388070099,
                "y": 4317795.879354895,
                "yaw": 0.2245604641870677
            },
            "heading": 0.2245604641870677,
            "speeds": {
                "vmax": 20.0
            },
            "type": 1,
            "driving_direction": 1,
            "id": "1351_1",
            "lane_type": 8
        },
        {
            "pos": {
                "x": 566881.128520207,
                "y": 4317795.991212067,
                "yaw": 0.18837875616547003
            },
            "heading": 0.18837875616547003,
            "speeds": {
                "vmax": 15.0
            },
            "type": 2,
            "driving_direction": 1,
            "id": "1855_0",
            "lane_type": 4
        },
        {
            "pos": {
                "x": 566881.6194793403,
                "y": 4317796.084807159,
                "yaw": 0.1880750808641203
            },
            "heading": 0.1880750808641203,
            "speeds": {
                "vmax": 15.0
            },
            "type": 2,
            "driving_direction": 1,
            "id": "1855_0",
            "lane_type": 4
        },
        {
            "pos": {
                "x": 566882.1104943362,
                "y": 4317796.17810484,
                "yaw": 0.1875566246383713
            },
            "heading": 0.1875566246383713,
            "speeds": {
                "vmax": 15.0
            },
            "type": 2,
            "driving_direction": 1,
            "id": "1855_0",
            "lane_type": 4
        },
        {
            "pos": {
                "x": 566882.6015493209,
                "y": 4317796.271192019,
                "yaw": 0.18721362803210959
            },
            "heading": 0.18721362803210959,
            "speeds": {
                "vmax": 15.0
            },
            "type": 2,
            "driving_direction": 1,
            "id": "1855_0",
            "lane_type": 4
        },
        {
            "pos": {
                "x": 566883.092628719,
                "y": 4317796.364153227,
                "yaw": 0.1870417611339481
            },
            "heading": 0.1870417611339481,
            "speeds": {
                "vmax": 15.0
            },
            "type": 2,
            "driving_direction": 1,
            "id": "1855_0",
            "lane_type": 4
        },
        {
            "pos": {
                "x": 566883.5837171068,
                "y": 4317796.457071584,
                "yaw": 0.18703821809837393
            },
            "heading": 0.18703821809837393,
            "speeds": {
                "vmax": 15.0
            },
            "type": 2,
            "driving_direction": 1,
            "id": "1855_0",
            "lane_type": 4
        },
        {
            "pos": {
                "x": 566884.0747991344,
                "y": 4317796.550029743,
                "yaw": 0.1872035688032185
            },
            "heading": 0.1872035688032185,
            "speeds": {
                "vmax": 15.0
            },
            "type": 2,
            "driving_direction": 1,
            "id": "1855_0",
            "lane_type": 4
        },
        {
            "pos": {
                "x": 566884.5658594687,
                "y": 4317796.643110808,
                "yaw": 0.18753926098050788
            },
            "heading": 0.18753926098050788,
            "speeds": {
                "vmax": 15.0
            },
            "type": 2,
            "driving_direction": 1,
            "id": "1855_0",
            "lane_type": 4
        },
        {
            "pos": {
                "x": 566885.0568827186,
                "y": 4317796.736399278,
                "yaw": 0.18804898223983657
            },
            "heading": 0.18804898223983657,
            "speeds": {
                "vmax": 15.0
            },
            "type": 2,
            "driving_direction": 1,
            "id": "1855_0",
            "lane_type": 4
        },
        {
            "pos": {
                "x": 566885.5478532887,
                "y": 4317796.829982008,
                "yaw": 0.18873879718178235
            },
            "heading": 0.18873879718178235,
            "speeds": {
                "vmax": 15.0
            },
            "type": 2,
            "driving_direction": 1,
            "id": "1855_0",
            "lane_type": 4
        },
        {
            "pos": {
                "x": 566886.0387551121,
                "y": 4317796.923949238,
                "yaw": 0.18961637500806178
            },
            "heading": 0.18961637500806178,
            "speeds": {
                "vmax": 15.0
            },
            "type": 2,
            "driving_direction": 1,
            "id": "1855_0",
            "lane_type": 4
        },
        {
            "pos": {
                "x": 566886.529571198,
                "y": 4317797.018395696,
                "yaw": 0.1906925019600405
            },
            "heading": 0.1906925019600405,
            "speeds": {
                "vmax": 15.0
            },
            "type": 2,
            "driving_direction": 1,
            "id": "1855_0",
            "lane_type": 4
        },
        {
            "pos": {
                "x": 566887.0202829204,
                "y": 4317797.1134218,
                "yaw": 0.19197984746892038
            },
            "heading": 0.19197984746892038,
            "speeds": {
                "vmax": 15.0
            },
            "type": 2,
            "driving_direction": 1,
            "id": "1855_0",
            "lane_type": 4
        },
        {
            "pos": {
                "x": 566887.5108689405,
                "y": 4317797.209135021,
                "yaw": 0.19365590284720582
            },
            "heading": 0.19365590284720582,
            "speeds": {
                "vmax": 15.0
            },
            "type": 2,
            "driving_direction": 1,
            "id": "1855_0",
            "lane_type": 4
        },
        {
            "pos": {
                "x": 566888.0012216073,
                "y": 4317797.3057985455,
                "yaw": 0.19596891173715916
            },
            "heading": 0.19596891173715916,
            "speeds": {
                "vmax": 15.0
            },
            "type": 2,
            "driving_direction": 1,
            "id": "1855_0",
            "lane_type": 4
        },
        {
            "pos": {
                "x": 566888.491343308,
                "y": 4317797.403775045,
                "yaw": 0.19841479458753017
            },
            "heading": 0.19841479458753017,
            "speeds": {
                "vmax": 15.0
            },
            "type": 2,
            "driving_direction": 1,
            "id": "1855_0",
            "lane_type": 4
        },
        {
            "pos": {
                "x": 566888.9812699993,
                "y": 4317797.502845185,
                "yaw": 0.2003727753070294
            },
            "heading": 0.2003727753070294,
            "speeds": {
                "vmax": 15.0
            },
            "type": 2,
            "driving_direction": 1,
            "id": "1855_0",
            "lane_type": 4
        },
        {
            "pos": {
                "x": 566889.4710327571,
                "y": 4317797.602745853,
                "yaw": 0.20179576220314693
            },
            "heading": 0.20179576220314693,
            "speeds": {
                "vmax": 15.0
            },
            "type": 2,
            "driving_direction": 1,
            "id": "1855_0",
            "lane_type": 4
        },
        {
            "pos": {
                "x": 566889.96065504,
                "y": 4317797.703205897,
                "yaw": 0.20267007005360108
            },
            "heading": 0.20267007005360108,
            "speeds": {
                "vmax": 15.0
            },
            "type": 2,
            "driving_direction": 1,
            "id": "1855_0",
            "lane_type": 4
        },
        {
            "pos": {
                "x": 566890.4502583735,
                "y": 4317797.803966251,
                "yaw": 0.20297838198084125
            },
            "heading": 0.20297838198084125,
            "speeds": {
                "vmax": 15.0
            },
            "type": 2,
            "driving_direction": 1,
            "id": "1855_0",
            "lane_type": 4
        },
        {
            "pos": {
                "x": 566890.9398471834,
                "y": 4317797.904734358,
                "yaw": 0.2027011988284316
            },
            "heading": 0.2027011988284316,
            "speeds": {
                "vmax": 15.0
            },
            "type": 2,
            "driving_direction": 1,
            "id": "1855_0",
            "lane_type": 4
        },
        {
            "pos": {
                "x": 566891.4294812942,
                "y": 4317798.005217807,
                "yaw": 0.20181378788007523
            },
            "heading": 0.20181378788007523,
            "speeds": {
                "vmax": 15.0
            },
            "type": 2,
            "driving_direction": 1,
            "id": "1855_0",
            "lane_type": 4
        },
        {
            "pos": {
                "x": 566891.9192775271,
                "y": 4317798.105122743,
                "yaw": 0.2002885382778854
            },
            "heading": 0.2002885382778854,
            "speeds": {
                "vmax": 15.0
            },
            "type": 2,
            "driving_direction": 1,
            "id": "1855_0",
            "lane_type": 4
        },
        {
            "pos": {
                "x": 566892.4092035446,
                "y": 4317798.204109383,
                "yaw": 0.19809282406188888
            },
            "heading": 0.19809282406188888,
            "speeds": {
                "vmax": 15.0
            },
            "type": 2,
            "driving_direction": 1,
            "id": "1855_0",
            "lane_type": 4
        },
        {
            "pos": {
                "x": 566892.8994566957,
                "y": 4317798.301866898,
                "yaw": 0.1951888852523741
            },
            "heading": 0.1951888852523741,
            "speeds": {
                "vmax": 15.0
            },
            "type": 2,
            "driving_direction": 1,
            "id": "1855_0",
            "lane_type": 4
        },
        {
            "pos": {
                "x": 566893.3899626778,
                "y": 4317798.398009045,
                "yaw": 0.19190817927814657
            },
            "heading": 0.19190817927814657,
            "speeds": {
                "vmax": 15.0
            },
            "type": 2,
            "driving_direction": 1,
            "id": "1855_0",
            "lane_type": 4
        },
        {
            "pos": {
                "x": 566893.8808266381,
                "y": 4317798.492546551,
                "yaw": 0.18909273424822165
            },
            "heading": 0.18909273424822165,
            "speeds": {
                "vmax": 15.0
            },
            "type": 2,
            "driving_direction": 1,
            "id": "1855_0",
            "lane_type": 4
        },
        {
            "pos": {
                "x": 566894.3718876159,
                "y": 4317798.585929871,
                "yaw": 0.18681504561724008
            },
            "heading": 0.18681504561724008,
            "speeds": {
                "vmax": 15.0
            },
            "type": 2,
            "driving_direction": 1,
            "id": "1855_0",
            "lane_type": 4
        },
        {
            "pos": {
                "x": 566894.8631739586,
                "y": 4317798.67822821,
                "yaw": 0.1847074108031722
            },
            "heading": 0.1847074108031722,
            "speeds": {
                "vmax": 15.0
            },
            "type": 2,
            "driving_direction": 1,
            "id": "1855_0",
            "lane_type": 4
        },
        {
            "pos": {
                "x": 566895.3546172616,
                "y": 4317798.769539595,
                "yaw": 0.18287740105184233
            },
            "heading": 0.18287740105184233,
            "speeds": {
                "vmax": 15.0
            },
            "type": 2,
            "driving_direction": 1,
            "id": "1855_0",
            "lane_type": 4
        },
        {
            "pos": {
                "x": 566895.8461932053,
                "y": 4317798.860031538,
                "yaw": 0.18142746148576153
            },
            "heading": 0.18142746148576153,
            "speeds": {
                "vmax": 15.0
            },
            "type": 2,
            "driving_direction": 1,
            "id": "1855_0",
            "lane_type": 4
        },
        {
            "pos": {
                "x": 566896.3379039122,
                "y": 4317798.949918656,
                "yaw": 0.18041383865878438
            },
            "heading": 0.18041383865878438,
            "speeds": {
                "vmax": 15.0
            },
            "type": 2,
            "driving_direction": 1,
            "id": "1855_0",
            "lane_type": 4
        },
        {
            "pos": {
                "x": 566896.8297011071,
                "y": 4317799.039421223,
                "yaw": 0.17983883211238044
            },
            "heading": 0.17983883211238044,
            "speeds": {
                "vmax": 15.0
            },
            "type": 2,
            "driving_direction": 1,
            "id": "1855_0",
            "lane_type": 4
        },
        {
            "pos": {
                "x": 566897.3214891455,
                "y": 4317799.128738686,
                "yaw": 0.1796601385229624
            },
            "heading": 0.1796601385229624,
            "speeds": {
                "vmax": 15.0
            },
            "type": 2,
            "driving_direction": 1,
            "id": "1855_0",
            "lane_type": 4
        },
        {
            "pos": {
                "x": 566897.813216741,
                "y": 4317799.218046891,
                "yaw": 0.17980331984495984
            },
            "heading": 0.17980331984495984,
            "speeds": {
                "vmax": 15.0
            },
            "type": 2,
            "driving_direction": 1,
            "id": "1855_0",
            "lane_type": 4
        },
        {
            "pos": {
                "x": 566898.3049504533,
                "y": 4317799.307498209,
                "yaw": 0.17945880101052383
            },
            "heading": 0.17945880101052383,
            "speeds": {
                "vmax": 15.0
            },
            "type": 2,
            "driving_direction": 1,
            "id": "1855_0",
            "lane_type": 4
        },
        {
            "pos": {
                "x": 566898.7969240001,
                "y": 4317799.396497369,
                "yaw": 0.17817030860229208
            },
            "heading": 0.17817030860229208,
            "speeds": {
                "vmax": 15.0
            },
            "type": 2,
            "driving_direction": 1,
            "id": "1855_0",
            "lane_type": 4
        },
        {
            "pos": {
                "x": 566899.2887753026,
                "y": 4317799.484662846,
                "yaw": 0.17679663512941385
            },
            "heading": 0.17679663512941385,
            "speeds": {
                "vmax": 15.0
            },
            "type": 2,
            "driving_direction": 1,
            "id": "1855_0",
            "lane_type": 4
        },
        {
            "pos": {
                "x": 566899.781003494,
                "y": 4317799.572314916,
                "yaw": 0.1758190617699576
            },
            "heading": 0.1758190617699576,
            "speeds": {
                "vmax": 15.0
            },
            "type": 2,
            "driving_direction": 1,
            "id": "1855_0",
            "lane_type": 4
        },
        {
            "pos": {
                "x": 566900.2733135215,
                "y": 4317799.659569388,
                "yaw": 0.17514050474487833
            },
            "heading": 0.17514050474487833,
            "speeds": {
                "vmax": 15.0
            },
            "type": 2,
            "driving_direction": 1,
            "id": "1855_0",
            "lane_type": 4
        },
        {
            "pos": {
                "x": 566900.765564613,
                "y": 4317799.746536563,
                "yaw": 0.1747053739944592
            },
            "heading": 0.1747053739944592,
            "speeds": {
                "vmax": 15.0
            },
            "type": 2,
            "driving_direction": 1,
            "id": "1855_0",
            "lane_type": 4
        },
        {
            "pos": {
                "x": 566901.2578372085,
                "y": 4317799.833342619,
                "yaw": 0.17447487724673386
            },
            "heading": 0.17447487724673386,
            "speeds": {
                "vmax": 15.0
            },
            "type": 2,
            "driving_direction": 1,
            "id": "1855_0",
            "lane_type": 4
        },
        {
            "pos": {
                "x": 566901.750179912,
                "y": 4317799.920092432,
                "yaw": 0.1744266287906864
            },
            "heading": 0.1744266287906864,
            "speeds": {
                "vmax": 15.0
            },
            "type": 2,
            "driving_direction": 1,
            "id": "1855_0",
            "lane_type": 4
        },
        {
            "pos": {
                "x": 566902.242527009,
                "y": 4317800.006862991,
                "yaw": 0.17454915739691718
            },
            "heading": 0.17454915739691718,
            "speeds": {
                "vmax": 15.0
            },
            "type": 2,
            "driving_direction": 1,
            "id": "1855_0",
            "lane_type": 4
        }
    ]
}