{
    "header": {
        "trace_id": "03bbc71ebf4b408ebad477048040f130",
        "trans_id": "b683f6c0-76c1-4766-8fb0-0668884cd3a2",
        "che_id": "A532",
        "timestamp": "2025-02-18T12:22:01.841406Z"
    },
    "task_id": "03bbc71ebf4b408ebad477048040f130",
    "navi_id": "A532_03bbc71ebf4b408ebad477048040f130_22",
    "seq_num": 22,
    "dest_type": 6,
    "mode": 2,
    "waypoints": [
        {
            "pos": {
                "x": 566908.4941775181,
                "y": 4317947.611823261,
                "yaw": 1.7983661653953904
            },
            "heading": 1.7983661653953904,
            "speeds": {
                "vmax": 20.0
            },
            "type": 1,
            "driving_direction": 1,
            "id": "1003_2",
            "lane_type": 1
        },
        {
            "pos": {
                "x": 566908.3814103901,
                "y": 4317948.09894088,
                "yaw": 1.7983661653953904
            },
            "heading": 1.7983661653953904,
            "speeds": {
                "vmax": 20.0
            },
            "type": 1,
            "driving_direction": 1,
            "id": "1003_2",
            "lane_type": 1
        },
        {
            "pos": {
                "x": 566908.2686432623,
                "y": 4317948.586058498,
                "yaw": 1.7983661653953904
            },
            "heading": 1.7983661653953904,
            "speeds": {
                "vmax": 20.0
            },
            "type": 1,
            "driving_direction": 1,
            "id": "1003_2",
            "lane_type": 1
        },
        {
            "pos": {
                "x": 566908.1558761344,
                "y": 4317949.073176118,
                "yaw": 1.7983661653953904
            },
            "heading": 1.7983661653953904,
            "speeds": {
                "vmax": 20.0
            },
            "type": 1,
            "driving_direction": 1,
            "id": "1003_2",
            "lane_type": 1
        },
        {
            "pos": {
                "x": 566908.0431090066,
                "y": 4317949.560293737,
                "yaw": 1.7983661653953904
            },
            "heading": 1.7983661653953904,
            "speeds": {
                "vmax": 20.0
            },
            "type": 1,
            "driving_direction": 1,
            "id": "1003_2",
            "lane_type": 1
        },
        {
            "pos": {
                "x": 566907.9303418787,
                "y": 4317950.047411356,
                "yaw": 1.7983661653953904
            },
            "heading": 1.7983661653953904,
            "speeds": {
                "vmax": 20.0
            },
            "type": 1,
            "driving_direction": 1,
            "id": "1003_2",
            "lane_type": 1
        },
        {
            "pos": {
                "x": 566907.8175747507,
                "y": 4317950.534528975,
                "yaw": 1.7983661653953904
            },
            "heading": 1.7983661653953904,
            "speeds": {
                "vmax": 20.0
            },
            "type": 1,
            "driving_direction": 1,
            "id": "1003_2",
            "lane_type": 1
        },
        {
            "pos": {
                "x": 566907.7048076229,
                "y": 4317951.021646595,
                "yaw": 1.7983661653953904
            },
            "heading": 1.7983661653953904,
            "speeds": {
                "vmax": 20.0
            },
            "type": 1,
            "driving_direction": 1,
            "id": "1003_2",
            "lane_type": 1
        },
        {
            "pos": {
                "x": 566907.592040495,
                "y": 4317951.508764214,
                "yaw": 1.7983661653953904
            },
            "heading": 1.7983661653953904,
            "speeds": {
                "vmax": 20.0
            },
            "type": 1,
            "driving_direction": 1,
            "id": "1003_2",
            "lane_type": 1
        },
        {
            "pos": {
                "x": 566907.4792733672,
                "y": 4317951.995881833,
                "yaw": 1.7983661653953904
            },
            "heading": 1.7983661653953904,
            "speeds": {
                "vmax": 20.0
            },
            "type": 1,
            "driving_direction": 1,
            "id": "1003_2",
            "lane_type": 1
        },
        {
            "pos": {
                "x": 566907.3665062393,
                "y": 4317952.482999451,
                "yaw": 1.7983661653953904
            },
            "heading": 1.7983661653953904,
            "speeds": {
                "vmax": 20.0
            },
            "type": 1,
            "driving_direction": 1,
            "id": "1003_2",
            "lane_type": 1
        },
        {
            "pos": {
                "x": 566907.2537391114,
                "y": 4317952.970117071,
                "yaw": 1.7983661653953904
            },
            "heading": 1.7983661653953904,
            "speeds": {
                "vmax": 20.0
            },
            "type": 1,
            "driving_direction": 1,
            "id": "1003_2",
            "lane_type": 1
        },
        {
            "pos": {
                "x": 566907.1409719836,
                "y": 4317953.45723469,
                "yaw": 1.7983661653953904
            },
            "heading": 1.7983661653953904,
            "speeds": {
                "vmax": 20.0
            },
            "type": 1,
            "driving_direction": 1,
            "id": "1003_2",
            "lane_type": 1
        },
        {
            "pos": {
                "x": 566907.0282048556,
                "y": 4317953.944352309,
                "yaw": 1.7983661653953904
            },
            "heading": 1.7983661653953904,
            "speeds": {
                "vmax": 20.0
            },
            "type": 1,
            "driving_direction": 1,
            "id": "1003_2",
            "lane_type": 1
        },
        {
            "pos": {
                "x": 566906.9154377278,
                "y": 4317954.4314699285,
                "yaw": 1.7983661653953904
            },
            "heading": 1.7983661653953904,
            "speeds": {
                "vmax": 20.0
            },
            "type": 1,
            "driving_direction": 1,
            "id": "1003_2",
            "lane_type": 1
        },
        {
            "pos": {
                "x": 566906.8026705999,
                "y": 4317954.918587548,
                "yaw": 1.7983661653953904
            },
            "heading": 1.7983661653953904,
            "speeds": {
                "vmax": 20.0
            },
            "type": 1,
            "driving_direction": 1,
            "id": "1003_2",
            "lane_type": 1
        },
        {
            "pos": {
                "x": 566906.689903472,
                "y": 4317955.405705167,
                "yaw": 1.7983661653953904
            },
            "heading": 1.7983661653953904,
            "speeds": {
                "vmax": 20.0
            },
            "type": 1,
            "driving_direction": 1,
            "id": "1003_2",
            "lane_type": 1
        },
        {
            "pos": {
                "x": 566906.5771363442,
                "y": 4317955.892822785,
                "yaw": 1.7983661653953904
            },
            "heading": 1.7983661653953904,
            "speeds": {
                "vmax": 20.0
            },
            "type": 1,
            "driving_direction": 1,
            "id": "1003_2",
            "lane_type": 1
        },
        {
            "pos": {
                "x": 566906.4643692162,
                "y": 4317956.379940405,
                "yaw": 1.7983661653953904
            },
            "heading": 1.7983661653953904,
            "speeds": {
                "vmax": 20.0
            },
            "type": 1,
            "driving_direction": 1,
            "id": "1003_2",
            "lane_type": 1
        },
        {
            "pos": {
                "x": 566906.3516020884,
                "y": 4317956.867058024,
                "yaw": 1.7983661653953904
            },
            "heading": 1.7983661653953904,
            "speeds": {
                "vmax": 20.0
            },
            "type": 1,
            "driving_direction": 1,
            "id": "1003_2",
            "lane_type": 1
        },
        {
            "pos": {
                "x": 566906.2388349605,
                "y": 4317957.354175643,
                "yaw": 1.7983661653953904
            },
            "heading": 1.7983661653953904,
            "speeds": {
                "vmax": 20.0
            },
            "type": 1,
            "driving_direction": 1,
            "id": "1003_2",
            "lane_type": 1
        },
        {
            "pos": {
                "x": 566906.1260678326,
                "y": 4317957.841293262,
                "yaw": 1.7983661653953904
            },
            "heading": 1.7983661653953904,
            "speeds": {
                "vmax": 20.0
            },
            "type": 1,
            "driving_direction": 1,
            "id": "1003_2",
            "lane_type": 1
        },
        {
            "pos": {
                "x": 566906.0133007048,
                "y": 4317958.328410882,
                "yaw": 1.7983661653953904
            },
            "heading": 1.7983661653953904,
            "speeds": {
                "vmax": 20.0
            },
            "type": 1,
            "driving_direction": 1,
            "id": "1003_2",
            "lane_type": 1
        },
        {
            "pos": {
                "x": 566905.9005335768,
                "y": 4317958.815528501,
                "yaw": 1.7983661653953904
            },
            "heading": 1.7983661653953904,
            "speeds": {
                "vmax": 20.0
            },
            "type": 1,
            "driving_direction": 1,
            "id": "1003_2",
            "lane_type": 1
        },
        {
            "pos": {
                "x": 566905.7877664489,
                "y": 4317959.30264612,
                "yaw": 1.7983661653953904
            },
            "heading": 1.7983661653953904,
            "speeds": {
                "vmax": 20.0
            },
            "type": 1,
            "driving_direction": 1,
            "id": "1003_2",
            "lane_type": 1
        },
        {
            "pos": {
                "x": 566905.6749993211,
                "y": 4317959.789763738,
                "yaw": 1.7983661653953904
            },
            "heading": 1.7983661653953904,
            "speeds": {
                "vmax": 20.0
            },
            "type": 1,
            "driving_direction": 1,
            "id": "1003_2",
            "lane_type": 1
        },
        {
            "pos": {
                "x": 566905.5622321932,
                "y": 4317960.276881358,
                "yaw": 1.7983661653953904
            },
            "heading": 1.7983661653953904,
            "speeds": {
                "vmax": 20.0
            },
            "type": 1,
            "driving_direction": 1,
            "id": "1003_2",
            "lane_type": 1
        },
        {
            "pos": {
                "x": 566905.4494650654,
                "y": 4317960.763998977,
                "yaw": 1.7983661653953904
            },
            "heading": 1.7983661653953904,
            "speeds": {
                "vmax": 20.0
            },
            "type": 1,
            "driving_direction": 1,
            "id": "1003_2",
            "lane_type": 1
        },
        {
            "pos": {
                "x": 566905.3366979375,
                "y": 4317961.251116596,
                "yaw": 1.7983661653953904
            },
            "heading": 1.7983661653953904,
            "speeds": {
                "vmax": 20.0
            },
            "type": 1,
            "driving_direction": 1,
            "id": "1003_2",
            "lane_type": 1
        },
        {
            "pos": {
                "x": 566905.2239308095,
                "y": 4317961.738234215,
                "yaw": 1.7983661653953904
            },
            "heading": 1.7983661653953904,
            "speeds": {
                "vmax": 20.0
            },
            "type": 1,
            "driving_direction": 1,
            "id": "1003_2",
            "lane_type": 1
        },
        {
            "pos": {
                "x": 566905.1111636817,
                "y": 4317962.225351835,
                "yaw": 1.7983661653953904
            },
            "heading": 1.7983661653953904,
            "speeds": {
                "vmax": 20.0
            },
            "type": 1,
            "driving_direction": 1,
            "id": "1003_2",
            "lane_type": 1
        },
        {
            "pos": {
                "x": 566904.9983965538,
                "y": 4317962.712469454,
                "yaw": 1.7983661653953904
            },
            "heading": 1.7983661653953904,
            "speeds": {
                "vmax": 20.0
            },
            "type": 1,
            "driving_direction": 1,
            "id": "1003_2",
            "lane_type": 1
        },
        {
            "pos": {
                "x": 566904.885629426,
                "y": 4317963.199587073,
                "yaw": 1.7983661653953904
            },
            "heading": 1.7983661653953904,
            "speeds": {
                "vmax": 20.0
            },
            "type": 1,
            "driving_direction": 1,
            "id": "1003_2",
            "lane_type": 1
        },
        {
            "pos": {
                "x": 566904.7728622981,
                "y": 4317963.6867046915,
                "yaw": 1.7983661653953904
            },
            "heading": 1.7983661653953904,
            "speeds": {
                "vmax": 20.0
            },
            "type": 1,
            "driving_direction": 1,
            "id": "1003_2",
            "lane_type": 1
        },
        {
            "pos": {
                "x": 566904.6600951701,
                "y": 4317964.173822311,
                "yaw": 1.7983661653953904
            },
            "heading": 1.7983661653953904,
            "speeds": {
                "vmax": 20.0
            },
            "type": 1,
            "driving_direction": 1,
            "id": "1003_2",
            "lane_type": 1
        },
        {
            "pos": {
                "x": 566904.5473280423,
                "y": 4317964.66093993,
                "yaw": 1.7983661653953904
            },
            "heading": 1.7983661653953904,
            "speeds": {
                "vmax": 20.0
            },
            "type": 1,
            "driving_direction": 1,
            "id": "1003_2",
            "lane_type": 1
        },
        {
            "pos": {
                "x": 566904.4345609144,
                "y": 4317965.148057549,
                "yaw": 1.7983661653953904
            },
            "heading": 1.7983661653953904,
            "speeds": {
                "vmax": 20.0
            },
            "type": 1,
            "driving_direction": 1,
            "id": "1003_2",
            "lane_type": 1
        },
        {
            "pos": {
                "x": 566904.3217937866,
                "y": 4317965.6351751685,
                "yaw": 1.7983661653953904
            },
            "heading": 1.7983661653953904,
            "speeds": {
                "vmax": 20.0
            },
            "type": 1,
            "driving_direction": 1,
            "id": "1003_2",
            "lane_type": 1
        },
        {
            "pos": {
                "x": 566904.2090266587,
                "y": 4317966.122292788,
                "yaw": 1.7983661653953904
            },
            "heading": 1.7983661653953904,
            "speeds": {
                "vmax": 20.0
            },
            "type": 1,
            "driving_direction": 1,
            "id": "1003_2",
            "lane_type": 1
        },
        {
            "pos": {
                "x": 566904.0962595308,
                "y": 4317966.609410407,
                "yaw": 1.7983661653953904
            },
            "heading": 1.7983661653953904,
            "speeds": {
                "vmax": 20.0
            },
            "type": 1,
            "driving_direction": 1,
            "id": "1003_2",
            "lane_type": 1
        },
        {
            "pos": {
                "x": 566903.983492403,
                "y": 4317967.096528025,
                "yaw": 1.7983661653953904
            },
            "heading": 1.7983661653953904,
            "speeds": {
                "vmax": 20.0
            },
            "type": 1,
            "driving_direction": 1,
            "id": "1003_2",
            "lane_type": 1
        },
        {
            "pos": {
                "x": 566903.870725275,
                "y": 4317967.583645645,
                "yaw": 1.7983661653953904
            },
            "heading": 1.7983661653953904,
            "speeds": {
                "vmax": 20.0
            },
            "type": 1,
            "driving_direction": 1,
            "id": "1003_2",
            "lane_type": 1
        },
        {
            "pos": {
                "x": 566903.7579581472,
                "y": 4317968.070763264,
                "yaw": 1.7983661653953904
            },
            "heading": 1.7983661653953904,
            "speeds": {
                "vmax": 20.0
            },
            "type": 1,
            "driving_direction": 1,
            "id": "1003_2",
            "lane_type": 1
        },
        {
            "pos": {
                "x": 566903.6451910193,
                "y": 4317968.557880883,
                "yaw": 1.7983661653953904
            },
            "heading": 1.7983661653953904,
            "speeds": {
                "vmax": 20.0
            },
            "type": 1,
            "driving_direction": 1,
            "id": "1003_2",
            "lane_type": 1
        },
        {
            "pos": {
                "x": 566903.5324238914,
                "y": 4317969.044998502,
                "yaw": 1.7983661653953904
            },
            "heading": 1.7983661653953904,
            "speeds": {
                "vmax": 20.0
            },
            "type": 1,
            "driving_direction": 1,
            "id": "1003_2",
            "lane_type": 1
        },
        {
            "pos": {
                "x": 566903.4196567636,
                "y": 4317969.532116122,
                "yaw": 1.7983661653953904
            },
            "heading": 1.7983661653953904,
            "speeds": {
                "vmax": 20.0
            },
            "type": 1,
            "driving_direction": 1,
            "id": "1003_2",
            "lane_type": 1
        },
        {
            "pos": {
                "x": 566903.3068896356,
                "y": 4317970.019233741,
                "yaw": 1.7983661653953904
            },
            "heading": 1.7983661653953904,
            "speeds": {
                "vmax": 20.0
            },
            "type": 1,
            "driving_direction": 1,
            "id": "1003_2",
            "lane_type": 1
        },
        {
            "pos": {
                "x": 566903.1941225078,
                "y": 4317970.50635136,
                "yaw": 1.7983661653953904
            },
            "heading": 1.7983661653953904,
            "speeds": {
                "vmax": 20.0
            },
            "type": 1,
            "driving_direction": 1,
            "id": "1003_2",
            "lane_type": 1
        },
        {
            "pos": {
                "x": 566903.0813553799,
                "y": 4317970.993468978,
                "yaw": 1.7983661653953904
            },
            "heading": 1.7983661653953904,
            "speeds": {
                "vmax": 20.0
            },
            "type": 1,
            "driving_direction": 1,
            "id": "1003_2",
            "lane_type": 1
        },
        {
            "pos": {
                "x": 566902.968588252,
                "y": 4317971.480586598,
                "yaw": 1.7983661653953904
            },
            "heading": 1.7983661653953904,
            "speeds": {
                "vmax": 20.0
            },
            "type": 1,
            "driving_direction": 1,
            "id": "1003_2",
            "lane_type": 1
        },
        {
            "pos": {
                "x": 566902.8558211242,
                "y": 4317971.967704217,
                "yaw": 1.7983661653953904
            },
            "heading": 1.7983661653953904,
            "speeds": {
                "vmax": 20.0
            },
            "type": 1,
            "driving_direction": 1,
            "id": "1003_2",
            "lane_type": 1
        },
        {
            "pos": {
                "x": 566902.7430539962,
                "y": 4317972.454821836,
                "yaw": 1.7983661653953904
            },
            "heading": 1.7983661653953904,
            "speeds": {
                "vmax": 20.0
            },
            "type": 1,
            "driving_direction": 1,
            "id": "1003_2",
            "lane_type": 1
        },
        {
            "pos": {
                "x": 566902.6302868683,
                "y": 4317972.941939455,
                "yaw": 1.7983661653953904
            },
            "heading": 1.7983661653953904,
            "speeds": {
                "vmax": 20.0
            },
            "type": 1,
            "driving_direction": 1,
            "id": "1003_2",
            "lane_type": 1
        },
        {
            "pos": {
                "x": 566902.5175197405,
                "y": 4317973.429057075,
                "yaw": 1.7983661653953904
            },
            "heading": 1.7983661653953904,
            "speeds": {
                "vmax": 20.0
            },
            "type": 1,
            "driving_direction": 1,
            "id": "1003_2",
            "lane_type": 1
        },
        {
            "pos": {
                "x": 566902.4047526126,
                "y": 4317973.916174694,
                "yaw": 1.7983661653953904
            },
            "heading": 1.7983661653953904,
            "speeds": {
                "vmax": 20.0
            },
            "type": 1,
            "driving_direction": 1,
            "id": "1003_2",
            "lane_type": 1
        },
        {
            "pos": {
                "x": 566902.2919854848,
                "y": 4317974.403292313,
                "yaw": 1.7983661653953904
            },
            "heading": 1.7983661653953904,
            "speeds": {
                "vmax": 20.0
            },
            "type": 1,
            "driving_direction": 1,
            "id": "1003_2",
            "lane_type": 1
        },
        {
            "pos": {
                "x": 566902.1792183568,
                "y": 4317974.890409932,
                "yaw": 1.7983661653953904
            },
            "heading": 1.7983661653953904,
            "speeds": {
                "vmax": 20.0
            },
            "type": 1,
            "driving_direction": 1,
            "id": "1003_2",
            "lane_type": 1
        },
        {
            "pos": {
                "x": 566902.0664512289,
                "y": 4317975.377527551,
                "yaw": 1.7983661653953904
            },
            "heading": 1.7983661653953904,
            "speeds": {
                "vmax": 20.0
            },
            "type": 1,
            "driving_direction": 1,
            "id": "1003_2",
            "lane_type": 1
        },
        {
            "pos": {
                "x": 566901.9536841011,
                "y": 4317975.86464517,
                "yaw": 1.7983661653953904
            },
            "heading": 1.7983661653953904,
            "speeds": {
                "vmax": 20.0
            },
            "type": 1,
            "driving_direction": 1,
            "id": "1003_2",
            "lane_type": 1
        },
        {
            "pos": {
                "x": 566901.8585113789,
                "y": 4317976.275760632,
                "yaw": 1.7983661653953904
            },
            "heading": 1.7983661653953904,
            "speeds": {
                "vmax": 20.0
            },
            "type": 1,
            "driving_direction": 1,
            "id": "1003_2",
            "lane_type": 1
        }
    ],
    "is_final_navi": true
}