{
    "header": {
        "trace_id": "86c6a645f6ce4cc4b21f67a8559390aa",
        "trans_id": "86aae796-e871-44ad-ab9f-bac60cd45c85",
        "che_id": "A533",
        "timestamp": "2025-02-18T12:23:19.231249Z"
    },
    "task_id": "86c6a645f6ce4cc4b21f67a8559390aa",
    "navi_id": "A533_86c6a645f6ce4cc4b21f67a8559390aa_10",
    "seq_num": 10,
    "dest_type": 6,
    "mode": 2,
    "waypoints": [
        {
            "pos": {
                "x": 566939.6896801505,
                "y": 4317820.461210769,
                "yaw": 1.3121784712110436
            },
            "heading": 1.3121784712110436,
            "speeds": {
                "vmax": 15.0
            },
            "type": 2,
            "driving_direction": 1,
            "id": "1623_0",
            "lane_type": 4
        },
        {
            "pos": {
                "x": 566939.8092999014,
                "y": 4317820.976367939,
                "yaw": 1.3723434363362896
            },
            "heading": 1.3723434363362896,
            "speeds": {
                "vmax": 15.0
            },
            "type": 2,
            "driving_direction": 1,
            "id": "1623_0",
            "lane_type": 4
        },
        {
            "pos": {
                "x": 566939.8962242128,
                "y": 4317821.496456816,
                "yaw": 1.4313469983691776
            },
            "heading": 1.4313469983691776,
            "speeds": {
                "vmax": 15.0
            },
            "type": 2,
            "driving_direction": 1,
            "id": "1623_0",
            "lane_type": 4
        },
        {
            "pos": {
                "x": 566939.9553263476,
                "y": 4317822.023638053,
                "yaw": 1.482563922240577
            },
            "heading": 1.482563922240577,
            "speeds": {
                "vmax": 15.0
            },
            "type": 2,
            "driving_direction": 1,
            "id": "1623_0",
            "lane_type": 4
        },
        {
            "pos": {
                "x": 566939.9886702662,
                "y": 4317822.549882389,
                "yaw": 1.5395122865313795
            },
            "heading": 1.5395122865313795,
            "speeds": {
                "vmax": 15.0
            },
            "type": 2,
            "driving_direction": 1,
            "id": "1623_0",
            "lane_type": 4
        },
        {
            "pos": {
                "x": 566939.9871837695,
                "y": 4317823.077497313,
                "yaw": 1.603422523862481
            },
            "heading": 1.603422523862481,
            "speeds": {
                "vmax": 15.0
            },
            "type": 2,
            "driving_direction": 1,
            "id": "1623_0",
            "lane_type": 4
        },
        {
            "pos": {
                "x": 566939.9538589811,
                "y": 4317823.60349712,
                "yaw": 1.6660185321320988
            },
            "heading": 1.6660185321320988,
            "speeds": {
                "vmax": 15.0
            },
            "type": 2,
            "driving_direction": 1,
            "id": "1623_0",
            "lane_type": 4
        },
        {
            "pos": {
                "x": 566939.886908733,
                "y": 4317824.12632042,
                "yaw": 1.7209074124138923
            },
            "heading": 1.7209074124138923,
            "speeds": {
                "vmax": 15.0
            },
            "type": 2,
            "driving_direction": 1,
            "id": "1623_0",
            "lane_type": 4
        },
        {
            "pos": {
                "x": 566939.7966386557,
                "y": 4317824.644179421,
                "yaw": 1.7739421337364392
            },
            "heading": 1.7739421337364392,
            "speeds": {
                "vmax": 15.0
            },
            "type": 2,
            "driving_direction": 1,
            "id": "1623_0",
            "lane_type": 4
        },
        {
            "pos": {
                "x": 566939.6759585356,
                "y": 4317825.155593226,
                "yaw": 1.8249472683444963
            },
            "heading": 1.8249472683444963,
            "speeds": {
                "vmax": 15.0
            },
            "type": 2,
            "driving_direction": 1,
            "id": "1623_0",
            "lane_type": 4
        },
        {
            "pos": {
                "x": 566939.5332216739,
                "y": 4317825.662171768,
                "yaw": 1.8678902642615594
            },
            "heading": 1.8678902642615594,
            "speeds": {
                "vmax": 15.0
            },
            "type": 2,
            "driving_direction": 1,
            "id": "1623_0",
            "lane_type": 4
        },
        {
            "pos": {
                "x": 566939.368646419,
                "y": 4317826.163564645,
                "yaw": 1.9125051878086419
            },
            "heading": 1.9125051878086419,
            "speeds": {
                "vmax": 15.0
            },
            "type": 2,
            "driving_direction": 1,
            "id": "1623_0",
            "lane_type": 4
        },
        {
            "pos": {
                "x": 566939.181404974,
                "y": 4317826.657682551,
                "yaw": 1.9497064531820119
            },
            "heading": 1.9497064531820119,
            "speeds": {
                "vmax": 15.0
            },
            "type": 2,
            "driving_direction": 1,
            "id": "1623_0",
            "lane_type": 4
        },
        {
            "pos": {
                "x": 566938.9784852059,
                "y": 4317827.147021212,
                "yaw": 1.9795491735861874
            },
            "heading": 1.9795491735861874,
            "speeds": {
                "vmax": 15.0
            },
            "type": 2,
            "driving_direction": 1,
            "id": "1623_0",
            "lane_type": 4
        },
        {
            "pos": {
                "x": 566938.7614795212,
                "y": 4317827.630654402,
                "yaw": 2.005458278392778
            },
            "heading": 2.005458278392778,
            "speeds": {
                "vmax": 15.0
            },
            "type": 2,
            "driving_direction": 1,
            "id": "1623_0",
            "lane_type": 4
        },
        {
            "pos": {
                "x": 566938.5332460748,
                "y": 4317828.109172098,
                "yaw": 2.023593333484931
            },
            "heading": 2.023593333484931,
            "speeds": {
                "vmax": 15.0
            },
            "type": 2,
            "driving_direction": 1,
            "id": "1623_0",
            "lane_type": 4
        },
        {
            "pos": {
                "x": 566938.2977667889,
                "y": 4317828.585347129,
                "yaw": 2.0366004281398444
            },
            "heading": 2.0366004281398444,
            "speeds": {
                "vmax": 15.0
            },
            "type": 2,
            "driving_direction": 1,
            "id": "1623_0",
            "lane_type": 4
        },
        {
            "pos": {
                "x": 566938.0573075309,
                "y": 4317829.057294941,
                "yaw": 2.0470458698796286
            },
            "heading": 2.0470458698796286,
            "speeds": {
                "vmax": 15.0
            },
            "type": 2,
            "driving_direction": 1,
            "id": "1623_0",
            "lane_type": 4
        },
        {
            "pos": {
                "x": 566937.8098695963,
                "y": 4317829.532512955,
                "yaw": 2.051797861725926
            },
            "heading": 2.051797861725926,
            "speeds": {
                "vmax": 15.0
            },
            "type": 2,
            "driving_direction": 1,
            "id": "1623_0",
            "lane_type": 4
        },
        {
            "pos": {
                "x": 566937.5654354135,
                "y": 4317830.000349985,
                "yaw": 2.04933361183207
            },
            "heading": 2.04933361183207,
            "speeds": {
                "vmax": 15.0
            },
            "type": 2,
            "driving_direction": 1,
            "id": "1623_0",
            "lane_type": 4
        },
        {
            "pos": {
                "x": 566937.3226540631,
                "y": 4317830.471405655,
                "yaw": 2.042897702153627
            },
            "heading": 2.042897702153627,
            "speeds": {
                "vmax": 15.0
            },
            "type": 2,
            "driving_direction": 1,
            "id": "1623_0",
            "lane_type": 4
        },
        {
            "pos": {
                "x": 566937.082103377,
                "y": 4317830.946271751,
                "yaw": 2.03713283420809
            },
            "heading": 2.03713283420809,
            "speeds": {
                "vmax": 15.0
            },
            "type": 2,
            "driving_direction": 1,
            "id": "1623_0",
            "lane_type": 4
        },
        {
            "pos": {
                "x": 566936.8449246997,
                "y": 4317831.420947478,
                "yaw": 2.0244703331084475
            },
            "heading": 2.0244703331084475,
            "speeds": {
                "vmax": 15.0
            },
            "type": 2,
            "driving_direction": 1,
            "id": "1623_0",
            "lane_type": 4
        },
        {
            "pos": {
                "x": 566936.6220907946,
                "y": 4317831.888288586,
                "yaw": 2.0039588269407353
            },
            "heading": 2.0039588269407353,
            "speeds": {
                "vmax": 15.0
            },
            "type": 2,
            "driving_direction": 1,
            "id": "1623_0",
            "lane_type": 4
        },
        {
            "pos": {
                "x": 566936.4019349865,
                "y": 4317832.376109771,
                "yaw": 1.9849732466635543
            },
            "heading": 1.9849732466635543,
            "speeds": {
                "vmax": 15.0
            },
            "type": 2,
            "driving_direction": 1,
            "id": "1623_0",
            "lane_type": 4
        },
        {
            "pos": {
                "x": 566936.1894288557,
                "y": 4317832.8699226,
                "yaw": 1.9709624136266102
            },
            "heading": 1.9709624136266102,
            "speeds": {
                "vmax": 15.0
            },
            "type": 2,
            "driving_direction": 1,
            "id": "1623_0",
            "lane_type": 4
        },
        {
            "pos": {
                "x": 566935.9875343845,
                "y": 4317833.355460379,
                "yaw": 1.9518782071375438
            },
            "heading": 1.9518782071375438,
            "speeds": {
                "vmax": 15.0
            },
            "type": 2,
            "driving_direction": 1,
            "id": "1623_0",
            "lane_type": 4
        },
        {
            "pos": {
                "x": 566935.8005854916,
                "y": 4317833.836517774,
                "yaw": 1.933063354266527
            },
            "heading": 1.933063354266527,
            "speeds": {
                "vmax": 15.0
            },
            "type": 2,
            "driving_direction": 1,
            "id": "1623_0",
            "lane_type": 4
        },
        {
            "pos": {
                "x": 566935.610311702,
                "y": 4317834.347566593,
                "yaw": 1.922978769412568
            },
            "heading": 1.922978769412568,
            "speeds": {
                "vmax": 15.0
            },
            "type": 2,
            "driving_direction": 1,
            "id": "1623_0",
            "lane_type": 4
        },
        {
            "pos": {
                "x": 566935.4284888947,
                "y": 4317834.847642957,
                "yaw": 1.9170346489633108
            },
            "heading": 1.9170346489633108,
            "speeds": {
                "vmax": 15.0
            },
            "type": 2,
            "driving_direction": 1,
            "id": "1623_0",
            "lane_type": 4
        },
        {
            "pos": {
                "x": 566935.2482304696,
                "y": 4317835.350633496,
                "yaw": 1.9129503744029515
            },
            "heading": 1.9129503744029515,
            "speeds": {
                "vmax": 15.0
            },
            "type": 2,
            "driving_direction": 1,
            "id": "1623_0",
            "lane_type": 4
        },
        {
            "pos": {
                "x": 566935.0690356067,
                "y": 4317835.856554892,
                "yaw": 1.9095064322231443
            },
            "heading": 1.9095064322231443,
            "speeds": {
                "vmax": 15.0
            },
            "type": 2,
            "driving_direction": 1,
            "id": "1623_0",
            "lane_type": 4
        },
        {
            "pos": {
                "x": 566934.8927953343,
                "y": 4317836.359399602,
                "yaw": 1.9062323515275754
            },
            "heading": 1.9062323515275754,
            "speeds": {
                "vmax": 15.0
            },
            "type": 2,
            "driving_direction": 1,
            "id": "1623_0",
            "lane_type": 4
        },
        {
            "pos": {
                "x": 566934.7186390266,
                "y": 4317836.861591615,
                "yaw": 1.902570858970135
            },
            "heading": 1.902570858970135,
            "speeds": {
                "vmax": 15.0
            },
            "type": 2,
            "driving_direction": 1,
            "id": "1623_0",
            "lane_type": 4
        },
        {
            "pos": {
                "x": 566934.5471643776,
                "y": 4317837.362560891,
                "yaw": 1.8981986595920044
            },
            "heading": 1.8981986595920044,
            "speeds": {
                "vmax": 15.0
            },
            "type": 2,
            "driving_direction": 1,
            "id": "1623_0",
            "lane_type": 4
        },
        {
            "pos": {
                "x": 566934.3770843291,
                "y": 4317837.867195351,
                "yaw": 1.8928257308030945
            },
            "heading": 1.8928257308030945,
            "speeds": {
                "vmax": 15.0
            },
            "type": 2,
            "driving_direction": 1,
            "id": "1623_0",
            "lane_type": 4
        },
        {
            "pos": {
                "x": 566934.211241977,
                "y": 4317838.369282842,
                "yaw": 1.8858468834523292
            },
            "heading": 1.8858468834523292,
            "speeds": {
                "vmax": 15.0
            },
            "type": 2,
            "driving_direction": 1,
            "id": "1623_0",
            "lane_type": 4
        },
        {
            "pos": {
                "x": 566934.0494443413,
                "y": 4317838.872273391,
                "yaw": 1.8786419095260538
            },
            "heading": 1.8786419095260538,
            "speeds": {
                "vmax": 15.0
            },
            "type": 2,
            "driving_direction": 1,
            "id": "1623_0",
            "lane_type": 4
        },
        {
            "pos": {
                "x": 566933.8901856783,
                "y": 4317839.378716286,
                "yaw": 1.8733058465732448
            },
            "heading": 1.8733058465732448,
            "speeds": {
                "vmax": 15.0
            },
            "type": 2,
            "driving_direction": 1,
            "id": "1623_0",
            "lane_type": 4
        },
        {
            "pos": {
                "x": 566933.733108499,
                "y": 4317839.885630764,
                "yaw": 1.8705387190762515
            },
            "heading": 1.8705387190762515,
            "speeds": {
                "vmax": 15.0
            },
            "type": 2,
            "driving_direction": 1,
            "id": "1623_0",
            "lane_type": 4
        },
        {
            "pos": {
                "x": 566933.5767737832,
                "y": 4317840.392753553,
                "yaw": 1.8693037826123748
            },
            "heading": 1.8693037826123748,
            "speeds": {
                "vmax": 15.0
            },
            "type": 2,
            "driving_direction": 1,
            "id": "1623_0",
            "lane_type": 4
        },
        {
            "pos": {
                "x": 566933.4207067245,
                "y": 4317840.900902912,
                "yaw": 1.8677760030027373
            },
            "heading": 1.8677760030027373,
            "speeds": {
                "vmax": 15.0
            },
            "type": 2,
            "driving_direction": 1,
            "id": "1623_0",
            "lane_type": 4
        },
        {
            "pos": {
                "x": 566933.2657986116,
                "y": 4317841.408860104,
                "yaw": 1.8658776752660073
            },
            "heading": 1.8658776752660073,
            "speeds": {
                "vmax": 15.0
            },
            "type": 2,
            "driving_direction": 1,
            "id": "1623_0",
            "lane_type": 4
        },
        {
            "pos": {
                "x": 566933.111827988,
                "y": 4317841.917048696,
                "yaw": 1.8645583464380695
            },
            "heading": 1.8645583464380695,
            "speeds": {
                "vmax": 15.0
            },
            "type": 2,
            "driving_direction": 1,
            "id": "1623_0",
            "lane_type": 4
        },
        {
            "pos": {
                "x": 566932.9582895583,
                "y": 4317842.425342182,
                "yaw": 1.8642128900958417
            },
            "heading": 1.8642128900958417,
            "speeds": {
                "vmax": 15.0
            },
            "type": 2,
            "driving_direction": 1,
            "id": "1623_0",
            "lane_type": 4
        },
        {
            "pos": {
                "x": 566932.8046807783,
                "y": 4317842.933616478,
                "yaw": 1.8648441552675936
            },
            "heading": 1.8648441552675936,
            "speeds": {
                "vmax": 15.0
            },
            "type": 2,
            "driving_direction": 1,
            "id": "1623_0",
            "lane_type": 4
        },
        {
            "pos": {
                "x": 566932.6505209527,
                "y": 4317843.441746836,
                "yaw": 1.798812299859647
            },
            "heading": 1.798812299859647,
            "speeds": {
                "vmax": 20.0
            },
            "type": 1,
            "driving_direction": 1,
            "id": "1017_2",
            "lane_type": 1
        },
        {
            "pos": {
                "x": 566932.5377508067,
                "y": 4317843.927716831,
                "yaw": 1.7988122103446562
            },
            "heading": 1.7988122103446562,
            "speeds": {
                "vmax": 20.0
            },
            "type": 1,
            "driving_direction": 1,
            "id": "1017_2",
            "lane_type": 1
        },
        {
            "pos": {
                "x": 566932.424972492,
                "y": 4317844.413722029,
                "yaw": 1.7988125608600343
            },
            "heading": 1.7988125608600343,
            "speeds": {
                "vmax": 20.0
            },
            "type": 1,
            "driving_direction": 1,
            "id": "1017_2",
            "lane_type": 1
        },
        {
            "pos": {
                "x": 566932.3121950147,
                "y": 4317844.899723618,
                "yaw": 1.7988123185730005
            },
            "heading": 1.7988123185730005,
            "speeds": {
                "vmax": 20.0
            },
            "type": 1,
            "driving_direction": 1,
            "id": "1017_2",
            "lane_type": 1
        },
        {
            "pos": {
                "x": 566932.1994138113,
                "y": 4317845.385741264,
                "yaw": 1.7988125167209772
            },
            "heading": 1.7988125167209772,
            "speeds": {
                "vmax": 20.0
            },
            "type": 1,
            "driving_direction": 1,
            "id": "1017_2",
            "lane_type": 1
        },
        {
            "pos": {
                "x": 566932.0866334441,
                "y": 4317845.871755307,
                "yaw": 1.7988128048049508
            },
            "heading": 1.7988128048049508,
            "speeds": {
                "vmax": 20.0
            },
            "type": 1,
            "driving_direction": 1,
            "id": "1017_2",
            "lane_type": 1
        },
        {
            "pos": {
                "x": 566931.9738567629,
                "y": 4317846.357753465,
                "yaw": 1.798812224909787
            },
            "heading": 1.798812224909787,
            "speeds": {
                "vmax": 20.0
            },
            "type": 1,
            "driving_direction": 1,
            "id": "1017_2",
            "lane_type": 1
        },
        {
            "pos": {
                "x": 566931.8610771261,
                "y": 4317846.843764359,
                "yaw": 1.7988125158927695
            },
            "heading": 1.7988125158927695,
            "speeds": {
                "vmax": 20.0
            },
            "type": 1,
            "driving_direction": 1,
            "id": "1017_2",
            "lane_type": 1
        },
        {
            "pos": {
                "x": 566931.7482974293,
                "y": 4317847.329775514,
                "yaw": 1.7988125966551154
            },
            "heading": 1.7988125966551154,
            "speeds": {
                "vmax": 20.0
            },
            "type": 1,
            "driving_direction": 1,
            "id": "1017_2",
            "lane_type": 1
        },
        {
            "pos": {
                "x": 566931.6355187751,
                "y": 4317847.815782174,
                "yaw": 1.7988122140848135
            },
            "heading": 1.7988122140848135,
            "speeds": {
                "vmax": 20.0
            },
            "type": 1,
            "driving_direction": 1,
            "id": "1017_2",
            "lane_type": 1
        },
        {
            "pos": {
                "x": 566931.5227390071,
                "y": 4317848.301793635,
                "yaw": 1.7988125271344473
            },
            "heading": 1.7988125271344473,
            "speeds": {
                "vmax": 20.0
            },
            "type": 1,
            "driving_direction": 1,
            "id": "1017_2",
            "lane_type": 1
        },
        {
            "pos": {
                "x": 566931.4099603221,
                "y": 4317848.787800428,
                "yaw": 1.7988127011429031
            },
            "heading": 1.7988127011429031,
            "speeds": {
                "vmax": 20.0
            },
            "type": 1,
            "driving_direction": 1,
            "id": "1017_2",
            "lane_type": 1
        },
        {
            "pos": {
                "x": 566931.2971801504,
                "y": 4317849.273813628,
                "yaw": 1.798812307747305
            },
            "heading": 1.798812307747305,
            "speeds": {
                "vmax": 20.0
            },
            "type": 1,
            "driving_direction": 1,
            "id": "1017_2",
            "lane_type": 1
        },
        {
            "pos": {
                "x": 566931.1843995829,
                "y": 4317849.759828534,
                "yaw": 1.7988124547130562
            },
            "heading": 1.7988124547130562,
            "speeds": {
                "vmax": 20.0
            },
            "type": 1,
            "driving_direction": 1,
            "id": "1017_2",
            "lane_type": 1
        },
        {
            "pos": {
                "x": 566931.0716293801,
                "y": 4317850.245798774,
                "yaw": 1.798812397791026
            },
            "heading": 1.798812397791026,
            "speeds": {
                "vmax": 20.0
            },
            "type": 1,
            "driving_direction": 1,
            "id": "1016_2",
            "lane_type": 1
        },
        {
            "pos": {
                "x": 566930.9579157596,
                "y": 4317850.735834564,
                "yaw": 1.7988120790559698
            },
            "heading": 1.7988120790559698,
            "speeds": {
                "vmax": 20.0
            },
            "type": 1,
            "driving_direction": 1,
            "id": "1016_2",
            "lane_type": 1
        },
        {
            "pos": {
                "x": 566930.8441939021,
                "y": 4317851.225905851,
                "yaw": 1.7988128060681865
            },
            "heading": 1.7988128060681865,
            "speeds": {
                "vmax": 20.0
            },
            "type": 1,
            "driving_direction": 1,
            "id": "1016_2",
            "lane_type": 1
        },
        {
            "pos": {
                "x": 566930.730472889,
                "y": 4317851.7159735,
                "yaw": 1.7988121174487357
            },
            "heading": 1.7988121174487357,
            "speeds": {
                "vmax": 20.0
            },
            "type": 1,
            "driving_direction": 1,
            "id": "1016_2",
            "lane_type": 1
        },
        {
            "pos": {
                "x": 566930.6167481187,
                "y": 4317852.206057339,
                "yaw": 1.798812233453148
            },
            "heading": 1.798812233453148,
            "speeds": {
                "vmax": 20.0
            },
            "type": 1,
            "driving_direction": 1,
            "id": "1016_2",
            "lane_type": 1
        },
        {
            "pos": {
                "x": 566930.5030241914,
                "y": 4317852.696137546,
                "yaw": 1.7988125996441304
            },
            "heading": 1.7988125996441304,
            "speeds": {
                "vmax": 20.0
            },
            "type": 1,
            "driving_direction": 1,
            "id": "1016_2",
            "lane_type": 1
        },
        {
            "pos": {
                "x": 566930.3893039811,
                "y": 4317853.1862017345,
                "yaw": 1.7988124729039743
            },
            "heading": 1.7988124729039743,
            "speeds": {
                "vmax": 20.0
            },
            "type": 1,
            "driving_direction": 1,
            "id": "1016_2",
            "lane_type": 1
        },
        {
            "pos": {
                "x": 566930.2755807906,
                "y": 4317853.676278764,
                "yaw": 1.798812382074997
            },
            "heading": 1.798812382074997,
            "speeds": {
                "vmax": 20.0
            },
            "type": 1,
            "driving_direction": 1,
            "id": "1016_2",
            "lane_type": 1
        },
        {
            "pos": {
                "x": 566930.1618575393,
                "y": 4317854.166356058,
                "yaw": 1.7988126116134426
            },
            "heading": 1.7988126116134426,
            "speeds": {
                "vmax": 20.0
            },
            "type": 1,
            "driving_direction": 1,
            "id": "1016_2",
            "lane_type": 1
        },
        {
            "pos": {
                "x": 566930.0481353395,
                "y": 4317854.6564288195,
                "yaw": 1.7988122437763654
            },
            "heading": 1.7988122437763654,
            "speeds": {
                "vmax": 20.0
            },
            "type": 1,
            "driving_direction": 1,
            "id": "1016_2",
            "lane_type": 1
        },
        {
            "pos": {
                "x": 566929.9344120165,
                "y": 4317855.146506421,
                "yaw": 1.7988123932228568
            },
            "heading": 1.7988123932228568,
            "speeds": {
                "vmax": 20.0
            },
            "type": 1,
            "driving_direction": 1,
            "id": "1016_2",
            "lane_type": 1
        },
        {
            "pos": {
                "x": 566929.8206897854,
                "y": 4317855.63657932,
                "yaw": 1.7988125773466712
            },
            "heading": 1.7988125773466712,
            "speeds": {
                "vmax": 20.0
            },
            "type": 1,
            "driving_direction": 1,
            "id": "1016_2",
            "lane_type": 1
        },
        {
            "pos": {
                "x": 566929.7069660556,
                "y": 4317856.126658674,
                "yaw": 1.798812325102349
            },
            "heading": 1.798812325102349,
            "speeds": {
                "vmax": 20.0
            },
            "type": 1,
            "driving_direction": 1,
            "id": "1016_2",
            "lane_type": 1
        },
        {
            "pos": {
                "x": 566929.5932419263,
                "y": 4317856.616739751,
                "yaw": 1.798812470849517
            },
            "heading": 1.798812470849517,
            "speeds": {
                "vmax": 20.0
            },
            "type": 1,
            "driving_direction": 1,
            "id": "1016_2",
            "lane_type": 1
        },
        {
            "pos": {
                "x": 566929.4795282487,
                "y": 4317857.106775789,
                "yaw": 1.7988124392101457
            },
            "heading": 1.7988124392101457,
            "speeds": {
                "vmax": 20.0
            },
            "type": 1,
            "driving_direction": 1,
            "id": "1015_2",
            "lane_type": 1
        },
        {
            "pos": {
                "x": 566929.3680881035,
                "y": 4317857.587014297,
                "yaw": 1.7988127357744843
            },
            "heading": 1.7988127357744843,
            "speeds": {
                "vmax": 20.0
            },
            "type": 1,
            "driving_direction": 1,
            "id": "1015_2",
            "lane_type": 1
        },
        {
            "pos": {
                "x": 566929.2566398861,
                "y": 4317858.067287593,
                "yaw": 1.7988121400877584
            },
            "heading": 1.7988121400877584,
            "speeds": {
                "vmax": 20.0
            },
            "type": 1,
            "driving_direction": 1,
            "id": "1015_2",
            "lane_type": 1
        },
        {
            "pos": {
                "x": 566929.1451924962,
                "y": 4317858.547557323,
                "yaw": 1.7988125988356085
            },
            "heading": 1.7988125988356085,
            "speeds": {
                "vmax": 20.0
            },
            "type": 1,
            "driving_direction": 1,
            "id": "1015_2",
            "lane_type": 1
        },
        {
            "pos": {
                "x": 566929.0337414241,
                "y": 4317859.02784292,
                "yaw": 1.7988126350569438
            },
            "heading": 1.7988126350569438,
            "speeds": {
                "vmax": 20.0
            },
            "type": 1,
            "driving_direction": 1,
            "id": "1015_2",
            "lane_type": 1
        },
        {
            "pos": {
                "x": 566928.9222911783,
                "y": 4317859.508124959,
                "yaw": 1.798812469091582
            },
            "heading": 1.798812469091582,
            "speeds": {
                "vmax": 20.0
            },
            "type": 1,
            "driving_direction": 1,
            "id": "1015_2",
            "lane_type": 1
        },
        {
            "pos": {
                "x": 566928.810844575,
                "y": 4317859.988391297,
                "yaw": 1.7988122694146917
            },
            "heading": 1.7988122694146917,
            "speeds": {
                "vmax": 20.0
            },
            "type": 1,
            "driving_direction": 1,
            "id": "1015_2",
            "lane_type": 1
        },
        {
            "pos": {
                "x": 566928.6993950512,
                "y": 4317860.468670223,
                "yaw": 1.798812481725015
            },
            "heading": 1.798812481725015,
            "speeds": {
                "vmax": 20.0
            },
            "type": 1,
            "driving_direction": 1,
            "id": "1015_2",
            "lane_type": 1
        },
        {
            "pos": {
                "x": 566928.5879454678,
                "y": 4317860.948949405,
                "yaw": 1.7988127159468443
            },
            "heading": 1.7988127159468443,
            "speeds": {
                "vmax": 20.0
            },
            "type": 1,
            "driving_direction": 1,
            "id": "1015_2",
            "lane_type": 1
        },
        {
            "pos": {
                "x": 566928.4764969151,
                "y": 4317861.4292241465,
                "yaw": 1.7988122584601252
            },
            "heading": 1.7988122584601252,
            "speeds": {
                "vmax": 20.0
            },
            "type": 1,
            "driving_direction": 1,
            "id": "1015_2",
            "lane_type": 1
        },
        {
            "pos": {
                "x": 566928.3650472614,
                "y": 4317861.909503631,
                "yaw": 1.7988123406052934
            },
            "heading": 1.7988123406052934,
            "speeds": {
                "vmax": 20.0
            },
            "type": 1,
            "driving_direction": 1,
            "id": "1015_2",
            "lane_type": 1
        },
        {
            "pos": {
                "x": 566928.2535986779,
                "y": 4317862.389778504,
                "yaw": 1.79881236419528
            },
            "heading": 1.79881236419528,
            "speeds": {
                "vmax": 20.0
            },
            "type": 1,
            "driving_direction": 1,
            "id": "1015_2",
            "lane_type": 1
        },
        {
            "pos": {
                "x": 566928.1421486258,
                "y": 4317862.870059708,
                "yaw": 1.7988121889513424
            },
            "heading": 1.7988121889513424,
            "speeds": {
                "vmax": 20.0
            },
            "type": 1,
            "driving_direction": 1,
            "id": "1015_2",
            "lane_type": 1
        },
        {
            "pos": {
                "x": 566928.0306981818,
                "y": 4317863.350342598,
                "yaw": 1.7988125019617873
            },
            "heading": 1.7988125019617873,
            "speeds": {
                "vmax": 20.0
            },
            "type": 1,
            "driving_direction": 1,
            "id": "1015_2",
            "lane_type": 1
        },
        {
            "pos": {
                "x": 566927.9192579809,
                "y": 4317863.830581347,
                "yaw": 1.7988122424443358
            },
            "heading": 1.7988122424443358,
            "speeds": {
                "vmax": 20.0
            },
            "type": 1,
            "driving_direction": 1,
            "id": "1014_2",
            "lane_type": 1
        },
        {
            "pos": {
                "x": 566927.8054765994,
                "y": 4317864.320909146,
                "yaw": 1.7988123030909626
            },
            "heading": 1.7988123030909626,
            "speeds": {
                "vmax": 20.0
            },
            "type": 1,
            "driving_direction": 1,
            "id": "1014_2",
            "lane_type": 1
        },
        {
            "pos": {
                "x": 566927.6916869758,
                "y": 4317864.811272463,
                "yaw": 1.7988122828661268
            },
            "heading": 1.7988122828661268,
            "speeds": {
                "vmax": 20.0
            },
            "type": 1,
            "driving_direction": 1,
            "id": "1014_2",
            "lane_type": 1
        },
        {
            "pos": {
                "x": 566927.5778981975,
                "y": 4317865.301632138,
                "yaw": 1.7988125023605248
            },
            "heading": 1.7988125023605248,
            "speeds": {
                "vmax": 20.0
            },
            "type": 1,
            "driving_direction": 1,
            "id": "1014_2",
            "lane_type": 1
        },
        {
            "pos": {
                "x": 566927.4641056594,
                "y": 4317865.792008014,
                "yaw": 1.7988122391265502
            },
            "heading": 1.7988122391265502,
            "speeds": {
                "vmax": 20.0
            },
            "type": 1,
            "driving_direction": 1,
            "id": "1014_2",
            "lane_type": 1
        },
        {
            "pos": {
                "x": 566927.3503139649,
                "y": 4317866.282380257,
                "yaw": 1.798812375285513
            },
            "heading": 1.798812375285513,
            "speeds": {
                "vmax": 20.0
            },
            "type": 1,
            "driving_direction": 1,
            "id": "1014_2",
            "lane_type": 1
        },
        {
            "pos": {
                "x": 566927.2365259896,
                "y": 4317866.772736471,
                "yaw": 1.7988123979792114
            },
            "heading": 1.7988123979792114,
            "speeds": {
                "vmax": 20.0
            },
            "type": 1,
            "driving_direction": 1,
            "id": "1014_2",
            "lane_type": 1
        },
        {
            "pos": {
                "x": 566927.1227350323,
                "y": 4317867.263105536,
                "yaw": 1.7988123876599456
            },
            "heading": 1.7988123876599456,
            "speeds": {
                "vmax": 20.0
            },
            "type": 1,
            "driving_direction": 1,
            "id": "1014_2",
            "lane_type": 1
        },
        {
            "pos": {
                "x": 566927.0089440143,
                "y": 4317867.753474861,
                "yaw": 1.798812548158874
            },
            "heading": 1.798812548158874,
            "speeds": {
                "vmax": 20.0
            },
            "type": 1,
            "driving_direction": 1,
            "id": "1014_2",
            "lane_type": 1
        },
        {
            "pos": {
                "x": 566926.8951540485,
                "y": 4317868.243839654,
                "yaw": 1.7988122494436964
            },
            "heading": 1.7988122494436964,
            "speeds": {
                "vmax": 20.0
            },
            "type": 1,
            "driving_direction": 1,
            "id": "1014_2",
            "lane_type": 1
        },
        {
            "pos": {
                "x": 566926.7813629587,
                "y": 4317868.73420929,
                "yaw": 1.7988126286138526
            },
            "heading": 1.7988126286138526,
            "speeds": {
                "vmax": 20.0
            },
            "type": 1,
            "driving_direction": 1,
            "id": "1014_2",
            "lane_type": 1
        },
        {
            "pos": {
                "x": 566926.6675729617,
                "y": 4317869.224574217,
                "yaw": 1.79881265171807
            },
            "heading": 1.79881265171807,
            "speeds": {
                "vmax": 20.0
            },
            "type": 1,
            "driving_direction": 1,
            "id": "1014_2",
            "lane_type": 1
        },
        {
            "pos": {
                "x": 566926.5537814647,
                "y": 4317869.714945607,
                "yaw": 1.7988124916294175
            },
            "heading": 1.7988124916294175,
            "speeds": {
                "vmax": 20.0
            },
            "type": 1,
            "driving_direction": 1,
            "id": "1014_2",
            "lane_type": 1
        },
        {
            "pos": {
                "x": 566926.4399895681,
                "y": 4317870.205318719,
                "yaw": 1.7988122465617438
            },
            "heading": 1.7988122465617438,
            "speeds": {
                "vmax": 20.0
            },
            "type": 1,
            "driving_direction": 1,
            "id": "1014_2",
            "lane_type": 1
        },
        {
            "pos": {
                "x": 566926.3262081293,
                "y": 4317870.695646765,
                "yaw": 1.7988125955428098
            },
            "heading": 1.7988125955428098,
            "speeds": {
                "vmax": 20.0
            },
            "type": 1,
            "driving_direction": 1,
            "id": "1013_2",
            "lane_type": 1
        },
        {
            "pos": {
                "x": 566926.2138090038,
                "y": 4317871.1800178895,
                "yaw": 1.7988124242732664
            },
            "heading": 1.7988124242732664,
            "speeds": {
                "vmax": 20.0
            },
            "type": 1,
            "driving_direction": 1,
            "id": "1013_2",
            "lane_type": 1
        },
        {
            "pos": {
                "x": 566926.1014017367,
                "y": 4317871.6644241,
                "yaw": 1.798812473546632
            },
            "heading": 1.798812473546632,
            "speeds": {
                "vmax": 20.0
            },
            "type": 1,
            "driving_direction": 1,
            "id": "1013_2",
            "lane_type": 1
        },
        {
            "pos": {
                "x": 566925.9889953043,
                "y": 4317872.148826713,
                "yaw": 1.7988122187668718
            },
            "heading": 1.7988122187668718,
            "speeds": {
                "vmax": 20.0
            },
            "type": 1,
            "driving_direction": 1,
            "id": "1013_2",
            "lane_type": 1
        },
        {
            "pos": {
                "x": 566925.8765851578,
                "y": 4317872.633245332,
                "yaw": 1.7988121849346783
            },
            "heading": 1.7988121849346783,
            "speeds": {
                "vmax": 20.0
            },
            "type": 1,
            "driving_direction": 1,
            "id": "1013_2",
            "lane_type": 1
        },
        {
            "pos": {
                "x": 566925.7641758447,
                "y": 4317873.1176603595,
                "yaw": 1.7988125437128923
            },
            "heading": 1.7988125437128923,
            "speeds": {
                "vmax": 20.0
            },
            "type": 1,
            "driving_direction": 1,
            "id": "1013_2",
            "lane_type": 1
        },
        {
            "pos": {
                "x": 566925.6517702057,
                "y": 4317873.602059553,
                "yaw": 1.7988122062384948
            },
            "heading": 1.7988122062384948,
            "speeds": {
                "vmax": 20.0
            },
            "type": 1,
            "driving_direction": 1,
            "id": "1013_2",
            "lane_type": 1
        },
        {
            "pos": {
                "x": 566925.539361621,
                "y": 4317874.086471442,
                "yaw": 1.7988124864879158
            },
            "heading": 1.7988124864879158,
            "speeds": {
                "vmax": 20.0
            },
            "type": 1,
            "driving_direction": 1,
            "id": "1013_2",
            "lane_type": 1
        },
        {
            "pos": {
                "x": 566925.4269529763,
                "y": 4317874.570883589,
                "yaw": 1.7988124977665854
            },
            "heading": 1.7988124977665854,
            "speeds": {
                "vmax": 20.0
            },
            "type": 1,
            "driving_direction": 1,
            "id": "1013_2",
            "lane_type": 1
        },
        {
            "pos": {
                "x": 566925.3145453709,
                "y": 4317875.055291258,
                "yaw": 1.7988124280165168
            },
            "heading": 1.7988124280165168,
            "speeds": {
                "vmax": 20.0
            },
            "type": 1,
            "driving_direction": 1,
            "id": "1013_2",
            "lane_type": 1
        },
        {
            "pos": {
                "x": 566925.2021366551,
                "y": 4317875.53970371,
                "yaw": 1.7988123465721733
            },
            "heading": 1.7988123465721733,
            "speeds": {
                "vmax": 20.0
            },
            "type": 1,
            "driving_direction": 1,
            "id": "1013_2",
            "lane_type": 1
        },
        {
            "pos": {
                "x": 566925.0897290187,
                "y": 4317876.024111513,
                "yaw": 1.7988124514051247
            },
            "heading": 1.7988124514051247,
            "speeds": {
                "vmax": 20.0
            },
            "type": 1,
            "driving_direction": 1,
            "id": "1013_2",
            "lane_type": 1
        },
        {
            "pos": {
                "x": 566924.9773199009,
                "y": 4317876.508525698,
                "yaw": 1.7988122079063353
            },
            "heading": 1.7988122079063353,
            "speeds": {
                "vmax": 20.0
            },
            "type": 1,
            "driving_direction": 1,
            "id": "1013_2",
            "lane_type": 1
        },
        {
            "pos": {
                "x": 566924.8649103882,
                "y": 4317876.992941586,
                "yaw": 1.7988124251051278
            },
            "heading": 1.7988124251051278,
            "speeds": {
                "vmax": 20.0
            },
            "type": 1,
            "driving_direction": 1,
            "id": "1013_2",
            "lane_type": 1
        },
        {
            "pos": {
                "x": 566924.7525112063,
                "y": 4317877.477312954,
                "yaw": 1.798812325244249
            },
            "heading": 1.798812325244249,
            "speeds": {
                "vmax": 20.0
            },
            "type": 1,
            "driving_direction": 1,
            "id": "1012_2",
            "lane_type": 1
        },
        {
            "pos": {
                "x": 566924.6381379673,
                "y": 4317877.970191294,
                "yaw": 1.7988122369829551
            },
            "heading": 1.7988122369829551,
            "speeds": {
                "vmax": 20.0
            },
            "type": 1,
            "driving_direction": 1,
            "id": "1012_2",
            "lane_type": 1
        },
        {
            "pos": {
                "x": 566924.5237564436,
                "y": 4317878.463105337,
                "yaw": 1.7988126741169899
            },
            "heading": 1.7988126741169899,
            "speeds": {
                "vmax": 20.0
            },
            "type": 1,
            "driving_direction": 1,
            "id": "1012_2",
            "lane_type": 1
        },
        {
            "pos": {
                "x": 566924.4093757693,
                "y": 4317878.956015719,
                "yaw": 1.7988121265630097
            },
            "heading": 1.7988121265630097,
            "speeds": {
                "vmax": 20.0
            },
            "type": 1,
            "driving_direction": 1,
            "id": "1012_2",
            "lane_type": 1
        },
        {
            "pos": {
                "x": 566924.2949913158,
                "y": 4317879.4489423875,
                "yaw": 1.7988121733533402
            },
            "heading": 1.7988121733533402,
            "speeds": {
                "vmax": 20.0
            },
            "type": 1,
            "driving_direction": 1,
            "id": "1012_2",
            "lane_type": 1
        },
        {
            "pos": {
                "x": 566924.1806077102,
                "y": 4317879.941865402,
                "yaw": 1.798812240259953
            },
            "heading": 1.798812240259953,
            "speeds": {
                "vmax": 20.0
            },
            "type": 1,
            "driving_direction": 1,
            "id": "1012_2",
            "lane_type": 1
        },
        {
            "pos": {
                "x": 566924.0662278433,
                "y": 4317880.434772304,
                "yaw": 1.798812331382391
            },
            "heading": 1.798812331382391,
            "speeds": {
                "vmax": 20.0
            },
            "type": 1,
            "driving_direction": 1,
            "id": "1012_2",
            "lane_type": 1
        },
        {
            "pos": {
                "x": 566923.9518449788,
                "y": 4317880.927692125,
                "yaw": 1.7988126983242052
            },
            "heading": 1.7988126983242052,
            "speeds": {
                "vmax": 20.0
            },
            "type": 1,
            "driving_direction": 1,
            "id": "1012_2",
            "lane_type": 1
        },
        {
            "pos": {
                "x": 566923.8374620532,
                "y": 4317881.420612209,
                "yaw": 1.798812332200744
            },
            "heading": 1.798812332200744,
            "speeds": {
                "vmax": 20.0
            },
            "type": 1,
            "driving_direction": 1,
            "id": "1012_2",
            "lane_type": 1
        },
        {
            "pos": {
                "x": 566923.7230801854,
                "y": 4317881.913527735,
                "yaw": 1.7988126408627279
            },
            "heading": 1.7988126408627279,
            "speeds": {
                "vmax": 20.0
            },
            "type": 1,
            "driving_direction": 1,
            "id": "1012_2",
            "lane_type": 1
        },
        {
            "pos": {
                "x": 566923.6086971876,
                "y": 4317882.406448129,
                "yaw": 1.7988121836162088
            },
            "heading": 1.7988121836162088,
            "speeds": {
                "vmax": 20.0
            },
            "type": 1,
            "driving_direction": 1,
            "id": "1012_2",
            "lane_type": 1
        },
        {
            "pos": {
                "x": 566923.4943152883,
                "y": 4317882.899363791,
                "yaw": 1.7988127323936245
            },
            "heading": 1.7988127323936245,
            "speeds": {
                "vmax": 20.0
            },
            "type": 1,
            "driving_direction": 1,
            "id": "1012_2",
            "lane_type": 1
        },
        {
            "pos": {
                "x": 566923.3799318814,
                "y": 4317883.392285949,
                "yaw": 1.7988123445115014
            },
            "heading": 1.7988123445115014,
            "speeds": {
                "vmax": 20.0
            },
            "type": 1,
            "driving_direction": 1,
            "id": "1012_2",
            "lane_type": 1
        },
        {
            "pos": {
                "x": 566923.2655480728,
                "y": 4317883.885209838,
                "yaw": 1.7988126380086285
            },
            "heading": 1.7988126380086285,
            "speeds": {
                "vmax": 20.0
            },
            "type": 1,
            "driving_direction": 1,
            "id": "1012_2",
            "lane_type": 1
        },
        {
            "pos": {
                "x": 566923.1511747763,
                "y": 4317884.378088426,
                "yaw": 1.7988123798407407
            },
            "heading": 1.7988123798407407,
            "speeds": {
                "vmax": 20.0
            },
            "type": 1,
            "driving_direction": 1,
            "id": "1011_2",
            "lane_type": 1
        },
        {
            "pos": {
                "x": 566923.0384213233,
                "y": 4317884.863986484,
                "yaw": 1.798812127925786
            },
            "heading": 1.798812127925786,
            "speeds": {
                "vmax": 20.0
            },
            "type": 1,
            "driving_direction": 1,
            "id": "1011_2",
            "lane_type": 1
        },
        {
            "pos": {
                "x": 566922.9256597029,
                "y": 4317885.34991974,
                "yaw": 1.7988124784954835
            },
            "heading": 1.7988124784954835,
            "speeds": {
                "vmax": 20.0
            },
            "type": 1,
            "driving_direction": 1,
            "id": "1011_2",
            "lane_type": 1
        },
        {
            "pos": {
                "x": 566922.8128989197,
                "y": 4317885.835849387,
                "yaw": 1.7988126188001694
            },
            "heading": 1.7988126188001694,
            "speeds": {
                "vmax": 20.0
            },
            "type": 1,
            "driving_direction": 1,
            "id": "1011_2",
            "lane_type": 1
        },
        {
            "pos": {
                "x": 566922.700134411,
                "y": 4317886.321795088,
                "yaw": 1.798812283634956
            },
            "heading": 1.798812283634956,
            "speeds": {
                "vmax": 20.0
            },
            "type": 1,
            "driving_direction": 1,
            "id": "1011_2",
            "lane_type": 1
        },
        {
            "pos": {
                "x": 566922.5873707382,
                "y": 4317886.807737188,
                "yaw": 1.7988124210361465
            },
            "heading": 1.7988124210361465,
            "speeds": {
                "vmax": 20.0
            },
            "type": 1,
            "driving_direction": 1,
            "id": "1011_2",
            "lane_type": 1
        },
        {
            "pos": {
                "x": 566922.474610751,
                "y": 4317887.293663405,
                "yaw": 1.798812594657687
            },
            "heading": 1.798812594657687,
            "speeds": {
                "vmax": 20.0
            },
            "type": 1,
            "driving_direction": 1,
            "id": "1011_2",
            "lane_type": 1
        },
        {
            "pos": {
                "x": 566922.3618478088,
                "y": 4317887.779602356,
                "yaw": 1.7988125030535216
            },
            "heading": 1.7988125030535216,
            "speeds": {
                "vmax": 20.0
            },
            "type": 1,
            "driving_direction": 1,
            "id": "1011_2",
            "lane_type": 1
        },
        {
            "pos": {
                "x": 566922.2490848064,
                "y": 4317888.265541567,
                "yaw": 1.7988122012006917
            },
            "heading": 1.7988122012006917,
            "speeds": {
                "vmax": 20.0
            },
            "type": 1,
            "driving_direction": 1,
            "id": "1011_2",
            "lane_type": 1
        },
        {
            "pos": {
                "x": 566922.1363228466,
                "y": 4317888.751476285,
                "yaw": 1.7988126766737285
            },
            "heading": 1.7988126766737285,
            "speeds": {
                "vmax": 20.0
            },
            "type": 1,
            "driving_direction": 1,
            "id": "1011_2",
            "lane_type": 1
        },
        {
            "pos": {
                "x": 566922.0235597731,
                "y": 4317889.237415802,
                "yaw": 1.7988123752351237
            },
            "heading": 1.7988123752351237,
            "speeds": {
                "vmax": 20.0
            },
            "type": 1,
            "driving_direction": 1,
            "id": "1011_2",
            "lane_type": 1
        },
        {
            "pos": {
                "x": 566921.9107977822,
                "y": 4317889.723350653,
                "yaw": 1.798812468081011
            },
            "heading": 1.798812468081011,
            "speeds": {
                "vmax": 20.0
            },
            "type": 1,
            "driving_direction": 1,
            "id": "1011_2",
            "lane_type": 1
        },
        {
            "pos": {
                "x": 566921.7980343051,
                "y": 4317890.209291909,
                "yaw": 1.798812294877228
            },
            "heading": 1.798812294877228,
            "speeds": {
                "vmax": 20.0
            },
            "type": 1,
            "driving_direction": 1,
            "id": "1011_2",
            "lane_type": 1
        },
        {
            "pos": {
                "x": 566921.6852704323,
                "y": 4317890.6952348715,
                "yaw": 1.7988124535221905
            },
            "heading": 1.7988124535221905,
            "speeds": {
                "vmax": 20.0
            },
            "type": 1,
            "driving_direction": 1,
            "id": "1011_2",
            "lane_type": 1
        },
        {
            "pos": {
                "x": 566921.5725169226,
                "y": 4317891.181133173,
                "yaw": 1.7988123644592124
            },
            "heading": 1.7988123644592124,
            "speeds": {
                "vmax": 20.0
            },
            "type": 1,
            "driving_direction": 1,
            "id": "1010_2",
            "lane_type": 1
        },
        {
            "pos": {
                "x": 566921.4602365592,
                "y": 4317891.664992509,
                "yaw": 1.7988124259120595
            },
            "heading": 1.7988124259120595,
            "speeds": {
                "vmax": 20.0
            },
            "type": 1,
            "driving_direction": 1,
            "id": "1010_2",
            "lane_type": 1
        },
        {
            "pos": {
                "x": 566921.3479480625,
                "y": 4317892.148886892,
                "yaw": 1.7988122423500925
            },
            "heading": 1.7988122423500925,
            "speeds": {
                "vmax": 20.0
            },
            "type": 1,
            "driving_direction": 1,
            "id": "1010_2",
            "lane_type": 1
        },
        {
            "pos": {
                "x": 566921.2356603995,
                "y": 4317892.6327776825,
                "yaw": 1.798812604426758
            },
            "heading": 1.798812604426758,
            "speeds": {
                "vmax": 20.0
            },
            "type": 1,
            "driving_direction": 1,
            "id": "1010_2",
            "lane_type": 1
        },
        {
            "pos": {
                "x": 566921.1233690267,
                "y": 4317893.11668446,
                "yaw": 1.79881265208339
            },
            "heading": 1.79881265208339,
            "speeds": {
                "vmax": 20.0
            },
            "type": 1,
            "driving_direction": 1,
            "id": "1010_2",
            "lane_type": 1
        },
        {
            "pos": {
                "x": 566921.0110784862,
                "y": 4317893.600587651,
                "yaw": 1.798812254474211
            },
            "heading": 1.798812254474211,
            "speeds": {
                "vmax": 20.0
            },
            "type": 1,
            "driving_direction": 1,
            "id": "1010_2",
            "lane_type": 1
        },
        {
            "pos": {
                "x": 566920.8987916159,
                "y": 4317894.084475026,
                "yaw": 1.798812277470865
            },
            "heading": 1.798812277470865,
            "speeds": {
                "vmax": 20.0
            },
            "type": 1,
            "driving_direction": 1,
            "id": "1010_2",
            "lane_type": 1
        },
        {
            "pos": {
                "x": 566920.786501803,
                "y": 4317894.568375081,
                "yaw": 1.7988122670153093
            },
            "heading": 1.7988122670153093,
            "speeds": {
                "vmax": 20.0
            },
            "type": 1,
            "driving_direction": 1,
            "id": "1010_2",
            "lane_type": 1
        },
        {
            "pos": {
                "x": 566920.67421193,
                "y": 4317895.052275395,
                "yaw": 1.7988124296591987
            },
            "heading": 1.7988124296591987,
            "speeds": {
                "vmax": 20.0
            },
            "type": 1,
            "driving_direction": 1,
            "id": "1010_2",
            "lane_type": 1
        },
        {
            "pos": {
                "x": 566920.5619230955,
                "y": 4317895.536171235,
                "yaw": 1.7988124296591987
            },
            "heading": 1.7988124296591987,
            "speeds": {
                "vmax": 20.0
            },
            "type": 1,
            "driving_direction": 1,
            "id": "1010_2",
            "lane_type": 1
        },
        {
            "pos": {
                "x": 566920.4496331518,
                "y": 4317896.020071855,
                "yaw": 1.7988124296591987
            },
            "heading": 1.7988124296591987,
            "speeds": {
                "vmax": 20.0
            },
            "type": 1,
            "driving_direction": 1,
            "id": "1010_2",
            "lane_type": 1
        },
        {
            "pos": {
                "x": 566920.3373442863,
                "y": 4317896.503967827,
                "yaw": 1.79881253460293
            },
            "heading": 1.79881253460293,
            "speeds": {
                "vmax": 20.0
            },
            "type": 1,
            "driving_direction": 1,
            "id": "1010_2",
            "lane_type": 1
        },
        {
            "pos": {
                "x": 566920.2250539407,
                "y": 4317896.987870178,
                "yaw": 1.7988122908457653
            },
            "heading": 1.7988122908457653,
            "speeds": {
                "vmax": 20.0
            },
            "type": 1,
            "driving_direction": 1,
            "id": "1010_2",
            "lane_type": 1
        },
        {
            "pos": {
                "x": 566920.1127632009,
                "y": 4317897.471774228,
                "yaw": 1.7988125898112681
            },
            "heading": 1.7988125898112681,
            "speeds": {
                "vmax": 20.0
            },
            "type": 1,
            "driving_direction": 1,
            "id": "1010_2",
            "lane_type": 1
        },
        {
            "pos": {
                "x": 566920.0004827809,
                "y": 4317897.955633806,
                "yaw": 1.798812292310005
            },
            "heading": 1.798812292310005,
            "speeds": {
                "vmax": 20.0
            },
            "type": 1,
            "driving_direction": 1,
            "id": "1009_2",
            "lane_type": 1
        },
        {
            "pos": {
                "x": 566919.886062457,
                "y": 4317898.4487150535,
                "yaw": 1.7988125126344843
            },
            "heading": 1.7988125126344843,
            "speeds": {
                "vmax": 20.0
            },
            "type": 1,
            "driving_direction": 1,
            "id": "1009_2",
            "lane_type": 1
        },
        {
            "pos": {
                "x": 566919.771633845,
                "y": 4317898.941832019,
                "yaw": 1.7988124925159361
            },
            "heading": 1.7988124925159361,
            "speeds": {
                "vmax": 20.0
            },
            "type": 1,
            "driving_direction": 1,
            "id": "1009_2",
            "lane_type": 1
        }
    ]
}