{
    "header": {
        "trace_id": "dfb7e4aff1cd481ea31fec57b597288b",
        "trans_id": "7440ec80-cbd4-4fc9-be9e-30d4b291a57a",
        "che_id": "A536",
        "timestamp": "2025-02-18T12:21:24.623895Z"
    },
    "task_id": "dfb7e4aff1cd481ea31fec57b597288b",
    "navi_id": "A536_dfb7e4aff1cd481ea31fec57b597288b_12",
    "seq_num": 12,
    "dest_type": 1,
    "mode": 2,
    "waypoints": [
        {
            "pos": {
                "x": 566813.9885279245,
                "y": 4317999.791924466,
                "yaw": -1.344050646289297
            },
            "heading": -1.344050646289297,
            "speeds": {
                "vmax": 15.0
            },
            "type": 1,
            "driving_direction": 1,
            "id": "1366_0",
            "lane_type": 22
        },
        {
            "pos": {
                "x": 566814.1015886471,
                "y": 4317999.304874907,
                "yaw": -1.344050646289297
            },
            "heading": -1.344050646289297,
            "speeds": {
                "vmax": 15.0
            },
            "type": 1,
            "driving_direction": 1,
            "id": "1366_0",
            "lane_type": 22
        },
        {
            "pos": {
                "x": 566814.2146493698,
                "y": 4317998.817825348,
                "yaw": -1.344050646289297
            },
            "heading": -1.344050646289297,
            "speeds": {
                "vmax": 15.0
            },
            "type": 1,
            "driving_direction": 1,
            "id": "1366_0",
            "lane_type": 22
        },
        {
            "pos": {
                "x": 566814.3277100924,
                "y": 4317998.33077579,
                "yaw": -1.344050646289297
            },
            "heading": -1.344050646289297,
            "speeds": {
                "vmax": 15.0
            },
            "type": 1,
            "driving_direction": 1,
            "id": "1366_0",
            "lane_type": 22
        },
        {
            "pos": {
                "x": 566814.440770815,
                "y": 4317997.843726231,
                "yaw": -1.344050646289297
            },
            "heading": -1.344050646289297,
            "speeds": {
                "vmax": 15.0
            },
            "type": 1,
            "driving_direction": 1,
            "id": "1366_0",
            "lane_type": 22
        },
        {
            "pos": {
                "x": 566814.5538315377,
                "y": 4317997.356676672,
                "yaw": -1.344050646289297
            },
            "heading": -1.344050646289297,
            "speeds": {
                "vmax": 15.0
            },
            "type": 1,
            "driving_direction": 1,
            "id": "1366_0",
            "lane_type": 22
        },
        {
            "pos": {
                "x": 566814.6668922603,
                "y": 4317996.8696271125,
                "yaw": -1.344050646289297
            },
            "heading": -1.344050646289297,
            "speeds": {
                "vmax": 15.0
            },
            "type": 1,
            "driving_direction": 1,
            "id": "1366_0",
            "lane_type": 22
        },
        {
            "pos": {
                "x": 566814.779952983,
                "y": 4317996.382577553,
                "yaw": -1.344050646289297
            },
            "heading": -1.344050646289297,
            "speeds": {
                "vmax": 15.0
            },
            "type": 1,
            "driving_direction": 1,
            "id": "1366_0",
            "lane_type": 22
        },
        {
            "pos": {
                "x": 566814.8930137056,
                "y": 4317995.895527994,
                "yaw": -1.344050646289297
            },
            "heading": -1.344050646289297,
            "speeds": {
                "vmax": 15.0
            },
            "type": 1,
            "driving_direction": 1,
            "id": "1366_0",
            "lane_type": 22
        },
        {
            "pos": {
                "x": 566815.0060744282,
                "y": 4317995.408478435,
                "yaw": -1.344050646289297
            },
            "heading": -1.344050646289297,
            "speeds": {
                "vmax": 15.0
            },
            "type": 1,
            "driving_direction": 1,
            "id": "1366_0",
            "lane_type": 22
        },
        {
            "pos": {
                "x": 566815.1191351509,
                "y": 4317994.921428876,
                "yaw": -1.344050646289297
            },
            "heading": -1.344050646289297,
            "speeds": {
                "vmax": 15.0
            },
            "type": 1,
            "driving_direction": 1,
            "id": "1366_0",
            "lane_type": 22
        },
        {
            "pos": {
                "x": 566815.2321958735,
                "y": 4317994.434379317,
                "yaw": -1.344050646289297
            },
            "heading": -1.344050646289297,
            "speeds": {
                "vmax": 15.0
            },
            "type": 1,
            "driving_direction": 1,
            "id": "1366_0",
            "lane_type": 22
        },
        {
            "pos": {
                "x": 566815.3452565962,
                "y": 4317993.947329758,
                "yaw": -1.344050646289297
            },
            "heading": -1.344050646289297,
            "speeds": {
                "vmax": 15.0
            },
            "type": 1,
            "driving_direction": 1,
            "id": "1366_0",
            "lane_type": 22
        },
        {
            "pos": {
                "x": 566815.4583173188,
                "y": 4317993.460280199,
                "yaw": -1.344050646289297
            },
            "heading": -1.344050646289297,
            "speeds": {
                "vmax": 15.0
            },
            "type": 1,
            "driving_direction": 1,
            "id": "1366_0",
            "lane_type": 22
        },
        {
            "pos": {
                "x": 566815.5713780415,
                "y": 4317992.9732306395,
                "yaw": -1.344050646289297
            },
            "heading": -1.344050646289297,
            "speeds": {
                "vmax": 15.0
            },
            "type": 1,
            "driving_direction": 1,
            "id": "1366_0",
            "lane_type": 22
        },
        {
            "pos": {
                "x": 566815.6844387641,
                "y": 4317992.48618108,
                "yaw": -1.344050646289297
            },
            "heading": -1.344050646289297,
            "speeds": {
                "vmax": 15.0
            },
            "type": 1,
            "driving_direction": 1,
            "id": "1366_0",
            "lane_type": 22
        },
        {
            "pos": {
                "x": 566815.7974994867,
                "y": 4317991.999131521,
                "yaw": -1.344050646289297
            },
            "heading": -1.344050646289297,
            "speeds": {
                "vmax": 15.0
            },
            "type": 1,
            "driving_direction": 1,
            "id": "1366_0",
            "lane_type": 22
        },
        {
            "pos": {
                "x": 566815.9105602094,
                "y": 4317991.512081962,
                "yaw": -1.344050646289297
            },
            "heading": -1.344050646289297,
            "speeds": {
                "vmax": 15.0
            },
            "type": 1,
            "driving_direction": 1,
            "id": "1366_0",
            "lane_type": 22
        },
        {
            "pos": {
                "x": 566816.023620932,
                "y": 4317991.025032403,
                "yaw": -1.344050646289297
            },
            "heading": -1.344050646289297,
            "speeds": {
                "vmax": 15.0
            },
            "type": 1,
            "driving_direction": 1,
            "id": "1366_0",
            "lane_type": 22
        },
        {
            "pos": {
                "x": 566816.1366816547,
                "y": 4317990.537982845,
                "yaw": -1.344050646289297
            },
            "heading": -1.344050646289297,
            "speeds": {
                "vmax": 15.0
            },
            "type": 1,
            "driving_direction": 1,
            "id": "1366_0",
            "lane_type": 22
        },
        {
            "pos": {
                "x": 566816.2497423773,
                "y": 4317990.050933286,
                "yaw": -1.344050646289297
            },
            "heading": -1.344050646289297,
            "speeds": {
                "vmax": 15.0
            },
            "type": 1,
            "driving_direction": 1,
            "id": "1366_0",
            "lane_type": 22
        },
        {
            "pos": {
                "x": 566816.3628031,
                "y": 4317989.5638837265,
                "yaw": -1.344050646289297
            },
            "heading": -1.344050646289297,
            "speeds": {
                "vmax": 15.0
            },
            "type": 1,
            "driving_direction": 1,
            "id": "1366_0",
            "lane_type": 22
        },
        {
            "pos": {
                "x": 566816.4758638226,
                "y": 4317989.076834167,
                "yaw": -1.344050646289297
            },
            "heading": -1.344050646289297,
            "speeds": {
                "vmax": 15.0
            },
            "type": 1,
            "driving_direction": 1,
            "id": "1366_0",
            "lane_type": 22
        },
        {
            "pos": {
                "x": 566816.5889245452,
                "y": 4317988.589784608,
                "yaw": -1.344050646289297
            },
            "heading": -1.344050646289297,
            "speeds": {
                "vmax": 15.0
            },
            "type": 1,
            "driving_direction": 1,
            "id": "1366_0",
            "lane_type": 22
        },
        {
            "pos": {
                "x": 566816.7019852679,
                "y": 4317988.102735049,
                "yaw": -1.344050646289297
            },
            "heading": -1.344050646289297,
            "speeds": {
                "vmax": 15.0
            },
            "type": 1,
            "driving_direction": 1,
            "id": "1366_0",
            "lane_type": 22
        },
        {
            "pos": {
                "x": 566816.8150459905,
                "y": 4317987.61568549,
                "yaw": -1.344050646289297
            },
            "heading": -1.344050646289297,
            "speeds": {
                "vmax": 15.0
            },
            "type": 1,
            "driving_direction": 1,
            "id": "1366_0",
            "lane_type": 22
        },
        {
            "pos": {
                "x": 566816.9281067132,
                "y": 4317987.128635931,
                "yaw": -1.344050646289297
            },
            "heading": -1.344050646289297,
            "speeds": {
                "vmax": 15.0
            },
            "type": 1,
            "driving_direction": 1,
            "id": "1366_0",
            "lane_type": 22
        },
        {
            "pos": {
                "x": 566817.0411674358,
                "y": 4317986.641586372,
                "yaw": -1.344050646289297
            },
            "heading": -1.344050646289297,
            "speeds": {
                "vmax": 15.0
            },
            "type": 1,
            "driving_direction": 1,
            "id": "1366_0",
            "lane_type": 22
        },
        {
            "pos": {
                "x": 566817.1542281585,
                "y": 4317986.154536813,
                "yaw": -1.344050646289297
            },
            "heading": -1.344050646289297,
            "speeds": {
                "vmax": 15.0
            },
            "type": 1,
            "driving_direction": 1,
            "id": "1366_0",
            "lane_type": 22
        },
        {
            "pos": {
                "x": 566817.2672888811,
                "y": 4317985.667487253,
                "yaw": -1.344050646289297
            },
            "heading": -1.344050646289297,
            "speeds": {
                "vmax": 15.0
            },
            "type": 1,
            "driving_direction": 1,
            "id": "1366_0",
            "lane_type": 22
        },
        {
            "pos": {
                "x": 566817.3803496037,
                "y": 4317985.180437694,
                "yaw": -1.344050646289297
            },
            "heading": -1.344050646289297,
            "speeds": {
                "vmax": 15.0
            },
            "type": 1,
            "driving_direction": 1,
            "id": "1366_0",
            "lane_type": 22
        },
        {
            "pos": {
                "x": 566817.4934103264,
                "y": 4317984.693388135,
                "yaw": -1.344050646289297
            },
            "heading": -1.344050646289297,
            "speeds": {
                "vmax": 15.0
            },
            "type": 1,
            "driving_direction": 1,
            "id": "1366_0",
            "lane_type": 22
        },
        {
            "pos": {
                "x": 566817.606471049,
                "y": 4317984.206338576,
                "yaw": -1.344050646289297
            },
            "heading": -1.344050646289297,
            "speeds": {
                "vmax": 15.0
            },
            "type": 1,
            "driving_direction": 1,
            "id": "1366_0",
            "lane_type": 22
        },
        {
            "pos": {
                "x": 566817.7195317717,
                "y": 4317983.719289017,
                "yaw": -1.344050646289297
            },
            "heading": -1.344050646289297,
            "speeds": {
                "vmax": 15.0
            },
            "type": 1,
            "driving_direction": 1,
            "id": "1366_0",
            "lane_type": 22
        },
        {
            "pos": {
                "x": 566817.8325924943,
                "y": 4317983.232239458,
                "yaw": -1.344050646289297
            },
            "heading": -1.344050646289297,
            "speeds": {
                "vmax": 15.0
            },
            "type": 1,
            "driving_direction": 1,
            "id": "1366_0",
            "lane_type": 22
        },
        {
            "pos": {
                "x": 566817.9456532169,
                "y": 4317982.745189899,
                "yaw": -1.344050646289297
            },
            "heading": -1.344050646289297,
            "speeds": {
                "vmax": 15.0
            },
            "type": 1,
            "driving_direction": 1,
            "id": "1366_0",
            "lane_type": 22
        },
        {
            "pos": {
                "x": 566818.0587139396,
                "y": 4317982.25814034,
                "yaw": -1.344050646289297
            },
            "heading": -1.344050646289297,
            "speeds": {
                "vmax": 15.0
            },
            "type": 1,
            "driving_direction": 1,
            "id": "1366_0",
            "lane_type": 22
        },
        {
            "pos": {
                "x": 566818.1717746622,
                "y": 4317981.771090781,
                "yaw": -1.344050646289297
            },
            "heading": -1.344050646289297,
            "speeds": {
                "vmax": 15.0
            },
            "type": 1,
            "driving_direction": 1,
            "id": "1366_0",
            "lane_type": 22
        },
        {
            "pos": {
                "x": 566818.2848353849,
                "y": 4317981.284041222,
                "yaw": -1.344050646289297
            },
            "heading": -1.344050646289297,
            "speeds": {
                "vmax": 15.0
            },
            "type": 1,
            "driving_direction": 1,
            "id": "1366_0",
            "lane_type": 22
        },
        {
            "pos": {
                "x": 566818.3978961075,
                "y": 4317980.796991663,
                "yaw": -1.344050646289297
            },
            "heading": -1.344050646289297,
            "speeds": {
                "vmax": 15.0
            },
            "type": 1,
            "driving_direction": 1,
            "id": "1366_0",
            "lane_type": 22
        },
        {
            "pos": {
                "x": 566818.5109568302,
                "y": 4317980.309942104,
                "yaw": -1.344050646289297
            },
            "heading": -1.344050646289297,
            "speeds": {
                "vmax": 15.0
            },
            "type": 1,
            "driving_direction": 1,
            "id": "1366_0",
            "lane_type": 22
        },
        {
            "pos": {
                "x": 566818.6240175528,
                "y": 4317979.822892545,
                "yaw": -1.344050646289297
            },
            "heading": -1.344050646289297,
            "speeds": {
                "vmax": 15.0
            },
            "type": 1,
            "driving_direction": 1,
            "id": "1366_0",
            "lane_type": 22
        },
        {
            "pos": {
                "x": 566818.7370782754,
                "y": 4317979.335842986,
                "yaw": -1.344050646289297
            },
            "heading": -1.344050646289297,
            "speeds": {
                "vmax": 15.0
            },
            "type": 1,
            "driving_direction": 1,
            "id": "1366_0",
            "lane_type": 22
        },
        {
            "pos": {
                "x": 566818.8501389981,
                "y": 4317978.8487934265,
                "yaw": -1.344050646289297
            },
            "heading": -1.344050646289297,
            "speeds": {
                "vmax": 15.0
            },
            "type": 1,
            "driving_direction": 1,
            "id": "1366_0",
            "lane_type": 22
        },
        {
            "pos": {
                "x": 566818.9631997207,
                "y": 4317978.361743867,
                "yaw": -1.344050646289297
            },
            "heading": -1.344050646289297,
            "speeds": {
                "vmax": 15.0
            },
            "type": 1,
            "driving_direction": 1,
            "id": "1366_0",
            "lane_type": 22
        },
        {
            "pos": {
                "x": 566819.0762604434,
                "y": 4317977.874694308,
                "yaw": -1.344050646289297
            },
            "heading": -1.344050646289297,
            "speeds": {
                "vmax": 15.0
            },
            "type": 1,
            "driving_direction": 1,
            "id": "1366_0",
            "lane_type": 22
        },
        {
            "pos": {
                "x": 566819.189321166,
                "y": 4317977.387644749,
                "yaw": -1.344050646289297
            },
            "heading": -1.344050646289297,
            "speeds": {
                "vmax": 15.0
            },
            "type": 1,
            "driving_direction": 1,
            "id": "1366_0",
            "lane_type": 22
        },
        {
            "pos": {
                "x": 566819.3023818887,
                "y": 4317976.90059519,
                "yaw": -1.344050646289297
            },
            "heading": -1.344050646289297,
            "speeds": {
                "vmax": 15.0
            },
            "type": 1,
            "driving_direction": 1,
            "id": "1366_0",
            "lane_type": 22
        },
        {
            "pos": {
                "x": 566819.4154426113,
                "y": 4317976.413545631,
                "yaw": -1.344050646289297
            },
            "heading": -1.344050646289297,
            "speeds": {
                "vmax": 15.0
            },
            "type": 1,
            "driving_direction": 1,
            "id": "1366_0",
            "lane_type": 22
        },
        {
            "pos": {
                "x": 566819.5285033339,
                "y": 4317975.926496072,
                "yaw": -1.344050646289297
            },
            "heading": -1.344050646289297,
            "speeds": {
                "vmax": 15.0
            },
            "type": 1,
            "driving_direction": 1,
            "id": "1366_0",
            "lane_type": 22
        },
        {
            "pos": {
                "x": 566819.6415640566,
                "y": 4317975.439446513,
                "yaw": -1.344050646289297
            },
            "heading": -1.344050646289297,
            "speeds": {
                "vmax": 15.0
            },
            "type": 1,
            "driving_direction": 1,
            "id": "1366_0",
            "lane_type": 22
        },
        {
            "pos": {
                "x": 566819.7546247792,
                "y": 4317974.9523969535,
                "yaw": -1.344050646289297
            },
            "heading": -1.344050646289297,
            "speeds": {
                "vmax": 15.0
            },
            "type": 1,
            "driving_direction": 1,
            "id": "1366_0",
            "lane_type": 22
        },
        {
            "pos": {
                "x": 566819.8676855019,
                "y": 4317974.465347394,
                "yaw": -1.344050646289297
            },
            "heading": -1.344050646289297,
            "speeds": {
                "vmax": 15.0
            },
            "type": 1,
            "driving_direction": 1,
            "id": "1366_0",
            "lane_type": 22
        },
        {
            "pos": {
                "x": 566819.9807462245,
                "y": 4317973.978297836,
                "yaw": -1.344050646289297
            },
            "heading": -1.344050646289297,
            "speeds": {
                "vmax": 15.0
            },
            "type": 1,
            "driving_direction": 1,
            "id": "1366_0",
            "lane_type": 22
        },
        {
            "pos": {
                "x": 566820.0938069471,
                "y": 4317973.491248277,
                "yaw": -1.344050646289297
            },
            "heading": -1.344050646289297,
            "speeds": {
                "vmax": 15.0
            },
            "type": 1,
            "driving_direction": 1,
            "id": "1366_0",
            "lane_type": 22
        },
        {
            "pos": {
                "x": 566820.2068676698,
                "y": 4317973.004198718,
                "yaw": -1.344050646289297
            },
            "heading": -1.344050646289297,
            "speeds": {
                "vmax": 15.0
            },
            "type": 1,
            "driving_direction": 1,
            "id": "1366_0",
            "lane_type": 22
        },
        {
            "pos": {
                "x": 566820.3199283924,
                "y": 4317972.517149159,
                "yaw": -1.344050646289297
            },
            "heading": -1.344050646289297,
            "speeds": {
                "vmax": 15.0
            },
            "type": 1,
            "driving_direction": 1,
            "id": "1366_0",
            "lane_type": 22
        },
        {
            "pos": {
                "x": 566820.4329891151,
                "y": 4317972.0300996,
                "yaw": -1.344050646289297
            },
            "heading": -1.344050646289297,
            "speeds": {
                "vmax": 15.0
            },
            "type": 1,
            "driving_direction": 1,
            "id": "1366_0",
            "lane_type": 22
        },
        {
            "pos": {
                "x": 566820.5460498377,
                "y": 4317971.5430500405,
                "yaw": -1.344050646289297
            },
            "heading": -1.344050646289297,
            "speeds": {
                "vmax": 15.0
            },
            "type": 1,
            "driving_direction": 1,
            "id": "1366_0",
            "lane_type": 22
        },
        {
            "pos": {
                "x": 566820.6591105604,
                "y": 4317971.056000481,
                "yaw": -1.344050646289297
            },
            "heading": -1.344050646289297,
            "speeds": {
                "vmax": 15.0
            },
            "type": 1,
            "driving_direction": 1,
            "id": "1366_0",
            "lane_type": 22
        },
        {
            "pos": {
                "x": 566820.772171283,
                "y": 4317970.568950922,
                "yaw": -1.344050646289297
            },
            "heading": -1.344050646289297,
            "speeds": {
                "vmax": 15.0
            },
            "type": 1,
            "driving_direction": 1,
            "id": "1366_0",
            "lane_type": 22
        },
        {
            "pos": {
                "x": 566820.8852320056,
                "y": 4317970.081901363,
                "yaw": -1.344050646289297
            },
            "heading": -1.344050646289297,
            "speeds": {
                "vmax": 15.0
            },
            "type": 1,
            "driving_direction": 1,
            "id": "1366_0",
            "lane_type": 22
        },
        {
            "pos": {
                "x": 566820.9982927283,
                "y": 4317969.594851804,
                "yaw": -1.344050646289297
            },
            "heading": -1.344050646289297,
            "speeds": {
                "vmax": 15.0
            },
            "type": 1,
            "driving_direction": 1,
            "id": "1366_0",
            "lane_type": 22
        },
        {
            "pos": {
                "x": 566821.1113534509,
                "y": 4317969.107802245,
                "yaw": -1.344050646289297
            },
            "heading": -1.344050646289297,
            "speeds": {
                "vmax": 15.0
            },
            "type": 1,
            "driving_direction": 1,
            "id": "1366_0",
            "lane_type": 22
        },
        {
            "pos": {
                "x": 566821.2244141736,
                "y": 4317968.620752686,
                "yaw": -1.344050646289297
            },
            "heading": -1.344050646289297,
            "speeds": {
                "vmax": 15.0
            },
            "type": 1,
            "driving_direction": 1,
            "id": "1366_0",
            "lane_type": 22
        },
        {
            "pos": {
                "x": 566821.3374748962,
                "y": 4317968.133703127,
                "yaw": -1.344050646289297
            },
            "heading": -1.344050646289297,
            "speeds": {
                "vmax": 15.0
            },
            "type": 1,
            "driving_direction": 1,
            "id": "1366_0",
            "lane_type": 22
        },
        {
            "pos": {
                "x": 566821.4505356189,
                "y": 4317967.646653567,
                "yaw": -1.344050646289297
            },
            "heading": -1.344050646289297,
            "speeds": {
                "vmax": 15.0
            },
            "type": 1,
            "driving_direction": 1,
            "id": "1366_0",
            "lane_type": 22
        },
        {
            "pos": {
                "x": 566821.5635963415,
                "y": 4317967.159604008,
                "yaw": -1.344050646289297
            },
            "heading": -1.344050646289297,
            "speeds": {
                "vmax": 15.0
            },
            "type": 1,
            "driving_direction": 1,
            "id": "1366_0",
            "lane_type": 22
        },
        {
            "pos": {
                "x": 566821.6766570641,
                "y": 4317966.672554449,
                "yaw": -1.344050646289297
            },
            "heading": -1.344050646289297,
            "speeds": {
                "vmax": 15.0
            },
            "type": 1,
            "driving_direction": 1,
            "id": "1366_0",
            "lane_type": 22
        },
        {
            "pos": {
                "x": 566821.7897177868,
                "y": 4317966.185504891,
                "yaw": -1.344050646289297
            },
            "heading": -1.344050646289297,
            "speeds": {
                "vmax": 15.0
            },
            "type": 1,
            "driving_direction": 1,
            "id": "1366_0",
            "lane_type": 22
        },
        {
            "pos": {
                "x": 566821.9027785094,
                "y": 4317965.698455332,
                "yaw": -1.344050646289297
            },
            "heading": -1.344050646289297,
            "speeds": {
                "vmax": 15.0
            },
            "type": 1,
            "driving_direction": 1,
            "id": "1366_0",
            "lane_type": 22
        },
        {
            "pos": {
                "x": 566822.0158392321,
                "y": 4317965.211405773,
                "yaw": -1.344050646289297
            },
            "heading": -1.344050646289297,
            "speeds": {
                "vmax": 15.0
            },
            "type": 1,
            "driving_direction": 1,
            "id": "1366_0",
            "lane_type": 22
        },
        {
            "pos": {
                "x": 566822.1288999547,
                "y": 4317964.724356214,
                "yaw": -1.344050646289297
            },
            "heading": -1.344050646289297,
            "speeds": {
                "vmax": 15.0
            },
            "type": 1,
            "driving_direction": 1,
            "id": "1366_0",
            "lane_type": 22
        },
        {
            "pos": {
                "x": 566822.2419606773,
                "y": 4317964.237306654,
                "yaw": -1.344050646289297
            },
            "heading": -1.344050646289297,
            "speeds": {
                "vmax": 15.0
            },
            "type": 1,
            "driving_direction": 1,
            "id": "1366_0",
            "lane_type": 22
        },
        {
            "pos": {
                "x": 566822.3550214,
                "y": 4317963.750257095,
                "yaw": -1.344050646289297
            },
            "heading": -1.344050646289297,
            "speeds": {
                "vmax": 15.0
            },
            "type": 1,
            "driving_direction": 1,
            "id": "1366_0",
            "lane_type": 22
        },
        {
            "pos": {
                "x": 566822.4680821226,
                "y": 4317963.263207536,
                "yaw": -1.344050646289297
            },
            "heading": -1.344050646289297,
            "speeds": {
                "vmax": 15.0
            },
            "type": 1,
            "driving_direction": 1,
            "id": "1366_0",
            "lane_type": 22
        },
        {
            "pos": {
                "x": 566822.5811428453,
                "y": 4317962.776157977,
                "yaw": -1.344050646289297
            },
            "heading": -1.344050646289297,
            "speeds": {
                "vmax": 15.0
            },
            "type": 1,
            "driving_direction": 1,
            "id": "1366_0",
            "lane_type": 22
        },
        {
            "pos": {
                "x": 566822.6942035679,
                "y": 4317962.289108418,
                "yaw": -1.344050646289297
            },
            "heading": -1.344050646289297,
            "speeds": {
                "vmax": 15.0
            },
            "type": 1,
            "driving_direction": 1,
            "id": "1366_0",
            "lane_type": 22
        },
        {
            "pos": {
                "x": 566822.8072642906,
                "y": 4317961.802058859,
                "yaw": -1.344050646289297
            },
            "heading": -1.344050646289297,
            "speeds": {
                "vmax": 15.0
            },
            "type": 1,
            "driving_direction": 1,
            "id": "1366_0",
            "lane_type": 22
        },
        {
            "pos": {
                "x": 566822.9203250132,
                "y": 4317961.3150093,
                "yaw": -1.344050646289297
            },
            "heading": -1.344050646289297,
            "speeds": {
                "vmax": 15.0
            },
            "type": 1,
            "driving_direction": 1,
            "id": "1366_0",
            "lane_type": 22
        },
        {
            "pos": {
                "x": 566823.0333857358,
                "y": 4317960.827959741,
                "yaw": -1.344050646289297
            },
            "heading": -1.344050646289297,
            "speeds": {
                "vmax": 15.0
            },
            "type": 1,
            "driving_direction": 1,
            "id": "1366_0",
            "lane_type": 22
        },
        {
            "pos": {
                "x": 566823.1464464585,
                "y": 4317960.340910181,
                "yaw": -1.344050646289297
            },
            "heading": -1.344050646289297,
            "speeds": {
                "vmax": 15.0
            },
            "type": 1,
            "driving_direction": 1,
            "id": "1366_0",
            "lane_type": 22
        },
        {
            "pos": {
                "x": 566823.2595071811,
                "y": 4317959.853860622,
                "yaw": -1.344050646289297
            },
            "heading": -1.344050646289297,
            "speeds": {
                "vmax": 15.0
            },
            "type": 1,
            "driving_direction": 1,
            "id": "1366_0",
            "lane_type": 22
        },
        {
            "pos": {
                "x": 566823.3725679038,
                "y": 4317959.366811063,
                "yaw": -1.344050646289297
            },
            "heading": -1.344050646289297,
            "speeds": {
                "vmax": 15.0
            },
            "type": 1,
            "driving_direction": 1,
            "id": "1366_0",
            "lane_type": 22
        },
        {
            "pos": {
                "x": 566823.4856286264,
                "y": 4317958.879761504,
                "yaw": -1.344050646289297
            },
            "heading": -1.344050646289297,
            "speeds": {
                "vmax": 15.0
            },
            "type": 1,
            "driving_direction": 1,
            "id": "1366_0",
            "lane_type": 22
        },
        {
            "pos": {
                "x": 566823.5986893491,
                "y": 4317958.392711945,
                "yaw": -1.344050646289297
            },
            "heading": -1.344050646289297,
            "speeds": {
                "vmax": 15.0
            },
            "type": 1,
            "driving_direction": 1,
            "id": "1366_0",
            "lane_type": 22
        },
        {
            "pos": {
                "x": 566823.7117500717,
                "y": 4317957.905662387,
                "yaw": -1.344050646289297
            },
            "heading": -1.344050646289297,
            "speeds": {
                "vmax": 15.0
            },
            "type": 1,
            "driving_direction": 1,
            "id": "1366_0",
            "lane_type": 22
        },
        {
            "pos": {
                "x": 566823.8248107943,
                "y": 4317957.418612828,
                "yaw": -1.344050646289297
            },
            "heading": -1.344050646289297,
            "speeds": {
                "vmax": 15.0
            },
            "type": 1,
            "driving_direction": 1,
            "id": "1366_0",
            "lane_type": 22
        },
        {
            "pos": {
                "x": 566823.937871517,
                "y": 4317956.931563268,
                "yaw": -1.344050646289297
            },
            "heading": -1.344050646289297,
            "speeds": {
                "vmax": 15.0
            },
            "type": 1,
            "driving_direction": 1,
            "id": "1366_0",
            "lane_type": 22
        },
        {
            "pos": {
                "x": 566824.0509322396,
                "y": 4317956.444513709,
                "yaw": -1.344050646289297
            },
            "heading": -1.344050646289297,
            "speeds": {
                "vmax": 15.0
            },
            "type": 1,
            "driving_direction": 1,
            "id": "1366_0",
            "lane_type": 22
        },
        {
            "pos": {
                "x": 566824.1639929623,
                "y": 4317955.95746415,
                "yaw": -1.344050646289297
            },
            "heading": -1.344050646289297,
            "speeds": {
                "vmax": 15.0
            },
            "type": 1,
            "driving_direction": 1,
            "id": "1366_0",
            "lane_type": 22
        },
        {
            "pos": {
                "x": 566824.2770536849,
                "y": 4317955.470414591,
                "yaw": -1.344050646289297
            },
            "heading": -1.344050646289297,
            "speeds": {
                "vmax": 15.0
            },
            "type": 1,
            "driving_direction": 1,
            "id": "1366_0",
            "lane_type": 22
        },
        {
            "pos": {
                "x": 566824.3901144075,
                "y": 4317954.983365032,
                "yaw": -1.344050646289297
            },
            "heading": -1.344050646289297,
            "speeds": {
                "vmax": 15.0
            },
            "type": 1,
            "driving_direction": 1,
            "id": "1366_0",
            "lane_type": 22
        },
        {
            "pos": {
                "x": 566824.5031751302,
                "y": 4317954.496315473,
                "yaw": -1.344050646289297
            },
            "heading": -1.344050646289297,
            "speeds": {
                "vmax": 15.0
            },
            "type": 1,
            "driving_direction": 1,
            "id": "1366_0",
            "lane_type": 22
        },
        {
            "pos": {
                "x": 566824.6162358528,
                "y": 4317954.009265914,
                "yaw": -1.344050646289297
            },
            "heading": -1.344050646289297,
            "speeds": {
                "vmax": 15.0
            },
            "type": 1,
            "driving_direction": 1,
            "id": "1366_0",
            "lane_type": 22
        },
        {
            "pos": {
                "x": 566824.7292965755,
                "y": 4317953.5222163545,
                "yaw": -1.344050646289297
            },
            "heading": -1.344050646289297,
            "speeds": {
                "vmax": 15.0
            },
            "type": 1,
            "driving_direction": 1,
            "id": "1366_0",
            "lane_type": 22
        },
        {
            "pos": {
                "x": 566824.8423572981,
                "y": 4317953.035166795,
                "yaw": -1.344050646289297
            },
            "heading": -1.344050646289297,
            "speeds": {
                "vmax": 15.0
            },
            "type": 1,
            "driving_direction": 1,
            "id": "1366_0",
            "lane_type": 22
        },
        {
            "pos": {
                "x": 566824.9554180208,
                "y": 4317952.548117236,
                "yaw": -1.344050646289297
            },
            "heading": -1.344050646289297,
            "speeds": {
                "vmax": 15.0
            },
            "type": 1,
            "driving_direction": 1,
            "id": "1366_0",
            "lane_type": 22
        },
        {
            "pos": {
                "x": 566825.0684787434,
                "y": 4317952.061067677,
                "yaw": -1.344050646289297
            },
            "heading": -1.344050646289297,
            "speeds": {
                "vmax": 15.0
            },
            "type": 1,
            "driving_direction": 1,
            "id": "1366_0",
            "lane_type": 22
        },
        {
            "pos": {
                "x": 566825.181539466,
                "y": 4317951.574018118,
                "yaw": -1.344050646289297
            },
            "heading": -1.344050646289297,
            "speeds": {
                "vmax": 15.0
            },
            "type": 1,
            "driving_direction": 1,
            "id": "1366_0",
            "lane_type": 22
        },
        {
            "pos": {
                "x": 566825.2946001887,
                "y": 4317951.086968559,
                "yaw": -1.344050646289297
            },
            "heading": -1.344050646289297,
            "speeds": {
                "vmax": 15.0
            },
            "type": 1,
            "driving_direction": 1,
            "id": "1366_0",
            "lane_type": 22
        },
        {
            "pos": {
                "x": 566825.4076609113,
                "y": 4317950.599919,
                "yaw": -1.344050646289297
            },
            "heading": -1.344050646289297,
            "speeds": {
                "vmax": 15.0
            },
            "type": 1,
            "driving_direction": 1,
            "id": "1366_0",
            "lane_type": 22
        },
        {
            "pos": {
                "x": 566825.520721634,
                "y": 4317950.112869441,
                "yaw": -1.344050646289297
            },
            "heading": -1.344050646289297,
            "speeds": {
                "vmax": 15.0
            },
            "type": 1,
            "driving_direction": 1,
            "id": "1366_0",
            "lane_type": 22
        },
        {
            "pos": {
                "x": 566825.6337823566,
                "y": 4317949.625819882,
                "yaw": -1.344050646289297
            },
            "heading": -1.344050646289297,
            "speeds": {
                "vmax": 15.0
            },
            "type": 1,
            "driving_direction": 1,
            "id": "1366_0",
            "lane_type": 22
        },
        {
            "pos": {
                "x": 566825.7468430793,
                "y": 4317949.138770323,
                "yaw": -1.344050646289297
            },
            "heading": -1.344050646289297,
            "speeds": {
                "vmax": 15.0
            },
            "type": 1,
            "driving_direction": 1,
            "id": "1366_0",
            "lane_type": 22
        },
        {
            "pos": {
                "x": 566825.8599038019,
                "y": 4317948.651720764,
                "yaw": -1.344050646289297
            },
            "heading": -1.344050646289297,
            "speeds": {
                "vmax": 15.0
            },
            "type": 1,
            "driving_direction": 1,
            "id": "1366_0",
            "lane_type": 22
        },
        {
            "pos": {
                "x": 566825.9729645245,
                "y": 4317948.164671205,
                "yaw": -1.344050646289297
            },
            "heading": -1.344050646289297,
            "speeds": {
                "vmax": 15.0
            },
            "type": 1,
            "driving_direction": 1,
            "id": "1366_0",
            "lane_type": 22
        },
        {
            "pos": {
                "x": 566826.0860252472,
                "y": 4317947.677621646,
                "yaw": -1.344050646289297
            },
            "heading": -1.344050646289297,
            "speeds": {
                "vmax": 15.0
            },
            "type": 1,
            "driving_direction": 1,
            "id": "1366_0",
            "lane_type": 22
        },
        {
            "pos": {
                "x": 566826.1990859698,
                "y": 4317947.190572087,
                "yaw": -1.344050646289297
            },
            "heading": -1.344050646289297,
            "speeds": {
                "vmax": 15.0
            },
            "type": 1,
            "driving_direction": 1,
            "id": "1366_0",
            "lane_type": 22
        },
        {
            "pos": {
                "x": 566826.3121466925,
                "y": 4317946.703522528,
                "yaw": -1.344050646289297
            },
            "heading": -1.344050646289297,
            "speeds": {
                "vmax": 15.0
            },
            "type": 1,
            "driving_direction": 1,
            "id": "1366_0",
            "lane_type": 22
        },
        {
            "pos": {
                "x": 566826.4252074151,
                "y": 4317946.216472968,
                "yaw": -1.344050646289297
            },
            "heading": -1.344050646289297,
            "speeds": {
                "vmax": 15.0
            },
            "type": 1,
            "driving_direction": 1,
            "id": "1366_0",
            "lane_type": 22
        },
        {
            "pos": {
                "x": 566826.5382681377,
                "y": 4317945.729423409,
                "yaw": -1.344050646289297
            },
            "heading": -1.344050646289297,
            "speeds": {
                "vmax": 15.0
            },
            "type": 1,
            "driving_direction": 1,
            "id": "1366_0",
            "lane_type": 22
        },
        {
            "pos": {
                "x": 566826.6513288604,
                "y": 4317945.24237385,
                "yaw": -1.344050646289297
            },
            "heading": -1.344050646289297,
            "speeds": {
                "vmax": 15.0
            },
            "type": 1,
            "driving_direction": 1,
            "id": "1366_0",
            "lane_type": 22
        },
        {
            "pos": {
                "x": 566826.764389583,
                "y": 4317944.755324291,
                "yaw": -1.344050646289297
            },
            "heading": -1.344050646289297,
            "speeds": {
                "vmax": 15.0
            },
            "type": 1,
            "driving_direction": 1,
            "id": "1366_0",
            "lane_type": 22
        },
        {
            "pos": {
                "x": 566826.8774503057,
                "y": 4317944.268274732,
                "yaw": -1.344050646289297
            },
            "heading": -1.344050646289297,
            "speeds": {
                "vmax": 15.0
            },
            "type": 1,
            "driving_direction": 1,
            "id": "1366_0",
            "lane_type": 22
        },
        {
            "pos": {
                "x": 566826.9905110283,
                "y": 4317943.781225173,
                "yaw": -1.344050646289297
            },
            "heading": -1.344050646289297,
            "speeds": {
                "vmax": 15.0
            },
            "type": 1,
            "driving_direction": 1,
            "id": "1366_0",
            "lane_type": 22
        },
        {
            "pos": {
                "x": 566827.103571751,
                "y": 4317943.294175614,
                "yaw": -1.344050646289297
            },
            "heading": -1.344050646289297,
            "speeds": {
                "vmax": 15.0
            },
            "type": 1,
            "driving_direction": 1,
            "id": "1366_0",
            "lane_type": 22
        },
        {
            "pos": {
                "x": 566827.2166324736,
                "y": 4317942.807126055,
                "yaw": -1.344050646289297
            },
            "heading": -1.344050646289297,
            "speeds": {
                "vmax": 15.0
            },
            "type": 1,
            "driving_direction": 1,
            "id": "1366_0",
            "lane_type": 22
        },
        {
            "pos": {
                "x": 566827.3296931962,
                "y": 4317942.320076495,
                "yaw": -1.344050646289297
            },
            "heading": -1.344050646289297,
            "speeds": {
                "vmax": 15.0
            },
            "type": 1,
            "driving_direction": 1,
            "id": "1366_0",
            "lane_type": 22
        },
        {
            "pos": {
                "x": 566827.4427539189,
                "y": 4317941.833026937,
                "yaw": -1.344050646289297
            },
            "heading": -1.344050646289297,
            "speeds": {
                "vmax": 15.0
            },
            "type": 1,
            "driving_direction": 1,
            "id": "1366_0",
            "lane_type": 22
        },
        {
            "pos": {
                "x": 566827.5558146415,
                "y": 4317941.345977378,
                "yaw": -1.344050646289297
            },
            "heading": -1.344050646289297,
            "speeds": {
                "vmax": 15.0
            },
            "type": 1,
            "driving_direction": 1,
            "id": "1366_0",
            "lane_type": 22
        },
        {
            "pos": {
                "x": 566827.6688753642,
                "y": 4317940.858927819,
                "yaw": -1.344050646289297
            },
            "heading": -1.344050646289297,
            "speeds": {
                "vmax": 15.0
            },
            "type": 1,
            "driving_direction": 1,
            "id": "1366_0",
            "lane_type": 22
        },
        {
            "pos": {
                "x": 566827.7819360868,
                "y": 4317940.37187826,
                "yaw": -1.344050646289297
            },
            "heading": -1.344050646289297,
            "speeds": {
                "vmax": 15.0
            },
            "type": 1,
            "driving_direction": 1,
            "id": "1366_0",
            "lane_type": 22
        },
        {
            "pos": {
                "x": 566827.8949968095,
                "y": 4317939.884828701,
                "yaw": -1.344050646289297
            },
            "heading": -1.344050646289297,
            "speeds": {
                "vmax": 15.0
            },
            "type": 1,
            "driving_direction": 1,
            "id": "1366_0",
            "lane_type": 22
        },
        {
            "pos": {
                "x": 566828.0080575321,
                "y": 4317939.397779142,
                "yaw": -1.344050646289297
            },
            "heading": -1.344050646289297,
            "speeds": {
                "vmax": 15.0
            },
            "type": 1,
            "driving_direction": 1,
            "id": "1366_0",
            "lane_type": 22
        },
        {
            "pos": {
                "x": 566828.1211182547,
                "y": 4317938.910729582,
                "yaw": -1.344050646289297
            },
            "heading": -1.344050646289297,
            "speeds": {
                "vmax": 15.0
            },
            "type": 1,
            "driving_direction": 1,
            "id": "1366_0",
            "lane_type": 22
        },
        {
            "pos": {
                "x": 566828.2341789774,
                "y": 4317938.423680023,
                "yaw": -1.344050646289297
            },
            "heading": -1.344050646289297,
            "speeds": {
                "vmax": 15.0
            },
            "type": 1,
            "driving_direction": 1,
            "id": "1366_0",
            "lane_type": 22
        },
        {
            "pos": {
                "x": 566828.3472397,
                "y": 4317937.936630464,
                "yaw": -1.344050646289297
            },
            "heading": -1.344050646289297,
            "speeds": {
                "vmax": 15.0
            },
            "type": 1,
            "driving_direction": 1,
            "id": "1366_0",
            "lane_type": 22
        },
        {
            "pos": {
                "x": 566828.4603004227,
                "y": 4317937.449580905,
                "yaw": -1.344050646289297
            },
            "heading": -1.344050646289297,
            "speeds": {
                "vmax": 15.0
            },
            "type": 1,
            "driving_direction": 1,
            "id": "1366_0",
            "lane_type": 22
        },
        {
            "pos": {
                "x": 566828.5733611453,
                "y": 4317936.962531346,
                "yaw": -1.344050646289297
            },
            "heading": -1.344050646289297,
            "speeds": {
                "vmax": 15.0
            },
            "type": 1,
            "driving_direction": 1,
            "id": "1366_0",
            "lane_type": 22
        },
        {
            "pos": {
                "x": 566828.686421868,
                "y": 4317936.475481787,
                "yaw": -1.344050646289297
            },
            "heading": -1.344050646289297,
            "speeds": {
                "vmax": 15.0
            },
            "type": 1,
            "driving_direction": 1,
            "id": "1366_0",
            "lane_type": 22
        },
        {
            "pos": {
                "x": 566828.7994825906,
                "y": 4317935.988432228,
                "yaw": -1.344050646289297
            },
            "heading": -1.344050646289297,
            "speeds": {
                "vmax": 15.0
            },
            "type": 1,
            "driving_direction": 1,
            "id": "1366_0",
            "lane_type": 22
        },
        {
            "pos": {
                "x": 566828.9125433132,
                "y": 4317935.5013826685,
                "yaw": -1.344050646289297
            },
            "heading": -1.344050646289297,
            "speeds": {
                "vmax": 15.0
            },
            "type": 1,
            "driving_direction": 1,
            "id": "1366_0",
            "lane_type": 22
        },
        {
            "pos": {
                "x": 566829.0256040359,
                "y": 4317935.014333109,
                "yaw": -1.344050646289297
            },
            "heading": -1.344050646289297,
            "speeds": {
                "vmax": 15.0
            },
            "type": 1,
            "driving_direction": 1,
            "id": "1366_0",
            "lane_type": 22
        },
        {
            "pos": {
                "x": 566829.1386647585,
                "y": 4317934.52728355,
                "yaw": -1.344050646289297
            },
            "heading": -1.344050646289297,
            "speeds": {
                "vmax": 15.0
            },
            "type": 1,
            "driving_direction": 1,
            "id": "1366_0",
            "lane_type": 22
        },
        {
            "pos": {
                "x": 566829.2517254812,
                "y": 4317934.040233991,
                "yaw": -1.344050646289297
            },
            "heading": -1.344050646289297,
            "speeds": {
                "vmax": 15.0
            },
            "type": 1,
            "driving_direction": 1,
            "id": "1366_0",
            "lane_type": 22
        },
        {
            "pos": {
                "x": 566829.3647862038,
                "y": 4317933.553184433,
                "yaw": -1.344050646289297
            },
            "heading": -1.344050646289297,
            "speeds": {
                "vmax": 15.0
            },
            "type": 1,
            "driving_direction": 1,
            "id": "1366_0",
            "lane_type": 22
        },
        {
            "pos": {
                "x": 566829.4778469264,
                "y": 4317933.066134874,
                "yaw": -1.344050646289297
            },
            "heading": -1.344050646289297,
            "speeds": {
                "vmax": 15.0
            },
            "type": 1,
            "driving_direction": 1,
            "id": "1366_0",
            "lane_type": 22
        },
        {
            "pos": {
                "x": 566829.5909076491,
                "y": 4317932.579085315,
                "yaw": -1.344050646289297
            },
            "heading": -1.344050646289297,
            "speeds": {
                "vmax": 15.0
            },
            "type": 1,
            "driving_direction": 1,
            "id": "1366_0",
            "lane_type": 22
        },
        {
            "pos": {
                "x": 566829.7039683717,
                "y": 4317932.0920357555,
                "yaw": -1.344050646289297
            },
            "heading": -1.344050646289297,
            "speeds": {
                "vmax": 15.0
            },
            "type": 1,
            "driving_direction": 1,
            "id": "1366_0",
            "lane_type": 22
        },
        {
            "pos": {
                "x": 566829.8170290944,
                "y": 4317931.604986196,
                "yaw": -1.344050646289297
            },
            "heading": -1.344050646289297,
            "speeds": {
                "vmax": 15.0
            },
            "type": 1,
            "driving_direction": 1,
            "id": "1366_0",
            "lane_type": 22
        },
        {
            "pos": {
                "x": 566829.930089817,
                "y": 4317931.117936637,
                "yaw": -1.344050646289297
            },
            "heading": -1.344050646289297,
            "speeds": {
                "vmax": 15.0
            },
            "type": 1,
            "driving_direction": 1,
            "id": "1366_0",
            "lane_type": 22
        },
        {
            "pos": {
                "x": 566830.0431505397,
                "y": 4317930.630887078,
                "yaw": -1.344050646289297
            },
            "heading": -1.344050646289297,
            "speeds": {
                "vmax": 15.0
            },
            "type": 1,
            "driving_direction": 1,
            "id": "1366_0",
            "lane_type": 22
        },
        {
            "pos": {
                "x": 566830.1562112623,
                "y": 4317930.143837519,
                "yaw": -1.344050646289297
            },
            "heading": -1.344050646289297,
            "speeds": {
                "vmax": 15.0
            },
            "type": 1,
            "driving_direction": 1,
            "id": "1366_0",
            "lane_type": 22
        },
        {
            "pos": {
                "x": 566830.2692719849,
                "y": 4317929.65678796,
                "yaw": -1.344050646289297
            },
            "heading": -1.344050646289297,
            "speeds": {
                "vmax": 15.0
            },
            "type": 1,
            "driving_direction": 1,
            "id": "1366_0",
            "lane_type": 22
        },
        {
            "pos": {
                "x": 566830.3823327076,
                "y": 4317929.169738401,
                "yaw": -1.344050646289297
            },
            "heading": -1.344050646289297,
            "speeds": {
                "vmax": 15.0
            },
            "type": 1,
            "driving_direction": 1,
            "id": "1366_0",
            "lane_type": 22
        },
        {
            "pos": {
                "x": 566830.4953934302,
                "y": 4317928.682688842,
                "yaw": -1.344050646289297
            },
            "heading": -1.344050646289297,
            "speeds": {
                "vmax": 15.0
            },
            "type": 1,
            "driving_direction": 1,
            "id": "1366_0",
            "lane_type": 22
        },
        {
            "pos": {
                "x": 566830.6084541529,
                "y": 4317928.195639282,
                "yaw": -1.344050646289297
            },
            "heading": -1.344050646289297,
            "speeds": {
                "vmax": 15.0
            },
            "type": 1,
            "driving_direction": 1,
            "id": "1366_0",
            "lane_type": 22
        },
        {
            "pos": {
                "x": 566830.7215148755,
                "y": 4317927.708589723,
                "yaw": -1.344050646289297
            },
            "heading": -1.344050646289297,
            "speeds": {
                "vmax": 15.0
            },
            "type": 1,
            "driving_direction": 1,
            "id": "1366_0",
            "lane_type": 22
        },
        {
            "pos": {
                "x": 566830.8345755982,
                "y": 4317927.221540164,
                "yaw": -1.344050646289297
            },
            "heading": -1.344050646289297,
            "speeds": {
                "vmax": 15.0
            },
            "type": 1,
            "driving_direction": 1,
            "id": "1366_0",
            "lane_type": 22
        },
        {
            "pos": {
                "x": 566830.9476363208,
                "y": 4317926.734490605,
                "yaw": -1.344050646289297
            },
            "heading": -1.344050646289297,
            "speeds": {
                "vmax": 15.0
            },
            "type": 1,
            "driving_direction": 1,
            "id": "1366_0",
            "lane_type": 22
        },
        {
            "pos": {
                "x": 566831.0606970434,
                "y": 4317926.247441046,
                "yaw": -1.344050646289297
            },
            "heading": -1.344050646289297,
            "speeds": {
                "vmax": 15.0
            },
            "type": 1,
            "driving_direction": 1,
            "id": "1366_0",
            "lane_type": 22
        },
        {
            "pos": {
                "x": 566831.1737577661,
                "y": 4317925.760391487,
                "yaw": -1.344050646289297
            },
            "heading": -1.344050646289297,
            "speeds": {
                "vmax": 15.0
            },
            "type": 1,
            "driving_direction": 1,
            "id": "1366_0",
            "lane_type": 22
        },
        {
            "pos": {
                "x": 566831.2868184887,
                "y": 4317925.273341929,
                "yaw": -1.344050646289297
            },
            "heading": -1.344050646289297,
            "speeds": {
                "vmax": 15.0
            },
            "type": 1,
            "driving_direction": 1,
            "id": "1366_0",
            "lane_type": 22
        },
        {
            "pos": {
                "x": 566831.3998792114,
                "y": 4317924.7862923695,
                "yaw": -1.344050646289297
            },
            "heading": -1.344050646289297,
            "speeds": {
                "vmax": 15.0
            },
            "type": 1,
            "driving_direction": 1,
            "id": "1366_0",
            "lane_type": 22
        },
        {
            "pos": {
                "x": 566831.512939934,
                "y": 4317924.29924281,
                "yaw": -1.344050646289297
            },
            "heading": -1.344050646289297,
            "speeds": {
                "vmax": 15.0
            },
            "type": 1,
            "driving_direction": 1,
            "id": "1366_0",
            "lane_type": 22
        },
        {
            "pos": {
                "x": 566831.6260006566,
                "y": 4317923.812193251,
                "yaw": -1.344050646289297
            },
            "heading": -1.344050646289297,
            "speeds": {
                "vmax": 15.0
            },
            "type": 1,
            "driving_direction": 1,
            "id": "1366_0",
            "lane_type": 22
        },
        {
            "pos": {
                "x": 566831.7390613793,
                "y": 4317923.325143692,
                "yaw": -1.344050646289297
            },
            "heading": -1.344050646289297,
            "speeds": {
                "vmax": 15.0
            },
            "type": 1,
            "driving_direction": 1,
            "id": "1366_0",
            "lane_type": 22
        },
        {
            "pos": {
                "x": 566831.8521221019,
                "y": 4317922.838094133,
                "yaw": -1.344050646289297
            },
            "heading": -1.344050646289297,
            "speeds": {
                "vmax": 15.0
            },
            "type": 1,
            "driving_direction": 1,
            "id": "1366_0",
            "lane_type": 22
        },
        {
            "pos": {
                "x": 566831.9651828246,
                "y": 4317922.351044574,
                "yaw": -1.344050646289297
            },
            "heading": -1.344050646289297,
            "speeds": {
                "vmax": 15.0
            },
            "type": 1,
            "driving_direction": 1,
            "id": "1366_0",
            "lane_type": 22
        },
        {
            "pos": {
                "x": 566832.0782435472,
                "y": 4317921.863995015,
                "yaw": -1.344050646289297
            },
            "heading": -1.344050646289297,
            "speeds": {
                "vmax": 15.0
            },
            "type": 1,
            "driving_direction": 1,
            "id": "1366_0",
            "lane_type": 22
        }
    ]
}