{
    "header": {
        "trace_id": "0e17ba39870e4a819ba2cdb400e3285a",
        "trans_id": "899cf4bb-5145-40f4-82f9-00af0fe1c0b2",
        "che_id": "A522",
        "timestamp": "2025-02-20T09:52:01.770773Z",
        "version": "v2"
    },
    "created": "2025-02-20T09:52:01.770819Z",
    "updated": "2025-02-20T09:52:01.780119Z",
    "state_flow": 6,
    "task_mode": 1,
    "trace_id": "0e17ba39870e4a819ba2cdb400e3285a",
    "task_id": "e3c7a0fc-c8d5-4647-a675-69cb0e25a194",
    "navi_id": "A522_e3c7a0fc-c8d5-4647-a675-69cb0e25a194_6",
    "target": "PARK",
    "sub_target": "N9_105_HEAD",
    "is_attendance_tos": true,
    "point": {
        "x": 566908.0378715497,
        "y": 4317969.071671965
    },
    "yaw": 1.7988718731236657,
    "gear": 3,
    "soh": 100,
    "soc": 99,
    "faults": [
        {
            "code": "0",
            "desc": "1"
        }
    ],
    "mileage": 167.05121,
    "operational_status": 1,
    "distance_to_target": 40.042614,
    "host": "10.188.63.104",
    "port": "5522",
    "task_type": 7,
    "crane_id": "PARK",
    "frame_ts": 600910280.2555649,
    "sender_stop": "ddtcs",
    "stop_infos": [
        {
            "created": "2025-02-20T03:36:32.230016Z",
            "sender": "ddtcs",
            "type": 2,
            "reason": "与A521冲突导致停车"
        }
    ],
    "model_type": {}
}