{
    "header": {
        "trace_id": "789ce37c71ce406c91da048fe029ddff",
        "trans_id": "49ef5285-d860-4a00-aa65-70286aa0b080",
        "che_id": "A524",
        "timestamp": "2025-02-20T09:52:01.656520Z",
        "version": "v2"
    },
    "created": "2025-02-20T09:52:01.656560Z",
    "updated": "2025-02-20T09:52:01.678721Z",
    "state_flow": 6,
    "task_mode": 1,
    "trace_id": "789ce37c71ce406c91da048fe029ddff",
    "task_id": "59d9171eb6564464b13b76fd367cca54",
    "navi_id": "A524_59d9171eb6564464b13b76fd367cca54_2244",
    "target": "O5D",
    "sub_target": "64",
    "is_attendance_tos": true,
    "point": {
        "x": 566861.6807413155,
        "y": 4318056.808287978
    },
    "yaw": -2.915740124722845,
    "soh": 100,
    "soc": 99,
    "faults": [
        {
            "code": "0",
            "desc": "2"
        }
    ],
    "mileage": 163.73175,
    "operational_status": 1,
    "distance_to_target": 79.20068,
    "host": "10.188.63.104",
    "port": "5524",
    "task_type": 4,
    "crane_id": "O5D",
    "frame_ts": 600910420.2555649,
    "sender_stop": "ddtcs",
    "stop_infos": [
        {
            "created": "2025-02-20T03:32:13.124060Z",
            "sender": "ddtcs",
            "type": 2,
            "reason": "与A525冲突导致停车"
        }
    ],
    "model_type": {}
}