{
    "header": {
        "trace_id": "7d8a22ace1984923a7b2ee2e58939f15",
        "trans_id": "ac21a719-aa94-4b1f-b848-c82703899630",
        "che_id": "A527",
        "timestamp": "2025-02-20T09:52:01.503147Z",
        "version": "v2"
    },
    "created": "2025-02-20T09:52:01.503218Z",
    "updated": "2025-02-20T09:52:01.513604Z",
    "state_flow": 6,
    "task_mode": 1,
    "trace_id": "7d8a22ace1984923a7b2ee2e58939f15",
    "task_id": "6988ab01-21b1-4dc5-afe6-5fbc58ad42fa",
    "navi_id": "A527_6988ab01-21b1-4dc5-afe6-5fbc58ad42fa_4",
    "target": "PARK",
    "sub_target": "N9_107_HEAD",
    "is_attendance_tos": true,
    "point": {
        "x": 566902.8575478153,
        "y": 4317952.437974534
    },
    "yaw": 1.7987947565165783,
    "gear": 3,
    "soh": 100,
    "soc": 99,
    "faults": [
        {
            "code": "0",
            "desc": "1"
        }
    ],
    "mileage": 174.92656,
    "operational_status": 1,
    "distance_to_target": 55.041645,
    "host": "10.188.63.104",
    "port": "5527",
    "task_type": 7,
    "crane_id": "PARK",
    "frame_ts": 600910160.2555649,
    "sender_stop": "ddtcs",
    "stop_infos": [
        {
            "created": "2025-02-20T03:34:42.939080Z",
            "sender": "ddtcs",
            "type": 2,
            "reason": "与A529冲突导致停车"
        }
    ],
    "model_type": {}
}