{
    "header": {
        "trace_id": "01da0c772b614fafa179de67117aba90",
        "trans_id": "015bbffc-6cd9-40a6-98f2-0b6252bfb10f",
        "che_id": "A530",
        "timestamp": "2025-02-20T09:52:01.520684Z",
        "version": "v2"
    },
    "created": "2025-02-20T09:52:01.520724Z",
    "updated": "2025-02-20T09:52:01.535494Z",
    "state_flow": 6,
    "task_mode": 1,
    "trace_id": "01da0c772b614fafa179de67117aba90",
    "task_id": "bedd996810ba41bd9ac18fcbecad43cd",
    "navi_id": "A530_bedd996810ba41bd9ac18fcbecad43cd_14",
    "target": "Q110",
    "sub_target": "7",
    "is_attendance_tos": true,
    "point": {
        "x": 566916.9862471881,
        "y": 4317891.5386060905
    },
    "yaw": 1.7988002715278293,
    "soh": 100,
    "soc": 99,
    "empty": true,
    "faults": [
        {
            "code": "0",
            "desc": "2"
        }
    ],
    "mileage": 164.74718,
    "operational_status": 1,
    "distance_to_target": 13.860188,
    "host": "10.188.63.104",
    "port": "5530",
    "task_type": 1,
    "crane_id": "Q110",
    "frame_ts": 600910160.2555649,
    "sender_stop": "ddtcs",
    "stop_infos": [
        {
            "created": "2025-02-20T03:38:01.243415Z",
            "sender": "ddtcs",
            "type": 2,
            "reason": "与A526冲突导致停车"
        }
    ],
    "model_type": {}
}