{
    "header": {
        "trace_id": "1932334639f34e8fa4ae097d445d9ac1",
        "trans_id": "b5e7a25b-5325-484c-8ab2-171314572dca",
        "che_id": "A536",
        "timestamp": "2025-02-20T09:52:01.614942Z",
        "version": "v2"
    },
    "created": "2025-02-20T09:52:01.614989Z",
    "updated": "2025-02-20T09:52:01.672951Z",
    "state_flow": 6,
    "task_mode": 1,
    "trace_id": "1932334639f34e8fa4ae097d445d9ac1",
    "task_id": "72e7ef2d-0c48-43af-9738-a15435ca0075",
    "navi_id": "A536_72e7ef2d-0c48-43af-9738-a15435ca0075_3",
    "target": "PARK",
    "sub_target": "N9_106_HEAD",
    "is_attendance_tos": true,
    "point": {
        "x": 566902.6947706509,
        "y": 4317972.652195476
    },
    "yaw": 1.7982738388263368,
    "gear": 3,
    "soh": 100,
    "soc": 99,
    "faults": [
        {
            "code": "0",
            "desc": "1"
        }
    ],
    "mileage": 102.48849,
    "operational_status": 1,
    "distance_to_target": 35.375626,
    "host": "10.188.63.104",
    "port": "5536",
    "task_type": 7,
    "crane_id": "PARK",
    "frame_ts": 600910280.2555649,
    "sender_stop": "ddtcs",
    "stop_infos": [
        {
            "created": "2025-02-20T03:35:01.327667Z",
            "sender": "ddtcs",
            "type": 2,
            "reason": "与A532冲突导致停车"
        }
    ],
    "model_type": {}
}