{
    "header": {
        "trace_id": "e296913235a945769a71dc37bc2ad2e3",
        "trans_id": "91f2c997-2010-4696-8be6-320dc78f3dda",
        "che_id": "A537",
        "timestamp": "2025-02-20T09:52:01.743187Z",
        "version": "v2"
    },
    "created": "2025-02-20T09:52:01.743221Z",
    "updated": "2025-02-20T09:52:01.770082Z",
    "state_flow": 6,
    "task_mode": 1,
    "trace_id": "e296913235a945769a71dc37bc2ad2e3",
    "task_id": "32c000d502b3465081c1f6c85bc8b3b6",
    "navi_id": "A537_32c000d502b3465081c1f6c85bc8b3b6_11",
    "target": "Q111",
    "sub_target": "6",
    "is_attendance_tos": true,
    "point": {
        "x": 566921.7540273255,
        "y": 4317890.3989348635
    },
    "yaw": 1.798812421170414,
    "soh": 100,
    "soc": 99,
    "empty": true,
    "faults": [
        {
            "code": "0",
            "desc": "2"
        }
    ],
    "mileage": 106.01685,
    "operational_status": 1,
    "distance_to_target": 72.34604,
    "host": "10.188.63.104",
    "port": "5537",
    "task_type": 1,
    "crane_id": "Q111",
    "frame_ts": 600910280.2555649,
    "sender_stop": "ddtcs",
    "stop_infos": [
        {
            "created": "2025-02-20T03:42:55.010508Z",
            "sender": "ddtcs",
            "type": 2,
            "reason": "与A533冲突导致停车"
        }
    ],
    "model_type": {}
}