{
    "header": {
        "trans_id": "b760f88e-193f-42a2-ba57-f09430b1ba38",
        "che_id": "A523",
        "timestamp": "2025-02-19T18:41:38.031790Z",
        "version": "v2"
    },
    "created": "2025-02-19T18:41:38.031851Z",
    "updated": "2025-02-19T18:41:38.040176Z",
    "task_mode": 1,
    "task_id": "COMMAND&jGP8CzKNiL",
    "navi_id": "A523_COMMAND&jGP8CzKNiL_31",
    "target": "PARK",
    "sub_target": "N9_104_HEAD",
    "is_attendance_tos": true,
    "point": {
        "x": 566903.2544562805,
        "y": 4318009.252114516
    },
    "yaw": 1.7987627996607118,
    "soh": 100,
    "soc": 99,
    "empty": true,
    "faults": [
        {
            "code": "0",
            "desc": "7"
        }
    ],
    "mileage": 147.65997,
    "operational_status": 1,
    "host": "10.188.63.104",
    "port": "5523",
    "task_type": 7,
    "frame_ts": 546286860.2046931,
    "model_type": {}
}