{
    "header": {
        "trace_id": "c19df847563a43ff9f97ebb4e6155c33",
        "trans_id": "634ed411-352f-4200-b927-0f62b7688755",
        "che_id": "A524",
        "timestamp": "2025-02-19T09:12:47.233097Z"
    },
    "task_id": "c19df847563a43ff9f97ebb4e6155c33",
    "navi_id": "A524_c19df847563a43ff9f97ebb4e6155c33_2007",
    "seq_num": 2007,
    "dest_type": 1,
    "mode": 2,
    "waypoints": [
        {
            "pos": {
                "x": 566902.5168521794,
                "y": 4317992.857450896,
                "yaw": 1.7988718564998731
            },
            "heading": 1.7988718564998731,
            "speeds": {
                "vmax": 20.0
            },
            "type": 1,
            "driving_direction": 1,
            "id": "1003_3",
            "lane_type": 1
        },
        {
            "pos": {
                "x": 566902.403800525,
                "y": 4317993.34450256,
                "yaw": 1.7988718564998731
            },
            "heading": 1.7988718564998731,
            "speeds": {
                "vmax": 20.0
            },
            "type": 1,
            "driving_direction": 1,
            "id": "1003_3",
            "lane_type": 1
        },
        {
            "pos": {
                "x": 566902.2907488706,
                "y": 4317993.831554224,
                "yaw": 1.7988718564998731
            },
            "heading": 1.7988718564998731,
            "speeds": {
                "vmax": 20.0
            },
            "type": 1,
            "driving_direction": 1,
            "id": "1003_3",
            "lane_type": 1
        },
        {
            "pos": {
                "x": 566902.1776972162,
                "y": 4317994.318605888,
                "yaw": 1.7988718564998731
            },
            "heading": 1.7988718564998731,
            "speeds": {
                "vmax": 20.0
            },
            "type": 1,
            "driving_direction": 1,
            "id": "1003_3",
            "lane_type": 1
        },
        {
            "pos": {
                "x": 566902.0646455617,
                "y": 4317994.805657552,
                "yaw": 1.7988718564998731
            },
            "heading": 1.7988718564998731,
            "speeds": {
                "vmax": 20.0
            },
            "type": 1,
            "driving_direction": 1,
            "id": "1003_3",
            "lane_type": 1
        },
        {
            "pos": {
                "x": 566901.9515939073,
                "y": 4317995.2927092165,
                "yaw": 1.7988718564998731
            },
            "heading": 1.7988718564998731,
            "speeds": {
                "vmax": 20.0
            },
            "type": 1,
            "driving_direction": 1,
            "id": "1003_3",
            "lane_type": 1
        },
        {
            "pos": {
                "x": 566901.8385422528,
                "y": 4317995.77976088,
                "yaw": 1.7988718564998731
            },
            "heading": 1.7988718564998731,
            "speeds": {
                "vmax": 20.0
            },
            "type": 1,
            "driving_direction": 1,
            "id": "1003_3",
            "lane_type": 1
        },
        {
            "pos": {
                "x": 566901.7254905984,
                "y": 4317996.266812544,
                "yaw": 1.7988718564998731
            },
            "heading": 1.7988718564998731,
            "speeds": {
                "vmax": 20.0
            },
            "type": 1,
            "driving_direction": 1,
            "id": "1003_3",
            "lane_type": 1
        },
        {
            "pos": {
                "x": 566901.6124389439,
                "y": 4317996.753864208,
                "yaw": 1.7988718564998731
            },
            "heading": 1.7988718564998731,
            "speeds": {
                "vmax": 20.0
            },
            "type": 1,
            "driving_direction": 1,
            "id": "1003_3",
            "lane_type": 1
        },
        {
            "pos": {
                "x": 566901.4993872895,
                "y": 4317997.240915872,
                "yaw": 1.7988718564998731
            },
            "heading": 1.7988718564998731,
            "speeds": {
                "vmax": 20.0
            },
            "type": 1,
            "driving_direction": 1,
            "id": "1003_3",
            "lane_type": 1
        },
        {
            "pos": {
                "x": 566901.3863356351,
                "y": 4317997.727967536,
                "yaw": 1.7988718564998731
            },
            "heading": 1.7988718564998731,
            "speeds": {
                "vmax": 20.0
            },
            "type": 1,
            "driving_direction": 1,
            "id": "1003_3",
            "lane_type": 1
        },
        {
            "pos": {
                "x": 566901.2732839807,
                "y": 4317998.2150192,
                "yaw": 1.7988718564998731
            },
            "heading": 1.7988718564998731,
            "speeds": {
                "vmax": 20.0
            },
            "type": 1,
            "driving_direction": 1,
            "id": "1003_3",
            "lane_type": 1
        },
        {
            "pos": {
                "x": 566901.1602323262,
                "y": 4317998.702070864,
                "yaw": 1.7988718564998731
            },
            "heading": 1.7988718564998731,
            "speeds": {
                "vmax": 20.0
            },
            "type": 1,
            "driving_direction": 1,
            "id": "1003_3",
            "lane_type": 1
        },
        {
            "pos": {
                "x": 566901.0471806718,
                "y": 4317999.189122528,
                "yaw": 1.7988718564998731
            },
            "heading": 1.7988718564998731,
            "speeds": {
                "vmax": 20.0
            },
            "type": 1,
            "driving_direction": 1,
            "id": "1003_3",
            "lane_type": 1
        },
        {
            "pos": {
                "x": 566900.9341290174,
                "y": 4317999.676174193,
                "yaw": 1.7988718564998731
            },
            "heading": 1.7988718564998731,
            "speeds": {
                "vmax": 20.0
            },
            "type": 1,
            "driving_direction": 1,
            "id": "1003_3",
            "lane_type": 1
        },
        {
            "pos": {
                "x": 566900.821077363,
                "y": 4318000.163225857,
                "yaw": 1.7988718564998731
            },
            "heading": 1.7988718564998731,
            "speeds": {
                "vmax": 20.0
            },
            "type": 1,
            "driving_direction": 1,
            "id": "1003_3",
            "lane_type": 1
        },
        {
            "pos": {
                "x": 566900.7080257086,
                "y": 4318000.6502775205,
                "yaw": 1.7988718564998731
            },
            "heading": 1.7988718564998731,
            "speeds": {
                "vmax": 20.0
            },
            "type": 1,
            "driving_direction": 1,
            "id": "1003_3",
            "lane_type": 1
        },
        {
            "pos": {
                "x": 566900.594974054,
                "y": 4318001.137329184,
                "yaw": 1.7988718564998731
            },
            "heading": 1.7988718564998731,
            "speeds": {
                "vmax": 20.0
            },
            "type": 1,
            "driving_direction": 1,
            "id": "1003_3",
            "lane_type": 1
        },
        {
            "pos": {
                "x": 566900.4819223996,
                "y": 4318001.624380848,
                "yaw": 1.7988718564998731
            },
            "heading": 1.7988718564998731,
            "speeds": {
                "vmax": 20.0
            },
            "type": 1,
            "driving_direction": 1,
            "id": "1003_3",
            "lane_type": 1
        },
        {
            "pos": {
                "x": 566900.3688707452,
                "y": 4318002.111432512,
                "yaw": 1.7988718564998731
            },
            "heading": 1.7988718564998731,
            "speeds": {
                "vmax": 20.0
            },
            "type": 1,
            "driving_direction": 1,
            "id": "1003_3",
            "lane_type": 1
        },
        {
            "pos": {
                "x": 566900.2558190908,
                "y": 4318002.598484176,
                "yaw": 1.7988718564998731
            },
            "heading": 1.7988718564998731,
            "speeds": {
                "vmax": 20.0
            },
            "type": 1,
            "driving_direction": 1,
            "id": "1003_3",
            "lane_type": 1
        },
        {
            "pos": {
                "x": 566900.1427674363,
                "y": 4318003.08553584,
                "yaw": 1.7988718564998731
            },
            "heading": 1.7988718564998731,
            "speeds": {
                "vmax": 20.0
            },
            "type": 1,
            "driving_direction": 1,
            "id": "1003_3",
            "lane_type": 1
        },
        {
            "pos": {
                "x": 566900.0297157819,
                "y": 4318003.572587504,
                "yaw": 1.7988718564998731
            },
            "heading": 1.7988718564998731,
            "speeds": {
                "vmax": 20.0
            },
            "type": 1,
            "driving_direction": 1,
            "id": "1003_3",
            "lane_type": 1
        },
        {
            "pos": {
                "x": 566899.9166641275,
                "y": 4318004.059639169,
                "yaw": 1.7988718564998731
            },
            "heading": 1.7988718564998731,
            "speeds": {
                "vmax": 20.0
            },
            "type": 1,
            "driving_direction": 1,
            "id": "1003_3",
            "lane_type": 1
        },
        {
            "pos": {
                "x": 566899.8036124731,
                "y": 4318004.546690833,
                "yaw": 1.7988718564998731
            },
            "heading": 1.7988718564998731,
            "speeds": {
                "vmax": 20.0
            },
            "type": 1,
            "driving_direction": 1,
            "id": "1003_3",
            "lane_type": 1
        },
        {
            "pos": {
                "x": 566899.6905608186,
                "y": 4318005.033742497,
                "yaw": 1.7988718564998731
            },
            "heading": 1.7988718564998731,
            "speeds": {
                "vmax": 20.0
            },
            "type": 1,
            "driving_direction": 1,
            "id": "1003_3",
            "lane_type": 1
        },
        {
            "pos": {
                "x": 566899.5775091642,
                "y": 4318005.520794161,
                "yaw": 1.7988718564998731
            },
            "heading": 1.7988718564998731,
            "speeds": {
                "vmax": 20.0
            },
            "type": 1,
            "driving_direction": 1,
            "id": "1003_3",
            "lane_type": 1
        },
        {
            "pos": {
                "x": 566899.4644575098,
                "y": 4318006.007845825,
                "yaw": 1.7988718564998731
            },
            "heading": 1.7988718564998731,
            "speeds": {
                "vmax": 20.0
            },
            "type": 1,
            "driving_direction": 1,
            "id": "1003_3",
            "lane_type": 1
        },
        {
            "pos": {
                "x": 566899.3514058553,
                "y": 4318006.4948974885,
                "yaw": 1.7988718564998731
            },
            "heading": 1.7988718564998731,
            "speeds": {
                "vmax": 20.0
            },
            "type": 1,
            "driving_direction": 1,
            "id": "1003_3",
            "lane_type": 1
        },
        {
            "pos": {
                "x": 566899.2383542008,
                "y": 4318006.981949152,
                "yaw": 1.7988718564998731
            },
            "heading": 1.7988718564998731,
            "speeds": {
                "vmax": 20.0
            },
            "type": 1,
            "driving_direction": 1,
            "id": "1003_3",
            "lane_type": 1
        },
        {
            "pos": {
                "x": 566899.1253025464,
                "y": 4318007.469000816,
                "yaw": 1.7988718564998731
            },
            "heading": 1.7988718564998731,
            "speeds": {
                "vmax": 20.0
            },
            "type": 1,
            "driving_direction": 1,
            "id": "1003_3",
            "lane_type": 1
        },
        {
            "pos": {
                "x": 566899.012250892,
                "y": 4318007.956052481,
                "yaw": 1.7988718564998731
            },
            "heading": 1.7988718564998731,
            "speeds": {
                "vmax": 20.0
            },
            "type": 1,
            "driving_direction": 1,
            "id": "1003_3",
            "lane_type": 1
        },
        {
            "pos": {
                "x": 566898.8991992376,
                "y": 4318008.443104145,
                "yaw": 1.7988718564998731
            },
            "heading": 1.7988718564998731,
            "speeds": {
                "vmax": 20.0
            },
            "type": 1,
            "driving_direction": 1,
            "id": "1003_3",
            "lane_type": 1
        },
        {
            "pos": {
                "x": 566898.7861475832,
                "y": 4318008.930155809,
                "yaw": 1.7988718564998731
            },
            "heading": 1.7988718564998731,
            "speeds": {
                "vmax": 20.0
            },
            "type": 1,
            "driving_direction": 1,
            "id": "1003_3",
            "lane_type": 1
        },
        {
            "pos": {
                "x": 566898.6730959287,
                "y": 4318009.417207473,
                "yaw": 1.7988718564998731
            },
            "heading": 1.7988718564998731,
            "speeds": {
                "vmax": 20.0
            },
            "type": 1,
            "driving_direction": 1,
            "id": "1003_3",
            "lane_type": 1
        },
        {
            "pos": {
                "x": 566898.5600442743,
                "y": 4318009.904259137,
                "yaw": 1.7988718564998731
            },
            "heading": 1.7988718564998731,
            "speeds": {
                "vmax": 20.0
            },
            "type": 1,
            "driving_direction": 1,
            "id": "1003_3",
            "lane_type": 1
        },
        {
            "pos": {
                "x": 566898.4469926199,
                "y": 4318010.391310801,
                "yaw": 1.7988718564998731
            },
            "heading": 1.7988718564998731,
            "speeds": {
                "vmax": 20.0
            },
            "type": 1,
            "driving_direction": 1,
            "id": "1003_3",
            "lane_type": 1
        },
        {
            "pos": {
                "x": 566898.3339409655,
                "y": 4318010.878362465,
                "yaw": 1.7988718564998731
            },
            "heading": 1.7988718564998731,
            "speeds": {
                "vmax": 20.0
            },
            "type": 1,
            "driving_direction": 1,
            "id": "1003_3",
            "lane_type": 1
        },
        {
            "pos": {
                "x": 566898.220889311,
                "y": 4318011.365414129,
                "yaw": 1.7988718564998731
            },
            "heading": 1.7988718564998731,
            "speeds": {
                "vmax": 20.0
            },
            "type": 1,
            "driving_direction": 1,
            "id": "1003_3",
            "lane_type": 1
        },
        {
            "pos": {
                "x": 566898.1078376565,
                "y": 4318011.852465793,
                "yaw": 1.7988718564998731
            },
            "heading": 1.7988718564998731,
            "speeds": {
                "vmax": 20.0
            },
            "type": 1,
            "driving_direction": 1,
            "id": "1003_3",
            "lane_type": 1
        },
        {
            "pos": {
                "x": 566897.9947860021,
                "y": 4318012.339517457,
                "yaw": 1.7988718564998731
            },
            "heading": 1.7988718564998731,
            "speeds": {
                "vmax": 20.0
            },
            "type": 1,
            "driving_direction": 1,
            "id": "1003_3",
            "lane_type": 1
        },
        {
            "pos": {
                "x": 566897.8817343477,
                "y": 4318012.826569121,
                "yaw": 1.7988718564998731
            },
            "heading": 1.7988718564998731,
            "speeds": {
                "vmax": 20.0
            },
            "type": 1,
            "driving_direction": 1,
            "id": "1003_3",
            "lane_type": 1
        },
        {
            "pos": {
                "x": 566897.7686826932,
                "y": 4318013.313620785,
                "yaw": 1.7988718564998731
            },
            "heading": 1.7988718564998731,
            "speeds": {
                "vmax": 20.0
            },
            "type": 1,
            "driving_direction": 1,
            "id": "1003_3",
            "lane_type": 1
        },
        {
            "pos": {
                "x": 566897.6556310388,
                "y": 4318013.800672449,
                "yaw": 1.7988718564998731
            },
            "heading": 1.7988718564998731,
            "speeds": {
                "vmax": 20.0
            },
            "type": 1,
            "driving_direction": 1,
            "id": "1003_3",
            "lane_type": 1
        },
        {
            "pos": {
                "x": 566897.5425793844,
                "y": 4318014.287724113,
                "yaw": 1.7988718564998731
            },
            "heading": 1.7988718564998731,
            "speeds": {
                "vmax": 20.0
            },
            "type": 1,
            "driving_direction": 1,
            "id": "1003_3",
            "lane_type": 1
        },
        {
            "pos": {
                "x": 566897.42952773,
                "y": 4318014.774775777,
                "yaw": 1.7988718564998731
            },
            "heading": 1.7988718564998731,
            "speeds": {
                "vmax": 20.0
            },
            "type": 1,
            "driving_direction": 1,
            "id": "1003_3",
            "lane_type": 1
        },
        {
            "pos": {
                "x": 566897.3164760756,
                "y": 4318015.261827441,
                "yaw": 1.7988718564998731
            },
            "heading": 1.7988718564998731,
            "speeds": {
                "vmax": 20.0
            },
            "type": 1,
            "driving_direction": 1,
            "id": "1003_3",
            "lane_type": 1
        },
        {
            "pos": {
                "x": 566897.2034244211,
                "y": 4318015.748879105,
                "yaw": 1.7988718564998731
            },
            "heading": 1.7988718564998731,
            "speeds": {
                "vmax": 20.0
            },
            "type": 1,
            "driving_direction": 1,
            "id": "1003_3",
            "lane_type": 1
        },
        {
            "pos": {
                "x": 566897.0903727667,
                "y": 4318016.235930769,
                "yaw": 1.7988718564998731
            },
            "heading": 1.7988718564998731,
            "speeds": {
                "vmax": 20.0
            },
            "type": 1,
            "driving_direction": 1,
            "id": "1003_3",
            "lane_type": 1
        },
        {
            "pos": {
                "x": 566896.9773211123,
                "y": 4318016.722982434,
                "yaw": 1.7988718564998731
            },
            "heading": 1.7988718564998731,
            "speeds": {
                "vmax": 20.0
            },
            "type": 1,
            "driving_direction": 1,
            "id": "1003_3",
            "lane_type": 1
        },
        {
            "pos": {
                "x": 566896.8642694578,
                "y": 4318017.210034098,
                "yaw": 1.7988718564998731
            },
            "heading": 1.7988718564998731,
            "speeds": {
                "vmax": 20.0
            },
            "type": 1,
            "driving_direction": 1,
            "id": "1003_3",
            "lane_type": 1
        },
        {
            "pos": {
                "x": 566896.7512178033,
                "y": 4318017.697085761,
                "yaw": 1.7988718564998731
            },
            "heading": 1.7988718564998731,
            "speeds": {
                "vmax": 20.0
            },
            "type": 1,
            "driving_direction": 1,
            "id": "1003_3",
            "lane_type": 1
        },
        {
            "pos": {
                "x": 566896.6381661489,
                "y": 4318018.184137425,
                "yaw": 1.7988718564998731
            },
            "heading": 1.7988718564998731,
            "speeds": {
                "vmax": 20.0
            },
            "type": 1,
            "driving_direction": 1,
            "id": "1003_3",
            "lane_type": 1
        },
        {
            "pos": {
                "x": 566896.5251144945,
                "y": 4318018.671189089,
                "yaw": 1.7988718564998731
            },
            "heading": 1.7988718564998731,
            "speeds": {
                "vmax": 20.0
            },
            "type": 1,
            "driving_direction": 1,
            "id": "1003_3",
            "lane_type": 1
        },
        {
            "pos": {
                "x": 566896.4120628401,
                "y": 4318019.158240753,
                "yaw": 1.7988718564998731
            },
            "heading": 1.7988718564998731,
            "speeds": {
                "vmax": 20.0
            },
            "type": 1,
            "driving_direction": 1,
            "id": "1003_3",
            "lane_type": 1
        },
        {
            "pos": {
                "x": 566896.2990111856,
                "y": 4318019.645292417,
                "yaw": 1.7988718564998731
            },
            "heading": 1.7988718564998731,
            "speeds": {
                "vmax": 20.0
            },
            "type": 1,
            "driving_direction": 1,
            "id": "1003_3",
            "lane_type": 1
        },
        {
            "pos": {
                "x": 566896.1859595312,
                "y": 4318020.132344081,
                "yaw": 1.7988718564998731
            },
            "heading": 1.7988718564998731,
            "speeds": {
                "vmax": 20.0
            },
            "type": 1,
            "driving_direction": 1,
            "id": "1003_3",
            "lane_type": 1
        },
        {
            "pos": {
                "x": 566896.0729078768,
                "y": 4318020.619395745,
                "yaw": 1.7988718564998731
            },
            "heading": 1.7988718564998731,
            "speeds": {
                "vmax": 20.0
            },
            "type": 1,
            "driving_direction": 1,
            "id": "1003_3",
            "lane_type": 1
        },
        {
            "pos": {
                "x": 566895.9598562224,
                "y": 4318021.10644741,
                "yaw": 1.7988718564998731
            },
            "heading": 1.7988718564998731,
            "speeds": {
                "vmax": 20.0
            },
            "type": 1,
            "driving_direction": 1,
            "id": "1003_3",
            "lane_type": 1
        },
        {
            "pos": {
                "x": 566895.846804568,
                "y": 4318021.593499074,
                "yaw": 1.7988718564998731
            },
            "heading": 1.7988718564998731,
            "speeds": {
                "vmax": 20.0
            },
            "type": 1,
            "driving_direction": 1,
            "id": "1003_3",
            "lane_type": 1
        },
        {
            "pos": {
                "x": 566895.7337529135,
                "y": 4318022.080550738,
                "yaw": 1.7988718564998731
            },
            "heading": 1.7988718564998731,
            "speeds": {
                "vmax": 20.0
            },
            "type": 1,
            "driving_direction": 1,
            "id": "1003_3",
            "lane_type": 1
        },
        {
            "pos": {
                "x": 566895.620701259,
                "y": 4318022.567602402,
                "yaw": 1.7988718564998731
            },
            "heading": 1.7988718564998731,
            "speeds": {
                "vmax": 20.0
            },
            "type": 1,
            "driving_direction": 1,
            "id": "1003_3",
            "lane_type": 1
        },
        {
            "pos": {
                "x": 566895.5921916717,
                "y": 4318022.690428043,
                "yaw": 1.7988718564998731
            },
            "heading": 1.7988718564998731,
            "speeds": {
                "vmax": 20.0
            },
            "type": 1,
            "driving_direction": 1,
            "id": "1003_3",
            "lane_type": 1
        },
        {
            "pos": {
                "x": 566895.4791356084,
                "y": 4318023.1774986945,
                "yaw": 1.7988718320485824
            },
            "heading": 1.7988718320485824,
            "speeds": {
                "vmax": 20.0
            },
            "type": 1,
            "driving_direction": 1,
            "id": "1066_3",
            "lane_type": 1
        },
        {
            "pos": {
                "x": 566895.3680797494,
                "y": 4318023.655952059,
                "yaw": 1.798871813377484
            },
            "heading": 1.798871813377484,
            "speeds": {
                "vmax": 20.0
            },
            "type": 1,
            "driving_direction": 1,
            "id": "1066_3",
            "lane_type": 1
        },
        {
            "pos": {
                "x": 566895.2570180139,
                "y": 4318024.134430742,
                "yaw": 1.798871890888144
            },
            "heading": 1.798871890888144,
            "speeds": {
                "vmax": 20.0
            },
            "type": 1,
            "driving_direction": 1,
            "id": "1066_3",
            "lane_type": 1
        },
        {
            "pos": {
                "x": 566895.145962823,
                "y": 4318024.61288123,
                "yaw": 1.7988718222235969
            },
            "heading": 1.7988718222235969,
            "speeds": {
                "vmax": 20.0
            },
            "type": 1,
            "driving_direction": 1,
            "id": "1066_3",
            "lane_type": 1
        },
        {
            "pos": {
                "x": 566895.0349073593,
                "y": 4318025.091332892,
                "yaw": 1.7988719197110041
            },
            "heading": 1.7988719197110041,
            "speeds": {
                "vmax": 20.0
            },
            "type": 1,
            "driving_direction": 1,
            "id": "1066_3",
            "lane_type": 1
        },
        {
            "pos": {
                "x": 566894.9238483324,
                "y": 4318025.569799906,
                "yaw": 1.7988719105368438
            },
            "heading": 1.7988719105368438,
            "speeds": {
                "vmax": 20.0
            },
            "type": 1,
            "driving_direction": 1,
            "id": "1066_3",
            "lane_type": 1
        },
        {
            "pos": {
                "x": 566894.8127883293,
                "y": 4318026.048271125,
                "yaw": 1.7988717848827624
            },
            "heading": 1.7988717848827624,
            "speeds": {
                "vmax": 20.0
            },
            "type": 1,
            "driving_direction": 1,
            "id": "1066_3",
            "lane_type": 1
        },
        {
            "pos": {
                "x": 566894.7017258537,
                "y": 4318026.526752995,
                "yaw": 1.7988717752758856
            },
            "heading": 1.7988717752758856,
            "speeds": {
                "vmax": 20.0
            },
            "type": 1,
            "driving_direction": 1,
            "id": "1066_3",
            "lane_type": 1
        },
        {
            "pos": {
                "x": 566894.5906650065,
                "y": 4318027.005227852,
                "yaw": 1.7988716584671425
            },
            "heading": 1.7988716584671425,
            "speeds": {
                "vmax": 20.0
            },
            "type": 1,
            "driving_direction": 1,
            "id": "1066_3",
            "lane_type": 1
        },
        {
            "pos": {
                "x": 566894.4796059532,
                "y": 4318027.48369498,
                "yaw": 1.7988720269107763
            },
            "heading": 1.7988720269107763,
            "speeds": {
                "vmax": 20.0
            },
            "type": 1,
            "driving_direction": 1,
            "id": "1066_3",
            "lane_type": 1
        },
        {
            "pos": {
                "x": 566894.3685461946,
                "y": 4318027.962165145,
                "yaw": 1.7988717458014312
            },
            "heading": 1.7988717458014312,
            "speeds": {
                "vmax": 20.0
            },
            "type": 1,
            "driving_direction": 1,
            "id": "1066_3",
            "lane_type": 1
        },
        {
            "pos": {
                "x": 566894.257485677,
                "y": 4318028.440638581,
                "yaw": 1.7988717361945892
            },
            "heading": 1.7988717361945892,
            "speeds": {
                "vmax": 20.0
            },
            "type": 1,
            "driving_direction": 1,
            "id": "1066_3",
            "lane_type": 1
        },
        {
            "pos": {
                "x": 566894.1464252116,
                "y": 4318028.919111792,
                "yaw": 1.798871871998837
            },
            "heading": 1.798871871998837,
            "speeds": {
                "vmax": 20.0
            },
            "type": 1,
            "driving_direction": 1,
            "id": "1066_3",
            "lane_type": 1
        },
        {
            "pos": {
                "x": 566894.0353645885,
                "y": 4318029.397585683,
                "yaw": 1.7988718329181366
            },
            "heading": 1.7988718329181366,
            "speeds": {
                "vmax": 20.0
            },
            "type": 1,
            "driving_direction": 1,
            "id": "1066_3",
            "lane_type": 1
        },
        {
            "pos": {
                "x": 566893.924306442,
                "y": 4318029.876048904,
                "yaw": 1.7988717459104697
            },
            "heading": 1.7988717459104697,
            "speeds": {
                "vmax": 20.0
            },
            "type": 1,
            "driving_direction": 1,
            "id": "1066_3",
            "lane_type": 1
        },
        {
            "pos": {
                "x": 566893.8132433395,
                "y": 4318030.354533475,
                "yaw": 1.7988719106452231
            },
            "heading": 1.7988719106452231,
            "speeds": {
                "vmax": 20.0
            },
            "type": 1,
            "driving_direction": 1,
            "id": "1066_3",
            "lane_type": 1
        },
        {
            "pos": {
                "x": 566893.702186715,
                "y": 4318030.832990139,
                "yaw": 1.7988717154528682
            },
            "heading": 1.7988717154528682,
            "speeds": {
                "vmax": 20.0
            },
            "type": 1,
            "driving_direction": 1,
            "id": "1066_3",
            "lane_type": 1
        },
        {
            "pos": {
                "x": 566893.5911149539,
                "y": 4318031.311406442,
                "yaw": 1.7878155158014393
            },
            "heading": 1.7878155158014393,
            "speeds": {
                "vmax": 15.0
            },
            "type": 2,
            "driving_direction": 1,
            "id": "1557_0",
            "lane_type": 4
        },
        {
            "pos": {
                "x": 566893.4782756001,
                "y": 4318031.8231688235,
                "yaw": 1.7878156591925212
            },
            "heading": 1.7878156591925212,
            "speeds": {
                "vmax": 15.0
            },
            "type": 2,
            "driving_direction": 1,
            "id": "1557_0",
            "lane_type": 4
        },
        {
            "pos": {
                "x": 566893.3622006922,
                "y": 4318032.349590201,
                "yaw": 1.7878963296076928
            },
            "heading": 1.7878963296076928,
            "speeds": {
                "vmax": 15.0
            },
            "type": 2,
            "driving_direction": 1,
            "id": "1557_0",
            "lane_type": 4
        },
        {
            "pos": {
                "x": 566893.2444052252,
                "y": 4318032.883469434,
                "yaw": 1.7879294559119046
            },
            "heading": 1.7879294559119046,
            "speeds": {
                "vmax": 15.0
            },
            "type": 2,
            "driving_direction": 1,
            "id": "1557_0",
            "lane_type": 4
        },
        {
            "pos": {
                "x": 566893.1295571097,
                "y": 4318033.4041283745,
                "yaw": 1.7878892668899724
            },
            "heading": 1.7878892668899724,
            "speeds": {
                "vmax": 15.0
            },
            "type": 2,
            "driving_direction": 1,
            "id": "1557_0",
            "lane_type": 4
        },
        {
            "pos": {
                "x": 566893.0135199176,
                "y": 4318033.930233538,
                "yaw": 1.787930216762903
            },
            "heading": 1.787930216762903,
            "speeds": {
                "vmax": 15.0
            },
            "type": 2,
            "driving_direction": 1,
            "id": "1557_0",
            "lane_type": 4
        },
        {
            "pos": {
                "x": 566892.8968769889,
                "y": 4318034.458837878,
                "yaw": 1.7879930553023664
            },
            "heading": 1.7879930553023664,
            "speeds": {
                "vmax": 15.0
            },
            "type": 2,
            "driving_direction": 1,
            "id": "1557_0",
            "lane_type": 4
        },
        {
            "pos": {
                "x": 566892.7807823708,
                "y": 4318034.984883329,
                "yaw": 1.788000456110643
            },
            "heading": 1.788000456110643,
            "speeds": {
                "vmax": 15.0
            },
            "type": 2,
            "driving_direction": 1,
            "id": "1557_0",
            "lane_type": 4
        },
        {
            "pos": {
                "x": 566892.6648735824,
                "y": 4318035.510123424,
                "yaw": 1.7879872717148182
            },
            "heading": 1.7879872717148182,
            "speeds": {
                "vmax": 15.0
            },
            "type": 2,
            "driving_direction": 1,
            "id": "1557_0",
            "lane_type": 4
        },
        {
            "pos": {
                "x": 566892.5486005482,
                "y": 4318036.037042744,
                "yaw": 1.7880013777454984
            },
            "heading": 1.7880013777454984,
            "speeds": {
                "vmax": 15.0
            },
            "type": 2,
            "driving_direction": 1,
            "id": "1557_0",
            "lane_type": 4
        },
        {
            "pos": {
                "x": 566892.432319595,
                "y": 4318036.563895181,
                "yaw": 1.7880969940765892
            },
            "heading": 1.7880969940765892,
            "speeds": {
                "vmax": 15.0
            },
            "type": 2,
            "driving_direction": 1,
            "id": "1557_0",
            "lane_type": 4
        },
        {
            "pos": {
                "x": 566892.3163486429,
                "y": 4318037.08895609,
                "yaw": 1.7880930253514071
            },
            "heading": 1.7880930253514071,
            "speeds": {
                "vmax": 15.0
            },
            "type": 2,
            "driving_direction": 1,
            "id": "1557_0",
            "lane_type": 4
        },
        {
            "pos": {
                "x": 566892.1996756294,
                "y": 4318037.617654422,
                "yaw": 1.7879966237440754
            },
            "heading": 1.7879966237440754,
            "speeds": {
                "vmax": 15.0
            },
            "type": 2,
            "driving_direction": 1,
            "id": "1557_0",
            "lane_type": 4
        },
        {
            "pos": {
                "x": 566892.084155885,
                "y": 4318038.141098225,
                "yaw": 1.7882138769460159
            },
            "heading": 1.7882138769460159,
            "speeds": {
                "vmax": 15.0
            },
            "type": 2,
            "driving_direction": 1,
            "id": "1557_0",
            "lane_type": 4
        },
        {
            "pos": {
                "x": 566891.9683106313,
                "y": 4318038.664904529,
                "yaw": 1.7882557219402349
            },
            "heading": 1.7882557219402349,
            "speeds": {
                "vmax": 15.0
            },
            "type": 2,
            "driving_direction": 1,
            "id": "1557_0",
            "lane_type": 4
        },
        {
            "pos": {
                "x": 566891.8501647222,
                "y": 4318039.200231223,
                "yaw": 1.788092220088583
            },
            "heading": 1.788092220088583,
            "speeds": {
                "vmax": 15.0
            },
            "type": 2,
            "driving_direction": 1,
            "id": "1557_0",
            "lane_type": 4
        },
        {
            "pos": {
                "x": 566891.7359547787,
                "y": 4318039.717180621,
                "yaw": 1.7883439081223642
            },
            "heading": 1.7883439081223642,
            "speeds": {
                "vmax": 15.0
            },
            "type": 2,
            "driving_direction": 1,
            "id": "1557_0",
            "lane_type": 4
        },
        {
            "pos": {
                "x": 566891.617784665,
                "y": 4318040.251470549,
                "yaw": 1.7885231228857528
            },
            "heading": 1.7885231228857528,
            "speeds": {
                "vmax": 15.0
            },
            "type": 2,
            "driving_direction": 1,
            "id": "1557_0",
            "lane_type": 4
        },
        {
            "pos": {
                "x": 566891.5009590443,
                "y": 4318040.779384734,
                "yaw": 1.7884601954135515
            },
            "heading": 1.7884601954135515,
            "speeds": {
                "vmax": 15.0
            },
            "type": 2,
            "driving_direction": 1,
            "id": "1557_0",
            "lane_type": 4
        },
        {
            "pos": {
                "x": 566891.3822301957,
                "y": 4318041.316697385,
                "yaw": 1.788900630376582
            },
            "heading": 1.788900630376582,
            "speeds": {
                "vmax": 15.0
            },
            "type": 2,
            "driving_direction": 1,
            "id": "1557_0",
            "lane_type": 4
        },
        {
            "pos": {
                "x": 566891.267675055,
                "y": 4318041.830786482,
                "yaw": 1.7897402604051886
            },
            "heading": 1.7897402604051886,
            "speeds": {
                "vmax": 15.0
            },
            "type": 2,
            "driving_direction": 1,
            "id": "1557_0",
            "lane_type": 4
        },
        {
            "pos": {
                "x": 566891.1536642809,
                "y": 4318042.344832063,
                "yaw": 1.7890035395949682
            },
            "heading": 1.7890035395949682,
            "speeds": {
                "vmax": 15.0
            },
            "type": 2,
            "driving_direction": 1,
            "id": "1557_0",
            "lane_type": 4
        },
        {
            "pos": {
                "x": 566891.0330056958,
                "y": 4318042.888961434,
                "yaw": 1.7894098135736296
            },
            "heading": 1.7894098135736296,
            "speeds": {
                "vmax": 15.0
            },
            "type": 2,
            "driving_direction": 1,
            "id": "1557_0",
            "lane_type": 4
        },
        {
            "pos": {
                "x": 566890.9160137903,
                "y": 4318043.413882334,
                "yaw": 1.7915640321540516
            },
            "heading": 1.7915640321540516,
            "speeds": {
                "vmax": 15.0
            },
            "type": 2,
            "driving_direction": 1,
            "id": "1557_0",
            "lane_type": 4
        },
        {
            "pos": {
                "x": 566890.8025002136,
                "y": 4318043.914143842,
                "yaw": 1.795112057496273
            },
            "heading": 1.795112057496273,
            "speeds": {
                "vmax": 15.0
            },
            "type": 2,
            "driving_direction": 1,
            "id": "1557_0",
            "lane_type": 4
        },
        {
            "pos": {
                "x": 566890.6835776382,
                "y": 4318044.432407406,
                "yaw": 1.8008398962447214
            },
            "heading": 1.8008398962447214,
            "speeds": {
                "vmax": 15.0
            },
            "type": 2,
            "driving_direction": 1,
            "id": "1557_0",
            "lane_type": 4
        },
        {
            "pos": {
                "x": 566890.5588565841,
                "y": 4318044.953207146,
                "yaw": 1.81627901759893
            },
            "heading": 1.81627901759893,
            "speeds": {
                "vmax": 15.0
            },
            "type": 2,
            "driving_direction": 1,
            "id": "1557_0",
            "lane_type": 4
        },
        {
            "pos": {
                "x": 566890.422489791,
                "y": 4318045.472594814,
                "yaw": 1.8402924106990477
            },
            "heading": 1.8402924106990477,
            "speeds": {
                "vmax": 15.0
            },
            "type": 2,
            "driving_direction": 1,
            "id": "1557_0",
            "lane_type": 4
        },
        {
            "pos": {
                "x": 566890.272548909,
                "y": 4318045.988262331,
                "yaw": 1.8674162358754536
            },
            "heading": 1.8674162358754536,
            "speeds": {
                "vmax": 15.0
            },
            "type": 2,
            "driving_direction": 1,
            "id": "1557_0",
            "lane_type": 4
        },
        {
            "pos": {
                "x": 566890.1084689668,
                "y": 4318046.498803562,
                "yaw": 1.900092089805385
            },
            "heading": 1.900092089805385,
            "speeds": {
                "vmax": 15.0
            },
            "type": 2,
            "driving_direction": 1,
            "id": "1557_0",
            "lane_type": 4
        },
        {
            "pos": {
                "x": 566889.925289376,
                "y": 4318047.00287926,
                "yaw": 1.9411488743112573
            },
            "heading": 1.9411488743112573,
            "speeds": {
                "vmax": 15.0
            },
            "type": 2,
            "driving_direction": 1,
            "id": "1557_0",
            "lane_type": 4
        },
        {
            "pos": {
                "x": 566889.7202695422,
                "y": 4318047.497450076,
                "yaw": 1.9867264100611397
            },
            "heading": 1.9867264100611397,
            "speeds": {
                "vmax": 15.0
            },
            "type": 2,
            "driving_direction": 1,
            "id": "1557_0",
            "lane_type": 4
        },
        {
            "pos": {
                "x": 566889.492456902,
                "y": 4318047.982173473,
                "yaw": 2.0327189452323715
            },
            "heading": 2.0327189452323715,
            "speeds": {
                "vmax": 15.0
            },
            "type": 2,
            "driving_direction": 1,
            "id": "1557_0",
            "lane_type": 4
        },
        {
            "pos": {
                "x": 566889.2428090621,
                "y": 4318048.456279931,
                "yaw": 2.082708062586983
            },
            "heading": 2.082708062586983,
            "speeds": {
                "vmax": 15.0
            },
            "type": 2,
            "driving_direction": 1,
            "id": "1557_0",
            "lane_type": 4
        },
        {
            "pos": {
                "x": 566888.9676644459,
                "y": 4318048.916214796,
                "yaw": 2.1397086181441596
            },
            "heading": 2.1397086181441596,
            "speeds": {
                "vmax": 15.0
            },
            "type": 2,
            "driving_direction": 1,
            "id": "1557_0",
            "lane_type": 4
        },
        {
            "pos": {
                "x": 566888.6657619576,
                "y": 4318049.359070431,
                "yaw": 2.198706065365543
            },
            "heading": 2.198706065365543,
            "speeds": {
                "vmax": 15.0
            },
            "type": 2,
            "driving_direction": 1,
            "id": "1557_0",
            "lane_type": 4
        },
        {
            "pos": {
                "x": 566888.3385625368,
                "y": 4318049.783486728,
                "yaw": 2.2532208305320216
            },
            "heading": 2.2532208305320216,
            "speeds": {
                "vmax": 15.0
            },
            "type": 2,
            "driving_direction": 1,
            "id": "1557_0",
            "lane_type": 4
        },
        {
            "pos": {
                "x": 566887.9901702832,
                "y": 4318050.191001421,
                "yaw": 2.3053252053608717
            },
            "heading": 2.3053252053608717,
            "speeds": {
                "vmax": 15.0
            },
            "type": 2,
            "driving_direction": 1,
            "id": "1557_0",
            "lane_type": 4
        },
        {
            "pos": {
                "x": 566887.6198233289,
                "y": 4318050.58033769,
                "yaw": 2.3501978494963076
            },
            "heading": 2.3501978494963076,
            "speeds": {
                "vmax": 15.0
            },
            "type": 2,
            "driving_direction": 1,
            "id": "1557_0",
            "lane_type": 4
        },
        {
            "pos": {
                "x": 566887.2352900391,
                "y": 4318050.955423413,
                "yaw": 2.3914962649670333
            },
            "heading": 2.3914962649670333,
            "speeds": {
                "vmax": 15.0
            },
            "type": 2,
            "driving_direction": 1,
            "id": "1557_0",
            "lane_type": 4
        },
        {
            "pos": {
                "x": 566886.8339629227,
                "y": 4318051.313152205,
                "yaw": 2.437660676089716
            },
            "heading": 2.437660676089716,
            "speeds": {
                "vmax": 15.0
            },
            "type": 2,
            "driving_direction": 1,
            "id": "1557_0",
            "lane_type": 4
        },
        {
            "pos": {
                "x": 566886.4171281664,
                "y": 4318051.650548458,
                "yaw": 2.4916150192551325
            },
            "heading": 2.4916150192551325,
            "speeds": {
                "vmax": 15.0
            },
            "type": 2,
            "driving_direction": 1,
            "id": "1557_0",
            "lane_type": 4
        },
        {
            "pos": {
                "x": 566885.9802880948,
                "y": 4318051.962892666,
                "yaw": 2.551042967450796
            },
            "heading": 2.551042967450796,
            "speeds": {
                "vmax": 15.0
            },
            "type": 2,
            "driving_direction": 1,
            "id": "1557_0",
            "lane_type": 4
        },
        {
            "pos": {
                "x": 566885.5256581743,
                "y": 4318052.248928514,
                "yaw": 2.6110417649985878
            },
            "heading": 2.6110417649985878,
            "speeds": {
                "vmax": 15.0
            },
            "type": 2,
            "driving_direction": 1,
            "id": "1557_0",
            "lane_type": 4
        },
        {
            "pos": {
                "x": 566885.0542352849,
                "y": 4318052.50691442,
                "yaw": 2.673741936293095
            },
            "heading": 2.673741936293095,
            "speeds": {
                "vmax": 15.0
            },
            "type": 2,
            "driving_direction": 1,
            "id": "1557_0",
            "lane_type": 4
        },
        {
            "pos": {
                "x": 566884.5674140478,
                "y": 4318052.73376709,
                "yaw": 2.744378775402023
            },
            "heading": 2.744378775402023,
            "speeds": {
                "vmax": 15.0
            },
            "type": 2,
            "driving_direction": 1,
            "id": "1557_0",
            "lane_type": 4
        },
        {
            "pos": {
                "x": 566884.0645454288,
                "y": 4318052.923129701,
                "yaw": 2.814587469067813
            },
            "heading": 2.814587469067813,
            "speeds": {
                "vmax": 15.0
            },
            "type": 2,
            "driving_direction": 1,
            "id": "1557_0",
            "lane_type": 4
        },
        {
            "pos": {
                "x": 566883.5502342882,
                "y": 4318053.079546586,
                "yaw": 2.8772059372643155
            },
            "heading": 2.8772059372643155,
            "speeds": {
                "vmax": 15.0
            },
            "type": 2,
            "driving_direction": 1,
            "id": "1557_0",
            "lane_type": 4
        },
        {
            "pos": {
                "x": 566883.0277273201,
                "y": 4318053.204505011,
                "yaw": 2.9348565584809725
            },
            "heading": 2.9348565584809725,
            "speeds": {
                "vmax": 15.0
            },
            "type": 2,
            "driving_direction": 1,
            "id": "1557_0",
            "lane_type": 4
        },
        {
            "pos": {
                "x": 566882.4987404307,
                "y": 4318053.300619319,
                "yaw": 2.9893911350867515
            },
            "heading": 2.9893911350867515,
            "speeds": {
                "vmax": 15.0
            },
            "type": 2,
            "driving_direction": 1,
            "id": "1557_0",
            "lane_type": 4
        },
        {
            "pos": {
                "x": 566881.9656087444,
                "y": 4318053.3679096475,
                "yaw": 3.043605886648272
            },
            "heading": 3.043605886648272,
            "speeds": {
                "vmax": 15.0
            },
            "type": 2,
            "driving_direction": 1,
            "id": "1557_0",
            "lane_type": 4
        },
        {
            "pos": {
                "x": 566881.429626232,
                "y": 4318053.406220179,
                "yaw": 3.094894503228023
            },
            "heading": 3.094894503228023,
            "speeds": {
                "vmax": 15.0
            },
            "type": 2,
            "driving_direction": 1,
            "id": "1557_0",
            "lane_type": 4
        },
        {
            "pos": {
                "x": 566880.8924726329,
                "y": 4318053.418512654,
                "yaw": 3.1395496305688746
            },
            "heading": 3.1395496305688746,
            "speeds": {
                "vmax": 15.0
            },
            "type": 2,
            "driving_direction": 1,
            "id": "1557_0",
            "lane_type": 4
        },
        {
            "pos": {
                "x": 566880.3551093568,
                "y": 4318053.408802759,
                "yaw": -3.1071645239312193
            },
            "heading": -3.1071645239312193,
            "speeds": {
                "vmax": 15.0
            },
            "type": 2,
            "driving_direction": 1,
            "id": "1557_0",
            "lane_type": 4
        },
        {
            "pos": {
                "x": 566879.8186704481,
                "y": 4318053.38180705,
                "yaw": -3.077287856959472
            },
            "heading": -3.077287856959472,
            "speeds": {
                "vmax": 15.0
            },
            "type": 2,
            "driving_direction": 1,
            "id": "1557_0",
            "lane_type": 4
        },
        {
            "pos": {
                "x": 566879.2826552895,
                "y": 4318053.3399640415,
                "yaw": -3.0509067443012245
            },
            "heading": -3.0509067443012245,
            "speeds": {
                "vmax": 15.0
            },
            "type": 2,
            "driving_direction": 1,
            "id": "1557_0",
            "lane_type": 4
        },
        {
            "pos": {
                "x": 566878.7476866231,
                "y": 4318053.284614032,
                "yaw": -3.0278649921878564
            },
            "heading": -3.0278649921878564,
            "speeds": {
                "vmax": 15.0
            },
            "type": 2,
            "driving_direction": 1,
            "id": "1557_0",
            "lane_type": 4
        },
        {
            "pos": {
                "x": 566878.2144997371,
                "y": 4318053.218145514,
                "yaw": -3.012544318375268
            },
            "heading": -3.012544318375268,
            "speeds": {
                "vmax": 15.0
            },
            "type": 2,
            "driving_direction": 1,
            "id": "1557_0",
            "lane_type": 4
        },
        {
            "pos": {
                "x": 566877.6828422779,
                "y": 4318053.1465352615,
                "yaw": -3.006827792199904
            },
            "heading": -3.006827792199904,
            "speeds": {
                "vmax": 15.0
            },
            "type": 2,
            "driving_direction": 1,
            "id": "1557_0",
            "lane_type": 4
        },
        {
            "pos": {
                "x": 566877.1515101455,
                "y": 4318053.074044291,
                "yaw": -3.006203168405109
            },
            "heading": -3.006203168405109,
            "speeds": {
                "vmax": 15.0
            },
            "type": 2,
            "driving_direction": 1,
            "id": "1557_0",
            "lane_type": 4
        },
        {
            "pos": {
                "x": 566876.6176407486,
                "y": 4318053.001363149,
                "yaw": -3.002613652520438
            },
            "heading": -3.002613652520438,
            "speeds": {
                "vmax": 15.0
            },
            "type": 2,
            "driving_direction": 1,
            "id": "1557_0",
            "lane_type": 4
        },
        {
            "pos": {
                "x": 566876.0855622727,
                "y": 4318052.924961701,
                "yaw": -2.993159940328966
            },
            "heading": -2.993159940328966,
            "speeds": {
                "vmax": 15.0
            },
            "type": 2,
            "driving_direction": 1,
            "id": "1557_0",
            "lane_type": 4
        },
        {
            "pos": {
                "x": 566875.5564186458,
                "y": 4318052.842759291,
                "yaw": -2.9824161095897646
            },
            "heading": -2.9824161095897646,
            "speeds": {
                "vmax": 15.0
            },
            "type": 2,
            "driving_direction": 1,
            "id": "1557_0",
            "lane_type": 4
        },
        {
            "pos": {
                "x": 566875.0261430531,
                "y": 4318052.754997075,
                "yaw": -2.9745531980450233
            },
            "heading": -2.9745531980450233,
            "speeds": {
                "vmax": 15.0
            },
            "type": 2,
            "driving_direction": 1,
            "id": "1557_0",
            "lane_type": 4
        },
        {
            "pos": {
                "x": 566874.4951492262,
                "y": 4318052.663884025,
                "yaw": -2.969977978766813
            },
            "heading": -2.969977978766813,
            "speeds": {
                "vmax": 15.0
            },
            "type": 2,
            "driving_direction": 1,
            "id": "1557_0",
            "lane_type": 4
        },
        {
            "pos": {
                "x": 566873.9646299097,
                "y": 4318052.571044322,
                "yaw": -2.9676155738824503
            },
            "heading": -2.9676155738824503,
            "speeds": {
                "vmax": 15.0
            },
            "type": 2,
            "driving_direction": 1,
            "id": "1557_0",
            "lane_type": 4
        },
        {
            "pos": {
                "x": 566873.4347473667,
                "y": 4318052.4775253385,
                "yaw": -2.9669924237243626
            },
            "heading": -2.9669924237243626,
            "speeds": {
                "vmax": 15.0
            },
            "type": 2,
            "driving_direction": 1,
            "id": "1557_0",
            "lane_type": 4
        },
        {
            "pos": {
                "x": 566872.9050026557,
                "y": 4318052.384135973,
                "yaw": -2.9680341639884062
            },
            "heading": -2.9680341639884062,
            "speeds": {
                "vmax": 15.0
            },
            "type": 2,
            "driving_direction": 1,
            "id": "1557_0",
            "lane_type": 4
        },
        {
            "pos": {
                "x": 566872.3760143216,
                "y": 4318052.291979143,
                "yaw": -2.915582214729236
            },
            "heading": -2.915582214729236,
            "speeds": {
                "vmax": 10.0
            },
            "type": 1,
            "driving_direction": 1,
            "id": "1559_0",
            "lane_type": 62
        },
        {
            "pos": {
                "x": 566871.8885544385,
                "y": 4318052.1798931975,
                "yaw": -2.9155824451816694
            },
            "heading": -2.9155824451816694,
            "speeds": {
                "vmax": 10.0
            },
            "type": 1,
            "driving_direction": 1,
            "id": "1559_0",
            "lane_type": 62
        },
        {
            "pos": {
                "x": 566871.4009397562,
                "y": 4318052.067771656,
                "yaw": -2.9155824547895435
            },
            "heading": -2.9155824547895435,
            "speeds": {
                "vmax": 10.0
            },
            "type": 1,
            "driving_direction": 1,
            "id": "1559_0",
            "lane_type": 62
        },
        {
            "pos": {
                "x": 566870.9132364732,
                "y": 4318051.955629744,
                "yaw": -2.9155826959631894
            },
            "heading": -2.9155826959631894,
            "speeds": {
                "vmax": 10.0
            },
            "type": 1,
            "driving_direction": 1,
            "id": "1559_0",
            "lane_type": 62
        },
        {
            "pos": {
                "x": 566870.4256457175,
                "y": 4318051.843513706,
                "yaw": -2.91558212999335
            },
            "heading": -2.91558212999335,
            "speeds": {
                "vmax": 10.0
            },
            "type": 1,
            "driving_direction": 1,
            "id": "1559_0",
            "lane_type": 62
        },
        {
            "pos": {
                "x": 566869.938030855,
                "y": 4318051.731392125,
                "yaw": -2.915582669012985
            },
            "heading": -2.915582669012985,
            "speeds": {
                "vmax": 10.0
            },
            "type": 1,
            "driving_direction": 1,
            "id": "1559_0",
            "lane_type": 62
        },
        {
            "pos": {
                "x": 566869.4503858679,
                "y": 4318051.619263615,
                "yaw": -2.915582404046132
            },
            "heading": -2.915582404046132,
            "speeds": {
                "vmax": 10.0
            },
            "type": 1,
            "driving_direction": 1,
            "id": "1559_0",
            "lane_type": 62
        },
        {
            "pos": {
                "x": 566868.9628233364,
                "y": 4318051.507154068,
                "yaw": -2.91558225871597
            },
            "heading": -2.91558225871597,
            "speeds": {
                "vmax": 10.0
            },
            "type": 1,
            "driving_direction": 1,
            "id": "1559_0",
            "lane_type": 62
        },
        {
            "pos": {
                "x": 566868.4751152311,
                "y": 4318051.395011046,
                "yaw": -2.9155820961011183
            },
            "heading": -2.9155820961011183,
            "speeds": {
                "vmax": 10.0
            },
            "type": 1,
            "driving_direction": 1,
            "id": "1559_0",
            "lane_type": 62
        },
        {
            "pos": {
                "x": 566867.987553465,
                "y": 4318051.282901674,
                "yaw": -2.9155828122235343
            },
            "heading": -2.9155828122235343,
            "speeds": {
                "vmax": 10.0
            },
            "type": 1,
            "driving_direction": 1,
            "id": "1559_0",
            "lane_type": 62
        },
        {
            "pos": {
                "x": 566867.4999369214,
                "y": 4318051.170779705,
                "yaw": -2.9155822879017714
            },
            "heading": -2.9155822879017714,
            "speeds": {
                "vmax": 10.0
            },
            "type": 1,
            "driving_direction": 1,
            "id": "1559_0",
            "lane_type": 62
        },
        {
            "pos": {
                "x": 566867.0122904615,
                "y": 4318051.058650859,
                "yaw": -2.915582304381925
            },
            "heading": -2.915582304381925,
            "speeds": {
                "vmax": 10.0
            },
            "type": 1,
            "driving_direction": 1,
            "id": "1559_0",
            "lane_type": 62
        },
        {
            "pos": {
                "x": 566866.5246996855,
                "y": 4318050.946534815,
                "yaw": -2.915582456829883
            },
            "heading": -2.915582456829883,
            "speeds": {
                "vmax": 10.0
            },
            "type": 1,
            "driving_direction": 1,
            "id": "1559_0",
            "lane_type": 62
        }
    ]
}