{
    "header": {
        "trace_id": "46508961-2dd1-4f56-8b10-15170393c4a2",
        "trans_id": "890d36bd-267c-4e3d-b53d-31510569c318",
        "che_id": "A529",
        "timestamp": "2025-02-19T03:29:35.400758Z"
    },
    "task_id": "46508961-2dd1-4f56-8b10-15170393c4a2",
    "navi_id": "A529_46508961-2dd1-4f56-8b10-15170393c4a2_5",
    "seq_num": 5,
    "dest_type": 3,
    "mode": 2,
    "waypoints": [
        {
            "pos": {
                "x": 566903.8684585865,
                "y": 4317948.078501395,
                "yaw": 1.7988055769003828
            },
            "heading": 1.7988055769003828,
            "speeds": {
                "vmax": 20.0
            },
            "type": 1,
            "driving_direction": 1,
            "id": "1003_1",
            "lane_type": 1
        },
        {
            "pos": {
                "x": 566903.7555169584,
                "y": 4317948.565578585,
                "yaw": 1.7988055769003828
            },
            "heading": 1.7988055769003828,
            "speeds": {
                "vmax": 20.0
            },
            "type": 1,
            "driving_direction": 1,
            "id": "1003_1",
            "lane_type": 1
        },
        {
            "pos": {
                "x": 566903.6425753303,
                "y": 4317949.052655774,
                "yaw": 1.7988055769003828
            },
            "heading": 1.7988055769003828,
            "speeds": {
                "vmax": 20.0
            },
            "type": 1,
            "driving_direction": 1,
            "id": "1003_1",
            "lane_type": 1
        },
        {
            "pos": {
                "x": 566903.5296337022,
                "y": 4317949.539732964,
                "yaw": 1.7988055769003828
            },
            "heading": 1.7988055769003828,
            "speeds": {
                "vmax": 20.0
            },
            "type": 1,
            "driving_direction": 1,
            "id": "1003_1",
            "lane_type": 1
        },
        {
            "pos": {
                "x": 566903.4166920742,
                "y": 4317950.026810153,
                "yaw": 1.7988055769003828
            },
            "heading": 1.7988055769003828,
            "speeds": {
                "vmax": 20.0
            },
            "type": 1,
            "driving_direction": 1,
            "id": "1003_1",
            "lane_type": 1
        },
        {
            "pos": {
                "x": 566903.3037504461,
                "y": 4317950.513887343,
                "yaw": 1.7988055769003828
            },
            "heading": 1.7988055769003828,
            "speeds": {
                "vmax": 20.0
            },
            "type": 1,
            "driving_direction": 1,
            "id": "1003_1",
            "lane_type": 1
        },
        {
            "pos": {
                "x": 566903.190808818,
                "y": 4317951.000964533,
                "yaw": 1.7988055769003828
            },
            "heading": 1.7988055769003828,
            "speeds": {
                "vmax": 20.0
            },
            "type": 1,
            "driving_direction": 1,
            "id": "1003_1",
            "lane_type": 1
        },
        {
            "pos": {
                "x": 566903.0778671899,
                "y": 4317951.488041722,
                "yaw": 1.7988055769003828
            },
            "heading": 1.7988055769003828,
            "speeds": {
                "vmax": 20.0
            },
            "type": 1,
            "driving_direction": 1,
            "id": "1003_1",
            "lane_type": 1
        },
        {
            "pos": {
                "x": 566902.9649255618,
                "y": 4317951.975118912,
                "yaw": 1.7988055769003828
            },
            "heading": 1.7988055769003828,
            "speeds": {
                "vmax": 20.0
            },
            "type": 1,
            "driving_direction": 1,
            "id": "1003_1",
            "lane_type": 1
        },
        {
            "pos": {
                "x": 566902.8519839337,
                "y": 4317952.462196101,
                "yaw": 1.7988055769003828
            },
            "heading": 1.7988055769003828,
            "speeds": {
                "vmax": 20.0
            },
            "type": 1,
            "driving_direction": 1,
            "id": "1003_1",
            "lane_type": 1
        },
        {
            "pos": {
                "x": 566902.7390423056,
                "y": 4317952.949273291,
                "yaw": 1.7988055769003828
            },
            "heading": 1.7988055769003828,
            "speeds": {
                "vmax": 20.0
            },
            "type": 1,
            "driving_direction": 1,
            "id": "1003_1",
            "lane_type": 1
        },
        {
            "pos": {
                "x": 566902.6261006775,
                "y": 4317953.436350481,
                "yaw": 1.7988055769003828
            },
            "heading": 1.7988055769003828,
            "speeds": {
                "vmax": 20.0
            },
            "type": 1,
            "driving_direction": 1,
            "id": "1003_1",
            "lane_type": 1
        },
        {
            "pos": {
                "x": 566902.5131590494,
                "y": 4317953.92342767,
                "yaw": 1.7988055769003828
            },
            "heading": 1.7988055769003828,
            "speeds": {
                "vmax": 20.0
            },
            "type": 1,
            "driving_direction": 1,
            "id": "1003_1",
            "lane_type": 1
        },
        {
            "pos": {
                "x": 566902.4002174214,
                "y": 4317954.41050486,
                "yaw": 1.7988055769003828
            },
            "heading": 1.7988055769003828,
            "speeds": {
                "vmax": 20.0
            },
            "type": 1,
            "driving_direction": 1,
            "id": "1003_1",
            "lane_type": 1
        },
        {
            "pos": {
                "x": 566902.2872757933,
                "y": 4317954.8975820495,
                "yaw": 1.7988055769003828
            },
            "heading": 1.7988055769003828,
            "speeds": {
                "vmax": 20.0
            },
            "type": 1,
            "driving_direction": 1,
            "id": "1003_1",
            "lane_type": 1
        },
        {
            "pos": {
                "x": 566902.1743341652,
                "y": 4317955.384659239,
                "yaw": 1.7988055769003828
            },
            "heading": 1.7988055769003828,
            "speeds": {
                "vmax": 20.0
            },
            "type": 1,
            "driving_direction": 1,
            "id": "1003_1",
            "lane_type": 1
        },
        {
            "pos": {
                "x": 566902.0613925371,
                "y": 4317955.871736429,
                "yaw": 1.7988055769003828
            },
            "heading": 1.7988055769003828,
            "speeds": {
                "vmax": 20.0
            },
            "type": 1,
            "driving_direction": 1,
            "id": "1003_1",
            "lane_type": 1
        },
        {
            "pos": {
                "x": 566901.948450909,
                "y": 4317956.358813618,
                "yaw": 1.7988055769003828
            },
            "heading": 1.7988055769003828,
            "speeds": {
                "vmax": 20.0
            },
            "type": 1,
            "driving_direction": 1,
            "id": "1003_1",
            "lane_type": 1
        },
        {
            "pos": {
                "x": 566901.8355092809,
                "y": 4317956.845890808,
                "yaw": 1.7988055769003828
            },
            "heading": 1.7988055769003828,
            "speeds": {
                "vmax": 20.0
            },
            "type": 1,
            "driving_direction": 1,
            "id": "1003_1",
            "lane_type": 1
        },
        {
            "pos": {
                "x": 566901.7225676528,
                "y": 4317957.3329679975,
                "yaw": 1.7988055769003828
            },
            "heading": 1.7988055769003828,
            "speeds": {
                "vmax": 20.0
            },
            "type": 1,
            "driving_direction": 1,
            "id": "1003_1",
            "lane_type": 1
        },
        {
            "pos": {
                "x": 566901.6096260247,
                "y": 4317957.820045187,
                "yaw": 1.7988055769003828
            },
            "heading": 1.7988055769003828,
            "speeds": {
                "vmax": 20.0
            },
            "type": 1,
            "driving_direction": 1,
            "id": "1003_1",
            "lane_type": 1
        },
        {
            "pos": {
                "x": 566901.4966843966,
                "y": 4317958.307122377,
                "yaw": 1.7988055769003828
            },
            "heading": 1.7988055769003828,
            "speeds": {
                "vmax": 20.0
            },
            "type": 1,
            "driving_direction": 1,
            "id": "1003_1",
            "lane_type": 1
        },
        {
            "pos": {
                "x": 566901.3837427686,
                "y": 4317958.794199566,
                "yaw": 1.7988055769003828
            },
            "heading": 1.7988055769003828,
            "speeds": {
                "vmax": 20.0
            },
            "type": 1,
            "driving_direction": 1,
            "id": "1003_1",
            "lane_type": 1
        },
        {
            "pos": {
                "x": 566901.2708011405,
                "y": 4317959.281276756,
                "yaw": 1.7988055769003828
            },
            "heading": 1.7988055769003828,
            "speeds": {
                "vmax": 20.0
            },
            "type": 1,
            "driving_direction": 1,
            "id": "1003_1",
            "lane_type": 1
        },
        {
            "pos": {
                "x": 566901.1578595124,
                "y": 4317959.768353946,
                "yaw": 1.7988055769003828
            },
            "heading": 1.7988055769003828,
            "speeds": {
                "vmax": 20.0
            },
            "type": 1,
            "driving_direction": 1,
            "id": "1003_1",
            "lane_type": 1
        },
        {
            "pos": {
                "x": 566901.0449178843,
                "y": 4317960.255431135,
                "yaw": 1.7988055769003828
            },
            "heading": 1.7988055769003828,
            "speeds": {
                "vmax": 20.0
            },
            "type": 1,
            "driving_direction": 1,
            "id": "1003_1",
            "lane_type": 1
        },
        {
            "pos": {
                "x": 566900.9319762562,
                "y": 4317960.742508325,
                "yaw": 1.7988055769003828
            },
            "heading": 1.7988055769003828,
            "speeds": {
                "vmax": 20.0
            },
            "type": 1,
            "driving_direction": 1,
            "id": "1003_1",
            "lane_type": 1
        },
        {
            "pos": {
                "x": 566900.8190346281,
                "y": 4317961.229585514,
                "yaw": 1.7988055769003828
            },
            "heading": 1.7988055769003828,
            "speeds": {
                "vmax": 20.0
            },
            "type": 1,
            "driving_direction": 1,
            "id": "1003_1",
            "lane_type": 1
        },
        {
            "pos": {
                "x": 566900.706093,
                "y": 4317961.716662704,
                "yaw": 1.7988055769003828
            },
            "heading": 1.7988055769003828,
            "speeds": {
                "vmax": 20.0
            },
            "type": 1,
            "driving_direction": 1,
            "id": "1003_1",
            "lane_type": 1
        },
        {
            "pos": {
                "x": 566900.5931513719,
                "y": 4317962.203739894,
                "yaw": 1.7988055769003828
            },
            "heading": 1.7988055769003828,
            "speeds": {
                "vmax": 20.0
            },
            "type": 1,
            "driving_direction": 1,
            "id": "1003_1",
            "lane_type": 1
        },
        {
            "pos": {
                "x": 566900.4802097438,
                "y": 4317962.690817083,
                "yaw": 1.7988055769003828
            },
            "heading": 1.7988055769003828,
            "speeds": {
                "vmax": 20.0
            },
            "type": 1,
            "driving_direction": 1,
            "id": "1003_1",
            "lane_type": 1
        },
        {
            "pos": {
                "x": 566900.3672681157,
                "y": 4317963.177894273,
                "yaw": 1.7988055769003828
            },
            "heading": 1.7988055769003828,
            "speeds": {
                "vmax": 20.0
            },
            "type": 1,
            "driving_direction": 1,
            "id": "1003_1",
            "lane_type": 1
        },
        {
            "pos": {
                "x": 566900.2543264877,
                "y": 4317963.664971462,
                "yaw": 1.7988055769003828
            },
            "heading": 1.7988055769003828,
            "speeds": {
                "vmax": 20.0
            },
            "type": 1,
            "driving_direction": 1,
            "id": "1003_1",
            "lane_type": 1
        },
        {
            "pos": {
                "x": 566900.1413848596,
                "y": 4317964.152048652,
                "yaw": 1.7988055769003828
            },
            "heading": 1.7988055769003828,
            "speeds": {
                "vmax": 20.0
            },
            "type": 1,
            "driving_direction": 1,
            "id": "1003_1",
            "lane_type": 1
        },
        {
            "pos": {
                "x": 566900.0284432315,
                "y": 4317964.639125842,
                "yaw": 1.7988055769003828
            },
            "heading": 1.7988055769003828,
            "speeds": {
                "vmax": 20.0
            },
            "type": 1,
            "driving_direction": 1,
            "id": "1003_1",
            "lane_type": 1
        },
        {
            "pos": {
                "x": 566899.9155016034,
                "y": 4317965.126203031,
                "yaw": 1.7988055769003828
            },
            "heading": 1.7988055769003828,
            "speeds": {
                "vmax": 20.0
            },
            "type": 1,
            "driving_direction": 1,
            "id": "1003_1",
            "lane_type": 1
        },
        {
            "pos": {
                "x": 566899.8025599753,
                "y": 4317965.613280221,
                "yaw": 1.7988055769003828
            },
            "heading": 1.7988055769003828,
            "speeds": {
                "vmax": 20.0
            },
            "type": 1,
            "driving_direction": 1,
            "id": "1003_1",
            "lane_type": 1
        },
        {
            "pos": {
                "x": 566899.6896183472,
                "y": 4317966.1003574105,
                "yaw": 1.7988055769003828
            },
            "heading": 1.7988055769003828,
            "speeds": {
                "vmax": 20.0
            },
            "type": 1,
            "driving_direction": 1,
            "id": "1003_1",
            "lane_type": 1
        },
        {
            "pos": {
                "x": 566899.5766767191,
                "y": 4317966.5874346,
                "yaw": 1.7988055769003828
            },
            "heading": 1.7988055769003828,
            "speeds": {
                "vmax": 20.0
            },
            "type": 1,
            "driving_direction": 1,
            "id": "1003_1",
            "lane_type": 1
        },
        {
            "pos": {
                "x": 566899.463735091,
                "y": 4317967.07451179,
                "yaw": 1.7988055769003828
            },
            "heading": 1.7988055769003828,
            "speeds": {
                "vmax": 20.0
            },
            "type": 1,
            "driving_direction": 1,
            "id": "1003_1",
            "lane_type": 1
        },
        {
            "pos": {
                "x": 566899.350793463,
                "y": 4317967.561588979,
                "yaw": 1.7988055769003828
            },
            "heading": 1.7988055769003828,
            "speeds": {
                "vmax": 20.0
            },
            "type": 1,
            "driving_direction": 1,
            "id": "1003_1",
            "lane_type": 1
        },
        {
            "pos": {
                "x": 566899.2378518349,
                "y": 4317968.048666169,
                "yaw": 1.7988055769003828
            },
            "heading": 1.7988055769003828,
            "speeds": {
                "vmax": 20.0
            },
            "type": 1,
            "driving_direction": 1,
            "id": "1003_1",
            "lane_type": 1
        },
        {
            "pos": {
                "x": 566899.1249102068,
                "y": 4317968.535743359,
                "yaw": 1.7988055769003828
            },
            "heading": 1.7988055769003828,
            "speeds": {
                "vmax": 20.0
            },
            "type": 1,
            "driving_direction": 1,
            "id": "1003_1",
            "lane_type": 1
        },
        {
            "pos": {
                "x": 566899.0119685787,
                "y": 4317969.022820548,
                "yaw": 1.7988055769003828
            },
            "heading": 1.7988055769003828,
            "speeds": {
                "vmax": 20.0
            },
            "type": 1,
            "driving_direction": 1,
            "id": "1003_1",
            "lane_type": 1
        },
        {
            "pos": {
                "x": 566898.8990269506,
                "y": 4317969.509897738,
                "yaw": 1.7988055769003828
            },
            "heading": 1.7988055769003828,
            "speeds": {
                "vmax": 20.0
            },
            "type": 1,
            "driving_direction": 1,
            "id": "1003_1",
            "lane_type": 1
        },
        {
            "pos": {
                "x": 566898.7860853225,
                "y": 4317969.996974927,
                "yaw": 1.7988055769003828
            },
            "heading": 1.7988055769003828,
            "speeds": {
                "vmax": 20.0
            },
            "type": 1,
            "driving_direction": 1,
            "id": "1003_1",
            "lane_type": 1
        },
        {
            "pos": {
                "x": 566898.6731436944,
                "y": 4317970.484052118,
                "yaw": 1.7988055769003828
            },
            "heading": 1.7988055769003828,
            "speeds": {
                "vmax": 20.0
            },
            "type": 1,
            "driving_direction": 1,
            "id": "1003_1",
            "lane_type": 1
        },
        {
            "pos": {
                "x": 566898.5602020663,
                "y": 4317970.9711293075,
                "yaw": 1.7988055769003828
            },
            "heading": 1.7988055769003828,
            "speeds": {
                "vmax": 20.0
            },
            "type": 1,
            "driving_direction": 1,
            "id": "1003_1",
            "lane_type": 1
        },
        {
            "pos": {
                "x": 566898.4472604382,
                "y": 4317971.458206497,
                "yaw": 1.7988055769003828
            },
            "heading": 1.7988055769003828,
            "speeds": {
                "vmax": 20.0
            },
            "type": 1,
            "driving_direction": 1,
            "id": "1003_1",
            "lane_type": 1
        },
        {
            "pos": {
                "x": 566898.3343188101,
                "y": 4317971.945283687,
                "yaw": 1.7988055769003828
            },
            "heading": 1.7988055769003828,
            "speeds": {
                "vmax": 20.0
            },
            "type": 1,
            "driving_direction": 1,
            "id": "1003_1",
            "lane_type": 1
        },
        {
            "pos": {
                "x": 566898.221377182,
                "y": 4317972.432360876,
                "yaw": 1.7988055769003828
            },
            "heading": 1.7988055769003828,
            "speeds": {
                "vmax": 20.0
            },
            "type": 1,
            "driving_direction": 1,
            "id": "1003_1",
            "lane_type": 1
        },
        {
            "pos": {
                "x": 566898.108435554,
                "y": 4317972.919438066,
                "yaw": 1.7988055769003828
            },
            "heading": 1.7988055769003828,
            "speeds": {
                "vmax": 20.0
            },
            "type": 1,
            "driving_direction": 1,
            "id": "1003_1",
            "lane_type": 1
        },
        {
            "pos": {
                "x": 566897.9954939259,
                "y": 4317973.406515256,
                "yaw": 1.7988055769003828
            },
            "heading": 1.7988055769003828,
            "speeds": {
                "vmax": 20.0
            },
            "type": 1,
            "driving_direction": 1,
            "id": "1003_1",
            "lane_type": 1
        },
        {
            "pos": {
                "x": 566897.8825522978,
                "y": 4317973.893592445,
                "yaw": 1.7988055769003828
            },
            "heading": 1.7988055769003828,
            "speeds": {
                "vmax": 20.0
            },
            "type": 1,
            "driving_direction": 1,
            "id": "1003_1",
            "lane_type": 1
        },
        {
            "pos": {
                "x": 566897.7696106697,
                "y": 4317974.380669635,
                "yaw": 1.7988055769003828
            },
            "heading": 1.7988055769003828,
            "speeds": {
                "vmax": 20.0
            },
            "type": 1,
            "driving_direction": 1,
            "id": "1003_1",
            "lane_type": 1
        },
        {
            "pos": {
                "x": 566897.6566690416,
                "y": 4317974.867746824,
                "yaw": 1.7988055769003828
            },
            "heading": 1.7988055769003828,
            "speeds": {
                "vmax": 20.0
            },
            "type": 1,
            "driving_direction": 1,
            "id": "1003_1",
            "lane_type": 1
        },
        {
            "pos": {
                "x": 566897.5437274135,
                "y": 4317975.354824014,
                "yaw": 1.7988055769003828
            },
            "heading": 1.7988055769003828,
            "speeds": {
                "vmax": 20.0
            },
            "type": 1,
            "driving_direction": 1,
            "id": "1003_1",
            "lane_type": 1
        },
        {
            "pos": {
                "x": 566897.4307857854,
                "y": 4317975.841901204,
                "yaw": 1.7988055769003828
            },
            "heading": 1.7988055769003828,
            "speeds": {
                "vmax": 20.0
            },
            "type": 1,
            "driving_direction": 1,
            "id": "1003_1",
            "lane_type": 1
        },
        {
            "pos": {
                "x": 566897.3178441573,
                "y": 4317976.328978393,
                "yaw": 1.7988055769003828
            },
            "heading": 1.7988055769003828,
            "speeds": {
                "vmax": 20.0
            },
            "type": 1,
            "driving_direction": 1,
            "id": "1003_1",
            "lane_type": 1
        },
        {
            "pos": {
                "x": 566897.2049025293,
                "y": 4317976.816055583,
                "yaw": 1.7988055769003828
            },
            "heading": 1.7988055769003828,
            "speeds": {
                "vmax": 20.0
            },
            "type": 1,
            "driving_direction": 1,
            "id": "1003_1",
            "lane_type": 1
        },
        {
            "pos": {
                "x": 566897.0919609012,
                "y": 4317977.303132772,
                "yaw": 1.7988055769003828
            },
            "heading": 1.7988055769003828,
            "speeds": {
                "vmax": 20.0
            },
            "type": 1,
            "driving_direction": 1,
            "id": "1003_1",
            "lane_type": 1
        },
        {
            "pos": {
                "x": 566896.9790192731,
                "y": 4317977.790209962,
                "yaw": 1.7988055769003828
            },
            "heading": 1.7988055769003828,
            "speeds": {
                "vmax": 20.0
            },
            "type": 1,
            "driving_direction": 1,
            "id": "1003_1",
            "lane_type": 1
        },
        {
            "pos": {
                "x": 566896.866077645,
                "y": 4317978.277287152,
                "yaw": 1.7988055769003828
            },
            "heading": 1.7988055769003828,
            "speeds": {
                "vmax": 20.0
            },
            "type": 1,
            "driving_direction": 1,
            "id": "1003_1",
            "lane_type": 1
        },
        {
            "pos": {
                "x": 566896.7531360169,
                "y": 4317978.764364341,
                "yaw": 1.7988055769003828
            },
            "heading": 1.7988055769003828,
            "speeds": {
                "vmax": 20.0
            },
            "type": 1,
            "driving_direction": 1,
            "id": "1003_1",
            "lane_type": 1
        },
        {
            "pos": {
                "x": 566896.6401943888,
                "y": 4317979.251441531,
                "yaw": 1.7988055769003828
            },
            "heading": 1.7988055769003828,
            "speeds": {
                "vmax": 20.0
            },
            "type": 1,
            "driving_direction": 1,
            "id": "1003_1",
            "lane_type": 1
        },
        {
            "pos": {
                "x": 566896.5272527607,
                "y": 4317979.7385187205,
                "yaw": 1.7988055769003828
            },
            "heading": 1.7988055769003828,
            "speeds": {
                "vmax": 20.0
            },
            "type": 1,
            "driving_direction": 1,
            "id": "1003_1",
            "lane_type": 1
        },
        {
            "pos": {
                "x": 566896.4143111326,
                "y": 4317980.22559591,
                "yaw": 1.7988055769003828
            },
            "heading": 1.7988055769003828,
            "speeds": {
                "vmax": 20.0
            },
            "type": 1,
            "driving_direction": 1,
            "id": "1003_1",
            "lane_type": 1
        },
        {
            "pos": {
                "x": 566896.3013695045,
                "y": 4317980.7126731,
                "yaw": 1.7988055769003828
            },
            "heading": 1.7988055769003828,
            "speeds": {
                "vmax": 20.0
            },
            "type": 1,
            "driving_direction": 1,
            "id": "1003_1",
            "lane_type": 1
        },
        {
            "pos": {
                "x": 566896.1884278764,
                "y": 4317981.199750289,
                "yaw": 1.7988055769003828
            },
            "heading": 1.7988055769003828,
            "speeds": {
                "vmax": 20.0
            },
            "type": 1,
            "driving_direction": 1,
            "id": "1003_1",
            "lane_type": 1
        },
        {
            "pos": {
                "x": 566896.0754862484,
                "y": 4317981.686827479,
                "yaw": 1.7988055769003828
            },
            "heading": 1.7988055769003828,
            "speeds": {
                "vmax": 20.0
            },
            "type": 1,
            "driving_direction": 1,
            "id": "1003_1",
            "lane_type": 1
        },
        {
            "pos": {
                "x": 566895.9625446203,
                "y": 4317982.173904669,
                "yaw": 1.7988055769003828
            },
            "heading": 1.7988055769003828,
            "speeds": {
                "vmax": 20.0
            },
            "type": 1,
            "driving_direction": 1,
            "id": "1003_1",
            "lane_type": 1
        },
        {
            "pos": {
                "x": 566895.8496029922,
                "y": 4317982.660981858,
                "yaw": 1.7988055769003828
            },
            "heading": 1.7988055769003828,
            "speeds": {
                "vmax": 20.0
            },
            "type": 1,
            "driving_direction": 1,
            "id": "1003_1",
            "lane_type": 1
        },
        {
            "pos": {
                "x": 566895.7366613641,
                "y": 4317983.148059048,
                "yaw": 1.7988055769003828
            },
            "heading": 1.7988055769003828,
            "speeds": {
                "vmax": 20.0
            },
            "type": 1,
            "driving_direction": 1,
            "id": "1003_1",
            "lane_type": 1
        },
        {
            "pos": {
                "x": 566895.623719736,
                "y": 4317983.635136237,
                "yaw": 1.7988055769003828
            },
            "heading": 1.7988055769003828,
            "speeds": {
                "vmax": 20.0
            },
            "type": 1,
            "driving_direction": 1,
            "id": "1003_1",
            "lane_type": 1
        },
        {
            "pos": {
                "x": 566895.5107781079,
                "y": 4317984.122213427,
                "yaw": 1.7988055769003828
            },
            "heading": 1.7988055769003828,
            "speeds": {
                "vmax": 20.0
            },
            "type": 1,
            "driving_direction": 1,
            "id": "1003_1",
            "lane_type": 1
        },
        {
            "pos": {
                "x": 566895.3978364798,
                "y": 4317984.609290617,
                "yaw": 1.7988055769003828
            },
            "heading": 1.7988055769003828,
            "speeds": {
                "vmax": 20.0
            },
            "type": 1,
            "driving_direction": 1,
            "id": "1003_1",
            "lane_type": 1
        },
        {
            "pos": {
                "x": 566895.2848948517,
                "y": 4317985.096367806,
                "yaw": 1.7988055769003828
            },
            "heading": 1.7988055769003828,
            "speeds": {
                "vmax": 20.0
            },
            "type": 1,
            "driving_direction": 1,
            "id": "1003_1",
            "lane_type": 1
        },
        {
            "pos": {
                "x": 566895.1719532236,
                "y": 4317985.583444996,
                "yaw": 1.7988055769003828
            },
            "heading": 1.7988055769003828,
            "speeds": {
                "vmax": 20.0
            },
            "type": 1,
            "driving_direction": 1,
            "id": "1003_1",
            "lane_type": 1
        },
        {
            "pos": {
                "x": 566895.0590115956,
                "y": 4317986.070522185,
                "yaw": 1.7988055769003828
            },
            "heading": 1.7988055769003828,
            "speeds": {
                "vmax": 20.0
            },
            "type": 1,
            "driving_direction": 1,
            "id": "1003_1",
            "lane_type": 1
        },
        {
            "pos": {
                "x": 566894.9460699675,
                "y": 4317986.557599375,
                "yaw": 1.7988055769003828
            },
            "heading": 1.7988055769003828,
            "speeds": {
                "vmax": 20.0
            },
            "type": 1,
            "driving_direction": 1,
            "id": "1003_1",
            "lane_type": 1
        },
        {
            "pos": {
                "x": 566894.8331283394,
                "y": 4317987.044676565,
                "yaw": 1.7988055769003828
            },
            "heading": 1.7988055769003828,
            "speeds": {
                "vmax": 20.0
            },
            "type": 1,
            "driving_direction": 1,
            "id": "1003_1",
            "lane_type": 1
        },
        {
            "pos": {
                "x": 566894.7201867113,
                "y": 4317987.531753754,
                "yaw": 1.7988055769003828
            },
            "heading": 1.7988055769003828,
            "speeds": {
                "vmax": 20.0
            },
            "type": 1,
            "driving_direction": 1,
            "id": "1003_1",
            "lane_type": 1
        },
        {
            "pos": {
                "x": 566894.6072450832,
                "y": 4317988.018830944,
                "yaw": 1.7988055769003828
            },
            "heading": 1.7988055769003828,
            "speeds": {
                "vmax": 20.0
            },
            "type": 1,
            "driving_direction": 1,
            "id": "1003_1",
            "lane_type": 1
        },
        {
            "pos": {
                "x": 566894.4943034551,
                "y": 4317988.505908133,
                "yaw": 1.7988055769003828
            },
            "heading": 1.7988055769003828,
            "speeds": {
                "vmax": 20.0
            },
            "type": 1,
            "driving_direction": 1,
            "id": "1003_1",
            "lane_type": 1
        },
        {
            "pos": {
                "x": 566894.381361827,
                "y": 4317988.992985323,
                "yaw": 1.7988055769003828
            },
            "heading": 1.7988055769003828,
            "speeds": {
                "vmax": 20.0
            },
            "type": 1,
            "driving_direction": 1,
            "id": "1003_1",
            "lane_type": 1
        },
        {
            "pos": {
                "x": 566894.2684201989,
                "y": 4317989.480062513,
                "yaw": 1.7988055769003828
            },
            "heading": 1.7988055769003828,
            "speeds": {
                "vmax": 20.0
            },
            "type": 1,
            "driving_direction": 1,
            "id": "1003_1",
            "lane_type": 1
        },
        {
            "pos": {
                "x": 566894.1554785708,
                "y": 4317989.967139702,
                "yaw": 1.7988055769003828
            },
            "heading": 1.7988055769003828,
            "speeds": {
                "vmax": 20.0
            },
            "type": 1,
            "driving_direction": 1,
            "id": "1003_1",
            "lane_type": 1
        },
        {
            "pos": {
                "x": 566894.0425369428,
                "y": 4317990.454216892,
                "yaw": 1.7988055769003828
            },
            "heading": 1.7988055769003828,
            "speeds": {
                "vmax": 20.0
            },
            "type": 1,
            "driving_direction": 1,
            "id": "1003_1",
            "lane_type": 1
        },
        {
            "pos": {
                "x": 566893.9295953147,
                "y": 4317990.9412940815,
                "yaw": 1.7988055769003828
            },
            "heading": 1.7988055769003828,
            "speeds": {
                "vmax": 20.0
            },
            "type": 1,
            "driving_direction": 1,
            "id": "1003_1",
            "lane_type": 1
        },
        {
            "pos": {
                "x": 566893.8166536866,
                "y": 4317991.428371271,
                "yaw": 1.7988055769003828
            },
            "heading": 1.7988055769003828,
            "speeds": {
                "vmax": 20.0
            },
            "type": 1,
            "driving_direction": 1,
            "id": "1003_1",
            "lane_type": 1
        },
        {
            "pos": {
                "x": 566893.7037120585,
                "y": 4317991.915448461,
                "yaw": 1.7988055769003828
            },
            "heading": 1.7988055769003828,
            "speeds": {
                "vmax": 20.0
            },
            "type": 1,
            "driving_direction": 1,
            "id": "1003_1",
            "lane_type": 1
        },
        {
            "pos": {
                "x": 566893.5907704304,
                "y": 4317992.40252565,
                "yaw": 1.7988055769003828
            },
            "heading": 1.7988055769003828,
            "speeds": {
                "vmax": 20.0
            },
            "type": 1,
            "driving_direction": 1,
            "id": "1003_1",
            "lane_type": 1
        },
        {
            "pos": {
                "x": 566893.4778288023,
                "y": 4317992.88960284,
                "yaw": 1.7988055769003828
            },
            "heading": 1.7988055769003828,
            "speeds": {
                "vmax": 20.0
            },
            "type": 1,
            "driving_direction": 1,
            "id": "1003_1",
            "lane_type": 1
        },
        {
            "pos": {
                "x": 566893.3648871742,
                "y": 4317993.37668003,
                "yaw": 1.7988055769003828
            },
            "heading": 1.7988055769003828,
            "speeds": {
                "vmax": 20.0
            },
            "type": 1,
            "driving_direction": 1,
            "id": "1003_1",
            "lane_type": 1
        },
        {
            "pos": {
                "x": 566893.2519455461,
                "y": 4317993.863757219,
                "yaw": 1.7988055769003828
            },
            "heading": 1.7988055769003828,
            "speeds": {
                "vmax": 20.0
            },
            "type": 1,
            "driving_direction": 1,
            "id": "1003_1",
            "lane_type": 1
        },
        {
            "pos": {
                "x": 566893.139003918,
                "y": 4317994.350834409,
                "yaw": 1.7988055769003828
            },
            "heading": 1.7988055769003828,
            "speeds": {
                "vmax": 20.0
            },
            "type": 1,
            "driving_direction": 1,
            "id": "1003_1",
            "lane_type": 1
        },
        {
            "pos": {
                "x": 566893.02606229,
                "y": 4317994.837911598,
                "yaw": 1.7988055769003828
            },
            "heading": 1.7988055769003828,
            "speeds": {
                "vmax": 20.0
            },
            "type": 1,
            "driving_direction": 1,
            "id": "1003_1",
            "lane_type": 1
        },
        {
            "pos": {
                "x": 566892.9131206619,
                "y": 4317995.324988788,
                "yaw": 1.7988055769003828
            },
            "heading": 1.7988055769003828,
            "speeds": {
                "vmax": 20.0
            },
            "type": 1,
            "driving_direction": 1,
            "id": "1003_1",
            "lane_type": 1
        },
        {
            "pos": {
                "x": 566892.8001790338,
                "y": 4317995.812065978,
                "yaw": 1.7988055769003828
            },
            "heading": 1.7988055769003828,
            "speeds": {
                "vmax": 20.0
            },
            "type": 1,
            "driving_direction": 1,
            "id": "1003_1",
            "lane_type": 1
        },
        {
            "pos": {
                "x": 566892.6872374057,
                "y": 4317996.299143167,
                "yaw": 1.7988055769003828
            },
            "heading": 1.7988055769003828,
            "speeds": {
                "vmax": 20.0
            },
            "type": 1,
            "driving_direction": 1,
            "id": "1003_1",
            "lane_type": 1
        },
        {
            "pos": {
                "x": 566892.5742957776,
                "y": 4317996.786220357,
                "yaw": 1.7988055769003828
            },
            "heading": 1.7988055769003828,
            "speeds": {
                "vmax": 20.0
            },
            "type": 1,
            "driving_direction": 1,
            "id": "1003_1",
            "lane_type": 1
        },
        {
            "pos": {
                "x": 566892.4613541495,
                "y": 4317997.273297546,
                "yaw": 1.7988055769003828
            },
            "heading": 1.7988055769003828,
            "speeds": {
                "vmax": 20.0
            },
            "type": 1,
            "driving_direction": 1,
            "id": "1003_1",
            "lane_type": 1
        },
        {
            "pos": {
                "x": 566892.3484125214,
                "y": 4317997.760374736,
                "yaw": 1.7988055769003828
            },
            "heading": 1.7988055769003828,
            "speeds": {
                "vmax": 20.0
            },
            "type": 1,
            "driving_direction": 1,
            "id": "1003_1",
            "lane_type": 1
        },
        {
            "pos": {
                "x": 566892.2354708933,
                "y": 4317998.247451926,
                "yaw": 1.7988055769003828
            },
            "heading": 1.7988055769003828,
            "speeds": {
                "vmax": 20.0
            },
            "type": 1,
            "driving_direction": 1,
            "id": "1003_1",
            "lane_type": 1
        },
        {
            "pos": {
                "x": 566892.1225292652,
                "y": 4317998.734529115,
                "yaw": 1.7988055769003828
            },
            "heading": 1.7988055769003828,
            "speeds": {
                "vmax": 20.0
            },
            "type": 1,
            "driving_direction": 1,
            "id": "1003_1",
            "lane_type": 1
        },
        {
            "pos": {
                "x": 566892.0095876371,
                "y": 4317999.221606305,
                "yaw": 1.7988055769003828
            },
            "heading": 1.7988055769003828,
            "speeds": {
                "vmax": 20.0
            },
            "type": 1,
            "driving_direction": 1,
            "id": "1003_1",
            "lane_type": 1
        },
        {
            "pos": {
                "x": 566891.8966460091,
                "y": 4317999.7086834945,
                "yaw": 1.7988055769003828
            },
            "heading": 1.7988055769003828,
            "speeds": {
                "vmax": 20.0
            },
            "type": 1,
            "driving_direction": 1,
            "id": "1003_1",
            "lane_type": 1
        },
        {
            "pos": {
                "x": 566891.783704381,
                "y": 4318000.195760684,
                "yaw": 1.7988055769003828
            },
            "heading": 1.7988055769003828,
            "speeds": {
                "vmax": 20.0
            },
            "type": 1,
            "driving_direction": 1,
            "id": "1003_1",
            "lane_type": 1
        },
        {
            "pos": {
                "x": 566891.6707627529,
                "y": 4318000.682837874,
                "yaw": 1.7988055769003828
            },
            "heading": 1.7988055769003828,
            "speeds": {
                "vmax": 20.0
            },
            "type": 1,
            "driving_direction": 1,
            "id": "1003_1",
            "lane_type": 1
        },
        {
            "pos": {
                "x": 566891.5578211248,
                "y": 4318001.169915063,
                "yaw": 1.7988055769003828
            },
            "heading": 1.7988055769003828,
            "speeds": {
                "vmax": 20.0
            },
            "type": 1,
            "driving_direction": 1,
            "id": "1003_1",
            "lane_type": 1
        },
        {
            "pos": {
                "x": 566891.4448794967,
                "y": 4318001.656992253,
                "yaw": 1.7988055769003828
            },
            "heading": 1.7988055769003828,
            "speeds": {
                "vmax": 20.0
            },
            "type": 1,
            "driving_direction": 1,
            "id": "1003_1",
            "lane_type": 1
        },
        {
            "pos": {
                "x": 566891.3319378686,
                "y": 4318002.1440694425,
                "yaw": 1.7988055769003828
            },
            "heading": 1.7988055769003828,
            "speeds": {
                "vmax": 20.0
            },
            "type": 1,
            "driving_direction": 1,
            "id": "1003_1",
            "lane_type": 1
        },
        {
            "pos": {
                "x": 566891.2189962405,
                "y": 4318002.631146632,
                "yaw": 1.7988055769003828
            },
            "heading": 1.7988055769003828,
            "speeds": {
                "vmax": 20.0
            },
            "type": 1,
            "driving_direction": 1,
            "id": "1003_1",
            "lane_type": 1
        },
        {
            "pos": {
                "x": 566891.1060546124,
                "y": 4318003.118223822,
                "yaw": 1.7988055769003828
            },
            "heading": 1.7988055769003828,
            "speeds": {
                "vmax": 20.0
            },
            "type": 1,
            "driving_direction": 1,
            "id": "1003_1",
            "lane_type": 1
        },
        {
            "pos": {
                "x": 566890.9931129843,
                "y": 4318003.605301011,
                "yaw": 1.7988055769003828
            },
            "heading": 1.7988055769003828,
            "speeds": {
                "vmax": 20.0
            },
            "type": 1,
            "driving_direction": 1,
            "id": "1003_1",
            "lane_type": 1
        },
        {
            "pos": {
                "x": 566890.8801713563,
                "y": 4318004.092378201,
                "yaw": 1.7988055769003828
            },
            "heading": 1.7988055769003828,
            "speeds": {
                "vmax": 20.0
            },
            "type": 1,
            "driving_direction": 1,
            "id": "1003_1",
            "lane_type": 1
        },
        {
            "pos": {
                "x": 566890.7672297282,
                "y": 4318004.579455391,
                "yaw": 1.7988055769003828
            },
            "heading": 1.7988055769003828,
            "speeds": {
                "vmax": 20.0
            },
            "type": 1,
            "driving_direction": 1,
            "id": "1003_1",
            "lane_type": 1
        },
        {
            "pos": {
                "x": 566890.6542881001,
                "y": 4318005.06653258,
                "yaw": 1.7988055769003828
            },
            "heading": 1.7988055769003828,
            "speeds": {
                "vmax": 20.0
            },
            "type": 1,
            "driving_direction": 1,
            "id": "1003_1",
            "lane_type": 1
        },
        {
            "pos": {
                "x": 566890.541346472,
                "y": 4318005.55360977,
                "yaw": 1.7988055769003828
            },
            "heading": 1.7988055769003828,
            "speeds": {
                "vmax": 20.0
            },
            "type": 1,
            "driving_direction": 1,
            "id": "1003_1",
            "lane_type": 1
        },
        {
            "pos": {
                "x": 566890.4284048439,
                "y": 4318006.040686959,
                "yaw": 1.7988055769003828
            },
            "heading": 1.7988055769003828,
            "speeds": {
                "vmax": 20.0
            },
            "type": 1,
            "driving_direction": 1,
            "id": "1003_1",
            "lane_type": 1
        },
        {
            "pos": {
                "x": 566890.4189982923,
                "y": 4318006.081254081,
                "yaw": 1.7988055769003828
            },
            "heading": 1.7988055769003828,
            "speeds": {
                "vmax": 20.0
            },
            "type": 1,
            "driving_direction": 1,
            "id": "1003_1",
            "lane_type": 1
        }
    ],
    "is_final_navi": true
}