{
    "header": {
        "trace_id": "c4227210-2285-49cc-84e6-6a31162d9e47",
        "trans_id": "430cb32b-4014-4c23-beb5-17ae75815c39",
        "che_id": "A530",
        "timestamp": "2025-02-19T03:29:34.097865Z"
    },
    "task_id": "c4227210-2285-49cc-84e6-6a31162d9e47",
    "navi_id": "A530_c4227210-2285-49cc-84e6-6a31162d9e47_9",
    "seq_num": 9,
    "dest_type": 3,
    "mode": 2,
    "waypoints": [
        {
            "pos": {
                "x": 566895.9625446203,
                "y": 4317982.173904669,
                "yaw": 1.7988055769003828
            },
            "heading": 1.7988055769003828,
            "speeds": {
                "vmax": 20.0
            },
            "type": 1,
            "driving_direction": 1,
            "id": "1003_1",
            "lane_type": 1
        },
        {
            "pos": {
                "x": 566895.8496029922,
                "y": 4317982.660981858,
                "yaw": 1.7988055769003828
            },
            "heading": 1.7988055769003828,
            "speeds": {
                "vmax": 20.0
            },
            "type": 1,
            "driving_direction": 1,
            "id": "1003_1",
            "lane_type": 1
        },
        {
            "pos": {
                "x": 566895.7366613641,
                "y": 4317983.148059048,
                "yaw": 1.7988055769003828
            },
            "heading": 1.7988055769003828,
            "speeds": {
                "vmax": 20.0
            },
            "type": 1,
            "driving_direction": 1,
            "id": "1003_1",
            "lane_type": 1
        },
        {
            "pos": {
                "x": 566895.623719736,
                "y": 4317983.635136237,
                "yaw": 1.7988055769003828
            },
            "heading": 1.7988055769003828,
            "speeds": {
                "vmax": 20.0
            },
            "type": 1,
            "driving_direction": 1,
            "id": "1003_1",
            "lane_type": 1
        },
        {
            "pos": {
                "x": 566895.5107781079,
                "y": 4317984.122213427,
                "yaw": 1.7988055769003828
            },
            "heading": 1.7988055769003828,
            "speeds": {
                "vmax": 20.0
            },
            "type": 1,
            "driving_direction": 1,
            "id": "1003_1",
            "lane_type": 1
        },
        {
            "pos": {
                "x": 566895.3978364798,
                "y": 4317984.609290617,
                "yaw": 1.7988055769003828
            },
            "heading": 1.7988055769003828,
            "speeds": {
                "vmax": 20.0
            },
            "type": 1,
            "driving_direction": 1,
            "id": "1003_1",
            "lane_type": 1
        },
        {
            "pos": {
                "x": 566895.2848948517,
                "y": 4317985.096367806,
                "yaw": 1.7988055769003828
            },
            "heading": 1.7988055769003828,
            "speeds": {
                "vmax": 20.0
            },
            "type": 1,
            "driving_direction": 1,
            "id": "1003_1",
            "lane_type": 1
        },
        {
            "pos": {
                "x": 566895.1719532236,
                "y": 4317985.583444996,
                "yaw": 1.7988055769003828
            },
            "heading": 1.7988055769003828,
            "speeds": {
                "vmax": 20.0
            },
            "type": 1,
            "driving_direction": 1,
            "id": "1003_1",
            "lane_type": 1
        },
        {
            "pos": {
                "x": 566895.0590115956,
                "y": 4317986.070522185,
                "yaw": 1.7988055769003828
            },
            "heading": 1.7988055769003828,
            "speeds": {
                "vmax": 20.0
            },
            "type": 1,
            "driving_direction": 1,
            "id": "1003_1",
            "lane_type": 1
        },
        {
            "pos": {
                "x": 566894.9460699675,
                "y": 4317986.557599375,
                "yaw": 1.7988055769003828
            },
            "heading": 1.7988055769003828,
            "speeds": {
                "vmax": 20.0
            },
            "type": 1,
            "driving_direction": 1,
            "id": "1003_1",
            "lane_type": 1
        },
        {
            "pos": {
                "x": 566894.8331283394,
                "y": 4317987.044676565,
                "yaw": 1.7988055769003828
            },
            "heading": 1.7988055769003828,
            "speeds": {
                "vmax": 20.0
            },
            "type": 1,
            "driving_direction": 1,
            "id": "1003_1",
            "lane_type": 1
        },
        {
            "pos": {
                "x": 566894.7201867113,
                "y": 4317987.531753754,
                "yaw": 1.7988055769003828
            },
            "heading": 1.7988055769003828,
            "speeds": {
                "vmax": 20.0
            },
            "type": 1,
            "driving_direction": 1,
            "id": "1003_1",
            "lane_type": 1
        },
        {
            "pos": {
                "x": 566894.6072450832,
                "y": 4317988.018830944,
                "yaw": 1.7988055769003828
            },
            "heading": 1.7988055769003828,
            "speeds": {
                "vmax": 20.0
            },
            "type": 1,
            "driving_direction": 1,
            "id": "1003_1",
            "lane_type": 1
        },
        {
            "pos": {
                "x": 566894.4943034551,
                "y": 4317988.505908133,
                "yaw": 1.7988055769003828
            },
            "heading": 1.7988055769003828,
            "speeds": {
                "vmax": 20.0
            },
            "type": 1,
            "driving_direction": 1,
            "id": "1003_1",
            "lane_type": 1
        },
        {
            "pos": {
                "x": 566894.381361827,
                "y": 4317988.992985323,
                "yaw": 1.7988055769003828
            },
            "heading": 1.7988055769003828,
            "speeds": {
                "vmax": 20.0
            },
            "type": 1,
            "driving_direction": 1,
            "id": "1003_1",
            "lane_type": 1
        },
        {
            "pos": {
                "x": 566894.2684201989,
                "y": 4317989.480062513,
                "yaw": 1.7988055769003828
            },
            "heading": 1.7988055769003828,
            "speeds": {
                "vmax": 20.0
            },
            "type": 1,
            "driving_direction": 1,
            "id": "1003_1",
            "lane_type": 1
        },
        {
            "pos": {
                "x": 566894.1554785708,
                "y": 4317989.967139702,
                "yaw": 1.7988055769003828
            },
            "heading": 1.7988055769003828,
            "speeds": {
                "vmax": 20.0
            },
            "type": 1,
            "driving_direction": 1,
            "id": "1003_1",
            "lane_type": 1
        },
        {
            "pos": {
                "x": 566894.0425369428,
                "y": 4317990.454216892,
                "yaw": 1.7988055769003828
            },
            "heading": 1.7988055769003828,
            "speeds": {
                "vmax": 20.0
            },
            "type": 1,
            "driving_direction": 1,
            "id": "1003_1",
            "lane_type": 1
        },
        {
            "pos": {
                "x": 566893.9295953147,
                "y": 4317990.9412940815,
                "yaw": 1.7988055769003828
            },
            "heading": 1.7988055769003828,
            "speeds": {
                "vmax": 20.0
            },
            "type": 1,
            "driving_direction": 1,
            "id": "1003_1",
            "lane_type": 1
        },
        {
            "pos": {
                "x": 566893.8166536866,
                "y": 4317991.428371271,
                "yaw": 1.7988055769003828
            },
            "heading": 1.7988055769003828,
            "speeds": {
                "vmax": 20.0
            },
            "type": 1,
            "driving_direction": 1,
            "id": "1003_1",
            "lane_type": 1
        },
        {
            "pos": {
                "x": 566893.7037120585,
                "y": 4317991.915448461,
                "yaw": 1.7988055769003828
            },
            "heading": 1.7988055769003828,
            "speeds": {
                "vmax": 20.0
            },
            "type": 1,
            "driving_direction": 1,
            "id": "1003_1",
            "lane_type": 1
        },
        {
            "pos": {
                "x": 566893.5907704304,
                "y": 4317992.40252565,
                "yaw": 1.7988055769003828
            },
            "heading": 1.7988055769003828,
            "speeds": {
                "vmax": 20.0
            },
            "type": 1,
            "driving_direction": 1,
            "id": "1003_1",
            "lane_type": 1
        },
        {
            "pos": {
                "x": 566893.4778288023,
                "y": 4317992.88960284,
                "yaw": 1.7988055769003828
            },
            "heading": 1.7988055769003828,
            "speeds": {
                "vmax": 20.0
            },
            "type": 1,
            "driving_direction": 1,
            "id": "1003_1",
            "lane_type": 1
        },
        {
            "pos": {
                "x": 566893.3648871742,
                "y": 4317993.37668003,
                "yaw": 1.7988055769003828
            },
            "heading": 1.7988055769003828,
            "speeds": {
                "vmax": 20.0
            },
            "type": 1,
            "driving_direction": 1,
            "id": "1003_1",
            "lane_type": 1
        },
        {
            "pos": {
                "x": 566893.2519455461,
                "y": 4317993.863757219,
                "yaw": 1.7988055769003828
            },
            "heading": 1.7988055769003828,
            "speeds": {
                "vmax": 20.0
            },
            "type": 1,
            "driving_direction": 1,
            "id": "1003_1",
            "lane_type": 1
        },
        {
            "pos": {
                "x": 566893.139003918,
                "y": 4317994.350834409,
                "yaw": 1.7988055769003828
            },
            "heading": 1.7988055769003828,
            "speeds": {
                "vmax": 20.0
            },
            "type": 1,
            "driving_direction": 1,
            "id": "1003_1",
            "lane_type": 1
        },
        {
            "pos": {
                "x": 566893.02606229,
                "y": 4317994.837911598,
                "yaw": 1.7988055769003828
            },
            "heading": 1.7988055769003828,
            "speeds": {
                "vmax": 20.0
            },
            "type": 1,
            "driving_direction": 1,
            "id": "1003_1",
            "lane_type": 1
        },
        {
            "pos": {
                "x": 566892.9131206619,
                "y": 4317995.324988788,
                "yaw": 1.7988055769003828
            },
            "heading": 1.7988055769003828,
            "speeds": {
                "vmax": 20.0
            },
            "type": 1,
            "driving_direction": 1,
            "id": "1003_1",
            "lane_type": 1
        },
        {
            "pos": {
                "x": 566892.8001790338,
                "y": 4317995.812065978,
                "yaw": 1.7988055769003828
            },
            "heading": 1.7988055769003828,
            "speeds": {
                "vmax": 20.0
            },
            "type": 1,
            "driving_direction": 1,
            "id": "1003_1",
            "lane_type": 1
        },
        {
            "pos": {
                "x": 566892.6872374057,
                "y": 4317996.299143167,
                "yaw": 1.7988055769003828
            },
            "heading": 1.7988055769003828,
            "speeds": {
                "vmax": 20.0
            },
            "type": 1,
            "driving_direction": 1,
            "id": "1003_1",
            "lane_type": 1
        },
        {
            "pos": {
                "x": 566892.5742957776,
                "y": 4317996.786220357,
                "yaw": 1.7988055769003828
            },
            "heading": 1.7988055769003828,
            "speeds": {
                "vmax": 20.0
            },
            "type": 1,
            "driving_direction": 1,
            "id": "1003_1",
            "lane_type": 1
        },
        {
            "pos": {
                "x": 566892.4613541495,
                "y": 4317997.273297546,
                "yaw": 1.7988055769003828
            },
            "heading": 1.7988055769003828,
            "speeds": {
                "vmax": 20.0
            },
            "type": 1,
            "driving_direction": 1,
            "id": "1003_1",
            "lane_type": 1
        },
        {
            "pos": {
                "x": 566892.3484125214,
                "y": 4317997.760374736,
                "yaw": 1.7988055769003828
            },
            "heading": 1.7988055769003828,
            "speeds": {
                "vmax": 20.0
            },
            "type": 1,
            "driving_direction": 1,
            "id": "1003_1",
            "lane_type": 1
        },
        {
            "pos": {
                "x": 566892.2354708933,
                "y": 4317998.247451926,
                "yaw": 1.7988055769003828
            },
            "heading": 1.7988055769003828,
            "speeds": {
                "vmax": 20.0
            },
            "type": 1,
            "driving_direction": 1,
            "id": "1003_1",
            "lane_type": 1
        },
        {
            "pos": {
                "x": 566892.1225292652,
                "y": 4317998.734529115,
                "yaw": 1.7988055769003828
            },
            "heading": 1.7988055769003828,
            "speeds": {
                "vmax": 20.0
            },
            "type": 1,
            "driving_direction": 1,
            "id": "1003_1",
            "lane_type": 1
        },
        {
            "pos": {
                "x": 566892.0095876371,
                "y": 4317999.221606305,
                "yaw": 1.7988055769003828
            },
            "heading": 1.7988055769003828,
            "speeds": {
                "vmax": 20.0
            },
            "type": 1,
            "driving_direction": 1,
            "id": "1003_1",
            "lane_type": 1
        },
        {
            "pos": {
                "x": 566891.8966460091,
                "y": 4317999.7086834945,
                "yaw": 1.7988055769003828
            },
            "heading": 1.7988055769003828,
            "speeds": {
                "vmax": 20.0
            },
            "type": 1,
            "driving_direction": 1,
            "id": "1003_1",
            "lane_type": 1
        },
        {
            "pos": {
                "x": 566891.783704381,
                "y": 4318000.195760684,
                "yaw": 1.7988055769003828
            },
            "heading": 1.7988055769003828,
            "speeds": {
                "vmax": 20.0
            },
            "type": 1,
            "driving_direction": 1,
            "id": "1003_1",
            "lane_type": 1
        },
        {
            "pos": {
                "x": 566891.6707627529,
                "y": 4318000.682837874,
                "yaw": 1.7988055769003828
            },
            "heading": 1.7988055769003828,
            "speeds": {
                "vmax": 20.0
            },
            "type": 1,
            "driving_direction": 1,
            "id": "1003_1",
            "lane_type": 1
        },
        {
            "pos": {
                "x": 566891.5578211248,
                "y": 4318001.169915063,
                "yaw": 1.7988055769003828
            },
            "heading": 1.7988055769003828,
            "speeds": {
                "vmax": 20.0
            },
            "type": 1,
            "driving_direction": 1,
            "id": "1003_1",
            "lane_type": 1
        },
        {
            "pos": {
                "x": 566891.4448794967,
                "y": 4318001.656992253,
                "yaw": 1.7988055769003828
            },
            "heading": 1.7988055769003828,
            "speeds": {
                "vmax": 20.0
            },
            "type": 1,
            "driving_direction": 1,
            "id": "1003_1",
            "lane_type": 1
        },
        {
            "pos": {
                "x": 566891.3319378686,
                "y": 4318002.1440694425,
                "yaw": 1.7988055769003828
            },
            "heading": 1.7988055769003828,
            "speeds": {
                "vmax": 20.0
            },
            "type": 1,
            "driving_direction": 1,
            "id": "1003_1",
            "lane_type": 1
        },
        {
            "pos": {
                "x": 566891.2189962405,
                "y": 4318002.631146632,
                "yaw": 1.7988055769003828
            },
            "heading": 1.7988055769003828,
            "speeds": {
                "vmax": 20.0
            },
            "type": 1,
            "driving_direction": 1,
            "id": "1003_1",
            "lane_type": 1
        },
        {
            "pos": {
                "x": 566891.1060546124,
                "y": 4318003.118223822,
                "yaw": 1.7988055769003828
            },
            "heading": 1.7988055769003828,
            "speeds": {
                "vmax": 20.0
            },
            "type": 1,
            "driving_direction": 1,
            "id": "1003_1",
            "lane_type": 1
        },
        {
            "pos": {
                "x": 566890.9931129843,
                "y": 4318003.605301011,
                "yaw": 1.7988055769003828
            },
            "heading": 1.7988055769003828,
            "speeds": {
                "vmax": 20.0
            },
            "type": 1,
            "driving_direction": 1,
            "id": "1003_1",
            "lane_type": 1
        },
        {
            "pos": {
                "x": 566890.8801713563,
                "y": 4318004.092378201,
                "yaw": 1.7988055769003828
            },
            "heading": 1.7988055769003828,
            "speeds": {
                "vmax": 20.0
            },
            "type": 1,
            "driving_direction": 1,
            "id": "1003_1",
            "lane_type": 1
        },
        {
            "pos": {
                "x": 566890.7672297282,
                "y": 4318004.579455391,
                "yaw": 1.7988055769003828
            },
            "heading": 1.7988055769003828,
            "speeds": {
                "vmax": 20.0
            },
            "type": 1,
            "driving_direction": 1,
            "id": "1003_1",
            "lane_type": 1
        },
        {
            "pos": {
                "x": 566890.6542881001,
                "y": 4318005.06653258,
                "yaw": 1.7988055769003828
            },
            "heading": 1.7988055769003828,
            "speeds": {
                "vmax": 20.0
            },
            "type": 1,
            "driving_direction": 1,
            "id": "1003_1",
            "lane_type": 1
        },
        {
            "pos": {
                "x": 566890.541346472,
                "y": 4318005.55360977,
                "yaw": 1.7988055769003828
            },
            "heading": 1.7988055769003828,
            "speeds": {
                "vmax": 20.0
            },
            "type": 1,
            "driving_direction": 1,
            "id": "1003_1",
            "lane_type": 1
        },
        {
            "pos": {
                "x": 566890.4284048439,
                "y": 4318006.040686959,
                "yaw": 1.7988055769003828
            },
            "heading": 1.7988055769003828,
            "speeds": {
                "vmax": 20.0
            },
            "type": 1,
            "driving_direction": 1,
            "id": "1003_1",
            "lane_type": 1
        },
        {
            "pos": {
                "x": 566890.4189982923,
                "y": 4318006.081254081,
                "yaw": 1.7988055769003828
            },
            "heading": 1.7988055769003828,
            "speeds": {
                "vmax": 20.0
            },
            "type": 1,
            "driving_direction": 1,
            "id": "1003_1",
            "lane_type": 1
        }
    ],
    "is_final_navi": true
}