{
    "header": {
        "trace_id": "c7f03fc542f04c978e20438b4063a846",
        "trans_id": "f199ae18-563d-43ce-ba10-dd6c049e765b",
        "che_id": "A531",
        "timestamp": "2025-02-19T03:40:32.019707Z"
    },
    "task_id": "c7f03fc542f04c978e20438b4063a846",
    "navi_id": "A531_c7f03fc542f04c978e20438b4063a846_11",
    "seq_num": 11,
    "dest_type": 6,
    "mode": 2,
    "waypoints": [
        {
            "pos": {
                "x": 566923.304330057,
                "y": 4317864.310048787,
                "yaw": 1.7988003194355195
            },
            "heading": 1.7988003194355195,
            "speeds": {
                "vmax": 20.0
            },
            "type": 1,
            "driving_direction": 1,
            "id": "1014_1",
            "lane_type": 1
        },
        {
            "pos": {
                "x": 566923.1905434857,
                "y": 4317864.800426047,
                "yaw": 1.798800056357778
            },
            "heading": 1.798800056357778,
            "speeds": {
                "vmax": 20.0
            },
            "type": 1,
            "driving_direction": 1,
            "id": "1014_1",
            "lane_type": 1
        },
        {
            "pos": {
                "x": 566923.0767577579,
                "y": 4317865.290799674,
                "yaw": 1.7988002727248917
            },
            "heading": 1.7988002727248917,
            "speeds": {
                "vmax": 20.0
            },
            "type": 1,
            "driving_direction": 1,
            "id": "1014_1",
            "lane_type": 1
        },
        {
            "pos": {
                "x": 566922.9629757493,
                "y": 4317865.781157272,
                "yaw": 1.7988003758335374
            },
            "heading": 1.7988003758335374,
            "speeds": {
                "vmax": 20.0
            },
            "type": 1,
            "driving_direction": 1,
            "id": "1014_1",
            "lane_type": 1
        },
        {
            "pos": {
                "x": 566922.8491907588,
                "y": 4317866.271527721,
                "yaw": 1.798800285222497
            },
            "heading": 1.798800285222497,
            "speeds": {
                "vmax": 20.0
            },
            "type": 1,
            "driving_direction": 1,
            "id": "1014_1",
            "lane_type": 1
        },
        {
            "pos": {
                "x": 566922.7354057075,
                "y": 4317866.761898432,
                "yaw": 1.7988002158593521
            },
            "heading": 1.7988002158593521,
            "speeds": {
                "vmax": 20.0
            },
            "type": 1,
            "driving_direction": 1,
            "id": "1014_1",
            "lane_type": 1
        },
        {
            "pos": {
                "x": 566922.6216217082,
                "y": 4317867.25226461,
                "yaw": 1.7988002963145184
            },
            "heading": 1.7988002963145184,
            "speeds": {
                "vmax": 20.0
            },
            "type": 1,
            "driving_direction": 1,
            "id": "1014_1",
            "lane_type": 1
        },
        {
            "pos": {
                "x": 566922.5078365852,
                "y": 4317867.742635629,
                "yaw": 1.7987999976152764
            },
            "heading": 1.7987999976152764,
            "speeds": {
                "vmax": 20.0
            },
            "type": 1,
            "driving_direction": 1,
            "id": "1014_1",
            "lane_type": 1
        },
        {
            "pos": {
                "x": 566922.3940525547,
                "y": 4317868.233001941,
                "yaw": 1.7988006181351537
            },
            "heading": 1.7988006181351537,
            "speeds": {
                "vmax": 20.0
            },
            "type": 1,
            "driving_direction": 1,
            "id": "1014_1",
            "lane_type": 1
        },
        {
            "pos": {
                "x": 566922.2802670244,
                "y": 4317868.723374715,
                "yaw": 1.7988000905698354
            },
            "heading": 1.7988000905698354,
            "speeds": {
                "vmax": 20.0
            },
            "type": 1,
            "driving_direction": 1,
            "id": "1014_1",
            "lane_type": 1
        },
        {
            "pos": {
                "x": 566922.1664810947,
                "y": 4317869.213749212,
                "yaw": 1.7988003734930982
            },
            "heading": 1.7988003734930982,
            "speeds": {
                "vmax": 20.0
            },
            "type": 1,
            "driving_direction": 1,
            "id": "1014_1",
            "lane_type": 1
        },
        {
            "pos": {
                "x": 566922.0527056223,
                "y": 4317869.704078641,
                "yaw": 1.7988004246822076
            },
            "heading": 1.7988004246822076,
            "speeds": {
                "vmax": 20.0
            },
            "type": 1,
            "driving_direction": 1,
            "id": "1013_1",
            "lane_type": 1
        },
        {
            "pos": {
                "x": 566921.9403123907,
                "y": 4317870.188451134,
                "yaw": 1.7988001026789364
            },
            "heading": 1.7988001026789364,
            "speeds": {
                "vmax": 20.0
            },
            "type": 1,
            "driving_direction": 1,
            "id": "1013_1",
            "lane_type": 1
        },
        {
            "pos": {
                "x": 566921.8279110177,
                "y": 4317870.672858712,
                "yaw": 1.7988002918269186
            },
            "heading": 1.7988002918269186,
            "speeds": {
                "vmax": 20.0
            },
            "type": 1,
            "driving_direction": 1,
            "id": "1013_1",
            "lane_type": 1
        },
        {
            "pos": {
                "x": 566921.7155104793,
                "y": 4317871.157262693,
                "yaw": 1.7988000606191938
            },
            "heading": 1.7988000606191938,
            "speeds": {
                "vmax": 20.0
            },
            "type": 1,
            "driving_direction": 1,
            "id": "1013_1",
            "lane_type": 1
        },
        {
            "pos": {
                "x": 566921.6031062275,
                "y": 4317871.641682679,
                "yaw": 1.7988003176031173
            },
            "heading": 1.7988003176031173,
            "speeds": {
                "vmax": 20.0
            },
            "type": 1,
            "driving_direction": 1,
            "id": "1013_1",
            "lane_type": 1
        },
        {
            "pos": {
                "x": 566921.4907028086,
                "y": 4317872.126099074,
                "yaw": 1.7988003854490557
            },
            "heading": 1.7988003854490557,
            "speeds": {
                "vmax": 20.0
            },
            "type": 1,
            "driving_direction": 1,
            "id": "1013_1",
            "lane_type": 1
        },
        {
            "pos": {
                "x": 566921.3783030636,
                "y": 4317872.610499635,
                "yaw": 1.7988003386381162
            },
            "heading": 1.7988003386381162,
            "speeds": {
                "vmax": 20.0
            },
            "type": 1,
            "driving_direction": 1,
            "id": "1013_1",
            "lane_type": 1
        },
        {
            "pos": {
                "x": 566921.2659003732,
                "y": 4317873.094912892,
                "yaw": 1.798800165469039
            },
            "heading": 1.798800165469039,
            "speeds": {
                "vmax": 20.0
            },
            "type": 1,
            "driving_direction": 1,
            "id": "1013_1",
            "lane_type": 1
        },
        {
            "pos": {
                "x": 566921.1534976226,
                "y": 4317873.579326408,
                "yaw": 1.7988001766969741
            },
            "heading": 1.7988001766969741,
            "speeds": {
                "vmax": 20.0
            },
            "type": 1,
            "driving_direction": 1,
            "id": "1013_1",
            "lane_type": 1
        },
        {
            "pos": {
                "x": 566921.0410959114,
                "y": 4317874.063735444,
                "yaw": 1.7988001766969741
            },
            "heading": 1.7988001766969741,
            "speeds": {
                "vmax": 20.0
            },
            "type": 1,
            "driving_direction": 1,
            "id": "1013_1",
            "lane_type": 1
        },
        {
            "pos": {
                "x": 566920.9286930901,
                "y": 4317874.5481492635,
                "yaw": 1.7988002581415539
            },
            "heading": 1.7988002581415539,
            "speeds": {
                "vmax": 20.0
            },
            "type": 1,
            "driving_direction": 1,
            "id": "1013_1",
            "lane_type": 1
        },
        {
            "pos": {
                "x": 566920.8162913478,
                "y": 4317875.032558434,
                "yaw": 1.7988003629914064
            },
            "heading": 1.7988003629914064,
            "speeds": {
                "vmax": 20.0
            },
            "type": 1,
            "driving_direction": 1,
            "id": "1013_1",
            "lane_type": 1
        },
        {
            "pos": {
                "x": 566920.7038881244,
                "y": 4317875.516973987,
                "yaw": 1.7988004219779177
            },
            "heading": 1.7988004219779177,
            "speeds": {
                "vmax": 20.0
            },
            "type": 1,
            "driving_direction": 1,
            "id": "1013_1",
            "lane_type": 1
        },
        {
            "pos": {
                "x": 566920.591484506,
                "y": 4317876.001391242,
                "yaw": 1.798799952438015
            },
            "heading": 1.798799952438015,
            "speeds": {
                "vmax": 20.0
            },
            "type": 1,
            "driving_direction": 1,
            "id": "1013_1",
            "lane_type": 1
        },
        {
            "pos": {
                "x": 566920.4790912179,
                "y": 4317876.485763978,
                "yaw": 1.7988002043750022
            },
            "heading": 1.7988002043750022,
            "speeds": {
                "vmax": 20.0
            },
            "type": 1,
            "driving_direction": 1,
            "id": "1012_1",
            "lane_type": 1
        },
        {
            "pos": {
                "x": 566920.3647239762,
                "y": 4317876.97864371,
                "yaw": 1.7988001851043283
            },
            "heading": 1.7988001851043283,
            "speeds": {
                "vmax": 20.0
            },
            "type": 1,
            "driving_direction": 1,
            "id": "1012_1",
            "lane_type": 1
        },
        {
            "pos": {
                "x": 566920.2503484503,
                "y": 4317877.471559145,
                "yaw": 1.7988001768693234
            },
            "heading": 1.7988001768693234,
            "speeds": {
                "vmax": 20.0
            },
            "type": 1,
            "driving_direction": 1,
            "id": "1012_1",
            "lane_type": 1
        },
        {
            "pos": {
                "x": 566920.1359737737,
                "y": 4317877.964470918,
                "yaw": 1.79880000669102
            },
            "heading": 1.79880000669102,
            "speeds": {
                "vmax": 20.0
            },
            "type": 1,
            "driving_direction": 1,
            "id": "1012_1",
            "lane_type": 1
        },
        {
            "pos": {
                "x": 566920.0215953181,
                "y": 4317878.457398977,
                "yaw": 1.7988004308162315
            },
            "heading": 1.7988004308162315,
            "speeds": {
                "vmax": 20.0
            },
            "type": 1,
            "driving_direction": 1,
            "id": "1012_1",
            "lane_type": 1
        },
        {
            "pos": {
                "x": 566919.9072177105,
                "y": 4317878.950323384,
                "yaw": 1.7988001888367584
            },
            "heading": 1.7988001888367584,
            "speeds": {
                "vmax": 20.0
            },
            "type": 1,
            "driving_direction": 1,
            "id": "1012_1",
            "lane_type": 1
        },
        {
            "pos": {
                "x": 566919.7928438412,
                "y": 4317879.443231679,
                "yaw": 1.7988001428332963
            },
            "heading": 1.7988001428332963,
            "speeds": {
                "vmax": 20.0
            },
            "type": 1,
            "driving_direction": 1,
            "id": "1012_1",
            "lane_type": 1
        },
        {
            "pos": {
                "x": 566919.6784669748,
                "y": 4317879.93615289,
                "yaw": 1.798800429885454
            },
            "heading": 1.798800429885454,
            "speeds": {
                "vmax": 20.0
            },
            "type": 1,
            "driving_direction": 1,
            "id": "1012_1",
            "lane_type": 1
        },
        {
            "pos": {
                "x": 566919.564090047,
                "y": 4317880.429074366,
                "yaw": 1.798800280842935
            },
            "heading": 1.798800280842935,
            "speeds": {
                "vmax": 20.0
            },
            "type": 1,
            "driving_direction": 1,
            "id": "1012_1",
            "lane_type": 1
        },
        {
            "pos": {
                "x": 566919.4497141768,
                "y": 4317880.921991283,
                "yaw": 1.7988003608818026
            },
            "heading": 1.7988003608818026,
            "speeds": {
                "vmax": 20.0
            },
            "type": 1,
            "driving_direction": 1,
            "id": "1012_1",
            "lane_type": 1
        },
        {
            "pos": {
                "x": 566919.335337177,
                "y": 4317881.414913069,
                "yaw": 1.7988003723824502
            },
            "heading": 1.7988003723824502,
            "speeds": {
                "vmax": 20.0
            },
            "type": 1,
            "driving_direction": 1,
            "id": "1012_1",
            "lane_type": 1
        },
        {
            "pos": {
                "x": 566919.2209612755,
                "y": 4317881.907830123,
                "yaw": 1.7988002353062869
            },
            "heading": 1.7988002353062869,
            "speeds": {
                "vmax": 20.0
            },
            "type": 1,
            "driving_direction": 1,
            "id": "1012_1",
            "lane_type": 1
        },
        {
            "pos": {
                "x": 566919.1065838664,
                "y": 4317882.400753673,
                "yaw": 1.7988003848142966
            },
            "heading": 1.7988003848142966,
            "speeds": {
                "vmax": 20.0
            },
            "type": 1,
            "driving_direction": 1,
            "id": "1012_1",
            "lane_type": 1
        },
        {
            "pos": {
                "x": 566918.9922060557,
                "y": 4317882.893678954,
                "yaw": 1.7988002890812185
            },
            "heading": 1.7988002890812185,
            "speeds": {
                "vmax": 20.0
            },
            "type": 1,
            "driving_direction": 1,
            "id": "1012_1",
            "lane_type": 1
        },
        {
            "pos": {
                "x": 566918.8778387567,
                "y": 4317883.386558932,
                "yaw": 1.7988002472373112
            },
            "heading": 1.7988002472373112,
            "speeds": {
                "vmax": 20.0
            },
            "type": 1,
            "driving_direction": 1,
            "id": "1011_1",
            "lane_type": 1
        },
        {
            "pos": {
                "x": 566918.765091216,
                "y": 4317883.872458363,
                "yaw": 1.798800146496081
            },
            "heading": 1.798800146496081,
            "speeds": {
                "vmax": 20.0
            },
            "type": 1,
            "driving_direction": 1,
            "id": "1011_1",
            "lane_type": 1
        },
        {
            "pos": {
                "x": 566918.6523355084,
                "y": 4317884.358392989,
                "yaw": 1.7988002076674412
            },
            "heading": 1.7988002076674412,
            "speeds": {
                "vmax": 20.0
            },
            "type": 1,
            "driving_direction": 1,
            "id": "1011_1",
            "lane_type": 1
        },
        {
            "pos": {
                "x": 566918.5395806379,
                "y": 4317884.844324009,
                "yaw": 1.7988002436116168
            },
            "heading": 1.7988002436116168,
            "speeds": {
                "vmax": 20.0
            },
            "type": 1,
            "driving_direction": 1,
            "id": "1011_1",
            "lane_type": 1
        },
        {
            "pos": {
                "x": 566918.4268220423,
                "y": 4317885.330271082,
                "yaw": 1.798800233364738
            },
            "heading": 1.798800233364738,
            "speeds": {
                "vmax": 20.0
            },
            "type": 1,
            "driving_direction": 1,
            "id": "1011_1",
            "lane_type": 1
        },
        {
            "pos": {
                "x": 566918.3140642825,
                "y": 4317885.816214554,
                "yaw": 1.7988003588529358
            },
            "heading": 1.7988003588529358,
            "speeds": {
                "vmax": 20.0
            },
            "type": 1,
            "driving_direction": 1,
            "id": "1011_1",
            "lane_type": 1
        },
        {
            "pos": {
                "x": 566918.201310208,
                "y": 4317886.302142143,
                "yaw": 1.798800149810181
            },
            "heading": 1.798800149810181,
            "speeds": {
                "vmax": 20.0
            },
            "type": 1,
            "driving_direction": 1,
            "id": "1011_1",
            "lane_type": 1
        },
        {
            "pos": {
                "x": 566918.0885531786,
                "y": 4317886.7880824655,
                "yaw": 1.798800220752793
            },
            "heading": 1.798800220752793,
            "speeds": {
                "vmax": 20.0
            },
            "type": 1,
            "driving_direction": 1,
            "id": "1011_1",
            "lane_type": 1
        },
        {
            "pos": {
                "x": 566917.9757960892,
                "y": 4317887.274023049,
                "yaw": 1.7988004638457964
            },
            "heading": 1.7988004638457964,
            "speeds": {
                "vmax": 20.0
            },
            "type": 1,
            "driving_direction": 1,
            "id": "1011_1",
            "lane_type": 1
        },
        {
            "pos": {
                "x": 566917.8630400422,
                "y": 4317887.759959137,
                "yaw": 1.7988002319456715
            },
            "heading": 1.7988002319456715,
            "speeds": {
                "vmax": 20.0
            },
            "type": 1,
            "driving_direction": 1,
            "id": "1011_1",
            "lane_type": 1
        },
        {
            "pos": {
                "x": 566917.7502828815,
                "y": 4317888.245900026,
                "yaw": 1.7988000000458393
            },
            "heading": 1.7988000000458393,
            "speeds": {
                "vmax": 20.0
            },
            "type": 1,
            "driving_direction": 1,
            "id": "1011_1",
            "lane_type": 1
        },
        {
            "pos": {
                "x": 566917.6375268035,
                "y": 4317888.73183625,
                "yaw": 1.7988001045665012
            },
            "heading": 1.7988001045665012,
            "speeds": {
                "vmax": 20.0
            },
            "type": 1,
            "driving_direction": 1,
            "id": "1011_1",
            "lane_type": 1
        },
        {
            "pos": {
                "x": 566917.5247692394,
                "y": 4317889.217778877,
                "yaw": 1.798800406933167
            },
            "heading": 1.798800406933167,
            "speeds": {
                "vmax": 20.0
            },
            "type": 1,
            "driving_direction": 1,
            "id": "1011_1",
            "lane_type": 1
        },
        {
            "pos": {
                "x": 566917.4120112793,
                "y": 4317889.703723213,
                "yaw": 1.7988002403006969
            },
            "heading": 1.7988002403006969,
            "speeds": {
                "vmax": 20.0
            },
            "type": 1,
            "driving_direction": 1,
            "id": "1011_1",
            "lane_type": 1
        },
        {
            "pos": {
                "x": 566917.2992636821,
                "y": 4317890.189622887,
                "yaw": 1.7988003438048314
            },
            "heading": 1.7988003438048314,
            "speeds": {
                "vmax": 20.0
            },
            "type": 1,
            "driving_direction": 1,
            "id": "1010_1",
            "lane_type": 1
        },
        {
            "pos": {
                "x": 566917.1869892061,
                "y": 4317890.673483588,
                "yaw": 1.79880032416979
            },
            "heading": 1.79880032416979,
            "speeds": {
                "vmax": 20.0
            },
            "type": 1,
            "driving_direction": 1,
            "id": "1010_1",
            "lane_type": 1
        },
        {
            "pos": {
                "x": 566917.0747065971,
                "y": 4317891.1573793385,
                "yaw": 1.7987999779349846
            },
            "heading": 1.7987999779349846,
            "speeds": {
                "vmax": 20.0
            },
            "type": 1,
            "driving_direction": 1,
            "id": "1010_1",
            "lane_type": 1
        },
        {
            "pos": {
                "x": 566916.9624248222,
                "y": 4317891.641271494,
                "yaw": 1.7988004334016625
            },
            "heading": 1.7988004334016625,
            "speeds": {
                "vmax": 20.0
            },
            "type": 1,
            "driving_direction": 1,
            "id": "1010_1",
            "lane_type": 1
        },
        {
            "pos": {
                "x": 566916.8501393375,
                "y": 4317892.125179638,
                "yaw": 1.798800387964539
            },
            "heading": 1.798800387964539,
            "speeds": {
                "vmax": 20.0
            },
            "type": 1,
            "driving_direction": 1,
            "id": "1010_1",
            "lane_type": 1
        },
        {
            "pos": {
                "x": 566916.7378546849,
                "y": 4317892.609084196,
                "yaw": 1.798800234720146
            },
            "heading": 1.798800234720146,
            "speeds": {
                "vmax": 20.0
            },
            "type": 1,
            "driving_direction": 1,
            "id": "1010_1",
            "lane_type": 1
        },
        {
            "pos": {
                "x": 566916.6255737026,
                "y": 4317893.092972936,
                "yaw": 1.7988002576755548
            },
            "heading": 1.7988002576755548,
            "speeds": {
                "vmax": 20.0
            },
            "type": 1,
            "driving_direction": 1,
            "id": "1010_1",
            "lane_type": 1
        },
        {
            "pos": {
                "x": 566916.5132897777,
                "y": 4317893.576874358,
                "yaw": 1.7988004685464474
            },
            "heading": 1.7988004685464474,
            "speeds": {
                "vmax": 20.0
            },
            "type": 1,
            "driving_direction": 1,
            "id": "1010_1",
            "lane_type": 1
        },
        {
            "pos": {
                "x": 566916.4010057929,
                "y": 4317894.060776038,
                "yaw": 1.7987999325026114
            },
            "heading": 1.7987999325026114,
            "speeds": {
                "vmax": 20.0
            },
            "type": 1,
            "driving_direction": 1,
            "id": "1010_1",
            "lane_type": 1
        },
        {
            "pos": {
                "x": 566916.2887228461,
                "y": 4317894.544673245,
                "yaw": 1.7988002469102609
            },
            "heading": 1.7988002469102609,
            "speeds": {
                "vmax": 20.0
            },
            "type": 1,
            "driving_direction": 1,
            "id": "1010_1",
            "lane_type": 1
        },
        {
            "pos": {
                "x": 566916.1764387904,
                "y": 4317895.02857523,
                "yaw": 1.7988005730331769
            },
            "heading": 1.7988005730331769,
            "speeds": {
                "vmax": 20.0
            },
            "type": 1,
            "driving_direction": 1,
            "id": "1010_1",
            "lane_type": 1
        },
        {
            "pos": {
                "x": 566916.0641558128,
                "y": 4317895.512472568,
                "yaw": 1.7988000491789815
            },
            "heading": 1.7988000491789815,
            "speeds": {
                "vmax": 20.0
            },
            "type": 1,
            "driving_direction": 1,
            "id": "1010_1",
            "lane_type": 1
        },
        {
            "pos": {
                "x": 566915.9518713554,
                "y": 4317895.996376285,
                "yaw": 1.7988001780452327
            },
            "heading": 1.7988001780452327,
            "speeds": {
                "vmax": 20.0
            },
            "type": 1,
            "driving_direction": 1,
            "id": "1010_1",
            "lane_type": 1
        },
        {
            "pos": {
                "x": 566915.8395865036,
                "y": 4317896.480281702,
                "yaw": 1.7988000341319605
            },
            "heading": 1.7988000341319605,
            "speeds": {
                "vmax": 20.0
            },
            "type": 1,
            "driving_direction": 1,
            "id": "1010_1",
            "lane_type": 1
        },
        {
            "pos": {
                "x": 566915.7273119711,
                "y": 4317896.964142646,
                "yaw": 1.79880017642821
            },
            "heading": 1.79880017642821,
            "speeds": {
                "vmax": 20.0
            },
            "type": 1,
            "driving_direction": 1,
            "id": "1009_1",
            "lane_type": 1
        },
        {
            "pos": {
                "x": 566915.6128976471,
                "y": 4317897.4572252855,
                "yaw": 1.7988004657076935
            },
            "heading": 1.7988004657076935,
            "speeds": {
                "vmax": 20.0
            },
            "type": 1,
            "driving_direction": 1,
            "id": "1009_1",
            "lane_type": 1
        },
        {
            "pos": {
                "x": 566915.4984750354,
                "y": 4317897.9503436405,
                "yaw": 1.798800148935771
            },
            "heading": 1.798800148935771,
            "speeds": {
                "vmax": 20.0
            },
            "type": 1,
            "driving_direction": 1,
            "id": "1009_1",
            "lane_type": 1
        },
        {
            "pos": {
                "x": 566915.3840532734,
                "y": 4317898.4434583355,
                "yaw": 1.7988002873548259
            },
            "heading": 1.7988002873548259,
            "speeds": {
                "vmax": 20.0
            },
            "type": 1,
            "driving_direction": 1,
            "id": "1009_1",
            "lane_type": 1
        },
        {
            "pos": {
                "x": 566915.2696277308,
                "y": 4317898.936589322,
                "yaw": 1.798800037242537
            },
            "heading": 1.798800037242537,
            "speeds": {
                "vmax": 20.0
            },
            "type": 1,
            "driving_direction": 1,
            "id": "1009_1",
            "lane_type": 1
        },
        {
            "pos": {
                "x": 566915.1552030365,
                "y": 4317899.429716654,
                "yaw": 1.7988005379385326
            },
            "heading": 1.7988005379385326,
            "speeds": {
                "vmax": 20.0
            },
            "type": 1,
            "driving_direction": 1,
            "id": "1009_1",
            "lane_type": 1
        },
        {
            "pos": {
                "x": 566915.0407820822,
                "y": 4317899.922827867,
                "yaw": 1.7988004119481995
            },
            "heading": 1.7988004119481995,
            "speeds": {
                "vmax": 20.0
            },
            "type": 1,
            "driving_direction": 1,
            "id": "1009_1",
            "lane_type": 1
        },
        {
            "pos": {
                "x": 566914.9263581291,
                "y": 4317900.4159520045,
                "yaw": 1.7988002533329426
            },
            "heading": 1.7988002533329426,
            "speeds": {
                "vmax": 20.0
            },
            "type": 1,
            "driving_direction": 1,
            "id": "1009_1",
            "lane_type": 1
        },
        {
            "pos": {
                "x": 566914.8119341151,
                "y": 4317900.909076403,
                "yaw": 1.798800104351121
            },
            "heading": 1.798800104351121,
            "speeds": {
                "vmax": 20.0
            },
            "type": 1,
            "driving_direction": 1,
            "id": "1009_1",
            "lane_type": 1
        },
        {
            "pos": {
                "x": 566914.6975111591,
                "y": 4317901.402196243,
                "yaw": 1.7988001843570094
            },
            "heading": 1.7988001843570094,
            "speeds": {
                "vmax": 20.0
            },
            "type": 1,
            "driving_direction": 1,
            "id": "1009_1",
            "lane_type": 1
        },
        {
            "pos": {
                "x": 566914.5830870727,
                "y": 4317901.895320955,
                "yaw": 1.7988001158472031
            },
            "heading": 1.7988001158472031,
            "speeds": {
                "vmax": 20.0
            },
            "type": 1,
            "driving_direction": 1,
            "id": "1009_1",
            "lane_type": 1
        },
        {
            "pos": {
                "x": 566914.4686640853,
                "y": 4317902.388440929,
                "yaw": 1.7988005158763427
            },
            "heading": 1.7988005158763427,
            "speeds": {
                "vmax": 20.0
            },
            "type": 1,
            "driving_direction": 1,
            "id": "1009_1",
            "lane_type": 1
        },
        {
            "pos": {
                "x": 566914.3542395897,
                "y": 4317902.881567405,
                "yaw": 1.7988004253051058
            },
            "heading": 1.7988004253051058,
            "speeds": {
                "vmax": 20.0
            },
            "type": 1,
            "driving_direction": 1,
            "id": "1009_1",
            "lane_type": 1
        },
        {
            "pos": {
                "x": 566914.2398146922,
                "y": 4317903.374695612,
                "yaw": 1.7988000325718143
            },
            "heading": 1.7988000325718143,
            "speeds": {
                "vmax": 20.0
            },
            "type": 1,
            "driving_direction": 1,
            "id": "1009_1",
            "lane_type": 1
        },
        {
            "pos": {
                "x": 566914.1254003106,
                "y": 4317903.867778499,
                "yaw": 1.7988002039712667
            },
            "heading": 1.7988002039712667,
            "speeds": {
                "vmax": 20.0
            },
            "type": 1,
            "driving_direction": 1,
            "id": "1008_1",
            "lane_type": 1
        },
        {
            "pos": {
                "x": 566914.0143707617,
                "y": 4317904.346274033,
                "yaw": 1.7988003253243654
            },
            "heading": 1.7988003253243654,
            "speeds": {
                "vmax": 20.0
            },
            "type": 1,
            "driving_direction": 1,
            "id": "1008_1",
            "lane_type": 1
        },
        {
            "pos": {
                "x": 566913.9033331701,
                "y": 4317904.824804228,
                "yaw": 1.7988003755899353
            },
            "heading": 1.7988003755899353,
            "speeds": {
                "vmax": 20.0
            },
            "type": 1,
            "driving_direction": 1,
            "id": "1008_1",
            "lane_type": 1
        },
        {
            "pos": {
                "x": 566913.7922964031,
                "y": 4317905.3033308685,
                "yaw": 1.7987999648053588
            },
            "heading": 1.7987999648053588,
            "speeds": {
                "vmax": 20.0
            },
            "type": 1,
            "driving_direction": 1,
            "id": "1008_1",
            "lane_type": 1
        },
        {
            "pos": {
                "x": 566913.6812559674,
                "y": 4317905.781873319,
                "yaw": 1.7988000837518239
            },
            "heading": 1.7988000837518239,
            "speeds": {
                "vmax": 20.0
            },
            "type": 1,
            "driving_direction": 1,
            "id": "1008_1",
            "lane_type": 1
        },
        {
            "pos": {
                "x": 566913.5702163549,
                "y": 4317906.260412224,
                "yaw": 1.798800069980897
            },
            "heading": 1.798800069980897,
            "speeds": {
                "vmax": 20.0
            },
            "type": 1,
            "driving_direction": 1,
            "id": "1008_1",
            "lane_type": 1
        },
        {
            "pos": {
                "x": 566913.4591803717,
                "y": 4317906.7389354855,
                "yaw": 1.7988002580844906
            },
            "heading": 1.7988002580844906,
            "speeds": {
                "vmax": 20.0
            },
            "type": 1,
            "driving_direction": 1,
            "id": "1008_1",
            "lane_type": 1
        },
        {
            "pos": {
                "x": 566913.3481414786,
                "y": 4317907.217471289,
                "yaw": 1.7988002476787548
            },
            "heading": 1.7988002476787548,
            "speeds": {
                "vmax": 20.0
            },
            "type": 1,
            "driving_direction": 1,
            "id": "1008_1",
            "lane_type": 1
        },
        {
            "pos": {
                "x": 566913.237102526,
                "y": 4317907.696007349,
                "yaw": 1.798800400241987
            },
            "heading": 1.798800400241987,
            "speeds": {
                "vmax": 20.0
            },
            "type": 1,
            "driving_direction": 1,
            "id": "1008_1",
            "lane_type": 1
        },
        {
            "pos": {
                "x": 566913.1260646004,
                "y": 4317908.174538983,
                "yaw": 1.7988000941551807
            },
            "heading": 1.7988000941551807,
            "speeds": {
                "vmax": 20.0
            },
            "type": 1,
            "driving_direction": 1,
            "id": "1008_1",
            "lane_type": 1
        },
        {
            "pos": {
                "x": 566913.0150255782,
                "y": 4317908.653075343,
                "yaw": 1.7988002590449323
            },
            "heading": 1.7988002590449323,
            "speeds": {
                "vmax": 20.0
            },
            "type": 1,
            "driving_direction": 1,
            "id": "1008_1",
            "lane_type": 1
        },
        {
            "pos": {
                "x": 566912.9039876217,
                "y": 4317909.13160711,
                "yaw": 1.7988004357809892
            },
            "heading": 1.7988004357809892,
            "speeds": {
                "vmax": 20.0
            },
            "type": 1,
            "driving_direction": 1,
            "id": "1008_1",
            "lane_type": 1
        },
        {
            "pos": {
                "x": 566912.792948202,
                "y": 4317909.610145183,
                "yaw": 1.7988001069636408
            },
            "heading": 1.7988001069636408,
            "speeds": {
                "vmax": 20.0
            },
            "type": 1,
            "driving_direction": 1,
            "id": "1008_1",
            "lane_type": 1
        },
        {
            "pos": {
                "x": 566912.6819083922,
                "y": 4317910.088684937,
                "yaw": 1.7988000320342552
            },
            "heading": 1.7988000320342552,
            "speeds": {
                "vmax": 20.0
            },
            "type": 1,
            "driving_direction": 1,
            "id": "1008_1",
            "lane_type": 1
        },
        {
            "pos": {
                "x": 566912.5708787877,
                "y": 4317910.56718071,
                "yaw": 1.798800459361594
            },
            "heading": 1.798800459361594,
            "speeds": {
                "vmax": 20.0
            },
            "type": 1,
            "driving_direction": 1,
            "id": "1007_1",
            "lane_type": 1
        },
        {
            "pos": {
                "x": 566912.4579148769,
                "y": 4317911.054012615,
                "yaw": 1.7988002894127688
            },
            "heading": 1.7988002894127688,
            "speeds": {
                "vmax": 20.0
            },
            "type": 1,
            "driving_direction": 1,
            "id": "1007_1",
            "lane_type": 1
        },
        {
            "pos": {
                "x": 566912.3449427835,
                "y": 4317911.540879783,
                "yaw": 1.7988004082092106
            },
            "heading": 1.7988004082092106,
            "speeds": {
                "vmax": 20.0
            },
            "type": 1,
            "driving_direction": 1,
            "id": "1007_1",
            "lane_type": 1
        },
        {
            "pos": {
                "x": 566912.2319715288,
                "y": 4317912.027743338,
                "yaw": 1.798800016101743
            },
            "heading": 1.798800016101743,
            "speeds": {
                "vmax": 20.0
            },
            "type": 1,
            "driving_direction": 1,
            "id": "1007_1",
            "lane_type": 1
        },
        {
            "pos": {
                "x": 566912.118996542,
                "y": 4317912.514622976,
                "yaw": 1.798800445495579
            },
            "heading": 1.798800445495579,
            "speeds": {
                "vmax": 20.0
            },
            "type": 1,
            "driving_direction": 1,
            "id": "1007_1",
            "lane_type": 1
        },
        {
            "pos": {
                "x": 566912.0060223923,
                "y": 4317913.0014990065,
                "yaw": 1.7987998996636378
            },
            "heading": 1.7987998996636378,
            "speeds": {
                "vmax": 20.0
            },
            "type": 1,
            "driving_direction": 1,
            "id": "1007_1",
            "lane_type": 1
        },
        {
            "pos": {
                "x": 566911.8930519354,
                "y": 4317913.4883591235,
                "yaw": 1.7988004547836256
            },
            "heading": 1.7988004547836256,
            "speeds": {
                "vmax": 20.0
            },
            "type": 1,
            "driving_direction": 1,
            "id": "1007_1",
            "lane_type": 1
        },
        {
            "pos": {
                "x": 566911.7800785177,
                "y": 4317913.975231999,
                "yaw": 1.798800363520544
            },
            "heading": 1.798800363520544,
            "speeds": {
                "vmax": 20.0
            },
            "type": 1,
            "driving_direction": 1,
            "id": "1007_1",
            "lane_type": 1
        },
        {
            "pos": {
                "x": 566911.6671050398,
                "y": 4317914.4621051345,
                "yaw": 1.798800143236729
            },
            "heading": 1.798800143236729,
            "speeds": {
                "vmax": 20.0
            },
            "type": 1,
            "driving_direction": 1,
            "id": "1007_1",
            "lane_type": 1
        },
        {
            "pos": {
                "x": 566911.5541326066,
                "y": 4317914.948973767,
                "yaw": 1.798800143236729
            },
            "heading": 1.798800143236729,
            "speeds": {
                "vmax": 20.0
            },
            "type": 1,
            "driving_direction": 1,
            "id": "1007_1",
            "lane_type": 1
        },
        {
            "pos": {
                "x": 566911.4411590572,
                "y": 4317915.435847211,
                "yaw": 1.7988003053029666
            },
            "heading": 1.7988003053029666,
            "speeds": {
                "vmax": 20.0
            },
            "type": 1,
            "driving_direction": 1,
            "id": "1007_1",
            "lane_type": 1
        },
        {
            "pos": {
                "x": 566911.3281865929,
                "y": 4317915.922715979,
                "yaw": 1.7988005484023002
            },
            "heading": 1.7988005484023002,
            "speeds": {
                "vmax": 20.0
            },
            "type": 1,
            "driving_direction": 1,
            "id": "1007_1",
            "lane_type": 1
        },
        {
            "pos": {
                "x": 566911.2152126394,
                "y": 4317916.4095911635,
                "yaw": 1.7988000864366553
            },
            "heading": 1.7988000864366553,
            "speeds": {
                "vmax": 20.0
            },
            "type": 1,
            "driving_direction": 1,
            "id": "1007_1",
            "lane_type": 1
        },
        {
            "pos": {
                "x": 566911.1022382893,
                "y": 4317916.896468058,
                "yaw": 1.7988005334641366
            },
            "heading": 1.7988005334641366,
            "speeds": {
                "vmax": 20.0
            },
            "type": 1,
            "driving_direction": 1,
            "id": "1007_1",
            "lane_type": 1
        },
        {
            "pos": {
                "x": 566910.9892743218,
                "y": 4317917.383300206,
                "yaw": 1.798800196191288
            },
            "heading": 1.798800196191288,
            "speeds": {
                "vmax": 20.0
            },
            "type": 1,
            "driving_direction": 1,
            "id": "1006_1",
            "lane_type": 1
        },
        {
            "pos": {
                "x": 566910.8771147167,
                "y": 4317917.866665857,
                "yaw": 1.7988001765416262
            },
            "heading": 1.7988001765416262,
            "speeds": {
                "vmax": 20.0
            },
            "type": 1,
            "driving_direction": 1,
            "id": "1006_1",
            "lane_type": 1
        },
        {
            "pos": {
                "x": 566910.7649469872,
                "y": 4317918.350066519,
                "yaw": 1.7988002263054237
            },
            "heading": 1.7988002263054237,
            "speeds": {
                "vmax": 20.0
            },
            "type": 1,
            "driving_direction": 1,
            "id": "1006_1",
            "lane_type": 1
        },
        {
            "pos": {
                "x": 566910.6527800907,
                "y": 4317918.833463593,
                "yaw": 1.798800285891945
            },
            "heading": 1.798800285891945,
            "speeds": {
                "vmax": 20.0
            },
            "type": 1,
            "driving_direction": 1,
            "id": "1006_1",
            "lane_type": 1
        },
        {
            "pos": {
                "x": 566910.5406094878,
                "y": 4317919.316876639,
                "yaw": 1.7988001705238708
            },
            "heading": 1.7988001705238708,
            "speeds": {
                "vmax": 20.0
            },
            "type": 1,
            "driving_direction": 1,
            "id": "1006_1",
            "lane_type": 1
        },
        {
            "pos": {
                "x": 566910.4284397168,
                "y": 4317919.800286101,
                "yaw": 1.798800390010501
            },
            "heading": 1.798800390010501,
            "speeds": {
                "vmax": 20.0
            },
            "type": 1,
            "driving_direction": 1,
            "id": "1006_1",
            "lane_type": 1
        },
        {
            "pos": {
                "x": 566910.3162736121,
                "y": 4317920.283679763,
                "yaw": 1.7988003431020763
            },
            "heading": 1.7988003431020763,
            "speeds": {
                "vmax": 20.0
            },
            "type": 1,
            "driving_direction": 1,
            "id": "1006_1",
            "lane_type": 1
        },
        {
            "pos": {
                "x": 566910.2041045678,
                "y": 4317920.767086092,
                "yaw": 1.798800006344508
            },
            "heading": 1.798800006344508,
            "speeds": {
                "vmax": 20.0
            },
            "type": 1,
            "driving_direction": 1,
            "id": "1006_1",
            "lane_type": 1
        },
        {
            "pos": {
                "x": 566910.0919354635,
                "y": 4317921.250492679,
                "yaw": 1.7988005654408845
            },
            "heading": 1.7988005654408845,
            "speeds": {
                "vmax": 20.0
            },
            "type": 1,
            "driving_direction": 1,
            "id": "1006_1",
            "lane_type": 1
        },
        {
            "pos": {
                "x": 566909.9797673965,
                "y": 4317921.733894797,
                "yaw": 1.7988000175951722
            },
            "heading": 1.7988000175951722,
            "speeds": {
                "vmax": 20.0
            },
            "type": 1,
            "driving_direction": 1,
            "id": "1006_1",
            "lane_type": 1
        },
        {
            "pos": {
                "x": 566909.8675982215,
                "y": 4317922.217301691,
                "yaw": 1.7988001808236034
            },
            "heading": 1.7988001808236034,
            "speeds": {
                "vmax": 20.0
            },
            "type": 1,
            "driving_direction": 1,
            "id": "1006_1",
            "lane_type": 1
        },
        {
            "pos": {
                "x": 566909.7554301235,
                "y": 4317922.700703941,
                "yaw": 1.7987999828900543
            },
            "heading": 1.7987999828900543,
            "speeds": {
                "vmax": 20.0
            },
            "type": 1,
            "driving_direction": 1,
            "id": "1006_1",
            "lane_type": 1
        },
        {
            "pos": {
                "x": 566909.6432605474,
                "y": 4317923.184112564,
                "yaw": 1.7988003450019499
            },
            "heading": 1.7988003450019499,
            "speeds": {
                "vmax": 20.0
            },
            "type": 1,
            "driving_direction": 1,
            "id": "1006_1",
            "lane_type": 1
        },
        {
            "pos": {
                "x": 566909.5310905771,
                "y": 4317923.667522885,
                "yaw": 1.7988001193313954
            },
            "heading": 1.7988001193313954,
            "speeds": {
                "vmax": 20.0
            },
            "type": 1,
            "driving_direction": 1,
            "id": "1006_1",
            "lane_type": 1
        },
        {
            "pos": {
                "x": 566909.4189309156,
                "y": 4317924.150888777,
                "yaw": 1.7988002022363963
            },
            "heading": 1.7988002022363963,
            "speeds": {
                "vmax": 20.0
            },
            "type": 1,
            "driving_direction": 1,
            "id": "1004_1",
            "lane_type": 1
        },
        {
            "pos": {
                "x": 566909.3059698702,
                "y": 4317924.637708334,
                "yaw": 1.798800344803334
            },
            "heading": 1.798800344803334,
            "speeds": {
                "vmax": 20.0
            },
            "type": 1,
            "driving_direction": 1,
            "id": "1004_1",
            "lane_type": 1
        },
        {
            "pos": {
                "x": 566909.1930006422,
                "y": 4317925.124563152,
                "yaw": 1.7988002437805155
            },
            "heading": 1.7988002437805155,
            "speeds": {
                "vmax": 20.0
            },
            "type": 1,
            "driving_direction": 1,
            "id": "1004_1",
            "lane_type": 1
        },
        {
            "pos": {
                "x": 566909.0800322534,
                "y": 4317925.611414356,
                "yaw": 1.7988003723353148
            },
            "heading": 1.7988003723353148,
            "speeds": {
                "vmax": 20.0
            },
            "type": 1,
            "driving_direction": 1,
            "id": "1004_1",
            "lane_type": 1
        },
        {
            "pos": {
                "x": 566908.967060132,
                "y": 4317926.098281645,
                "yaw": 1.7988004198528385
            },
            "heading": 1.7988004198528385,
            "speeds": {
                "vmax": 20.0
            },
            "type": 1,
            "driving_direction": 1,
            "id": "1004_1",
            "lane_type": 1
        },
        {
            "pos": {
                "x": 566908.854088848,
                "y": 4317926.585145326,
                "yaw": 1.7988000244336684
            },
            "heading": 1.7988000244336684,
            "speeds": {
                "vmax": 20.0
            },
            "type": 1,
            "driving_direction": 1,
            "id": "1004_1",
            "lane_type": 1
        },
        {
            "pos": {
                "x": 566908.7411212563,
                "y": 4317927.071993092,
                "yaw": 1.7988002787125257
            },
            "heading": 1.7988002787125257,
            "speeds": {
                "vmax": 20.0
            },
            "type": 1,
            "driving_direction": 1,
            "id": "1004_1",
            "lane_type": 1
        },
        {
            "pos": {
                "x": 566908.6281507043,
                "y": 4317927.558853619,
                "yaw": 1.7988003378754849
            },
            "heading": 1.7988003378754849,
            "speeds": {
                "vmax": 20.0
            },
            "type": 1,
            "driving_direction": 1,
            "id": "1004_1",
            "lane_type": 1
        },
        {
            "pos": {
                "x": 566908.5151800918,
                "y": 4317928.045714404,
                "yaw": 1.7988002680124724
            },
            "heading": 1.7988002680124724,
            "speeds": {
                "vmax": 20.0
            },
            "type": 1,
            "driving_direction": 1,
            "id": "1004_1",
            "lane_type": 1
        },
        {
            "pos": {
                "x": 566908.4022105241,
                "y": 4317928.532570688,
                "yaw": 1.7988002680124724
            },
            "heading": 1.7988002680124724,
            "speeds": {
                "vmax": 20.0
            },
            "type": 1,
            "driving_direction": 1,
            "id": "1004_1",
            "lane_type": 1
        },
        {
            "pos": {
                "x": 566908.2892398406,
                "y": 4317929.019431781,
                "yaw": 1.7988002796563476
            },
            "heading": 1.7988002796563476,
            "speeds": {
                "vmax": 20.0
            },
            "type": 1,
            "driving_direction": 1,
            "id": "1004_1",
            "lane_type": 1
        },
        {
            "pos": {
                "x": 566908.1762702416,
                "y": 4317929.506288201,
                "yaw": 1.7988001525178765
            },
            "heading": 1.7988001525178765,
            "speeds": {
                "vmax": 20.0
            },
            "type": 1,
            "driving_direction": 1,
            "id": "1004_1",
            "lane_type": 1
        },
        {
            "pos": {
                "x": 566908.0632991537,
                "y": 4317929.993151034,
                "yaw": 1.7988000607847816
            },
            "heading": 1.7988000607847816,
            "speeds": {
                "vmax": 20.0
            },
            "type": 1,
            "driving_direction": 1,
            "id": "1004_1",
            "lane_type": 1
        },
        {
            "pos": {
                "x": 566907.9503276692,
                "y": 4317930.48001558,
                "yaw": 1.7988002763528914
            },
            "heading": 1.7988002763528914,
            "speeds": {
                "vmax": 20.0
            },
            "type": 1,
            "driving_direction": 1,
            "id": "1004_1",
            "lane_type": 1
        },
        {
            "pos": {
                "x": 566907.837366567,
                "y": 4317930.96683538,
                "yaw": 1.7988002248273145
            },
            "heading": 1.7988002248273145,
            "speeds": {
                "vmax": 20.0
            },
            "type": 1,
            "driving_direction": 1,
            "id": "1005_1",
            "lane_type": 1
        },
        {
            "pos": {
                "x": 566907.7243497855,
                "y": 4317931.453895137,
                "yaw": 1.7988002248273145
            },
            "heading": 1.7988002248273145,
            "speeds": {
                "vmax": 20.0
            },
            "type": 1,
            "driving_direction": 1,
            "id": "1005_1",
            "lane_type": 1
        },
        {
            "pos": {
                "x": 566907.6113330041,
                "y": 4317931.940954894,
                "yaw": 1.7988002248273145
            },
            "heading": 1.7988002248273145,
            "speeds": {
                "vmax": 20.0
            },
            "type": 1,
            "driving_direction": 1,
            "id": "1005_1",
            "lane_type": 1
        },
        {
            "pos": {
                "x": 566907.4983162226,
                "y": 4317932.428014651,
                "yaw": 1.7988002248273145
            },
            "heading": 1.7988002248273145,
            "speeds": {
                "vmax": 20.0
            },
            "type": 1,
            "driving_direction": 1,
            "id": "1005_1",
            "lane_type": 1
        },
        {
            "pos": {
                "x": 566907.385299441,
                "y": 4317932.915074408,
                "yaw": 1.7988002248273145
            },
            "heading": 1.7988002248273145,
            "speeds": {
                "vmax": 20.0
            },
            "type": 1,
            "driving_direction": 1,
            "id": "1005_1",
            "lane_type": 1
        },
        {
            "pos": {
                "x": 566907.2722826597,
                "y": 4317933.402134166,
                "yaw": 1.7988002248273145
            },
            "heading": 1.7988002248273145,
            "speeds": {
                "vmax": 20.0
            },
            "type": 1,
            "driving_direction": 1,
            "id": "1005_1",
            "lane_type": 1
        },
        {
            "pos": {
                "x": 566907.1592658781,
                "y": 4317933.889193923,
                "yaw": 1.7988002248273145
            },
            "heading": 1.7988002248273145,
            "speeds": {
                "vmax": 20.0
            },
            "type": 1,
            "driving_direction": 1,
            "id": "1005_1",
            "lane_type": 1
        },
        {
            "pos": {
                "x": 566907.0462490966,
                "y": 4317934.37625368,
                "yaw": 1.7988002248273145
            },
            "heading": 1.7988002248273145,
            "speeds": {
                "vmax": 20.0
            },
            "type": 1,
            "driving_direction": 1,
            "id": "1005_1",
            "lane_type": 1
        },
        {
            "pos": {
                "x": 566906.9332323152,
                "y": 4317934.863313437,
                "yaw": 1.7988002248273145
            },
            "heading": 1.7988002248273145,
            "speeds": {
                "vmax": 20.0
            },
            "type": 1,
            "driving_direction": 1,
            "id": "1005_1",
            "lane_type": 1
        },
        {
            "pos": {
                "x": 566906.8202155337,
                "y": 4317935.350373195,
                "yaw": 1.7988002248273145
            },
            "heading": 1.7988002248273145,
            "speeds": {
                "vmax": 20.0
            },
            "type": 1,
            "driving_direction": 1,
            "id": "1005_1",
            "lane_type": 1
        },
        {
            "pos": {
                "x": 566906.7071987523,
                "y": 4317935.837432952,
                "yaw": 1.7988002248273145
            },
            "heading": 1.7988002248273145,
            "speeds": {
                "vmax": 20.0
            },
            "type": 1,
            "driving_direction": 1,
            "id": "1005_1",
            "lane_type": 1
        },
        {
            "pos": {
                "x": 566906.5964835291,
                "y": 4317936.31457386,
                "yaw": 1.7988002248273145
            },
            "heading": 1.7988002248273145,
            "speeds": {
                "vmax": 20.0
            },
            "type": 1,
            "driving_direction": 1,
            "id": "1005_1",
            "lane_type": 1
        }
    ],
    "is_final_navi": true
}