{
    "header": {
        "trace_id": "a52567c80568439ea42e11396b018384",
        "trans_id": "b14b282e-3ad1-4b0e-a0e2-a057b928bad5",
        "che_id": "A532",
        "timestamp": "2025-02-19T09:12:47.138628Z"
    },
    "task_id": "a52567c80568439ea42e11396b018384",
    "navi_id": "A532_a52567c80568439ea42e11396b018384_4247",
    "seq_num": 4247,
    "dest_type": 1,
    "mode": 2,
    "waypoints": [
        {
            "pos": {
                "x": 566898.0583353012,
                "y": 4317992.640942228,
                "yaw": 1.7984960434998192
            },
            "heading": 1.7984960434998192,
            "speeds": {
                "vmax": 20.0
            },
            "type": 1,
            "driving_direction": 1,
            "id": "1003_2",
            "lane_type": 1
        },
        {
            "pos": {
                "x": 566897.9453215731,
                "y": 4317993.128002694,
                "yaw": 1.7984960434998192
            },
            "heading": 1.7984960434998192,
            "speeds": {
                "vmax": 20.0
            },
            "type": 1,
            "driving_direction": 1,
            "id": "1003_2",
            "lane_type": 1
        },
        {
            "pos": {
                "x": 566897.832307845,
                "y": 4317993.61506316,
                "yaw": 1.7984960434998192
            },
            "heading": 1.7984960434998192,
            "speeds": {
                "vmax": 20.0
            },
            "type": 1,
            "driving_direction": 1,
            "id": "1003_2",
            "lane_type": 1
        },
        {
            "pos": {
                "x": 566897.7192941168,
                "y": 4317994.102123626,
                "yaw": 1.7984960434998192
            },
            "heading": 1.7984960434998192,
            "speeds": {
                "vmax": 20.0
            },
            "type": 1,
            "driving_direction": 1,
            "id": "1003_2",
            "lane_type": 1
        },
        {
            "pos": {
                "x": 566897.6062803887,
                "y": 4317994.5891840905,
                "yaw": 1.7984960434998192
            },
            "heading": 1.7984960434998192,
            "speeds": {
                "vmax": 20.0
            },
            "type": 1,
            "driving_direction": 1,
            "id": "1003_2",
            "lane_type": 1
        },
        {
            "pos": {
                "x": 566897.4932666606,
                "y": 4317995.076244556,
                "yaw": 1.7984960434998192
            },
            "heading": 1.7984960434998192,
            "speeds": {
                "vmax": 20.0
            },
            "type": 1,
            "driving_direction": 1,
            "id": "1003_2",
            "lane_type": 1
        },
        {
            "pos": {
                "x": 566897.3802529324,
                "y": 4317995.563305022,
                "yaw": 1.7984960434998192
            },
            "heading": 1.7984960434998192,
            "speeds": {
                "vmax": 20.0
            },
            "type": 1,
            "driving_direction": 1,
            "id": "1003_2",
            "lane_type": 1
        },
        {
            "pos": {
                "x": 566897.2672392043,
                "y": 4317996.050365488,
                "yaw": 1.7984960434998192
            },
            "heading": 1.7984960434998192,
            "speeds": {
                "vmax": 20.0
            },
            "type": 1,
            "driving_direction": 1,
            "id": "1003_2",
            "lane_type": 1
        },
        {
            "pos": {
                "x": 566897.1542254762,
                "y": 4317996.537425954,
                "yaw": 1.7984960434998192
            },
            "heading": 1.7984960434998192,
            "speeds": {
                "vmax": 20.0
            },
            "type": 1,
            "driving_direction": 1,
            "id": "1003_2",
            "lane_type": 1
        },
        {
            "pos": {
                "x": 566897.041211748,
                "y": 4317997.02448642,
                "yaw": 1.7984960434998192
            },
            "heading": 1.7984960434998192,
            "speeds": {
                "vmax": 20.0
            },
            "type": 1,
            "driving_direction": 1,
            "id": "1003_2",
            "lane_type": 1
        },
        {
            "pos": {
                "x": 566896.9281980199,
                "y": 4317997.511546885,
                "yaw": 1.7984960434998192
            },
            "heading": 1.7984960434998192,
            "speeds": {
                "vmax": 20.0
            },
            "type": 1,
            "driving_direction": 1,
            "id": "1003_2",
            "lane_type": 1
        },
        {
            "pos": {
                "x": 566896.8151842918,
                "y": 4317997.9986073505,
                "yaw": 1.7984960434998192
            },
            "heading": 1.7984960434998192,
            "speeds": {
                "vmax": 20.0
            },
            "type": 1,
            "driving_direction": 1,
            "id": "1003_2",
            "lane_type": 1
        },
        {
            "pos": {
                "x": 566896.7021705636,
                "y": 4317998.485667816,
                "yaw": 1.7984960434998192
            },
            "heading": 1.7984960434998192,
            "speeds": {
                "vmax": 20.0
            },
            "type": 1,
            "driving_direction": 1,
            "id": "1003_2",
            "lane_type": 1
        },
        {
            "pos": {
                "x": 566896.5891568355,
                "y": 4317998.972728282,
                "yaw": 1.7984960434998192
            },
            "heading": 1.7984960434998192,
            "speeds": {
                "vmax": 20.0
            },
            "type": 1,
            "driving_direction": 1,
            "id": "1003_2",
            "lane_type": 1
        },
        {
            "pos": {
                "x": 566896.4761431074,
                "y": 4317999.459788748,
                "yaw": 1.7984960434998192
            },
            "heading": 1.7984960434998192,
            "speeds": {
                "vmax": 20.0
            },
            "type": 1,
            "driving_direction": 1,
            "id": "1003_2",
            "lane_type": 1
        },
        {
            "pos": {
                "x": 566896.3631293792,
                "y": 4317999.946849214,
                "yaw": 1.7984960434998192
            },
            "heading": 1.7984960434998192,
            "speeds": {
                "vmax": 20.0
            },
            "type": 1,
            "driving_direction": 1,
            "id": "1003_2",
            "lane_type": 1
        },
        {
            "pos": {
                "x": 566896.250115651,
                "y": 4318000.43390968,
                "yaw": 1.7984960434998192
            },
            "heading": 1.7984960434998192,
            "speeds": {
                "vmax": 20.0
            },
            "type": 1,
            "driving_direction": 1,
            "id": "1003_2",
            "lane_type": 1
        },
        {
            "pos": {
                "x": 566896.1371019229,
                "y": 4318000.920970145,
                "yaw": 1.7984960434998192
            },
            "heading": 1.7984960434998192,
            "speeds": {
                "vmax": 20.0
            },
            "type": 1,
            "driving_direction": 1,
            "id": "1003_2",
            "lane_type": 1
        },
        {
            "pos": {
                "x": 566896.0240881948,
                "y": 4318001.4080306105,
                "yaw": 1.7984960434998192
            },
            "heading": 1.7984960434998192,
            "speeds": {
                "vmax": 20.0
            },
            "type": 1,
            "driving_direction": 1,
            "id": "1003_2",
            "lane_type": 1
        },
        {
            "pos": {
                "x": 566895.9110744667,
                "y": 4318001.895091076,
                "yaw": 1.7984960434998192
            },
            "heading": 1.7984960434998192,
            "speeds": {
                "vmax": 20.0
            },
            "type": 1,
            "driving_direction": 1,
            "id": "1003_2",
            "lane_type": 1
        },
        {
            "pos": {
                "x": 566895.7980607385,
                "y": 4318002.382151542,
                "yaw": 1.7984960434998192
            },
            "heading": 1.7984960434998192,
            "speeds": {
                "vmax": 20.0
            },
            "type": 1,
            "driving_direction": 1,
            "id": "1003_2",
            "lane_type": 1
        },
        {
            "pos": {
                "x": 566895.6850470104,
                "y": 4318002.869212008,
                "yaw": 1.7984960434998192
            },
            "heading": 1.7984960434998192,
            "speeds": {
                "vmax": 20.0
            },
            "type": 1,
            "driving_direction": 1,
            "id": "1003_2",
            "lane_type": 1
        },
        {
            "pos": {
                "x": 566895.5720332823,
                "y": 4318003.356272474,
                "yaw": 1.7984960434998192
            },
            "heading": 1.7984960434998192,
            "speeds": {
                "vmax": 20.0
            },
            "type": 1,
            "driving_direction": 1,
            "id": "1003_2",
            "lane_type": 1
        },
        {
            "pos": {
                "x": 566895.4590195541,
                "y": 4318003.843332939,
                "yaw": 1.7984960434998192
            },
            "heading": 1.7984960434998192,
            "speeds": {
                "vmax": 20.0
            },
            "type": 1,
            "driving_direction": 1,
            "id": "1003_2",
            "lane_type": 1
        },
        {
            "pos": {
                "x": 566895.346005826,
                "y": 4318004.330393405,
                "yaw": 1.7984960434998192
            },
            "heading": 1.7984960434998192,
            "speeds": {
                "vmax": 20.0
            },
            "type": 1,
            "driving_direction": 1,
            "id": "1003_2",
            "lane_type": 1
        },
        {
            "pos": {
                "x": 566895.2329920979,
                "y": 4318004.817453871,
                "yaw": 1.7984960434998192
            },
            "heading": 1.7984960434998192,
            "speeds": {
                "vmax": 20.0
            },
            "type": 1,
            "driving_direction": 1,
            "id": "1003_2",
            "lane_type": 1
        },
        {
            "pos": {
                "x": 566895.1199783697,
                "y": 4318005.304514336,
                "yaw": 1.7984960434998192
            },
            "heading": 1.7984960434998192,
            "speeds": {
                "vmax": 20.0
            },
            "type": 1,
            "driving_direction": 1,
            "id": "1003_2",
            "lane_type": 1
        },
        {
            "pos": {
                "x": 566895.0069646416,
                "y": 4318005.791574802,
                "yaw": 1.7984960434998192
            },
            "heading": 1.7984960434998192,
            "speeds": {
                "vmax": 20.0
            },
            "type": 1,
            "driving_direction": 1,
            "id": "1003_2",
            "lane_type": 1
        },
        {
            "pos": {
                "x": 566894.8939509135,
                "y": 4318006.278635268,
                "yaw": 1.7984960434998192
            },
            "heading": 1.7984960434998192,
            "speeds": {
                "vmax": 20.0
            },
            "type": 1,
            "driving_direction": 1,
            "id": "1003_2",
            "lane_type": 1
        },
        {
            "pos": {
                "x": 566894.7809371853,
                "y": 4318006.765695733,
                "yaw": 1.7984960434998192
            },
            "heading": 1.7984960434998192,
            "speeds": {
                "vmax": 20.0
            },
            "type": 1,
            "driving_direction": 1,
            "id": "1003_2",
            "lane_type": 1
        },
        {
            "pos": {
                "x": 566894.6679234572,
                "y": 4318007.252756199,
                "yaw": 1.7984960434998192
            },
            "heading": 1.7984960434998192,
            "speeds": {
                "vmax": 20.0
            },
            "type": 1,
            "driving_direction": 1,
            "id": "1003_2",
            "lane_type": 1
        },
        {
            "pos": {
                "x": 566894.554909729,
                "y": 4318007.739816665,
                "yaw": 1.7984960434998192
            },
            "heading": 1.7984960434998192,
            "speeds": {
                "vmax": 20.0
            },
            "type": 1,
            "driving_direction": 1,
            "id": "1003_2",
            "lane_type": 1
        },
        {
            "pos": {
                "x": 566894.4418960009,
                "y": 4318008.226877131,
                "yaw": 1.7984960434998192
            },
            "heading": 1.7984960434998192,
            "speeds": {
                "vmax": 20.0
            },
            "type": 1,
            "driving_direction": 1,
            "id": "1003_2",
            "lane_type": 1
        },
        {
            "pos": {
                "x": 566894.3288822728,
                "y": 4318008.713937596,
                "yaw": 1.7984960434998192
            },
            "heading": 1.7984960434998192,
            "speeds": {
                "vmax": 20.0
            },
            "type": 1,
            "driving_direction": 1,
            "id": "1003_2",
            "lane_type": 1
        },
        {
            "pos": {
                "x": 566894.2158685446,
                "y": 4318009.200998062,
                "yaw": 1.7984960434998192
            },
            "heading": 1.7984960434998192,
            "speeds": {
                "vmax": 20.0
            },
            "type": 1,
            "driving_direction": 1,
            "id": "1003_2",
            "lane_type": 1
        },
        {
            "pos": {
                "x": 566894.1028548165,
                "y": 4318009.688058528,
                "yaw": 1.7984960434998192
            },
            "heading": 1.7984960434998192,
            "speeds": {
                "vmax": 20.0
            },
            "type": 1,
            "driving_direction": 1,
            "id": "1003_2",
            "lane_type": 1
        },
        {
            "pos": {
                "x": 566893.9898410884,
                "y": 4318010.175118993,
                "yaw": 1.7984960434998192
            },
            "heading": 1.7984960434998192,
            "speeds": {
                "vmax": 20.0
            },
            "type": 1,
            "driving_direction": 1,
            "id": "1003_2",
            "lane_type": 1
        },
        {
            "pos": {
                "x": 566893.8768273602,
                "y": 4318010.662179459,
                "yaw": 1.7984960434998192
            },
            "heading": 1.7984960434998192,
            "speeds": {
                "vmax": 20.0
            },
            "type": 1,
            "driving_direction": 1,
            "id": "1003_2",
            "lane_type": 1
        },
        {
            "pos": {
                "x": 566893.7638136321,
                "y": 4318011.149239925,
                "yaw": 1.7984960434998192
            },
            "heading": 1.7984960434998192,
            "speeds": {
                "vmax": 20.0
            },
            "type": 1,
            "driving_direction": 1,
            "id": "1003_2",
            "lane_type": 1
        },
        {
            "pos": {
                "x": 566893.650799904,
                "y": 4318011.636300391,
                "yaw": 1.7984960434998192
            },
            "heading": 1.7984960434998192,
            "speeds": {
                "vmax": 20.0
            },
            "type": 1,
            "driving_direction": 1,
            "id": "1003_2",
            "lane_type": 1
        },
        {
            "pos": {
                "x": 566893.5377861758,
                "y": 4318012.123360856,
                "yaw": 1.7984960434998192
            },
            "heading": 1.7984960434998192,
            "speeds": {
                "vmax": 20.0
            },
            "type": 1,
            "driving_direction": 1,
            "id": "1003_2",
            "lane_type": 1
        },
        {
            "pos": {
                "x": 566893.4247724477,
                "y": 4318012.610421322,
                "yaw": 1.7984960434998192
            },
            "heading": 1.7984960434998192,
            "speeds": {
                "vmax": 20.0
            },
            "type": 1,
            "driving_direction": 1,
            "id": "1003_2",
            "lane_type": 1
        },
        {
            "pos": {
                "x": 566893.3117587196,
                "y": 4318013.097481787,
                "yaw": 1.7984960434998192
            },
            "heading": 1.7984960434998192,
            "speeds": {
                "vmax": 20.0
            },
            "type": 1,
            "driving_direction": 1,
            "id": "1003_2",
            "lane_type": 1
        },
        {
            "pos": {
                "x": 566893.1987449914,
                "y": 4318013.584542253,
                "yaw": 1.7984960434998192
            },
            "heading": 1.7984960434998192,
            "speeds": {
                "vmax": 20.0
            },
            "type": 1,
            "driving_direction": 1,
            "id": "1003_2",
            "lane_type": 1
        },
        {
            "pos": {
                "x": 566893.0857312633,
                "y": 4318014.071602719,
                "yaw": 1.7984960434998192
            },
            "heading": 1.7984960434998192,
            "speeds": {
                "vmax": 20.0
            },
            "type": 1,
            "driving_direction": 1,
            "id": "1003_2",
            "lane_type": 1
        },
        {
            "pos": {
                "x": 566892.9727175352,
                "y": 4318014.558663185,
                "yaw": 1.7984960434998192
            },
            "heading": 1.7984960434998192,
            "speeds": {
                "vmax": 20.0
            },
            "type": 1,
            "driving_direction": 1,
            "id": "1003_2",
            "lane_type": 1
        },
        {
            "pos": {
                "x": 566892.859703807,
                "y": 4318015.045723651,
                "yaw": 1.7984960434998192
            },
            "heading": 1.7984960434998192,
            "speeds": {
                "vmax": 20.0
            },
            "type": 1,
            "driving_direction": 1,
            "id": "1003_2",
            "lane_type": 1
        },
        {
            "pos": {
                "x": 566892.7466900789,
                "y": 4318015.532784116,
                "yaw": 1.7984960434998192
            },
            "heading": 1.7984960434998192,
            "speeds": {
                "vmax": 20.0
            },
            "type": 1,
            "driving_direction": 1,
            "id": "1003_2",
            "lane_type": 1
        },
        {
            "pos": {
                "x": 566892.6336763508,
                "y": 4318016.019844582,
                "yaw": 1.7984960434998192
            },
            "heading": 1.7984960434998192,
            "speeds": {
                "vmax": 20.0
            },
            "type": 1,
            "driving_direction": 1,
            "id": "1003_2",
            "lane_type": 1
        },
        {
            "pos": {
                "x": 566892.5206626226,
                "y": 4318016.506905047,
                "yaw": 1.7984960434998192
            },
            "heading": 1.7984960434998192,
            "speeds": {
                "vmax": 20.0
            },
            "type": 1,
            "driving_direction": 1,
            "id": "1003_2",
            "lane_type": 1
        },
        {
            "pos": {
                "x": 566892.4076488945,
                "y": 4318016.993965513,
                "yaw": 1.7984960434998192
            },
            "heading": 1.7984960434998192,
            "speeds": {
                "vmax": 20.0
            },
            "type": 1,
            "driving_direction": 1,
            "id": "1003_2",
            "lane_type": 1
        },
        {
            "pos": {
                "x": 566892.2946351663,
                "y": 4318017.481025979,
                "yaw": 1.7984960434998192
            },
            "heading": 1.7984960434998192,
            "speeds": {
                "vmax": 20.0
            },
            "type": 1,
            "driving_direction": 1,
            "id": "1003_2",
            "lane_type": 1
        },
        {
            "pos": {
                "x": 566892.1816214382,
                "y": 4318017.968086445,
                "yaw": 1.7984960434998192
            },
            "heading": 1.7984960434998192,
            "speeds": {
                "vmax": 20.0
            },
            "type": 1,
            "driving_direction": 1,
            "id": "1003_2",
            "lane_type": 1
        },
        {
            "pos": {
                "x": 566892.0686077101,
                "y": 4318018.455146911,
                "yaw": 1.7984960434998192
            },
            "heading": 1.7984960434998192,
            "speeds": {
                "vmax": 20.0
            },
            "type": 1,
            "driving_direction": 1,
            "id": "1003_2",
            "lane_type": 1
        },
        {
            "pos": {
                "x": 566891.9555939819,
                "y": 4318018.9422073765,
                "yaw": 1.7984960434998192
            },
            "heading": 1.7984960434998192,
            "speeds": {
                "vmax": 20.0
            },
            "type": 1,
            "driving_direction": 1,
            "id": "1003_2",
            "lane_type": 1
        },
        {
            "pos": {
                "x": 566891.8425802538,
                "y": 4318019.429267841,
                "yaw": 1.7984960434998192
            },
            "heading": 1.7984960434998192,
            "speeds": {
                "vmax": 20.0
            },
            "type": 1,
            "driving_direction": 1,
            "id": "1003_2",
            "lane_type": 1
        },
        {
            "pos": {
                "x": 566891.7295665257,
                "y": 4318019.916328307,
                "yaw": 1.7984960434998192
            },
            "heading": 1.7984960434998192,
            "speeds": {
                "vmax": 20.0
            },
            "type": 1,
            "driving_direction": 1,
            "id": "1003_2",
            "lane_type": 1
        },
        {
            "pos": {
                "x": 566891.6165527975,
                "y": 4318020.403388773,
                "yaw": 1.7984960434998192
            },
            "heading": 1.7984960434998192,
            "speeds": {
                "vmax": 20.0
            },
            "type": 1,
            "driving_direction": 1,
            "id": "1003_2",
            "lane_type": 1
        },
        {
            "pos": {
                "x": 566891.5035390694,
                "y": 4318020.890449239,
                "yaw": 1.7984960434998192
            },
            "heading": 1.7984960434998192,
            "speeds": {
                "vmax": 20.0
            },
            "type": 1,
            "driving_direction": 1,
            "id": "1003_2",
            "lane_type": 1
        },
        {
            "pos": {
                "x": 566891.3905253413,
                "y": 4318021.377509705,
                "yaw": 1.7984960434998192
            },
            "heading": 1.7984960434998192,
            "speeds": {
                "vmax": 20.0
            },
            "type": 1,
            "driving_direction": 1,
            "id": "1003_2",
            "lane_type": 1
        },
        {
            "pos": {
                "x": 566891.3173096973,
                "y": 4318021.693050535,
                "yaw": 1.7984960434998192
            },
            "heading": 1.7984960434998192,
            "speeds": {
                "vmax": 20.0
            },
            "type": 1,
            "driving_direction": 1,
            "id": "1003_2",
            "lane_type": 1
        },
        {
            "pos": {
                "x": 566891.2039149548,
                "y": 4318022.180206442,
                "yaw": 1.6681305821754795
            },
            "heading": 1.6681305821754795,
            "speeds": {
                "vmax": 15.0
            },
            "type": 2,
            "driving_direction": 1,
            "id": "1563_0",
            "lane_type": 4
        },
        {
            "pos": {
                "x": 566891.1517288166,
                "y": 4318022.714644224,
                "yaw": 1.6687101470458756
            },
            "heading": 1.6687101470458756,
            "speeds": {
                "vmax": 15.0
            },
            "type": 2,
            "driving_direction": 1,
            "id": "1563_0",
            "lane_type": 4
        },
        {
            "pos": {
                "x": 566891.0987479311,
                "y": 4318023.25086947,
                "yaw": 1.6692285730678869
            },
            "heading": 1.6692285730678869,
            "speeds": {
                "vmax": 15.0
            },
            "type": 2,
            "driving_direction": 1,
            "id": "1563_0",
            "lane_type": 4
        },
        {
            "pos": {
                "x": 566891.0457690558,
                "y": 4318023.787690103,
                "yaw": 1.6684933219934208
            },
            "heading": 1.6684933219934208,
            "speeds": {
                "vmax": 15.0
            },
            "type": 2,
            "driving_direction": 1,
            "id": "1563_0",
            "lane_type": 4
        },
        {
            "pos": {
                "x": 566890.9936113392,
                "y": 4318024.323718775,
                "yaw": 1.6663523205863005
            },
            "heading": 1.6663523205863005,
            "speeds": {
                "vmax": 15.0
            },
            "type": 2,
            "driving_direction": 1,
            "id": "1563_0",
            "lane_type": 4
        },
        {
            "pos": {
                "x": 566890.9429495021,
                "y": 4318024.860752424,
                "yaw": 1.662548079464162
            },
            "heading": 1.662548079464162,
            "speeds": {
                "vmax": 15.0
            },
            "type": 2,
            "driving_direction": 1,
            "id": "1563_0",
            "lane_type": 4
        },
        {
            "pos": {
                "x": 566890.8941236307,
                "y": 4318025.4059725795,
                "yaw": 1.6582888139880365
            },
            "heading": 1.6582888139880365,
            "speeds": {
                "vmax": 15.0
            },
            "type": 2,
            "driving_direction": 1,
            "id": "1563_0",
            "lane_type": 4
        },
        {
            "pos": {
                "x": 566890.8487650533,
                "y": 4318025.9351134,
                "yaw": 1.6552917177927964
            },
            "heading": 1.6552917177927964,
            "speeds": {
                "vmax": 15.0
            },
            "type": 2,
            "driving_direction": 1,
            "id": "1563_0",
            "lane_type": 4
        },
        {
            "pos": {
                "x": 566890.8022338594,
                "y": 4318026.491279072,
                "yaw": 1.6522087451391443
            },
            "heading": 1.6522087451391443,
            "speeds": {
                "vmax": 15.0
            },
            "type": 2,
            "driving_direction": 1,
            "id": "1563_0",
            "lane_type": 4
        },
        {
            "pos": {
                "x": 566890.7618141419,
                "y": 4318027.004572546,
                "yaw": 1.6465860395972185
            },
            "heading": 1.6465860395972185,
            "speeds": {
                "vmax": 15.0
            },
            "type": 2,
            "driving_direction": 1,
            "id": "1563_0",
            "lane_type": 4
        },
        {
            "pos": {
                "x": 566890.7227673419,
                "y": 4318027.539836172,
                "yaw": 1.640970922958252
            },
            "heading": 1.640970922958252,
            "speeds": {
                "vmax": 15.0
            },
            "type": 2,
            "driving_direction": 1,
            "id": "1563_0",
            "lane_type": 4
        },
        {
            "pos": {
                "x": 566890.6873482172,
                "y": 4318028.064187819,
                "yaw": 1.6342003073754792
            },
            "heading": 1.6342003073754792,
            "speeds": {
                "vmax": 15.0
            },
            "type": 2,
            "driving_direction": 1,
            "id": "1563_0",
            "lane_type": 4
        },
        {
            "pos": {
                "x": 566890.6547532233,
                "y": 4318028.6094313245,
                "yaw": 1.63081636488506
            },
            "heading": 1.63081636488506,
            "speeds": {
                "vmax": 15.0
            },
            "type": 2,
            "driving_direction": 1,
            "id": "1563_0",
            "lane_type": 4
        },
        {
            "pos": {
                "x": 566890.6220722953,
                "y": 4318029.149971968,
                "yaw": 1.6311922553524767
            },
            "heading": 1.6311922553524767,
            "speeds": {
                "vmax": 15.0
            },
            "type": 2,
            "driving_direction": 1,
            "id": "1563_0",
            "lane_type": 4
        },
        {
            "pos": {
                "x": 566890.5894752351,
                "y": 4318029.6890696455,
                "yaw": 1.6287670165382129
            },
            "heading": 1.6287670165382129,
            "speeds": {
                "vmax": 15.0
            },
            "type": 2,
            "driving_direction": 1,
            "id": "1563_0",
            "lane_type": 4
        },
        {
            "pos": {
                "x": 566890.5597160181,
                "y": 4318030.227155756,
                "yaw": 1.6214131561430072
            },
            "heading": 1.6214131561430072,
            "speeds": {
                "vmax": 15.0
            },
            "type": 2,
            "driving_direction": 1,
            "id": "1563_0",
            "lane_type": 4
        },
        {
            "pos": {
                "x": 566890.5350568828,
                "y": 4318030.768825637,
                "yaw": 1.610252270871206
            },
            "heading": 1.610252270871206,
            "speeds": {
                "vmax": 15.0
            },
            "type": 2,
            "driving_direction": 1,
            "id": "1563_0",
            "lane_type": 4
        },
        {
            "pos": {
                "x": 566890.5174296917,
                "y": 4318031.3091643695,
                "yaw": 1.5986607879762098
            },
            "heading": 1.5986607879762098,
            "speeds": {
                "vmax": 15.0
            },
            "type": 2,
            "driving_direction": 1,
            "id": "1563_0",
            "lane_type": 4
        },
        {
            "pos": {
                "x": 566890.5051148194,
                "y": 4318031.852281431,
                "yaw": 1.590558573110472
            },
            "heading": 1.590558573110472,
            "speeds": {
                "vmax": 15.0
            },
            "type": 2,
            "driving_direction": 1,
            "id": "1563_0",
            "lane_type": 4
        },
        {
            "pos": {
                "x": 566890.496366838,
                "y": 4318032.377136115,
                "yaw": 1.5784051684736689
            },
            "heading": 1.5784051684736689,
            "speeds": {
                "vmax": 15.0
            },
            "type": 2,
            "driving_direction": 1,
            "id": "1563_0",
            "lane_type": 4
        },
        {
            "pos": {
                "x": 566890.497819404,
                "y": 4318032.915875878,
                "yaw": 1.5646624894613945
            },
            "heading": 1.5646624894613945,
            "speeds": {
                "vmax": 15.0
            },
            "type": 2,
            "driving_direction": 1,
            "id": "1563_0",
            "lane_type": 4
        },
        {
            "pos": {
                "x": 566890.5028631365,
                "y": 4318033.455296363,
                "yaw": 1.5609131614826794
            },
            "heading": 1.5609131614826794,
            "speeds": {
                "vmax": 15.0
            },
            "type": 2,
            "driving_direction": 1,
            "id": "1563_0",
            "lane_type": 4
        },
        {
            "pos": {
                "x": 566890.5084054186,
                "y": 4318033.999002617,
                "yaw": 1.5592347318926214
            },
            "heading": 1.5592347318926214,
            "speeds": {
                "vmax": 15.0
            },
            "type": 2,
            "driving_direction": 1,
            "id": "1563_0",
            "lane_type": 4
        },
        {
            "pos": {
                "x": 566890.515461914,
                "y": 4318034.52998885,
                "yaw": 1.5516982757533553
            },
            "heading": 1.5516982757533553,
            "speeds": {
                "vmax": 15.0
            },
            "type": 2,
            "driving_direction": 1,
            "id": "1563_0",
            "lane_type": 4
        },
        {
            "pos": {
                "x": 566890.529376168,
                "y": 4318035.066537643,
                "yaw": 1.5458850233679358
            },
            "heading": 1.5458850233679358,
            "speeds": {
                "vmax": 15.0
            },
            "type": 2,
            "driving_direction": 1,
            "id": "1563_0",
            "lane_type": 4
        },
        {
            "pos": {
                "x": 566890.541861482,
                "y": 4318035.6058754455,
                "yaw": 1.5532217550293765
            },
            "heading": 1.5532217550293765,
            "speeds": {
                "vmax": 15.0
            },
            "type": 2,
            "driving_direction": 1,
            "id": "1563_0",
            "lane_type": 4
        },
        {
            "pos": {
                "x": 566890.5477784264,
                "y": 4318036.14533142,
                "yaw": 1.566033768462905
            },
            "heading": 1.566033768462905,
            "speeds": {
                "vmax": 15.0
            },
            "type": 2,
            "driving_direction": 1,
            "id": "1563_0",
            "lane_type": 4
        },
        {
            "pos": {
                "x": 566890.5465807852,
                "y": 4318036.682539105,
                "yaw": 1.5796565891229515
            },
            "heading": 1.5796565891229515,
            "speeds": {
                "vmax": 15.0
            },
            "type": 2,
            "driving_direction": 1,
            "id": "1563_0",
            "lane_type": 4
        },
        {
            "pos": {
                "x": 566890.5377975532,
                "y": 4318037.2213167865,
                "yaw": 1.5991297310455694
            },
            "heading": 1.5991297310455694,
            "speeds": {
                "vmax": 15.0
            },
            "type": 2,
            "driving_direction": 1,
            "id": "1563_0",
            "lane_type": 4
        },
        {
            "pos": {
                "x": 566890.5149341484,
                "y": 4318037.7576593645,
                "yaw": 1.6283752931535915
            },
            "heading": 1.6283752931535915,
            "speeds": {
                "vmax": 15.0
            },
            "type": 2,
            "driving_direction": 1,
            "id": "1563_0",
            "lane_type": 4
        },
        {
            "pos": {
                "x": 566890.4749500335,
                "y": 4318038.292223227,
                "yaw": 1.6614950522080818
            },
            "heading": 1.6614950522080818,
            "speeds": {
                "vmax": 15.0
            },
            "type": 2,
            "driving_direction": 1,
            "id": "1563_0",
            "lane_type": 4
        },
        {
            "pos": {
                "x": 566890.4169023228,
                "y": 4318038.82496221,
                "yaw": 1.7017910382962471
            },
            "heading": 1.7017910382962471,
            "speeds": {
                "vmax": 15.0
            },
            "type": 2,
            "driving_direction": 1,
            "id": "1563_0",
            "lane_type": 4
        },
        {
            "pos": {
                "x": 566890.3337767487,
                "y": 4318039.353059333,
                "yaw": 1.7475521288949012
            },
            "heading": 1.7475521288949012,
            "speeds": {
                "vmax": 15.0
            },
            "type": 2,
            "driving_direction": 1,
            "id": "1563_0",
            "lane_type": 4
        },
        {
            "pos": {
                "x": 566890.2283518963,
                "y": 4318039.87683966,
                "yaw": 1.795597358717991
            },
            "heading": 1.795597358717991,
            "speeds": {
                "vmax": 15.0
            },
            "type": 2,
            "driving_direction": 1,
            "id": "1563_0",
            "lane_type": 4
        },
        {
            "pos": {
                "x": 566890.0953433391,
                "y": 4318040.39278961,
                "yaw": 1.8504361507377973
            },
            "heading": 1.8504361507377973,
            "speeds": {
                "vmax": 15.0
            },
            "type": 2,
            "driving_direction": 1,
            "id": "1563_0",
            "lane_type": 4
        },
        {
            "pos": {
                "x": 566889.933736772,
                "y": 4318040.902290804,
                "yaw": 1.905031007762364
            },
            "heading": 1.905031007762364,
            "speeds": {
                "vmax": 15.0
            },
            "type": 2,
            "driving_direction": 1,
            "id": "1563_0",
            "lane_type": 4
        },
        {
            "pos": {
                "x": 566889.7448350147,
                "y": 4318041.402709207,
                "yaw": 1.9644173828993787
            },
            "heading": 1.9644173828993787,
            "speeds": {
                "vmax": 15.0
            },
            "type": 2,
            "driving_direction": 1,
            "id": "1563_0",
            "lane_type": 4
        },
        {
            "pos": {
                "x": 566889.5240965259,
                "y": 4318041.8903087545,
                "yaw": 2.0290962682832663
            },
            "heading": 2.0290962682832663,
            "speeds": {
                "vmax": 15.0
            },
            "type": 2,
            "driving_direction": 1,
            "id": "1563_0",
            "lane_type": 4
        },
        {
            "pos": {
                "x": 566889.2724315037,
                "y": 4318042.362654459,
                "yaw": 2.0899765723465284
            },
            "heading": 2.0899765723465284,
            "speeds": {
                "vmax": 15.0
            },
            "type": 2,
            "driving_direction": 1,
            "id": "1563_0",
            "lane_type": 4
        },
        {
            "pos": {
                "x": 566888.9935558161,
                "y": 4318042.821027674,
                "yaw": 2.143854997333891
            },
            "heading": 2.143854997333891,
            "speeds": {
                "vmax": 15.0
            },
            "type": 2,
            "driving_direction": 1,
            "id": "1563_0",
            "lane_type": 4
        },
        {
            "pos": {
                "x": 566888.6919522673,
                "y": 4318043.263950928,
                "yaw": 2.1997598628678467
            },
            "heading": 2.1997598628678467,
            "speeds": {
                "vmax": 15.0
            },
            "type": 2,
            "driving_direction": 1,
            "id": "1563_0",
            "lane_type": 4
        },
        {
            "pos": {
                "x": 566888.3640764635,
                "y": 4318043.688617731,
                "yaw": 2.2612997722983805
            },
            "heading": 2.2612997722983805,
            "speeds": {
                "vmax": 15.0
            },
            "type": 2,
            "driving_direction": 1,
            "id": "1563_0",
            "lane_type": 4
        },
        {
            "pos": {
                "x": 566888.0100493963,
                "y": 4318044.092305103,
                "yaw": 2.3185878872534347
            },
            "heading": 2.3185878872534347,
            "speeds": {
                "vmax": 15.0
            },
            "type": 2,
            "driving_direction": 1,
            "id": "1563_0",
            "lane_type": 4
        },
        {
            "pos": {
                "x": 566887.6348823553,
                "y": 4318044.476802956,
                "yaw": 2.3747356050557484
            },
            "heading": 2.3747356050557484,
            "speeds": {
                "vmax": 15.0
            },
            "type": 2,
            "driving_direction": 1,
            "id": "1563_0",
            "lane_type": 4
        },
        {
            "pos": {
                "x": 566887.2380209437,
                "y": 4318044.838510886,
                "yaw": 2.4345141022222956
            },
            "heading": 2.4345141022222956,
            "speeds": {
                "vmax": 15.0
            },
            "type": 2,
            "driving_direction": 1,
            "id": "1563_0",
            "lane_type": 4
        },
        {
            "pos": {
                "x": 566886.8196002964,
                "y": 4318045.175912178,
                "yaw": 2.4932968112393503
            },
            "heading": 2.4932968112393503,
            "speeds": {
                "vmax": 15.0
            },
            "type": 2,
            "driving_direction": 1,
            "id": "1563_0",
            "lane_type": 4
        },
        {
            "pos": {
                "x": 566886.3816679411,
                "y": 4318045.489342041,
                "yaw": 2.5504146542132475
            },
            "heading": 2.5504146542132475,
            "speeds": {
                "vmax": 15.0
            },
            "type": 2,
            "driving_direction": 1,
            "id": "1563_0",
            "lane_type": 4
        },
        {
            "pos": {
                "x": 566885.9276970938,
                "y": 4318045.776259063,
                "yaw": 2.6140078079606206
            },
            "heading": 2.6140078079606206,
            "speeds": {
                "vmax": 15.0
            },
            "type": 2,
            "driving_direction": 1,
            "id": "1563_0",
            "lane_type": 4
        },
        {
            "pos": {
                "x": 566885.4547161974,
                "y": 4318046.031361289,
                "yaw": 2.690934555531669
            },
            "heading": 2.690934555531669,
            "speeds": {
                "vmax": 15.0
            },
            "type": 2,
            "driving_direction": 1,
            "id": "1563_0",
            "lane_type": 4
        },
        {
            "pos": {
                "x": 566884.9624483781,
                "y": 4318046.24696105,
                "yaw": 2.7558530623974975
            },
            "heading": 2.7558530623974975,
            "speeds": {
                "vmax": 15.0
            },
            "type": 2,
            "driving_direction": 1,
            "id": "1563_0",
            "lane_type": 4
        },
        {
            "pos": {
                "x": 566884.4587533902,
                "y": 4318046.437714637,
                "yaw": 2.8002636963441656
            },
            "heading": 2.8002636963441656,
            "speeds": {
                "vmax": 15.0
            },
            "type": 2,
            "driving_direction": 1,
            "id": "1563_0",
            "lane_type": 4
        },
        {
            "pos": {
                "x": 566883.947490404,
                "y": 4318046.607944628,
                "yaw": 2.855418192988301
            },
            "heading": 2.855418192988301,
            "speeds": {
                "vmax": 15.0
            },
            "type": 2,
            "driving_direction": 1,
            "id": "1563_0",
            "lane_type": 4
        },
        {
            "pos": {
                "x": 566883.4272377524,
                "y": 4318046.743032843,
                "yaw": 2.9238209189282394
            },
            "heading": 2.9238209189282394,
            "speeds": {
                "vmax": 15.0
            },
            "type": 2,
            "driving_direction": 1,
            "id": "1563_0",
            "lane_type": 4
        },
        {
            "pos": {
                "x": 566882.898341107,
                "y": 4318046.842318019,
                "yaw": 2.9815323822419635
            },
            "heading": 2.9815323822419635,
            "speeds": {
                "vmax": 15.0
            },
            "type": 2,
            "driving_direction": 1,
            "id": "1563_0",
            "lane_type": 4
        },
        {
            "pos": {
                "x": 566882.3646862308,
                "y": 4318046.915456304,
                "yaw": 3.038026578365563
            },
            "heading": 3.038026578365563,
            "speeds": {
                "vmax": 15.0
            },
            "type": 2,
            "driving_direction": 1,
            "id": "1563_0",
            "lane_type": 4
        },
        {
            "pos": {
                "x": 566881.8281835432,
                "y": 4318046.955138829,
                "yaw": 3.09537028783001
            },
            "heading": 3.09537028783001,
            "speeds": {
                "vmax": 15.0
            },
            "type": 2,
            "driving_direction": 1,
            "id": "1563_0",
            "lane_type": 4
        },
        {
            "pos": {
                "x": 566881.2898004367,
                "y": 4318046.966179242,
                "yaw": -3.131805243663827
            },
            "heading": -3.131805243663827,
            "speeds": {
                "vmax": 15.0
            },
            "type": 2,
            "driving_direction": 1,
            "id": "1563_0",
            "lane_type": 4
        },
        {
            "pos": {
                "x": 566880.7522717325,
                "y": 4318046.945713507,
                "yaw": -3.071921898481306
            },
            "heading": -3.071921898481306,
            "speeds": {
                "vmax": 15.0
            },
            "type": 2,
            "driving_direction": 1,
            "id": "1563_0",
            "lane_type": 4
        },
        {
            "pos": {
                "x": 566880.2166201526,
                "y": 4318046.892689643,
                "yaw": -3.019628005834927
            },
            "heading": -3.019628005834927,
            "speeds": {
                "vmax": 15.0
            },
            "type": 2,
            "driving_direction": 1,
            "id": "1563_0",
            "lane_type": 4
        },
        {
            "pos": {
                "x": 566879.6838077724,
                "y": 4318046.8157619275,
                "yaw": -2.9825809519895685
            },
            "heading": -2.9825809519895685,
            "speeds": {
                "vmax": 15.0
            },
            "type": 2,
            "driving_direction": 1,
            "id": "1563_0",
            "lane_type": 4
        },
        {
            "pos": {
                "x": 566879.1533310707,
                "y": 4318046.722709745,
                "yaw": -2.954346683902709
            },
            "heading": -2.954346683902709,
            "speeds": {
                "vmax": 15.0
            },
            "type": 2,
            "driving_direction": 1,
            "id": "1563_0",
            "lane_type": 4
        },
        {
            "pos": {
                "x": 566878.6260300893,
                "y": 4318046.615810899,
                "yaw": -2.9310707582694837
            },
            "heading": -2.9310707582694837,
            "speeds": {
                "vmax": 15.0
            },
            "type": 2,
            "driving_direction": 1,
            "id": "1563_0",
            "lane_type": 4
        },
        {
            "pos": {
                "x": 566878.1002565005,
                "y": 4318046.498102455,
                "yaw": -2.9175521184831883
            },
            "heading": -2.9175521184831883,
            "speeds": {
                "vmax": 15.0
            },
            "type": 2,
            "driving_direction": 1,
            "id": "1563_0",
            "lane_type": 4
        },
        {
            "pos": {
                "x": 566877.5757256803,
                "y": 4318046.376591144,
                "yaw": -2.911482630241621
            },
            "heading": -2.911482630241621,
            "speeds": {
                "vmax": 15.0
            },
            "type": 2,
            "driving_direction": 1,
            "id": "1563_0",
            "lane_type": 4
        },
        {
            "pos": {
                "x": 566877.0533699533,
                "y": 4318046.252908944,
                "yaw": -2.90663411294819
            },
            "heading": -2.90663411294819,
            "speeds": {
                "vmax": 15.0
            },
            "type": 2,
            "driving_direction": 1,
            "id": "1563_0",
            "lane_type": 4
        },
        {
            "pos": {
                "x": 566876.5306592677,
                "y": 4318046.126500789,
                "yaw": -2.9032096002550682
            },
            "heading": -2.9032096002550682,
            "speeds": {
                "vmax": 15.0
            },
            "type": 2,
            "driving_direction": 1,
            "id": "1563_0",
            "lane_type": 4
        },
        {
            "pos": {
                "x": 566876.0086712267,
                "y": 4318045.999065876,
                "yaw": -2.900961068134731
            },
            "heading": -2.900961068134731,
            "speeds": {
                "vmax": 15.0
            },
            "type": 2,
            "driving_direction": 1,
            "id": "1563_0",
            "lane_type": 4
        },
        {
            "pos": {
                "x": 566875.4850576371,
                "y": 4318045.869959978,
                "yaw": -2.899252143518679
            },
            "heading": -2.899252143518679,
            "speeds": {
                "vmax": 15.0
            },
            "type": 2,
            "driving_direction": 1,
            "id": "1563_0",
            "lane_type": 4
        },
        {
            "pos": {
                "x": 566874.9611659269,
                "y": 4318045.740139538,
                "yaw": -2.898551374857858
            },
            "heading": -2.898551374857858,
            "speeds": {
                "vmax": 15.0
            },
            "type": 2,
            "driving_direction": 1,
            "id": "1563_0",
            "lane_type": 4
        },
        {
            "pos": {
                "x": 566874.4377991003,
                "y": 4318045.610304901,
                "yaw": -2.8986903975475675
            },
            "heading": -2.8986903975475675,
            "speeds": {
                "vmax": 15.0
            },
            "type": 2,
            "driving_direction": 1,
            "id": "1563_0",
            "lane_type": 4
        },
        {
            "pos": {
                "x": 566873.9158107984,
                "y": 4318045.481105976,
                "yaw": -2.9155824599023012
            },
            "heading": -2.9155824599023012,
            "speeds": {
                "vmax": 10.0
            },
            "type": 1,
            "driving_direction": 1,
            "id": "1558_0",
            "lane_type": 62
        },
        {
            "pos": {
                "x": 566873.4274026048,
                "y": 4318045.368801969,
                "yaw": -2.915582741913242
            },
            "heading": -2.915582741913242,
            "speeds": {
                "vmax": 10.0
            },
            "type": 1,
            "driving_direction": 1,
            "id": "1558_0",
            "lane_type": 62
        },
        {
            "pos": {
                "x": 566872.9388393112,
                "y": 4318045.256462298,
                "yaw": -2.915582094499199
            },
            "heading": -2.915582094499199,
            "speeds": {
                "vmax": 10.0
            },
            "type": 1,
            "driving_direction": 1,
            "id": "1558_0",
            "lane_type": 62
        },
        {
            "pos": {
                "x": 566872.4501872445,
                "y": 4318045.144102217,
                "yaw": -2.9155820616968025
            },
            "heading": -2.9155820616968025,
            "speeds": {
                "vmax": 10.0
            },
            "type": 1,
            "driving_direction": 1,
            "id": "1558_0",
            "lane_type": 62
        },
        {
            "pos": {
                "x": 566871.9616479238,
                "y": 4318045.031768059,
                "yaw": -2.9155827454252257
            },
            "heading": -2.9155827454252257,
            "speeds": {
                "vmax": 10.0
            },
            "type": 1,
            "driving_direction": 1,
            "id": "1558_0",
            "lane_type": 62
        },
        {
            "pos": {
                "x": 566871.4730844494,
                "y": 4318044.919428347,
                "yaw": -2.9155825594877696
            },
            "heading": -2.9155825594877696,
            "speeds": {
                "vmax": 10.0
            },
            "type": 1,
            "driving_direction": 1,
            "id": "1558_0",
            "lane_type": 62
        },
        {
            "pos": {
                "x": 566870.984490792,
                "y": 4318044.807081696,
                "yaw": -2.915582235555163
            },
            "heading": -2.915582235555163,
            "speeds": {
                "vmax": 10.0
            },
            "type": 1,
            "driving_direction": 1,
            "id": "1558_0",
            "lane_type": 62
        },
        {
            "pos": {
                "x": 566870.4959797505,
                "y": 4318044.69475404,
                "yaw": -2.9155824011891696
            },
            "heading": -2.9155824011891696,
            "speeds": {
                "vmax": 10.0
            },
            "type": 1,
            "driving_direction": 1,
            "id": "1558_0",
            "lane_type": 62
        },
        {
            "pos": {
                "x": 566870.007322852,
                "y": 4318044.582392847,
                "yaw": -2.9155819802555687
            },
            "heading": -2.9155819802555687,
            "speeds": {
                "vmax": 10.0
            },
            "type": 1,
            "driving_direction": 1,
            "id": "1558_0",
            "lane_type": 62
        },
        {
            "pos": {
                "x": 566869.5188125772,
                "y": 4318044.470065368,
                "yaw": -2.9155823768415194
            },
            "heading": -2.9155823768415194,
            "speeds": {
                "vmax": 10.0
            },
            "type": 1,
            "driving_direction": 1,
            "id": "1558_0",
            "lane_type": 62
        },
        {
            "pos": {
                "x": 566869.0302474184,
                "y": 4318044.357725269,
                "yaw": -2.9155826815230768
            },
            "heading": -2.9155826815230768,
            "speeds": {
                "vmax": 10.0
            },
            "type": 1,
            "driving_direction": 1,
            "id": "1558_0",
            "lane_type": 62
        },
        {
            "pos": {
                "x": 566868.5416522855,
                "y": 4318044.245378278,
                "yaw": -2.9155818923139254
            },
            "heading": -2.9155818923139254,
            "speeds": {
                "vmax": 10.0
            },
            "type": 1,
            "driving_direction": 1,
            "id": "1558_0",
            "lane_type": 62
        },
        {
            "pos": {
                "x": 566868.0531129446,
                "y": 4318044.133044115,
                "yaw": -2.915582835283973
            },
            "heading": -2.915582835283973,
            "speeds": {
                "vmax": 10.0
            },
            "type": 1,
            "driving_direction": 1,
            "id": "1558_0",
            "lane_type": 62
        },
        {
            "pos": {
                "x": 566867.5645648516,
                "y": 4318044.020707941,
                "yaw": -2.9155820793817617
            },
            "heading": -2.9155820793817617,
            "speeds": {
                "vmax": 10.0
            },
            "type": 1,
            "driving_direction": 1,
            "id": "1558_0",
            "lane_type": 62
        },
        {
            "pos": {
                "x": 566867.0759558456,
                "y": 4318043.90835776,
                "yaw": -2.9155824424323864
            },
            "heading": -2.9155824424323864,
            "speeds": {
                "vmax": 10.0
            },
            "type": 1,
            "driving_direction": 1,
            "id": "1558_0",
            "lane_type": 62
        },
        {
            "pos": {
                "x": 566866.5874280629,
                "y": 4318043.796026255,
                "yaw": -2.9155827652345003
            },
            "heading": -2.9155827652345003,
            "speeds": {
                "vmax": 10.0
            },
            "type": 1,
            "driving_direction": 1,
            "id": "1558_0",
            "lane_type": 62
        },
        {
            "pos": {
                "x": 566866.098843812,
                "y": 4318043.6836817665,
                "yaw": -2.9155823789232
            },
            "heading": -2.9155823789232,
            "speeds": {
                "vmax": 10.0
            },
            "type": 1,
            "driving_direction": 1,
            "id": "1558_0",
            "lane_type": 62
        },
        {
            "pos": {
                "x": 566865.6102835445,
                "y": 4318043.571342792,
                "yaw": -2.9155819926857163
            },
            "heading": -2.9155819926857163,
            "speeds": {
                "vmax": 10.0
            },
            "type": 1,
            "driving_direction": 1,
            "id": "1558_0",
            "lane_type": 62
        },
        {
            "pos": {
                "x": 566865.1217230782,
                "y": 4318043.459003773,
                "yaw": -2.9155823219407244
            },
            "heading": -2.9155823219407244,
            "speeds": {
                "vmax": 10.0
            },
            "type": 1,
            "driving_direction": 1,
            "id": "1558_0",
            "lane_type": 62
        },
        {
            "pos": {
                "x": 566864.6331486816,
                "y": 4318043.346661549,
                "yaw": -2.9155822166201126
            },
            "heading": -2.9155822166201126,
            "speeds": {
                "vmax": 10.0
            },
            "type": 1,
            "driving_direction": 1,
            "id": "1558_0",
            "lane_type": 62
        },
        {
            "pos": {
                "x": 566864.1445839606,
                "y": 4318043.234321551,
                "yaw": -2.915582375223803
            },
            "heading": -2.915582375223803,
            "speeds": {
                "vmax": 10.0
            },
            "type": 1,
            "driving_direction": 1,
            "id": "1558_0",
            "lane_type": 62
        },
        {
            "pos": {
                "x": 566863.6560181594,
                "y": 4318043.121981304,
                "yaw": -2.915582443677574
            },
            "heading": -2.915582443677574,
            "speeds": {
                "vmax": 10.0
            },
            "type": 1,
            "driving_direction": 1,
            "id": "1558_0",
            "lane_type": 62
        },
        {
            "pos": {
                "x": 566863.1674519307,
                "y": 4318043.00964096,
                "yaw": -2.9155825353774003
            },
            "heading": -2.9155825353774003,
            "speeds": {
                "vmax": 10.0
            },
            "type": 1,
            "driving_direction": 1,
            "id": "1558_0",
            "lane_type": 62
        },
        {
            "pos": {
                "x": 566862.6788949935,
                "y": 4318042.897302751,
                "yaw": -2.9155820217881483
            },
            "heading": -2.9155820217881483,
            "speeds": {
                "vmax": 10.0
            },
            "type": 1,
            "driving_direction": 1,
            "id": "1558_0",
            "lane_type": 62
        },
        {
            "pos": {
                "x": 566862.1903148869,
                "y": 4318042.784959216,
                "yaw": -2.915582579639889
            },
            "heading": -2.915582579639889,
            "speeds": {
                "vmax": 10.0
            },
            "type": 1,
            "driving_direction": 1,
            "id": "1558_0",
            "lane_type": 62
        },
        {
            "pos": {
                "x": 566861.7017497295,
                "y": 4318042.672619117,
                "yaw": -2.9155822361616806
            },
            "heading": -2.9155822361616806,
            "speeds": {
                "vmax": 10.0
            },
            "type": 1,
            "driving_direction": 1,
            "id": "1558_0",
            "lane_type": 62
        },
        {
            "pos": {
                "x": 566861.2132000356,
                "y": 4318042.560282574,
                "yaw": -2.9155820428469315
            },
            "heading": -2.9155820428469315,
            "speeds": {
                "vmax": 10.0
            },
            "type": 1,
            "driving_direction": 1,
            "id": "1558_0",
            "lane_type": 62
        },
        {
            "pos": {
                "x": 566860.7246078341,
                "y": 4318042.447936257,
                "yaw": -2.9155824786970217
            },
            "heading": -2.9155824786970217,
            "speeds": {
                "vmax": 10.0
            },
            "type": 1,
            "driving_direction": 1,
            "id": "1558_0",
            "lane_type": 62
        },
        {
            "pos": {
                "x": 566860.2360813862,
                "y": 4318042.335605059,
                "yaw": -2.915582298091243
            },
            "heading": -2.915582298091243,
            "speeds": {
                "vmax": 10.0
            },
            "type": 1,
            "driving_direction": 1,
            "id": "1558_0",
            "lane_type": 62
        },
        {
            "pos": {
                "x": 566859.7474739357,
                "y": 4318042.223255236,
                "yaw": -2.915582200477874
            },
            "heading": -2.915582200477874,
            "speeds": {
                "vmax": 10.0
            },
            "type": 1,
            "driving_direction": 1,
            "id": "1558_0",
            "lane_type": 62
        }
    ]
}