{
    "header": {
        "trace_id": "ba1086ac82614452a3489e6a9e96da00",
        "trans_id": "0bbcb8b0-8b8a-4245-bb24-9d77e3f0da0b",
        "che_id": "A533",
        "timestamp": "2025-02-19T09:12:46.033407Z"
    },
    "task_id": "ba1086ac82614452a3489e6a9e96da00",
    "navi_id": "A533_ba1086ac82614452a3489e6a9e96da00_9246",
    "seq_num": 9246,
    "dest_type": 1,
    "mode": 2,
    "waypoints": [
        {
            "pos": {
                "x": 566890.8487650533,
                "y": 4318025.9351134,
                "yaw": 1.6552917177927964
            },
            "heading": 1.6552917177927964,
            "speeds": {
                "vmax": 15.0
            },
            "type": 2,
            "driving_direction": 1,
            "id": "1563_0",
            "lane_type": 4
        },
        {
            "pos": {
                "x": 566890.8022338594,
                "y": 4318026.491279072,
                "yaw": 1.6522087451391443
            },
            "heading": 1.6522087451391443,
            "speeds": {
                "vmax": 15.0
            },
            "type": 2,
            "driving_direction": 1,
            "id": "1563_0",
            "lane_type": 4
        },
        {
            "pos": {
                "x": 566890.7618141419,
                "y": 4318027.004572546,
                "yaw": 1.6465860395972185
            },
            "heading": 1.6465860395972185,
            "speeds": {
                "vmax": 15.0
            },
            "type": 2,
            "driving_direction": 1,
            "id": "1563_0",
            "lane_type": 4
        },
        {
            "pos": {
                "x": 566890.7227673419,
                "y": 4318027.539836172,
                "yaw": 1.640970922958252
            },
            "heading": 1.640970922958252,
            "speeds": {
                "vmax": 15.0
            },
            "type": 2,
            "driving_direction": 1,
            "id": "1563_0",
            "lane_type": 4
        },
        {
            "pos": {
                "x": 566890.6873482172,
                "y": 4318028.064187819,
                "yaw": 1.6342003073754792
            },
            "heading": 1.6342003073754792,
            "speeds": {
                "vmax": 15.0
            },
            "type": 2,
            "driving_direction": 1,
            "id": "1563_0",
            "lane_type": 4
        },
        {
            "pos": {
                "x": 566890.6547532233,
                "y": 4318028.6094313245,
                "yaw": 1.63081636488506
            },
            "heading": 1.63081636488506,
            "speeds": {
                "vmax": 15.0
            },
            "type": 2,
            "driving_direction": 1,
            "id": "1563_0",
            "lane_type": 4
        },
        {
            "pos": {
                "x": 566890.6220722953,
                "y": 4318029.149971968,
                "yaw": 1.6311922553524767
            },
            "heading": 1.6311922553524767,
            "speeds": {
                "vmax": 15.0
            },
            "type": 2,
            "driving_direction": 1,
            "id": "1563_0",
            "lane_type": 4
        },
        {
            "pos": {
                "x": 566890.5894752351,
                "y": 4318029.6890696455,
                "yaw": 1.6287670165382129
            },
            "heading": 1.6287670165382129,
            "speeds": {
                "vmax": 15.0
            },
            "type": 2,
            "driving_direction": 1,
            "id": "1563_0",
            "lane_type": 4
        },
        {
            "pos": {
                "x": 566890.5597160181,
                "y": 4318030.227155756,
                "yaw": 1.6214131561430072
            },
            "heading": 1.6214131561430072,
            "speeds": {
                "vmax": 15.0
            },
            "type": 2,
            "driving_direction": 1,
            "id": "1563_0",
            "lane_type": 4
        },
        {
            "pos": {
                "x": 566890.5350568828,
                "y": 4318030.768825637,
                "yaw": 1.610252270871206
            },
            "heading": 1.610252270871206,
            "speeds": {
                "vmax": 15.0
            },
            "type": 2,
            "driving_direction": 1,
            "id": "1563_0",
            "lane_type": 4
        },
        {
            "pos": {
                "x": 566890.5174296917,
                "y": 4318031.3091643695,
                "yaw": 1.5986607879762098
            },
            "heading": 1.5986607879762098,
            "speeds": {
                "vmax": 15.0
            },
            "type": 2,
            "driving_direction": 1,
            "id": "1563_0",
            "lane_type": 4
        },
        {
            "pos": {
                "x": 566890.5051148194,
                "y": 4318031.852281431,
                "yaw": 1.590558573110472
            },
            "heading": 1.590558573110472,
            "speeds": {
                "vmax": 15.0
            },
            "type": 2,
            "driving_direction": 1,
            "id": "1563_0",
            "lane_type": 4
        },
        {
            "pos": {
                "x": 566890.496366838,
                "y": 4318032.377136115,
                "yaw": 1.5784051684736689
            },
            "heading": 1.5784051684736689,
            "speeds": {
                "vmax": 15.0
            },
            "type": 2,
            "driving_direction": 1,
            "id": "1563_0",
            "lane_type": 4
        },
        {
            "pos": {
                "x": 566890.497819404,
                "y": 4318032.915875878,
                "yaw": 1.5646624894613945
            },
            "heading": 1.5646624894613945,
            "speeds": {
                "vmax": 15.0
            },
            "type": 2,
            "driving_direction": 1,
            "id": "1563_0",
            "lane_type": 4
        },
        {
            "pos": {
                "x": 566890.5028631365,
                "y": 4318033.455296363,
                "yaw": 1.5609131614826794
            },
            "heading": 1.5609131614826794,
            "speeds": {
                "vmax": 15.0
            },
            "type": 2,
            "driving_direction": 1,
            "id": "1563_0",
            "lane_type": 4
        },
        {
            "pos": {
                "x": 566890.5084054186,
                "y": 4318033.999002617,
                "yaw": 1.5592347318926214
            },
            "heading": 1.5592347318926214,
            "speeds": {
                "vmax": 15.0
            },
            "type": 2,
            "driving_direction": 1,
            "id": "1563_0",
            "lane_type": 4
        },
        {
            "pos": {
                "x": 566890.515461914,
                "y": 4318034.52998885,
                "yaw": 1.5516982757533553
            },
            "heading": 1.5516982757533553,
            "speeds": {
                "vmax": 15.0
            },
            "type": 2,
            "driving_direction": 1,
            "id": "1563_0",
            "lane_type": 4
        },
        {
            "pos": {
                "x": 566890.529376168,
                "y": 4318035.066537643,
                "yaw": 1.5458850233679358
            },
            "heading": 1.5458850233679358,
            "speeds": {
                "vmax": 15.0
            },
            "type": 2,
            "driving_direction": 1,
            "id": "1563_0",
            "lane_type": 4
        },
        {
            "pos": {
                "x": 566890.541861482,
                "y": 4318035.6058754455,
                "yaw": 1.5532217550293765
            },
            "heading": 1.5532217550293765,
            "speeds": {
                "vmax": 15.0
            },
            "type": 2,
            "driving_direction": 1,
            "id": "1563_0",
            "lane_type": 4
        },
        {
            "pos": {
                "x": 566890.5477784264,
                "y": 4318036.14533142,
                "yaw": 1.566033768462905
            },
            "heading": 1.566033768462905,
            "speeds": {
                "vmax": 15.0
            },
            "type": 2,
            "driving_direction": 1,
            "id": "1563_0",
            "lane_type": 4
        },
        {
            "pos": {
                "x": 566890.5465807852,
                "y": 4318036.682539105,
                "yaw": 1.5796565891229515
            },
            "heading": 1.5796565891229515,
            "speeds": {
                "vmax": 15.0
            },
            "type": 2,
            "driving_direction": 1,
            "id": "1563_0",
            "lane_type": 4
        },
        {
            "pos": {
                "x": 566890.5377975532,
                "y": 4318037.2213167865,
                "yaw": 1.5991297310455694
            },
            "heading": 1.5991297310455694,
            "speeds": {
                "vmax": 15.0
            },
            "type": 2,
            "driving_direction": 1,
            "id": "1563_0",
            "lane_type": 4
        },
        {
            "pos": {
                "x": 566890.5149341484,
                "y": 4318037.7576593645,
                "yaw": 1.6283752931535915
            },
            "heading": 1.6283752931535915,
            "speeds": {
                "vmax": 15.0
            },
            "type": 2,
            "driving_direction": 1,
            "id": "1563_0",
            "lane_type": 4
        },
        {
            "pos": {
                "x": 566890.4749500335,
                "y": 4318038.292223227,
                "yaw": 1.6614950522080818
            },
            "heading": 1.6614950522080818,
            "speeds": {
                "vmax": 15.0
            },
            "type": 2,
            "driving_direction": 1,
            "id": "1563_0",
            "lane_type": 4
        },
        {
            "pos": {
                "x": 566890.4169023228,
                "y": 4318038.82496221,
                "yaw": 1.7017910382962471
            },
            "heading": 1.7017910382962471,
            "speeds": {
                "vmax": 15.0
            },
            "type": 2,
            "driving_direction": 1,
            "id": "1563_0",
            "lane_type": 4
        },
        {
            "pos": {
                "x": 566890.3337767487,
                "y": 4318039.353059333,
                "yaw": 1.7475521288949012
            },
            "heading": 1.7475521288949012,
            "speeds": {
                "vmax": 15.0
            },
            "type": 2,
            "driving_direction": 1,
            "id": "1563_0",
            "lane_type": 4
        },
        {
            "pos": {
                "x": 566890.2283518963,
                "y": 4318039.87683966,
                "yaw": 1.795597358717991
            },
            "heading": 1.795597358717991,
            "speeds": {
                "vmax": 15.0
            },
            "type": 2,
            "driving_direction": 1,
            "id": "1563_0",
            "lane_type": 4
        },
        {
            "pos": {
                "x": 566890.0953433391,
                "y": 4318040.39278961,
                "yaw": 1.8504361507377973
            },
            "heading": 1.8504361507377973,
            "speeds": {
                "vmax": 15.0
            },
            "type": 2,
            "driving_direction": 1,
            "id": "1563_0",
            "lane_type": 4
        },
        {
            "pos": {
                "x": 566889.933736772,
                "y": 4318040.902290804,
                "yaw": 1.905031007762364
            },
            "heading": 1.905031007762364,
            "speeds": {
                "vmax": 15.0
            },
            "type": 2,
            "driving_direction": 1,
            "id": "1563_0",
            "lane_type": 4
        },
        {
            "pos": {
                "x": 566889.7448350147,
                "y": 4318041.402709207,
                "yaw": 1.9644173828993787
            },
            "heading": 1.9644173828993787,
            "speeds": {
                "vmax": 15.0
            },
            "type": 2,
            "driving_direction": 1,
            "id": "1563_0",
            "lane_type": 4
        },
        {
            "pos": {
                "x": 566889.5240965259,
                "y": 4318041.8903087545,
                "yaw": 2.0290962682832663
            },
            "heading": 2.0290962682832663,
            "speeds": {
                "vmax": 15.0
            },
            "type": 2,
            "driving_direction": 1,
            "id": "1563_0",
            "lane_type": 4
        },
        {
            "pos": {
                "x": 566889.2724315037,
                "y": 4318042.362654459,
                "yaw": 2.0899765723465284
            },
            "heading": 2.0899765723465284,
            "speeds": {
                "vmax": 15.0
            },
            "type": 2,
            "driving_direction": 1,
            "id": "1563_0",
            "lane_type": 4
        },
        {
            "pos": {
                "x": 566888.9935558161,
                "y": 4318042.821027674,
                "yaw": 2.143854997333891
            },
            "heading": 2.143854997333891,
            "speeds": {
                "vmax": 15.0
            },
            "type": 2,
            "driving_direction": 1,
            "id": "1563_0",
            "lane_type": 4
        },
        {
            "pos": {
                "x": 566888.6919522673,
                "y": 4318043.263950928,
                "yaw": 2.1997598628678467
            },
            "heading": 2.1997598628678467,
            "speeds": {
                "vmax": 15.0
            },
            "type": 2,
            "driving_direction": 1,
            "id": "1563_0",
            "lane_type": 4
        },
        {
            "pos": {
                "x": 566888.3640764635,
                "y": 4318043.688617731,
                "yaw": 2.2612997722983805
            },
            "heading": 2.2612997722983805,
            "speeds": {
                "vmax": 15.0
            },
            "type": 2,
            "driving_direction": 1,
            "id": "1563_0",
            "lane_type": 4
        },
        {
            "pos": {
                "x": 566888.0100493963,
                "y": 4318044.092305103,
                "yaw": 2.3185878872534347
            },
            "heading": 2.3185878872534347,
            "speeds": {
                "vmax": 15.0
            },
            "type": 2,
            "driving_direction": 1,
            "id": "1563_0",
            "lane_type": 4
        },
        {
            "pos": {
                "x": 566887.6348823553,
                "y": 4318044.476802956,
                "yaw": 2.3747356050557484
            },
            "heading": 2.3747356050557484,
            "speeds": {
                "vmax": 15.0
            },
            "type": 2,
            "driving_direction": 1,
            "id": "1563_0",
            "lane_type": 4
        },
        {
            "pos": {
                "x": 566887.2380209437,
                "y": 4318044.838510886,
                "yaw": 2.4345141022222956
            },
            "heading": 2.4345141022222956,
            "speeds": {
                "vmax": 15.0
            },
            "type": 2,
            "driving_direction": 1,
            "id": "1563_0",
            "lane_type": 4
        },
        {
            "pos": {
                "x": 566886.8196002964,
                "y": 4318045.175912178,
                "yaw": 2.4932968112393503
            },
            "heading": 2.4932968112393503,
            "speeds": {
                "vmax": 15.0
            },
            "type": 2,
            "driving_direction": 1,
            "id": "1563_0",
            "lane_type": 4
        },
        {
            "pos": {
                "x": 566886.3816679411,
                "y": 4318045.489342041,
                "yaw": 2.5504146542132475
            },
            "heading": 2.5504146542132475,
            "speeds": {
                "vmax": 15.0
            },
            "type": 2,
            "driving_direction": 1,
            "id": "1563_0",
            "lane_type": 4
        },
        {
            "pos": {
                "x": 566885.9276970938,
                "y": 4318045.776259063,
                "yaw": 2.6140078079606206
            },
            "heading": 2.6140078079606206,
            "speeds": {
                "vmax": 15.0
            },
            "type": 2,
            "driving_direction": 1,
            "id": "1563_0",
            "lane_type": 4
        },
        {
            "pos": {
                "x": 566885.4547161974,
                "y": 4318046.031361289,
                "yaw": 2.690934555531669
            },
            "heading": 2.690934555531669,
            "speeds": {
                "vmax": 15.0
            },
            "type": 2,
            "driving_direction": 1,
            "id": "1563_0",
            "lane_type": 4
        },
        {
            "pos": {
                "x": 566884.9624483781,
                "y": 4318046.24696105,
                "yaw": 2.7558530623974975
            },
            "heading": 2.7558530623974975,
            "speeds": {
                "vmax": 15.0
            },
            "type": 2,
            "driving_direction": 1,
            "id": "1563_0",
            "lane_type": 4
        },
        {
            "pos": {
                "x": 566884.4587533902,
                "y": 4318046.437714637,
                "yaw": 2.8002636963441656
            },
            "heading": 2.8002636963441656,
            "speeds": {
                "vmax": 15.0
            },
            "type": 2,
            "driving_direction": 1,
            "id": "1563_0",
            "lane_type": 4
        },
        {
            "pos": {
                "x": 566883.947490404,
                "y": 4318046.607944628,
                "yaw": 2.855418192988301
            },
            "heading": 2.855418192988301,
            "speeds": {
                "vmax": 15.0
            },
            "type": 2,
            "driving_direction": 1,
            "id": "1563_0",
            "lane_type": 4
        },
        {
            "pos": {
                "x": 566883.4272377524,
                "y": 4318046.743032843,
                "yaw": 2.9238209189282394
            },
            "heading": 2.9238209189282394,
            "speeds": {
                "vmax": 15.0
            },
            "type": 2,
            "driving_direction": 1,
            "id": "1563_0",
            "lane_type": 4
        },
        {
            "pos": {
                "x": 566882.898341107,
                "y": 4318046.842318019,
                "yaw": 2.9815323822419635
            },
            "heading": 2.9815323822419635,
            "speeds": {
                "vmax": 15.0
            },
            "type": 2,
            "driving_direction": 1,
            "id": "1563_0",
            "lane_type": 4
        },
        {
            "pos": {
                "x": 566882.3646862308,
                "y": 4318046.915456304,
                "yaw": 3.038026578365563
            },
            "heading": 3.038026578365563,
            "speeds": {
                "vmax": 15.0
            },
            "type": 2,
            "driving_direction": 1,
            "id": "1563_0",
            "lane_type": 4
        },
        {
            "pos": {
                "x": 566881.8281835432,
                "y": 4318046.955138829,
                "yaw": 3.09537028783001
            },
            "heading": 3.09537028783001,
            "speeds": {
                "vmax": 15.0
            },
            "type": 2,
            "driving_direction": 1,
            "id": "1563_0",
            "lane_type": 4
        },
        {
            "pos": {
                "x": 566881.2898004367,
                "y": 4318046.966179242,
                "yaw": -3.131805243663827
            },
            "heading": -3.131805243663827,
            "speeds": {
                "vmax": 15.0
            },
            "type": 2,
            "driving_direction": 1,
            "id": "1563_0",
            "lane_type": 4
        },
        {
            "pos": {
                "x": 566880.7522717325,
                "y": 4318046.945713507,
                "yaw": -3.071921898481306
            },
            "heading": -3.071921898481306,
            "speeds": {
                "vmax": 15.0
            },
            "type": 2,
            "driving_direction": 1,
            "id": "1563_0",
            "lane_type": 4
        },
        {
            "pos": {
                "x": 566880.2166201526,
                "y": 4318046.892689643,
                "yaw": -3.019628005834927
            },
            "heading": -3.019628005834927,
            "speeds": {
                "vmax": 15.0
            },
            "type": 2,
            "driving_direction": 1,
            "id": "1563_0",
            "lane_type": 4
        },
        {
            "pos": {
                "x": 566879.6838077724,
                "y": 4318046.8157619275,
                "yaw": -2.9825809519895685
            },
            "heading": -2.9825809519895685,
            "speeds": {
                "vmax": 15.0
            },
            "type": 2,
            "driving_direction": 1,
            "id": "1563_0",
            "lane_type": 4
        },
        {
            "pos": {
                "x": 566879.1533310707,
                "y": 4318046.722709745,
                "yaw": -2.954346683902709
            },
            "heading": -2.954346683902709,
            "speeds": {
                "vmax": 15.0
            },
            "type": 2,
            "driving_direction": 1,
            "id": "1563_0",
            "lane_type": 4
        },
        {
            "pos": {
                "x": 566878.6260300893,
                "y": 4318046.615810899,
                "yaw": -2.9310707582694837
            },
            "heading": -2.9310707582694837,
            "speeds": {
                "vmax": 15.0
            },
            "type": 2,
            "driving_direction": 1,
            "id": "1563_0",
            "lane_type": 4
        },
        {
            "pos": {
                "x": 566878.1002565005,
                "y": 4318046.498102455,
                "yaw": -2.9175521184831883
            },
            "heading": -2.9175521184831883,
            "speeds": {
                "vmax": 15.0
            },
            "type": 2,
            "driving_direction": 1,
            "id": "1563_0",
            "lane_type": 4
        },
        {
            "pos": {
                "x": 566877.5757256803,
                "y": 4318046.376591144,
                "yaw": -2.911482630241621
            },
            "heading": -2.911482630241621,
            "speeds": {
                "vmax": 15.0
            },
            "type": 2,
            "driving_direction": 1,
            "id": "1563_0",
            "lane_type": 4
        },
        {
            "pos": {
                "x": 566877.0533699533,
                "y": 4318046.252908944,
                "yaw": -2.90663411294819
            },
            "heading": -2.90663411294819,
            "speeds": {
                "vmax": 15.0
            },
            "type": 2,
            "driving_direction": 1,
            "id": "1563_0",
            "lane_type": 4
        },
        {
            "pos": {
                "x": 566876.5306592677,
                "y": 4318046.126500789,
                "yaw": -2.9032096002550682
            },
            "heading": -2.9032096002550682,
            "speeds": {
                "vmax": 15.0
            },
            "type": 2,
            "driving_direction": 1,
            "id": "1563_0",
            "lane_type": 4
        },
        {
            "pos": {
                "x": 566876.0086712267,
                "y": 4318045.999065876,
                "yaw": -2.900961068134731
            },
            "heading": -2.900961068134731,
            "speeds": {
                "vmax": 15.0
            },
            "type": 2,
            "driving_direction": 1,
            "id": "1563_0",
            "lane_type": 4
        },
        {
            "pos": {
                "x": 566875.4850576371,
                "y": 4318045.869959978,
                "yaw": -2.899252143518679
            },
            "heading": -2.899252143518679,
            "speeds": {
                "vmax": 15.0
            },
            "type": 2,
            "driving_direction": 1,
            "id": "1563_0",
            "lane_type": 4
        },
        {
            "pos": {
                "x": 566874.9611659269,
                "y": 4318045.740139538,
                "yaw": -2.898551374857858
            },
            "heading": -2.898551374857858,
            "speeds": {
                "vmax": 15.0
            },
            "type": 2,
            "driving_direction": 1,
            "id": "1563_0",
            "lane_type": 4
        },
        {
            "pos": {
                "x": 566874.4377991003,
                "y": 4318045.610304901,
                "yaw": -2.8986903975475675
            },
            "heading": -2.8986903975475675,
            "speeds": {
                "vmax": 15.0
            },
            "type": 2,
            "driving_direction": 1,
            "id": "1563_0",
            "lane_type": 4
        },
        {
            "pos": {
                "x": 566873.9158107984,
                "y": 4318045.481105976,
                "yaw": -2.9155824599023012
            },
            "heading": -2.9155824599023012,
            "speeds": {
                "vmax": 10.0
            },
            "type": 1,
            "driving_direction": 1,
            "id": "1558_0",
            "lane_type": 62
        },
        {
            "pos": {
                "x": 566873.4274026048,
                "y": 4318045.368801969,
                "yaw": -2.915582741913242
            },
            "heading": -2.915582741913242,
            "speeds": {
                "vmax": 10.0
            },
            "type": 1,
            "driving_direction": 1,
            "id": "1558_0",
            "lane_type": 62
        },
        {
            "pos": {
                "x": 566872.9388393112,
                "y": 4318045.256462298,
                "yaw": -2.915582094499199
            },
            "heading": -2.915582094499199,
            "speeds": {
                "vmax": 10.0
            },
            "type": 1,
            "driving_direction": 1,
            "id": "1558_0",
            "lane_type": 62
        },
        {
            "pos": {
                "x": 566872.4501872445,
                "y": 4318045.144102217,
                "yaw": -2.9155820616968025
            },
            "heading": -2.9155820616968025,
            "speeds": {
                "vmax": 10.0
            },
            "type": 1,
            "driving_direction": 1,
            "id": "1558_0",
            "lane_type": 62
        },
        {
            "pos": {
                "x": 566871.9616479238,
                "y": 4318045.031768059,
                "yaw": -2.915582741913242
            },
            "heading": -2.915582741913242,
            "speeds": {
                "vmax": 10.0
            },
            "type": 1,
            "driving_direction": 1,
            "id": "1558_0",
            "lane_type": 62
        },
        {
            "pos": {
                "x": 566871.4743638197,
                "y": 4318044.9197225245,
                "yaw": -2.915582741913242
            },
            "heading": -2.915582741913242,
            "speeds": {
                "vmax": 10.0
            },
            "type": 1,
            "driving_direction": 1,
            "id": "1558_0",
            "lane_type": 62
        },
        {
            "pos": {
                "x": 566870.9870797155,
                "y": 4318044.80767699,
                "yaw": -2.915582741913242
            },
            "heading": -2.915582741913242,
            "speeds": {
                "vmax": 10.0
            },
            "type": 1,
            "driving_direction": 1,
            "id": "1558_0",
            "lane_type": 62
        },
        {
            "pos": {
                "x": 566870.4997956114,
                "y": 4318044.695631456,
                "yaw": -2.915582741913242
            },
            "heading": -2.915582741913242,
            "speeds": {
                "vmax": 10.0
            },
            "type": 1,
            "driving_direction": 1,
            "id": "1558_0",
            "lane_type": 62
        },
        {
            "pos": {
                "x": 566870.0125115071,
                "y": 4318044.583585921,
                "yaw": -2.915582741913242
            },
            "heading": -2.915582741913242,
            "speeds": {
                "vmax": 10.0
            },
            "type": 1,
            "driving_direction": 1,
            "id": "1558_0",
            "lane_type": 62
        },
        {
            "pos": {
                "x": 566869.525227403,
                "y": 4318044.471540386,
                "yaw": -2.915582741913242
            },
            "heading": -2.915582741913242,
            "speeds": {
                "vmax": 10.0
            },
            "type": 1,
            "driving_direction": 1,
            "id": "1558_0",
            "lane_type": 62
        },
        {
            "pos": {
                "x": 566869.0379432989,
                "y": 4318044.359494851,
                "yaw": -2.915582741913242
            },
            "heading": -2.915582741913242,
            "speeds": {
                "vmax": 10.0
            },
            "type": 1,
            "driving_direction": 1,
            "id": "1558_0",
            "lane_type": 62
        },
        {
            "pos": {
                "x": 566868.5506591947,
                "y": 4318044.247449317,
                "yaw": -2.915582741913242
            },
            "heading": -2.915582741913242,
            "speeds": {
                "vmax": 10.0
            },
            "type": 1,
            "driving_direction": 1,
            "id": "1558_0",
            "lane_type": 62
        },
        {
            "pos": {
                "x": 566868.0633750906,
                "y": 4318044.135403782,
                "yaw": -2.915582741913242
            },
            "heading": -2.915582741913242,
            "speeds": {
                "vmax": 10.0
            },
            "type": 1,
            "driving_direction": 1,
            "id": "1558_0",
            "lane_type": 62
        },
        {
            "pos": {
                "x": 566867.5760909864,
                "y": 4318044.023358247,
                "yaw": -2.915582741913242
            },
            "heading": -2.915582741913242,
            "speeds": {
                "vmax": 10.0
            },
            "type": 1,
            "driving_direction": 1,
            "id": "1558_0",
            "lane_type": 62
        },
        {
            "pos": {
                "x": 566867.0888068823,
                "y": 4318043.911312712,
                "yaw": -2.915582741913242
            },
            "heading": -2.915582741913242,
            "speeds": {
                "vmax": 10.0
            },
            "type": 1,
            "driving_direction": 1,
            "id": "1558_0",
            "lane_type": 62
        },
        {
            "pos": {
                "x": 566866.6015227782,
                "y": 4318043.799267178,
                "yaw": -2.915582741913242
            },
            "heading": -2.915582741913242,
            "speeds": {
                "vmax": 10.0
            },
            "type": 1,
            "driving_direction": 1,
            "id": "1558_0",
            "lane_type": 62
        },
        {
            "pos": {
                "x": 566866.1142386739,
                "y": 4318043.6872216435,
                "yaw": -2.915582741913242
            },
            "heading": -2.915582741913242,
            "speeds": {
                "vmax": 10.0
            },
            "type": 1,
            "driving_direction": 1,
            "id": "1558_0",
            "lane_type": 62
        },
        {
            "pos": {
                "x": 566865.6269545698,
                "y": 4318043.575176109,
                "yaw": -2.915582741913242
            },
            "heading": -2.915582741913242,
            "speeds": {
                "vmax": 10.0
            },
            "type": 1,
            "driving_direction": 1,
            "id": "1558_0",
            "lane_type": 62
        },
        {
            "pos": {
                "x": 566865.1396704657,
                "y": 4318043.463130574,
                "yaw": -2.915582741913242
            },
            "heading": -2.915582741913242,
            "speeds": {
                "vmax": 10.0
            },
            "type": 1,
            "driving_direction": 1,
            "id": "1558_0",
            "lane_type": 62
        },
        {
            "pos": {
                "x": 566864.6523863615,
                "y": 4318043.351085039,
                "yaw": -2.915582741913242
            },
            "heading": -2.915582741913242,
            "speeds": {
                "vmax": 10.0
            },
            "type": 1,
            "driving_direction": 1,
            "id": "1558_0",
            "lane_type": 62
        },
        {
            "pos": {
                "x": 566864.1651022574,
                "y": 4318043.239039505,
                "yaw": -2.915582741913242
            },
            "heading": -2.915582741913242,
            "speeds": {
                "vmax": 10.0
            },
            "type": 1,
            "driving_direction": 1,
            "id": "1558_0",
            "lane_type": 62
        },
        {
            "pos": {
                "x": 566863.6778181532,
                "y": 4318043.12699397,
                "yaw": -2.915582741913242
            },
            "heading": -2.915582741913242,
            "speeds": {
                "vmax": 10.0
            },
            "type": 1,
            "driving_direction": 1,
            "id": "1558_0",
            "lane_type": 62
        },
        {
            "pos": {
                "x": 566863.1905340491,
                "y": 4318043.014948435,
                "yaw": -2.915582741913242
            },
            "heading": -2.915582741913242,
            "speeds": {
                "vmax": 10.0
            },
            "type": 1,
            "driving_direction": 1,
            "id": "1558_0",
            "lane_type": 62
        },
        {
            "pos": {
                "x": 566862.703249945,
                "y": 4318042.9029029,
                "yaw": -2.915582741913242
            },
            "heading": -2.915582741913242,
            "speeds": {
                "vmax": 10.0
            },
            "type": 1,
            "driving_direction": 1,
            "id": "1558_0",
            "lane_type": 62
        },
        {
            "pos": {
                "x": 566862.2159658407,
                "y": 4318042.790857366,
                "yaw": -2.915582741913242
            },
            "heading": -2.915582741913242,
            "speeds": {
                "vmax": 10.0
            },
            "type": 1,
            "driving_direction": 1,
            "id": "1558_0",
            "lane_type": 62
        },
        {
            "pos": {
                "x": 566861.7286817366,
                "y": 4318042.678811831,
                "yaw": -2.915582741913242
            },
            "heading": -2.915582741913242,
            "speeds": {
                "vmax": 10.0
            },
            "type": 1,
            "driving_direction": 1,
            "id": "1558_0",
            "lane_type": 62
        },
        {
            "pos": {
                "x": 566861.2413976324,
                "y": 4318042.5667662965,
                "yaw": -2.915582741913242
            },
            "heading": -2.915582741913242,
            "speeds": {
                "vmax": 10.0
            },
            "type": 1,
            "driving_direction": 1,
            "id": "1558_0",
            "lane_type": 62
        },
        {
            "pos": {
                "x": 566860.7541135283,
                "y": 4318042.454720762,
                "yaw": -2.915582741913242
            },
            "heading": -2.915582741913242,
            "speeds": {
                "vmax": 10.0
            },
            "type": 1,
            "driving_direction": 1,
            "id": "1558_0",
            "lane_type": 62
        },
        {
            "pos": {
                "x": 566860.2668294242,
                "y": 4318042.342675228,
                "yaw": -2.915582741913242
            },
            "heading": -2.915582741913242,
            "speeds": {
                "vmax": 10.0
            },
            "type": 1,
            "driving_direction": 1,
            "id": "1558_0",
            "lane_type": 62
        },
        {
            "pos": {
                "x": 566859.77954532,
                "y": 4318042.230629693,
                "yaw": -2.915582741913242
            },
            "heading": -2.915582741913242,
            "speeds": {
                "vmax": 10.0
            },
            "type": 1,
            "driving_direction": 1,
            "id": "1558_0",
            "lane_type": 62
        },
        {
            "pos": {
                "x": 566859.2922612159,
                "y": 4318042.118584158,
                "yaw": -2.915582741913242
            },
            "heading": -2.915582741913242,
            "speeds": {
                "vmax": 10.0
            },
            "type": 1,
            "driving_direction": 1,
            "id": "1558_0",
            "lane_type": 62
        },
        {
            "pos": {
                "x": 566858.8049771116,
                "y": 4318042.006538623,
                "yaw": -2.915582741913242
            },
            "heading": -2.915582741913242,
            "speeds": {
                "vmax": 10.0
            },
            "type": 1,
            "driving_direction": 1,
            "id": "1558_0",
            "lane_type": 62
        },
        {
            "pos": {
                "x": 566858.3176930075,
                "y": 4318041.894493088,
                "yaw": -2.915582741913242
            },
            "heading": -2.915582741913242,
            "speeds": {
                "vmax": 10.0
            },
            "type": 1,
            "driving_direction": 1,
            "id": "1558_0",
            "lane_type": 62
        },
        {
            "pos": {
                "x": 566857.8304089034,
                "y": 4318041.782447554,
                "yaw": -2.915582741913242
            },
            "heading": -2.915582741913242,
            "speeds": {
                "vmax": 10.0
            },
            "type": 1,
            "driving_direction": 1,
            "id": "1558_0",
            "lane_type": 62
        },
        {
            "pos": {
                "x": 566857.3431247992,
                "y": 4318041.670402019,
                "yaw": -2.915582741913242
            },
            "heading": -2.915582741913242,
            "speeds": {
                "vmax": 10.0
            },
            "type": 1,
            "driving_direction": 1,
            "id": "1558_0",
            "lane_type": 62
        },
        {
            "pos": {
                "x": 566857.3046244188,
                "y": 4318041.661549287,
                "yaw": -2.915582741913242
            },
            "heading": -2.915582741913242,
            "speeds": {
                "vmax": 10.0
            },
            "type": 1,
            "driving_direction": 1,
            "id": "1558_0",
            "lane_type": 62
        },
        {
            "pos": {
                "x": 566856.8161649536,
                "y": 4318041.549206443,
                "yaw": -2.8938392584000816
            },
            "heading": -2.8938392584000816,
            "speeds": {
                "vmax": 15.0
            },
            "type": 2,
            "driving_direction": 1,
            "id": "1560_0",
            "lane_type": 4
        },
        {
            "pos": {
                "x": 566856.3273124304,
                "y": 4318041.425548696,
                "yaw": -2.8931015889955267
            },
            "heading": -2.8931015889955267,
            "speeds": {
                "vmax": 15.0
            },
            "type": 2,
            "driving_direction": 1,
            "id": "1560_0",
            "lane_type": 4
        },
        {
            "pos": {
                "x": 566855.8380172283,
                "y": 4318041.301015405,
                "yaw": -2.891830838262355
            },
            "heading": -2.891830838262355,
            "speeds": {
                "vmax": 15.0
            },
            "type": 2,
            "driving_direction": 1,
            "id": "1560_0",
            "lane_type": 4
        },
        {
            "pos": {
                "x": 566855.3490706307,
                "y": 4318041.1760122795,
                "yaw": -2.890973626887685
            },
            "heading": -2.890973626887685,
            "speeds": {
                "vmax": 15.0
            },
            "type": 2,
            "driving_direction": 1,
            "id": "1560_0",
            "lane_type": 4
        },
        {
            "pos": {
                "x": 566854.8600795337,
                "y": 4318041.050663275,
                "yaw": -2.8905482448584388
            },
            "heading": -2.8905482448584388,
            "speeds": {
                "vmax": 15.0
            },
            "type": 2,
            "driving_direction": 1,
            "id": "1560_0",
            "lane_type": 4
        },
        {
            "pos": {
                "x": 566854.3712254721,
                "y": 4318040.925240757,
                "yaw": -2.890562853078713
            },
            "heading": -2.890562853078713,
            "speeds": {
                "vmax": 15.0
            },
            "type": 2,
            "driving_direction": 1,
            "id": "1560_0",
            "lane_type": 4
        },
        {
            "pos": {
                "x": 566853.8821361344,
                "y": 4318040.799881796,
                "yaw": -2.891012007185253
            },
            "heading": -2.891012007185253,
            "speeds": {
                "vmax": 15.0
            },
            "type": 2,
            "driving_direction": 1,
            "id": "1560_0",
            "lane_type": 4
        },
        {
            "pos": {
                "x": 566853.3936534147,
                "y": 4318040.675022888,
                "yaw": -2.8919077161601083
            },
            "heading": -2.8919077161601083,
            "speeds": {
                "vmax": 15.0
            },
            "type": 2,
            "driving_direction": 1,
            "id": "1560_0",
            "lane_type": 4
        },
        {
            "pos": {
                "x": 566852.9039495222,
                "y": 4318040.550440916,
                "yaw": -2.893239520184381
            },
            "heading": -2.893239520184381,
            "speeds": {
                "vmax": 15.0
            },
            "type": 2,
            "driving_direction": 1,
            "id": "1560_0",
            "lane_type": 4
        },
        {
            "pos": {
                "x": 566852.4143717813,
                "y": 4318040.426692937,
                "yaw": -2.895009744046328
            },
            "heading": -2.895009744046328,
            "speeds": {
                "vmax": 15.0
            },
            "type": 2,
            "driving_direction": 1,
            "id": "1560_0",
            "lane_type": 4
        },
        {
            "pos": {
                "x": 566851.9238478453,
                "y": 4318040.303751972,
                "yaw": -2.8970160975105363
            },
            "heading": -2.8970160975105363,
            "speeds": {
                "vmax": 15.0
            },
            "type": 2,
            "driving_direction": 1,
            "id": "1560_0",
            "lane_type": 4
        },
        {
            "pos": {
                "x": 566851.4360363958,
                "y": 4318040.182533272,
                "yaw": -2.8994328126114786
            },
            "heading": -2.8994328126114786,
            "speeds": {
                "vmax": 15.0
            },
            "type": 2,
            "driving_direction": 1,
            "id": "1560_0",
            "lane_type": 4
        },
        {
            "pos": {
                "x": 566850.9461769694,
                "y": 4318040.062269407,
                "yaw": -2.9031015684121337
            },
            "heading": -2.9031015684121337,
            "speeds": {
                "vmax": 15.0
            },
            "type": 2,
            "driving_direction": 1,
            "id": "1560_0",
            "lane_type": 4
        },
        {
            "pos": {
                "x": 566850.4554637503,
                "y": 4318039.944144002,
                "yaw": -2.9072962429062548
            },
            "heading": -2.9072962429062548,
            "speeds": {
                "vmax": 15.0
            },
            "type": 2,
            "driving_direction": 1,
            "id": "1560_0",
            "lane_type": 4
        },
        {
            "pos": {
                "x": 566849.9668036106,
                "y": 4318039.828508731,
                "yaw": -2.9112002384591116
            },
            "heading": -2.9112002384591116,
            "speeds": {
                "vmax": 15.0
            },
            "type": 2,
            "driving_direction": 1,
            "id": "1560_0",
            "lane_type": 4
        },
        {
            "pos": {
                "x": 566849.4728999205,
                "y": 4318039.713674242,
                "yaw": -2.9153784248400063
            },
            "heading": -2.9153784248400063,
            "speeds": {
                "vmax": 15.0
            },
            "type": 2,
            "driving_direction": 1,
            "id": "1560_0",
            "lane_type": 4
        },
        {
            "pos": {
                "x": 566848.9812352234,
                "y": 4318039.601673093,
                "yaw": -2.919403501791301
            },
            "heading": -2.919403501791301,
            "speeds": {
                "vmax": 15.0
            },
            "type": 2,
            "driving_direction": 1,
            "id": "1560_0",
            "lane_type": 4
        },
        {
            "pos": {
                "x": 566848.4889101319,
                "y": 4318039.491370305,
                "yaw": -2.922414766593911
            },
            "heading": -2.922414766593911,
            "speeds": {
                "vmax": 15.0
            },
            "type": 2,
            "driving_direction": 1,
            "id": "1560_0",
            "lane_type": 4
        },
        {
            "pos": {
                "x": 566847.9960000205,
                "y": 4318039.3822066095,
                "yaw": -2.925517339605597
            },
            "heading": -2.925517339605597,
            "speeds": {
                "vmax": 15.0
            },
            "type": 2,
            "driving_direction": 1,
            "id": "1560_0",
            "lane_type": 4
        },
        {
            "pos": {
                "x": 566847.502628545,
                "y": 4318039.274886862,
                "yaw": -2.9300705431038
            },
            "heading": -2.9300705431038,
            "speeds": {
                "vmax": 15.0
            },
            "type": 2,
            "driving_direction": 1,
            "id": "1560_0",
            "lane_type": 4
        },
        {
            "pos": {
                "x": 566847.0087512631,
                "y": 4318039.1702232035,
                "yaw": -2.9363773291892707
            },
            "heading": -2.9363773291892707,
            "speeds": {
                "vmax": 15.0
            },
            "type": 2,
            "driving_direction": 1,
            "id": "1560_0",
            "lane_type": 4
        },
        {
            "pos": {
                "x": 566846.5142350981,
                "y": 4318039.069174647,
                "yaw": -2.9434526993905035
            },
            "heading": -2.9434526993905035,
            "speeds": {
                "vmax": 15.0
            },
            "type": 2,
            "driving_direction": 1,
            "id": "1560_0",
            "lane_type": 4
        },
        {
            "pos": {
                "x": 566846.0191968175,
                "y": 4318038.97155785,
                "yaw": -2.949819809518984
            },
            "heading": -2.949819809518984,
            "speeds": {
                "vmax": 15.0
            },
            "type": 2,
            "driving_direction": 1,
            "id": "1560_0",
            "lane_type": 4
        },
        {
            "pos": {
                "x": 566845.5234477986,
                "y": 4318038.876813136,
                "yaw": -2.9550611656114136
            },
            "heading": -2.9550611656114136,
            "speeds": {
                "vmax": 15.0
            },
            "type": 2,
            "driving_direction": 1,
            "id": "1560_0",
            "lane_type": 4
        },
        {
            "pos": {
                "x": 566845.027141121,
                "y": 4318038.784338728,
                "yaw": -2.9595719596805243
            },
            "heading": -2.9595719596805243,
            "speeds": {
                "vmax": 15.0
            },
            "type": 2,
            "driving_direction": 1,
            "id": "1560_0",
            "lane_type": 4
        },
        {
            "pos": {
                "x": 566844.5304243288,
                "y": 4318038.694051351,
                "yaw": -2.9644020433333607
            },
            "heading": -2.9644020433333607,
            "speeds": {
                "vmax": 15.0
            },
            "type": 2,
            "driving_direction": 1,
            "id": "1560_0",
            "lane_type": 4
        },
        {
            "pos": {
                "x": 566844.0335351139,
                "y": 4318038.606434639,
                "yaw": -2.9693927410960193
            },
            "heading": -2.9693927410960193,
            "speeds": {
                "vmax": 15.0
            },
            "type": 2,
            "driving_direction": 1,
            "id": "1560_0",
            "lane_type": 4
        },
        {
            "pos": {
                "x": 566843.5370081305,
                "y": 4318038.521284501,
                "yaw": -2.9737353293905415
            },
            "heading": -2.9737353293905415,
            "speeds": {
                "vmax": 15.0
            },
            "type": 2,
            "driving_direction": 1,
            "id": "1560_0",
            "lane_type": 4
        },
        {
            "pos": {
                "x": 566843.0384905487,
                "y": 4318038.437832274,
                "yaw": -2.9784183536982765
            },
            "heading": -2.9784183536982765,
            "speeds": {
                "vmax": 15.0
            },
            "type": 2,
            "driving_direction": 1,
            "id": "1560_0",
            "lane_type": 4
        },
        {
            "pos": {
                "x": 566842.5409938546,
                "y": 4318038.357321929,
                "yaw": -2.9839422843084265
            },
            "heading": -2.9839422843084265,
            "speeds": {
                "vmax": 15.0
            },
            "type": 2,
            "driving_direction": 1,
            "id": "1560_0",
            "lane_type": 4
        },
        {
            "pos": {
                "x": 566842.0416048488,
                "y": 4318038.279375772,
                "yaw": -2.990751782599749
            },
            "heading": -2.990751782599749,
            "speeds": {
                "vmax": 15.0
            },
            "type": 2,
            "driving_direction": 1,
            "id": "1560_0",
            "lane_type": 4
        },
        {
            "pos": {
                "x": 566841.5442948916,
                "y": 4318038.205859592,
                "yaw": -3.00567379820686
            },
            "heading": -3.00567379820686,
            "speeds": {
                "vmax": 15.0
            },
            "type": 2,
            "driving_direction": 1,
            "id": "1560_0",
            "lane_type": 4
        },
        {
            "pos": {
                "x": 566841.0436782308,
                "y": 4318038.142924359,
                "yaw": -3.021107915254498
            },
            "heading": -3.021107915254498,
            "speeds": {
                "vmax": 15.0
            },
            "type": 2,
            "driving_direction": 1,
            "id": "1560_0",
            "lane_type": 4
        },
        {
            "pos": {
                "x": 566840.5425122458,
                "y": 4318038.084534494,
                "yaw": -3.0247612708898495
            },
            "heading": -3.0247612708898495,
            "speeds": {
                "vmax": 15.0
            },
            "type": 2,
            "driving_direction": 1,
            "id": "1560_0",
            "lane_type": 4
        },
        {
            "pos": {
                "x": 566840.0414041954,
                "y": 4318038.02527918,
                "yaw": -3.0240868535063483
            },
            "heading": -3.0240868535063483,
            "speeds": {
                "vmax": 15.0
            },
            "type": 2,
            "driving_direction": 1,
            "id": "1560_0",
            "lane_type": 4
        },
        {
            "pos": {
                "x": 566839.5401851634,
                "y": 4318037.966210928,
                "yaw": -3.023772758913466
            },
            "heading": -3.023772758913466,
            "speeds": {
                "vmax": 15.0
            },
            "type": 2,
            "driving_direction": 1,
            "id": "1560_0",
            "lane_type": 4
        },
        {
            "pos": {
                "x": 566839.0400627196,
                "y": 4318037.906751895,
                "yaw": -3.0232197523878295
            },
            "heading": -3.0232197523878295,
            "speeds": {
                "vmax": 15.0
            },
            "type": 2,
            "driving_direction": 1,
            "id": "1560_0",
            "lane_type": 4
        },
        {
            "pos": {
                "x": 566838.5381175061,
                "y": 4318037.847037248,
                "yaw": -3.0232064214025587
            },
            "heading": -3.0232064214025587,
            "speeds": {
                "vmax": 15.0
            },
            "type": 2,
            "driving_direction": 1,
            "id": "1560_0",
            "lane_type": 4
        },
        {
            "pos": {
                "x": 566838.0369004414,
                "y": 4318037.7874321025,
                "yaw": -3.022896814726985
            },
            "heading": -3.022896814726985,
            "speeds": {
                "vmax": 15.0
            },
            "type": 2,
            "driving_direction": 1,
            "id": "1560_0",
            "lane_type": 4
        },
        {
            "pos": {
                "x": 566837.5357139555,
                "y": 4318037.727491988,
                "yaw": -3.0219175420856956
            },
            "heading": -3.0219175420856956,
            "speeds": {
                "vmax": 15.0
            },
            "type": 2,
            "driving_direction": 1,
            "id": "1560_0",
            "lane_type": 4
        },
        {
            "pos": {
                "x": 566837.0346507016,
                "y": 4318037.666908989,
                "yaw": -3.0202778813130946
            },
            "heading": -3.0202778813130946,
            "speeds": {
                "vmax": 15.0
            },
            "type": 2,
            "driving_direction": 1,
            "id": "1560_0",
            "lane_type": 4
        },
        {
            "pos": {
                "x": 566836.533678574,
                "y": 4318037.605326477,
                "yaw": -3.017897218903991
            },
            "heading": -3.017897218903991,
            "speeds": {
                "vmax": 15.0
            },
            "type": 2,
            "driving_direction": 1,
            "id": "1560_0",
            "lane_type": 4
        },
        {
            "pos": {
                "x": 566836.0331036524,
                "y": 4318037.542382419,
                "yaw": -3.0152558648750967
            },
            "heading": -3.0152558648750967,
            "speeds": {
                "vmax": 15.0
            },
            "type": 2,
            "driving_direction": 1,
            "id": "1560_0",
            "lane_type": 4
        },
        {
            "pos": {
                "x": 566835.5325414992,
                "y": 4318037.478167696,
                "yaw": -3.0131228670796473
            },
            "heading": -3.0131228670796473,
            "speeds": {
                "vmax": 15.0
            },
            "type": 2,
            "driving_direction": 1,
            "id": "1560_0",
            "lane_type": 4
        },
        {
            "pos": {
                "x": 566835.0320936239,
                "y": 4318037.413071105,
                "yaw": -3.0116448240311304
            },
            "heading": -3.0116448240311304,
            "speeds": {
                "vmax": 15.0
            },
            "type": 2,
            "driving_direction": 1,
            "id": "1560_0",
            "lane_type": 4
        },
        {
            "pos": {
                "x": 566834.5317276393,
                "y": 4318037.347377453,
                "yaw": -3.0107217430111626
            },
            "heading": -3.0107217430111626,
            "speeds": {
                "vmax": 15.0
            },
            "type": 2,
            "driving_direction": 1,
            "id": "1560_0",
            "lane_type": 4
        },
        {
            "pos": {
                "x": 566834.0314052344,
                "y": 4318037.281358205,
                "yaw": -3.0103301715275266
            },
            "heading": -3.0103301715275266,
            "speeds": {
                "vmax": 15.0
            },
            "type": 2,
            "driving_direction": 1,
            "id": "1560_0",
            "lane_type": 4
        },
        {
            "pos": {
                "x": 566833.5313377628,
                "y": 4318037.215304545,
                "yaw": -3.009781711164643
            },
            "heading": -3.009781711164643,
            "speeds": {
                "vmax": 15.0
            },
            "type": 2,
            "driving_direction": 1,
            "id": "1560_0",
            "lane_type": 4
        },
        {
            "pos": {
                "x": 566833.0310683231,
                "y": 4318037.148729731,
                "yaw": -3.0084073579641637
            },
            "heading": -3.0084073579641637,
            "speeds": {
                "vmax": 15.0
            },
            "type": 2,
            "driving_direction": 1,
            "id": "1560_0",
            "lane_type": 4
        },
        {
            "pos": {
                "x": 566832.5308483785,
                "y": 4318037.08125818,
                "yaw": -3.0072188399599207
            },
            "heading": -3.0072188399599207,
            "speeds": {
                "vmax": 15.0
            },
            "type": 2,
            "driving_direction": 1,
            "id": "1560_0",
            "lane_type": 4
        },
        {
            "pos": {
                "x": 566832.0307104082,
                "y": 4318037.013495678,
                "yaw": -3.0071543041365687
            },
            "heading": -3.0071543041365687,
            "speeds": {
                "vmax": 15.0
            },
            "type": 2,
            "driving_direction": 1,
            "id": "1560_0",
            "lane_type": 4
        },
        {
            "pos": {
                "x": 566831.5303608894,
                "y": 4318036.945942288,
                "yaw": -3.007977023769281
            },
            "heading": -3.007977023769281,
            "speeds": {
                "vmax": 15.0
            },
            "type": 2,
            "driving_direction": 1,
            "id": "1560_0",
            "lane_type": 4
        },
        {
            "pos": {
                "x": 566831.0305315421,
                "y": 4318036.879059601,
                "yaw": -3.0091398617311875
            },
            "heading": -3.0091398617311875,
            "speeds": {
                "vmax": 15.0
            },
            "type": 2,
            "driving_direction": 1,
            "id": "1560_0",
            "lane_type": 4
        },
        {
            "pos": {
                "x": 566830.5318247126,
                "y": 4318036.812899562,
                "yaw": -3.006814065547558
            },
            "heading": -3.006814065547558,
            "speeds": {
                "vmax": 15.0
            },
            "type": 2,
            "driving_direction": 1,
            "id": "1560_0",
            "lane_type": 4
        },
        {
            "pos": {
                "x": 566830.0315570527,
                "y": 4318036.743604528,
                "yaw": -3.0039367386574907
            },
            "heading": -3.0039367386574907,
            "speeds": {
                "vmax": 15.0
            },
            "type": 2,
            "driving_direction": 1,
            "id": "1560_0",
            "lane_type": 4
        },
        {
            "pos": {
                "x": 566829.5312610192,
                "y": 4318036.674299376,
                "yaw": -3.004441790598511
            },
            "heading": -3.004441790598511,
            "speeds": {
                "vmax": 15.0
            },
            "type": 2,
            "driving_direction": 1,
            "id": "1560_0",
            "lane_type": 4
        },
        {
            "pos": {
                "x": 566829.0317576494,
                "y": 4318036.605616387,
                "yaw": -3.005318037995274
            },
            "heading": -3.005318037995274,
            "speeds": {
                "vmax": 15.0
            },
            "type": 2,
            "driving_direction": 1,
            "id": "1560_0",
            "lane_type": 4
        },
        {
            "pos": {
                "x": 566828.5315514903,
                "y": 4318036.537213993,
                "yaw": -3.0059472297674326
            },
            "heading": -3.0059472297674326,
            "speeds": {
                "vmax": 15.0
            },
            "type": 2,
            "driving_direction": 1,
            "id": "1560_0",
            "lane_type": 4
        },
        {
            "pos": {
                "x": 566828.031407002,
                "y": 4318036.469084499,
                "yaw": -3.0063672465222226
            },
            "heading": -3.0063672465222226,
            "speeds": {
                "vmax": 15.0
            },
            "type": 2,
            "driving_direction": 1,
            "id": "1560_0",
            "lane_type": 4
        },
        {
            "pos": {
                "x": 566827.5312968446,
                "y": 4318036.401122898,
                "yaw": -3.0065953207282528
            },
            "heading": -3.0065953207282528,
            "speeds": {
                "vmax": 15.0
            },
            "type": 2,
            "driving_direction": 1,
            "id": "1560_0",
            "lane_type": 4
        },
        {
            "pos": {
                "x": 566827.0313261775,
                "y": 4318036.333249524,
                "yaw": -3.0066312043704047
            },
            "heading": -3.0066312043704047,
            "speeds": {
                "vmax": 15.0
            },
            "type": 2,
            "driving_direction": 1,
            "id": "1560_0",
            "lane_type": 4
        },
        {
            "pos": {
                "x": 566826.5312647528,
                "y": 4318036.265330785,
                "yaw": -3.006474147003725
            },
            "heading": -3.006474147003725,
            "speeds": {
                "vmax": 15.0
            },
            "type": 2,
            "driving_direction": 1,
            "id": "1560_0",
            "lane_type": 4
        }
    ]
}