{
    "header": {
        "trace_id": "564ccade1a6241faacc6c85b2210c94f",
        "trans_id": "8a44811a-8b7f-483c-a3e7-db58a026f83d",
        "che_id": "A535",
        "timestamp": "2025-02-19T09:12:47.856593Z"
    },
    "task_id": "564ccade1a6241faacc6c85b2210c94f",
    "navi_id": "A535_564ccade1a6241faacc6c85b2210c94f_3803",
    "seq_num": 3803,
    "dest_type": 1,
    "mode": 2,
    "waypoints": [
        {
            "pos": {
                "x": 566903.5668121836,
                "y": 4317968.895456759,
                "yaw": 1.7982701071827762
            },
            "heading": 1.7982701071827762,
            "speeds": {
                "vmax": 20.0
            },
            "type": 1,
            "driving_direction": 1,
            "id": "1003_2",
            "lane_type": 1
        },
        {
            "pos": {
                "x": 566903.4538093205,
                "y": 4317969.382519746,
                "yaw": 1.7982701071827762
            },
            "heading": 1.7982701071827762,
            "speeds": {
                "vmax": 20.0
            },
            "type": 1,
            "driving_direction": 1,
            "id": "1003_2",
            "lane_type": 1
        },
        {
            "pos": {
                "x": 566903.3408064572,
                "y": 4317969.869582732,
                "yaw": 1.7982701071827762
            },
            "heading": 1.7982701071827762,
            "speeds": {
                "vmax": 20.0
            },
            "type": 1,
            "driving_direction": 1,
            "id": "1003_2",
            "lane_type": 1
        },
        {
            "pos": {
                "x": 566903.2278035941,
                "y": 4317970.356645719,
                "yaw": 1.7982701071827762
            },
            "heading": 1.7982701071827762,
            "speeds": {
                "vmax": 20.0
            },
            "type": 1,
            "driving_direction": 1,
            "id": "1003_2",
            "lane_type": 1
        },
        {
            "pos": {
                "x": 566903.114800731,
                "y": 4317970.843708706,
                "yaw": 1.7982701071827762
            },
            "heading": 1.7982701071827762,
            "speeds": {
                "vmax": 20.0
            },
            "type": 1,
            "driving_direction": 1,
            "id": "1003_2",
            "lane_type": 1
        },
        {
            "pos": {
                "x": 566903.0017978677,
                "y": 4317971.330771692,
                "yaw": 1.7982701071827762
            },
            "heading": 1.7982701071827762,
            "speeds": {
                "vmax": 20.0
            },
            "type": 1,
            "driving_direction": 1,
            "id": "1003_2",
            "lane_type": 1
        },
        {
            "pos": {
                "x": 566902.8887950046,
                "y": 4317971.817834679,
                "yaw": 1.7982701071827762
            },
            "heading": 1.7982701071827762,
            "speeds": {
                "vmax": 20.0
            },
            "type": 1,
            "driving_direction": 1,
            "id": "1003_2",
            "lane_type": 1
        },
        {
            "pos": {
                "x": 566902.7757921413,
                "y": 4317972.304897665,
                "yaw": 1.7982701071827762
            },
            "heading": 1.7982701071827762,
            "speeds": {
                "vmax": 20.0
            },
            "type": 1,
            "driving_direction": 1,
            "id": "1003_2",
            "lane_type": 1
        },
        {
            "pos": {
                "x": 566902.6627892782,
                "y": 4317972.791960652,
                "yaw": 1.7982701071827762
            },
            "heading": 1.7982701071827762,
            "speeds": {
                "vmax": 20.0
            },
            "type": 1,
            "driving_direction": 1,
            "id": "1003_2",
            "lane_type": 1
        },
        {
            "pos": {
                "x": 566902.5497864151,
                "y": 4317973.279023639,
                "yaw": 1.7982701071827762
            },
            "heading": 1.7982701071827762,
            "speeds": {
                "vmax": 20.0
            },
            "type": 1,
            "driving_direction": 1,
            "id": "1003_2",
            "lane_type": 1
        },
        {
            "pos": {
                "x": 566902.4367835518,
                "y": 4317973.766086625,
                "yaw": 1.7982701071827762
            },
            "heading": 1.7982701071827762,
            "speeds": {
                "vmax": 20.0
            },
            "type": 1,
            "driving_direction": 1,
            "id": "1003_2",
            "lane_type": 1
        },
        {
            "pos": {
                "x": 566902.3237806887,
                "y": 4317974.253149612,
                "yaw": 1.7982701071827762
            },
            "heading": 1.7982701071827762,
            "speeds": {
                "vmax": 20.0
            },
            "type": 1,
            "driving_direction": 1,
            "id": "1003_2",
            "lane_type": 1
        },
        {
            "pos": {
                "x": 566902.2107778256,
                "y": 4317974.740212599,
                "yaw": 1.7982701071827762
            },
            "heading": 1.7982701071827762,
            "speeds": {
                "vmax": 20.0
            },
            "type": 1,
            "driving_direction": 1,
            "id": "1003_2",
            "lane_type": 1
        },
        {
            "pos": {
                "x": 566902.0977749623,
                "y": 4317975.227275585,
                "yaw": 1.7982701071827762
            },
            "heading": 1.7982701071827762,
            "speeds": {
                "vmax": 20.0
            },
            "type": 1,
            "driving_direction": 1,
            "id": "1003_2",
            "lane_type": 1
        },
        {
            "pos": {
                "x": 566901.9847720992,
                "y": 4317975.714338572,
                "yaw": 1.7982701071827762
            },
            "heading": 1.7982701071827762,
            "speeds": {
                "vmax": 20.0
            },
            "type": 1,
            "driving_direction": 1,
            "id": "1003_2",
            "lane_type": 1
        },
        {
            "pos": {
                "x": 566901.871769236,
                "y": 4317976.201401559,
                "yaw": 1.7982701071827762
            },
            "heading": 1.7982701071827762,
            "speeds": {
                "vmax": 20.0
            },
            "type": 1,
            "driving_direction": 1,
            "id": "1003_2",
            "lane_type": 1
        },
        {
            "pos": {
                "x": 566901.7587663728,
                "y": 4317976.688464545,
                "yaw": 1.7982701071827762
            },
            "heading": 1.7982701071827762,
            "speeds": {
                "vmax": 20.0
            },
            "type": 1,
            "driving_direction": 1,
            "id": "1003_2",
            "lane_type": 1
        },
        {
            "pos": {
                "x": 566901.6457635097,
                "y": 4317977.175527532,
                "yaw": 1.7982701071827762
            },
            "heading": 1.7982701071827762,
            "speeds": {
                "vmax": 20.0
            },
            "type": 1,
            "driving_direction": 1,
            "id": "1003_2",
            "lane_type": 1
        },
        {
            "pos": {
                "x": 566901.5327606464,
                "y": 4317977.662590518,
                "yaw": 1.7982701071827762
            },
            "heading": 1.7982701071827762,
            "speeds": {
                "vmax": 20.0
            },
            "type": 1,
            "driving_direction": 1,
            "id": "1003_2",
            "lane_type": 1
        },
        {
            "pos": {
                "x": 566901.4197577833,
                "y": 4317978.149653505,
                "yaw": 1.7982701071827762
            },
            "heading": 1.7982701071827762,
            "speeds": {
                "vmax": 20.0
            },
            "type": 1,
            "driving_direction": 1,
            "id": "1003_2",
            "lane_type": 1
        },
        {
            "pos": {
                "x": 566901.3067549202,
                "y": 4317978.636716492,
                "yaw": 1.7982701071827762
            },
            "heading": 1.7982701071827762,
            "speeds": {
                "vmax": 20.0
            },
            "type": 1,
            "driving_direction": 1,
            "id": "1003_2",
            "lane_type": 1
        },
        {
            "pos": {
                "x": 566901.1937520569,
                "y": 4317979.123779478,
                "yaw": 1.7982701071827762
            },
            "heading": 1.7982701071827762,
            "speeds": {
                "vmax": 20.0
            },
            "type": 1,
            "driving_direction": 1,
            "id": "1003_2",
            "lane_type": 1
        },
        {
            "pos": {
                "x": 566901.0807491938,
                "y": 4317979.6108424645,
                "yaw": 1.7982701071827762
            },
            "heading": 1.7982701071827762,
            "speeds": {
                "vmax": 20.0
            },
            "type": 1,
            "driving_direction": 1,
            "id": "1003_2",
            "lane_type": 1
        },
        {
            "pos": {
                "x": 566900.9677463307,
                "y": 4317980.097905451,
                "yaw": 1.7982701071827762
            },
            "heading": 1.7982701071827762,
            "speeds": {
                "vmax": 20.0
            },
            "type": 1,
            "driving_direction": 1,
            "id": "1003_2",
            "lane_type": 1
        },
        {
            "pos": {
                "x": 566900.8547434674,
                "y": 4317980.584968437,
                "yaw": 1.7982701071827762
            },
            "heading": 1.7982701071827762,
            "speeds": {
                "vmax": 20.0
            },
            "type": 1,
            "driving_direction": 1,
            "id": "1003_2",
            "lane_type": 1
        },
        {
            "pos": {
                "x": 566900.7417406043,
                "y": 4317981.072031424,
                "yaw": 1.7982701071827762
            },
            "heading": 1.7982701071827762,
            "speeds": {
                "vmax": 20.0
            },
            "type": 1,
            "driving_direction": 1,
            "id": "1003_2",
            "lane_type": 1
        },
        {
            "pos": {
                "x": 566900.6287377411,
                "y": 4317981.55909441,
                "yaw": 1.7982701071827762
            },
            "heading": 1.7982701071827762,
            "speeds": {
                "vmax": 20.0
            },
            "type": 1,
            "driving_direction": 1,
            "id": "1003_2",
            "lane_type": 1
        },
        {
            "pos": {
                "x": 566900.5157348779,
                "y": 4317982.046157397,
                "yaw": 1.7982701071827762
            },
            "heading": 1.7982701071827762,
            "speeds": {
                "vmax": 20.0
            },
            "type": 1,
            "driving_direction": 1,
            "id": "1003_2",
            "lane_type": 1
        },
        {
            "pos": {
                "x": 566900.4027320148,
                "y": 4317982.533220384,
                "yaw": 1.7982701071827762
            },
            "heading": 1.7982701071827762,
            "speeds": {
                "vmax": 20.0
            },
            "type": 1,
            "driving_direction": 1,
            "id": "1003_2",
            "lane_type": 1
        },
        {
            "pos": {
                "x": 566900.2897291515,
                "y": 4317983.02028337,
                "yaw": 1.7982701071827762
            },
            "heading": 1.7982701071827762,
            "speeds": {
                "vmax": 20.0
            },
            "type": 1,
            "driving_direction": 1,
            "id": "1003_2",
            "lane_type": 1
        },
        {
            "pos": {
                "x": 566900.1767262884,
                "y": 4317983.507346357,
                "yaw": 1.7982701071827762
            },
            "heading": 1.7982701071827762,
            "speeds": {
                "vmax": 20.0
            },
            "type": 1,
            "driving_direction": 1,
            "id": "1003_2",
            "lane_type": 1
        },
        {
            "pos": {
                "x": 566900.0637234253,
                "y": 4317983.994409344,
                "yaw": 1.7982701071827762
            },
            "heading": 1.7982701071827762,
            "speeds": {
                "vmax": 20.0
            },
            "type": 1,
            "driving_direction": 1,
            "id": "1003_2",
            "lane_type": 1
        },
        {
            "pos": {
                "x": 566899.950720562,
                "y": 4317984.48147233,
                "yaw": 1.7982701071827762
            },
            "heading": 1.7982701071827762,
            "speeds": {
                "vmax": 20.0
            },
            "type": 1,
            "driving_direction": 1,
            "id": "1003_2",
            "lane_type": 1
        },
        {
            "pos": {
                "x": 566899.8377176989,
                "y": 4317984.968535317,
                "yaw": 1.7982701071827762
            },
            "heading": 1.7982701071827762,
            "speeds": {
                "vmax": 20.0
            },
            "type": 1,
            "driving_direction": 1,
            "id": "1003_2",
            "lane_type": 1
        },
        {
            "pos": {
                "x": 566899.7247148358,
                "y": 4317985.455598304,
                "yaw": 1.7982701071827762
            },
            "heading": 1.7982701071827762,
            "speeds": {
                "vmax": 20.0
            },
            "type": 1,
            "driving_direction": 1,
            "id": "1003_2",
            "lane_type": 1
        },
        {
            "pos": {
                "x": 566899.6117119725,
                "y": 4317985.94266129,
                "yaw": 1.7982701071827762
            },
            "heading": 1.7982701071827762,
            "speeds": {
                "vmax": 20.0
            },
            "type": 1,
            "driving_direction": 1,
            "id": "1003_2",
            "lane_type": 1
        },
        {
            "pos": {
                "x": 566899.4987091094,
                "y": 4317986.429724277,
                "yaw": 1.7982701071827762
            },
            "heading": 1.7982701071827762,
            "speeds": {
                "vmax": 20.0
            },
            "type": 1,
            "driving_direction": 1,
            "id": "1003_2",
            "lane_type": 1
        },
        {
            "pos": {
                "x": 566899.3857062462,
                "y": 4317986.916787263,
                "yaw": 1.7982701071827762
            },
            "heading": 1.7982701071827762,
            "speeds": {
                "vmax": 20.0
            },
            "type": 1,
            "driving_direction": 1,
            "id": "1003_2",
            "lane_type": 1
        },
        {
            "pos": {
                "x": 566899.272703383,
                "y": 4317987.40385025,
                "yaw": 1.7982701071827762
            },
            "heading": 1.7982701071827762,
            "speeds": {
                "vmax": 20.0
            },
            "type": 1,
            "driving_direction": 1,
            "id": "1003_2",
            "lane_type": 1
        },
        {
            "pos": {
                "x": 566899.1597005199,
                "y": 4317987.890913237,
                "yaw": 1.7982701071827762
            },
            "heading": 1.7982701071827762,
            "speeds": {
                "vmax": 20.0
            },
            "type": 1,
            "driving_direction": 1,
            "id": "1003_2",
            "lane_type": 1
        },
        {
            "pos": {
                "x": 566899.0466976566,
                "y": 4317988.377976223,
                "yaw": 1.7982701071827762
            },
            "heading": 1.7982701071827762,
            "speeds": {
                "vmax": 20.0
            },
            "type": 1,
            "driving_direction": 1,
            "id": "1003_2",
            "lane_type": 1
        },
        {
            "pos": {
                "x": 566898.9336947935,
                "y": 4317988.86503921,
                "yaw": 1.7982701071827762
            },
            "heading": 1.7982701071827762,
            "speeds": {
                "vmax": 20.0
            },
            "type": 1,
            "driving_direction": 1,
            "id": "1003_2",
            "lane_type": 1
        },
        {
            "pos": {
                "x": 566898.8206919304,
                "y": 4317989.352102197,
                "yaw": 1.7982701071827762
            },
            "heading": 1.7982701071827762,
            "speeds": {
                "vmax": 20.0
            },
            "type": 1,
            "driving_direction": 1,
            "id": "1003_2",
            "lane_type": 1
        },
        {
            "pos": {
                "x": 566898.7076890671,
                "y": 4317989.839165183,
                "yaw": 1.7982701071827762
            },
            "heading": 1.7982701071827762,
            "speeds": {
                "vmax": 20.0
            },
            "type": 1,
            "driving_direction": 1,
            "id": "1003_2",
            "lane_type": 1
        },
        {
            "pos": {
                "x": 566898.594686204,
                "y": 4317990.32622817,
                "yaw": 1.7982701071827762
            },
            "heading": 1.7982701071827762,
            "speeds": {
                "vmax": 20.0
            },
            "type": 1,
            "driving_direction": 1,
            "id": "1003_2",
            "lane_type": 1
        },
        {
            "pos": {
                "x": 566898.4816833409,
                "y": 4317990.813291157,
                "yaw": 1.7982701071827762
            },
            "heading": 1.7982701071827762,
            "speeds": {
                "vmax": 20.0
            },
            "type": 1,
            "driving_direction": 1,
            "id": "1003_2",
            "lane_type": 1
        },
        {
            "pos": {
                "x": 566898.3686804776,
                "y": 4317991.300354143,
                "yaw": 1.7982701071827762
            },
            "heading": 1.7982701071827762,
            "speeds": {
                "vmax": 20.0
            },
            "type": 1,
            "driving_direction": 1,
            "id": "1003_2",
            "lane_type": 1
        },
        {
            "pos": {
                "x": 566898.2556776145,
                "y": 4317991.78741713,
                "yaw": 1.7982701071827762
            },
            "heading": 1.7982701071827762,
            "speeds": {
                "vmax": 20.0
            },
            "type": 1,
            "driving_direction": 1,
            "id": "1003_2",
            "lane_type": 1
        },
        {
            "pos": {
                "x": 566898.1426747513,
                "y": 4317992.274480116,
                "yaw": 1.7982701071827762
            },
            "heading": 1.7982701071827762,
            "speeds": {
                "vmax": 20.0
            },
            "type": 1,
            "driving_direction": 1,
            "id": "1003_2",
            "lane_type": 1
        },
        {
            "pos": {
                "x": 566898.0296718881,
                "y": 4317992.761543103,
                "yaw": 1.7982701071827762
            },
            "heading": 1.7982701071827762,
            "speeds": {
                "vmax": 20.0
            },
            "type": 1,
            "driving_direction": 1,
            "id": "1003_2",
            "lane_type": 1
        },
        {
            "pos": {
                "x": 566897.916669025,
                "y": 4317993.2486060895,
                "yaw": 1.7982701071827762
            },
            "heading": 1.7982701071827762,
            "speeds": {
                "vmax": 20.0
            },
            "type": 1,
            "driving_direction": 1,
            "id": "1003_2",
            "lane_type": 1
        },
        {
            "pos": {
                "x": 566897.8036661617,
                "y": 4317993.7356690755,
                "yaw": 1.7982701071827762
            },
            "heading": 1.7982701071827762,
            "speeds": {
                "vmax": 20.0
            },
            "type": 1,
            "driving_direction": 1,
            "id": "1003_2",
            "lane_type": 1
        },
        {
            "pos": {
                "x": 566897.6906632986,
                "y": 4317994.222732062,
                "yaw": 1.7982701071827762
            },
            "heading": 1.7982701071827762,
            "speeds": {
                "vmax": 20.0
            },
            "type": 1,
            "driving_direction": 1,
            "id": "1003_2",
            "lane_type": 1
        },
        {
            "pos": {
                "x": 566897.5776604355,
                "y": 4317994.709795049,
                "yaw": 1.7982701071827762
            },
            "heading": 1.7982701071827762,
            "speeds": {
                "vmax": 20.0
            },
            "type": 1,
            "driving_direction": 1,
            "id": "1003_2",
            "lane_type": 1
        },
        {
            "pos": {
                "x": 566897.4646575722,
                "y": 4317995.196858035,
                "yaw": 1.7982701071827762
            },
            "heading": 1.7982701071827762,
            "speeds": {
                "vmax": 20.0
            },
            "type": 1,
            "driving_direction": 1,
            "id": "1003_2",
            "lane_type": 1
        },
        {
            "pos": {
                "x": 566897.3516547091,
                "y": 4317995.683921022,
                "yaw": 1.7982701071827762
            },
            "heading": 1.7982701071827762,
            "speeds": {
                "vmax": 20.0
            },
            "type": 1,
            "driving_direction": 1,
            "id": "1003_2",
            "lane_type": 1
        },
        {
            "pos": {
                "x": 566897.238651846,
                "y": 4317996.170984008,
                "yaw": 1.7982701071827762
            },
            "heading": 1.7982701071827762,
            "speeds": {
                "vmax": 20.0
            },
            "type": 1,
            "driving_direction": 1,
            "id": "1003_2",
            "lane_type": 1
        },
        {
            "pos": {
                "x": 566897.1256489827,
                "y": 4317996.658046995,
                "yaw": 1.7982701071827762
            },
            "heading": 1.7982701071827762,
            "speeds": {
                "vmax": 20.0
            },
            "type": 1,
            "driving_direction": 1,
            "id": "1003_2",
            "lane_type": 1
        },
        {
            "pos": {
                "x": 566897.0126461196,
                "y": 4317997.145109982,
                "yaw": 1.7982701071827762
            },
            "heading": 1.7982701071827762,
            "speeds": {
                "vmax": 20.0
            },
            "type": 1,
            "driving_direction": 1,
            "id": "1003_2",
            "lane_type": 1
        },
        {
            "pos": {
                "x": 566896.8996432564,
                "y": 4317997.632172968,
                "yaw": 1.7982701071827762
            },
            "heading": 1.7982701071827762,
            "speeds": {
                "vmax": 20.0
            },
            "type": 1,
            "driving_direction": 1,
            "id": "1003_2",
            "lane_type": 1
        },
        {
            "pos": {
                "x": 566896.7866403932,
                "y": 4317998.119235955,
                "yaw": 1.7982701071827762
            },
            "heading": 1.7982701071827762,
            "speeds": {
                "vmax": 20.0
            },
            "type": 1,
            "driving_direction": 1,
            "id": "1003_2",
            "lane_type": 1
        },
        {
            "pos": {
                "x": 566896.6736375301,
                "y": 4317998.606298942,
                "yaw": 1.7982701071827762
            },
            "heading": 1.7982701071827762,
            "speeds": {
                "vmax": 20.0
            },
            "type": 1,
            "driving_direction": 1,
            "id": "1003_2",
            "lane_type": 1
        },
        {
            "pos": {
                "x": 566896.5606346668,
                "y": 4317999.093361928,
                "yaw": 1.7982701071827762
            },
            "heading": 1.7982701071827762,
            "speeds": {
                "vmax": 20.0
            },
            "type": 1,
            "driving_direction": 1,
            "id": "1003_2",
            "lane_type": 1
        },
        {
            "pos": {
                "x": 566896.4476318037,
                "y": 4317999.580424915,
                "yaw": 1.7982701071827762
            },
            "heading": 1.7982701071827762,
            "speeds": {
                "vmax": 20.0
            },
            "type": 1,
            "driving_direction": 1,
            "id": "1003_2",
            "lane_type": 1
        },
        {
            "pos": {
                "x": 566896.3346289406,
                "y": 4318000.067487902,
                "yaw": 1.7982701071827762
            },
            "heading": 1.7982701071827762,
            "speeds": {
                "vmax": 20.0
            },
            "type": 1,
            "driving_direction": 1,
            "id": "1003_2",
            "lane_type": 1
        },
        {
            "pos": {
                "x": 566896.2216260773,
                "y": 4318000.554550888,
                "yaw": 1.7982701071827762
            },
            "heading": 1.7982701071827762,
            "speeds": {
                "vmax": 20.0
            },
            "type": 1,
            "driving_direction": 1,
            "id": "1003_2",
            "lane_type": 1
        },
        {
            "pos": {
                "x": 566896.1086232142,
                "y": 4318001.041613875,
                "yaw": 1.7982701071827762
            },
            "heading": 1.7982701071827762,
            "speeds": {
                "vmax": 20.0
            },
            "type": 1,
            "driving_direction": 1,
            "id": "1003_2",
            "lane_type": 1
        },
        {
            "pos": {
                "x": 566895.995620351,
                "y": 4318001.528676861,
                "yaw": 1.7982701071827762
            },
            "heading": 1.7982701071827762,
            "speeds": {
                "vmax": 20.0
            },
            "type": 1,
            "driving_direction": 1,
            "id": "1003_2",
            "lane_type": 1
        },
        {
            "pos": {
                "x": 566895.8826174878,
                "y": 4318002.015739848,
                "yaw": 1.7982701071827762
            },
            "heading": 1.7982701071827762,
            "speeds": {
                "vmax": 20.0
            },
            "type": 1,
            "driving_direction": 1,
            "id": "1003_2",
            "lane_type": 1
        },
        {
            "pos": {
                "x": 566895.7696146247,
                "y": 4318002.502802835,
                "yaw": 1.7982701071827762
            },
            "heading": 1.7982701071827762,
            "speeds": {
                "vmax": 20.0
            },
            "type": 1,
            "driving_direction": 1,
            "id": "1003_2",
            "lane_type": 1
        },
        {
            "pos": {
                "x": 566895.6566117615,
                "y": 4318002.989865821,
                "yaw": 1.7982701071827762
            },
            "heading": 1.7982701071827762,
            "speeds": {
                "vmax": 20.0
            },
            "type": 1,
            "driving_direction": 1,
            "id": "1003_2",
            "lane_type": 1
        },
        {
            "pos": {
                "x": 566895.5436088983,
                "y": 4318003.476928808,
                "yaw": 1.7982701071827762
            },
            "heading": 1.7982701071827762,
            "speeds": {
                "vmax": 20.0
            },
            "type": 1,
            "driving_direction": 1,
            "id": "1003_2",
            "lane_type": 1
        },
        {
            "pos": {
                "x": 566895.4306060352,
                "y": 4318003.963991795,
                "yaw": 1.7982701071827762
            },
            "heading": 1.7982701071827762,
            "speeds": {
                "vmax": 20.0
            },
            "type": 1,
            "driving_direction": 1,
            "id": "1003_2",
            "lane_type": 1
        },
        {
            "pos": {
                "x": 566895.317603172,
                "y": 4318004.451054781,
                "yaw": 1.7982701071827762
            },
            "heading": 1.7982701071827762,
            "speeds": {
                "vmax": 20.0
            },
            "type": 1,
            "driving_direction": 1,
            "id": "1003_2",
            "lane_type": 1
        },
        {
            "pos": {
                "x": 566895.2046003088,
                "y": 4318004.938117768,
                "yaw": 1.7982701071827762
            },
            "heading": 1.7982701071827762,
            "speeds": {
                "vmax": 20.0
            },
            "type": 1,
            "driving_direction": 1,
            "id": "1003_2",
            "lane_type": 1
        },
        {
            "pos": {
                "x": 566895.0915974457,
                "y": 4318005.425180755,
                "yaw": 1.7982701071827762
            },
            "heading": 1.7982701071827762,
            "speeds": {
                "vmax": 20.0
            },
            "type": 1,
            "driving_direction": 1,
            "id": "1003_2",
            "lane_type": 1
        },
        {
            "pos": {
                "x": 566894.9785945824,
                "y": 4318005.912243741,
                "yaw": 1.7982701071827762
            },
            "heading": 1.7982701071827762,
            "speeds": {
                "vmax": 20.0
            },
            "type": 1,
            "driving_direction": 1,
            "id": "1003_2",
            "lane_type": 1
        },
        {
            "pos": {
                "x": 566894.8655917193,
                "y": 4318006.399306728,
                "yaw": 1.7982701071827762
            },
            "heading": 1.7982701071827762,
            "speeds": {
                "vmax": 20.0
            },
            "type": 1,
            "driving_direction": 1,
            "id": "1003_2",
            "lane_type": 1
        },
        {
            "pos": {
                "x": 566894.7525888562,
                "y": 4318006.886369714,
                "yaw": 1.7982701071827762
            },
            "heading": 1.7982701071827762,
            "speeds": {
                "vmax": 20.0
            },
            "type": 1,
            "driving_direction": 1,
            "id": "1003_2",
            "lane_type": 1
        },
        {
            "pos": {
                "x": 566894.6395859929,
                "y": 4318007.3734327005,
                "yaw": 1.7982701071827762
            },
            "heading": 1.7982701071827762,
            "speeds": {
                "vmax": 20.0
            },
            "type": 1,
            "driving_direction": 1,
            "id": "1003_2",
            "lane_type": 1
        },
        {
            "pos": {
                "x": 566894.5265831298,
                "y": 4318007.860495687,
                "yaw": 1.7982701071827762
            },
            "heading": 1.7982701071827762,
            "speeds": {
                "vmax": 20.0
            },
            "type": 1,
            "driving_direction": 1,
            "id": "1003_2",
            "lane_type": 1
        },
        {
            "pos": {
                "x": 566894.4135802666,
                "y": 4318008.3475586735,
                "yaw": 1.7982701071827762
            },
            "heading": 1.7982701071827762,
            "speeds": {
                "vmax": 20.0
            },
            "type": 1,
            "driving_direction": 1,
            "id": "1003_2",
            "lane_type": 1
        },
        {
            "pos": {
                "x": 566894.3005774034,
                "y": 4318008.83462166,
                "yaw": 1.7982701071827762
            },
            "heading": 1.7982701071827762,
            "speeds": {
                "vmax": 20.0
            },
            "type": 1,
            "driving_direction": 1,
            "id": "1003_2",
            "lane_type": 1
        },
        {
            "pos": {
                "x": 566894.1875745403,
                "y": 4318009.321684647,
                "yaw": 1.7982701071827762
            },
            "heading": 1.7982701071827762,
            "speeds": {
                "vmax": 20.0
            },
            "type": 1,
            "driving_direction": 1,
            "id": "1003_2",
            "lane_type": 1
        },
        {
            "pos": {
                "x": 566894.0745716771,
                "y": 4318009.808747633,
                "yaw": 1.7982701071827762
            },
            "heading": 1.7982701071827762,
            "speeds": {
                "vmax": 20.0
            },
            "type": 1,
            "driving_direction": 1,
            "id": "1003_2",
            "lane_type": 1
        },
        {
            "pos": {
                "x": 566893.9615688139,
                "y": 4318010.29581062,
                "yaw": 1.7982701071827762
            },
            "heading": 1.7982701071827762,
            "speeds": {
                "vmax": 20.0
            },
            "type": 1,
            "driving_direction": 1,
            "id": "1003_2",
            "lane_type": 1
        },
        {
            "pos": {
                "x": 566893.8485659508,
                "y": 4318010.782873606,
                "yaw": 1.7982701071827762
            },
            "heading": 1.7982701071827762,
            "speeds": {
                "vmax": 20.0
            },
            "type": 1,
            "driving_direction": 1,
            "id": "1003_2",
            "lane_type": 1
        },
        {
            "pos": {
                "x": 566893.7355630875,
                "y": 4318011.269936593,
                "yaw": 1.7982701071827762
            },
            "heading": 1.7982701071827762,
            "speeds": {
                "vmax": 20.0
            },
            "type": 1,
            "driving_direction": 1,
            "id": "1003_2",
            "lane_type": 1
        },
        {
            "pos": {
                "x": 566893.6225602244,
                "y": 4318011.75699958,
                "yaw": 1.7982701071827762
            },
            "heading": 1.7982701071827762,
            "speeds": {
                "vmax": 20.0
            },
            "type": 1,
            "driving_direction": 1,
            "id": "1003_2",
            "lane_type": 1
        },
        {
            "pos": {
                "x": 566893.5095573612,
                "y": 4318012.244062566,
                "yaw": 1.7982701071827762
            },
            "heading": 1.7982701071827762,
            "speeds": {
                "vmax": 20.0
            },
            "type": 1,
            "driving_direction": 1,
            "id": "1003_2",
            "lane_type": 1
        },
        {
            "pos": {
                "x": 566893.396554498,
                "y": 4318012.731125553,
                "yaw": 1.7982701071827762
            },
            "heading": 1.7982701071827762,
            "speeds": {
                "vmax": 20.0
            },
            "type": 1,
            "driving_direction": 1,
            "id": "1003_2",
            "lane_type": 1
        },
        {
            "pos": {
                "x": 566893.2835516349,
                "y": 4318013.21818854,
                "yaw": 1.7982701071827762
            },
            "heading": 1.7982701071827762,
            "speeds": {
                "vmax": 20.0
            },
            "type": 1,
            "driving_direction": 1,
            "id": "1003_2",
            "lane_type": 1
        },
        {
            "pos": {
                "x": 566893.1705487717,
                "y": 4318013.705251526,
                "yaw": 1.7982701071827762
            },
            "heading": 1.7982701071827762,
            "speeds": {
                "vmax": 20.0
            },
            "type": 1,
            "driving_direction": 1,
            "id": "1003_2",
            "lane_type": 1
        },
        {
            "pos": {
                "x": 566893.0575459085,
                "y": 4318014.192314513,
                "yaw": 1.7982701071827762
            },
            "heading": 1.7982701071827762,
            "speeds": {
                "vmax": 20.0
            },
            "type": 1,
            "driving_direction": 1,
            "id": "1003_2",
            "lane_type": 1
        },
        {
            "pos": {
                "x": 566892.9445430454,
                "y": 4318014.6793775,
                "yaw": 1.7982701071827762
            },
            "heading": 1.7982701071827762,
            "speeds": {
                "vmax": 20.0
            },
            "type": 1,
            "driving_direction": 1,
            "id": "1003_2",
            "lane_type": 1
        },
        {
            "pos": {
                "x": 566892.8315401822,
                "y": 4318015.166440486,
                "yaw": 1.7982701071827762
            },
            "heading": 1.7982701071827762,
            "speeds": {
                "vmax": 20.0
            },
            "type": 1,
            "driving_direction": 1,
            "id": "1003_2",
            "lane_type": 1
        },
        {
            "pos": {
                "x": 566892.718537319,
                "y": 4318015.653503473,
                "yaw": 1.7982701071827762
            },
            "heading": 1.7982701071827762,
            "speeds": {
                "vmax": 20.0
            },
            "type": 1,
            "driving_direction": 1,
            "id": "1003_2",
            "lane_type": 1
        },
        {
            "pos": {
                "x": 566892.6055344559,
                "y": 4318016.140566459,
                "yaw": 1.7982701071827762
            },
            "heading": 1.7982701071827762,
            "speeds": {
                "vmax": 20.0
            },
            "type": 1,
            "driving_direction": 1,
            "id": "1003_2",
            "lane_type": 1
        },
        {
            "pos": {
                "x": 566892.4925315926,
                "y": 4318016.627629446,
                "yaw": 1.7982701071827762
            },
            "heading": 1.7982701071827762,
            "speeds": {
                "vmax": 20.0
            },
            "type": 1,
            "driving_direction": 1,
            "id": "1003_2",
            "lane_type": 1
        },
        {
            "pos": {
                "x": 566892.3795287295,
                "y": 4318017.114692433,
                "yaw": 1.7982701071827762
            },
            "heading": 1.7982701071827762,
            "speeds": {
                "vmax": 20.0
            },
            "type": 1,
            "driving_direction": 1,
            "id": "1003_2",
            "lane_type": 1
        },
        {
            "pos": {
                "x": 566892.2665258663,
                "y": 4318017.601755419,
                "yaw": 1.7982701071827762
            },
            "heading": 1.7982701071827762,
            "speeds": {
                "vmax": 20.0
            },
            "type": 1,
            "driving_direction": 1,
            "id": "1003_2",
            "lane_type": 1
        },
        {
            "pos": {
                "x": 566892.1535230031,
                "y": 4318018.088818406,
                "yaw": 1.7982701071827762
            },
            "heading": 1.7982701071827762,
            "speeds": {
                "vmax": 20.0
            },
            "type": 1,
            "driving_direction": 1,
            "id": "1003_2",
            "lane_type": 1
        },
        {
            "pos": {
                "x": 566892.04052014,
                "y": 4318018.575881393,
                "yaw": 1.7982701071827762
            },
            "heading": 1.7982701071827762,
            "speeds": {
                "vmax": 20.0
            },
            "type": 1,
            "driving_direction": 1,
            "id": "1003_2",
            "lane_type": 1
        },
        {
            "pos": {
                "x": 566891.9275172768,
                "y": 4318019.062944379,
                "yaw": 1.7982701071827762
            },
            "heading": 1.7982701071827762,
            "speeds": {
                "vmax": 20.0
            },
            "type": 1,
            "driving_direction": 1,
            "id": "1003_2",
            "lane_type": 1
        },
        {
            "pos": {
                "x": 566891.8145144136,
                "y": 4318019.550007366,
                "yaw": 1.7982701071827762
            },
            "heading": 1.7982701071827762,
            "speeds": {
                "vmax": 20.0
            },
            "type": 1,
            "driving_direction": 1,
            "id": "1003_2",
            "lane_type": 1
        },
        {
            "pos": {
                "x": 566891.7015115505,
                "y": 4318020.037070353,
                "yaw": 1.7982701071827762
            },
            "heading": 1.7982701071827762,
            "speeds": {
                "vmax": 20.0
            },
            "type": 1,
            "driving_direction": 1,
            "id": "1003_2",
            "lane_type": 1
        },
        {
            "pos": {
                "x": 566891.5885086873,
                "y": 4318020.524133339,
                "yaw": 1.7982701071827762
            },
            "heading": 1.7982701071827762,
            "speeds": {
                "vmax": 20.0
            },
            "type": 1,
            "driving_direction": 1,
            "id": "1003_2",
            "lane_type": 1
        },
        {
            "pos": {
                "x": 566891.4755058241,
                "y": 4318021.0111963255,
                "yaw": 1.7982701071827762
            },
            "heading": 1.7982701071827762,
            "speeds": {
                "vmax": 20.0
            },
            "type": 1,
            "driving_direction": 1,
            "id": "1003_2",
            "lane_type": 1
        },
        {
            "pos": {
                "x": 566891.362502961,
                "y": 4318021.498259312,
                "yaw": 1.7982701071827762
            },
            "heading": 1.7982701071827762,
            "speeds": {
                "vmax": 20.0
            },
            "type": 1,
            "driving_direction": 1,
            "id": "1003_2",
            "lane_type": 1
        },
        {
            "pos": {
                "x": 566891.3173096973,
                "y": 4318021.693050535,
                "yaw": 1.7982701071827762
            },
            "heading": 1.7982701071827762,
            "speeds": {
                "vmax": 20.0
            },
            "type": 1,
            "driving_direction": 1,
            "id": "1003_2",
            "lane_type": 1
        },
        {
            "pos": {
                "x": 566891.2039149548,
                "y": 4318022.180206442,
                "yaw": 1.6980238422530485
            },
            "heading": 1.6980238422530485,
            "speeds": {
                "vmax": 15.0
            },
            "type": 2,
            "driving_direction": 1,
            "id": "1556_0",
            "lane_type": 4
        },
        {
            "pos": {
                "x": 566891.1365967126,
                "y": 4318022.706434916,
                "yaw": 1.6989129267137897
            },
            "heading": 1.6989129267137897,
            "speeds": {
                "vmax": 15.0
            },
            "type": 2,
            "driving_direction": 1,
            "id": "1556_0",
            "lane_type": 4
        },
        {
            "pos": {
                "x": 566891.0684253974,
                "y": 4318023.232020665,
                "yaw": 1.6975746552376811
            },
            "heading": 1.6975746552376811,
            "speeds": {
                "vmax": 15.0
            },
            "type": 2,
            "driving_direction": 1,
            "id": "1556_0",
            "lane_type": 4
        },
        {
            "pos": {
                "x": 566891.0025482734,
                "y": 4318023.758321328,
                "yaw": 1.6905431885684994
            },
            "heading": 1.6905431885684994,
            "speeds": {
                "vmax": 15.0
            },
            "type": 2,
            "driving_direction": 1,
            "id": "1556_0",
            "lane_type": 4
        },
        {
            "pos": {
                "x": 566890.941797014,
                "y": 4318024.284559676,
                "yaw": 1.6803885401636351
            },
            "heading": 1.6803885401636351,
            "speeds": {
                "vmax": 15.0
            },
            "type": 2,
            "driving_direction": 1,
            "id": "1556_0",
            "lane_type": 4
        },
        {
            "pos": {
                "x": 566890.8865132313,
                "y": 4318024.812834897,
                "yaw": 1.67198458948797
            },
            "heading": 1.67198458948797,
            "speeds": {
                "vmax": 15.0
            },
            "type": 2,
            "driving_direction": 1,
            "id": "1556_0",
            "lane_type": 4
        },
        {
            "pos": {
                "x": 566890.8345102478,
                "y": 4318025.3411131725,
                "yaw": 1.667024872315869
            },
            "heading": 1.667024872315869,
            "speeds": {
                "vmax": 15.0
            },
            "type": 2,
            "driving_direction": 1,
            "id": "1556_0",
            "lane_type": 4
        },
        {
            "pos": {
                "x": 566890.7841996728,
                "y": 4318025.87284584,
                "yaw": 1.664553572811677
            },
            "heading": 1.664553572811677,
            "speeds": {
                "vmax": 15.0
            },
            "type": 2,
            "driving_direction": 1,
            "id": "1556_0",
            "lane_type": 4
        },
        {
            "pos": {
                "x": 566890.7350369147,
                "y": 4318026.39878335,
                "yaw": 1.6627996178828435
            },
            "heading": 1.6627996178828435,
            "speeds": {
                "vmax": 15.0
            },
            "type": 2,
            "driving_direction": 1,
            "id": "1556_0",
            "lane_type": 4
        },
        {
            "pos": {
                "x": 566890.6866113755,
                "y": 4318026.9309182055,
                "yaw": 1.6569083348951354
            },
            "heading": 1.6569083348951354,
            "speeds": {
                "vmax": 15.0
            },
            "type": 2,
            "driving_direction": 1,
            "id": "1556_0",
            "lane_type": 4
        },
        {
            "pos": {
                "x": 566890.6440652843,
                "y": 4318027.454722367,
                "yaw": 1.6448384613879514
            },
            "heading": 1.6448384613879514,
            "speeds": {
                "vmax": 15.0
            },
            "type": 2,
            "driving_direction": 1,
            "id": "1556_0",
            "lane_type": 4
        },
        {
            "pos": {
                "x": 566890.6086083031,
                "y": 4318027.9844609825,
                "yaw": 1.6324060018332676
            },
            "heading": 1.6324060018332676,
            "speeds": {
                "vmax": 15.0
            },
            "type": 2,
            "driving_direction": 1,
            "id": "1556_0",
            "lane_type": 4
        },
        {
            "pos": {
                "x": 566890.5787452958,
                "y": 4318028.514320277,
                "yaw": 1.6230881861186761
            },
            "heading": 1.6230881861186761,
            "speeds": {
                "vmax": 15.0
            },
            "type": 2,
            "driving_direction": 1,
            "id": "1556_0",
            "lane_type": 4
        },
        {
            "pos": {
                "x": 566890.5532084521,
                "y": 4318029.043692902,
                "yaw": 1.6144211675964264
            },
            "heading": 1.6144211675964264,
            "speeds": {
                "vmax": 15.0
            },
            "type": 2,
            "driving_direction": 1,
            "id": "1556_0",
            "lane_type": 4
        },
        {
            "pos": {
                "x": 566890.5324957491,
                "y": 4318029.575826706,
                "yaw": 1.6038483821712528
            },
            "heading": 1.6038483821712528,
            "speeds": {
                "vmax": 15.0
            },
            "type": 2,
            "driving_direction": 1,
            "id": "1556_0",
            "lane_type": 4
        },
        {
            "pos": {
                "x": 566890.5182518626,
                "y": 4318030.105557202,
                "yaw": 1.5934950053570172
            },
            "heading": 1.5934950053570172,
            "speeds": {
                "vmax": 15.0
            },
            "type": 2,
            "driving_direction": 1,
            "id": "1556_0",
            "lane_type": 4
        },
        {
            "pos": {
                "x": 566890.5084921219,
                "y": 4318030.635642964,
                "yaw": 1.5862332750660137
            },
            "heading": 1.5862332750660137,
            "speeds": {
                "vmax": 15.0
            },
            "type": 2,
            "driving_direction": 1,
            "id": "1556_0",
            "lane_type": 4
        },
        {
            "pos": {
                "x": 566890.5019157035,
                "y": 4318031.166465385,
                "yaw": 1.5788827205168672
            },
            "heading": 1.5788827205168672,
            "speeds": {
                "vmax": 15.0
            },
            "type": 2,
            "driving_direction": 1,
            "id": "1556_0",
            "lane_type": 4
        },
        {
            "pos": {
                "x": 566890.5000519833,
                "y": 4318031.696957603,
                "yaw": 1.5715253709935297
            },
            "heading": 1.5715253709935297,
            "speeds": {
                "vmax": 15.0
            },
            "type": 2,
            "driving_direction": 1,
            "id": "1556_0",
            "lane_type": 4
        },
        {
            "pos": {
                "x": 566890.5011748071,
                "y": 4318032.227871692,
                "yaw": 1.5682160424301914
            },
            "heading": 1.5682160424301914,
            "speeds": {
                "vmax": 15.0
            },
            "type": 2,
            "driving_direction": 1,
            "id": "1556_0",
            "lane_type": 4
        },
        {
            "pos": {
                "x": 566890.5027311852,
                "y": 4318032.75672361,
                "yaw": 1.5671210402911846
            },
            "heading": 1.5671210402911846,
            "speeds": {
                "vmax": 15.0
            },
            "type": 2,
            "driving_direction": 1,
            "id": "1556_0",
            "lane_type": 4
        },
        {
            "pos": {
                "x": 566890.5051031001,
                "y": 4318033.288868519,
                "yaw": 1.5655156046033587
            },
            "heading": 1.5655156046033587,
            "speeds": {
                "vmax": 15.0
            },
            "type": 2,
            "driving_direction": 1,
            "id": "1556_0",
            "lane_type": 4
        },
        {
            "pos": {
                "x": 566890.5083772759,
                "y": 4318033.820467114,
                "yaw": 1.5643980828483681
            },
            "heading": 1.5643980828483681,
            "speeds": {
                "vmax": 15.0
            },
            "type": 2,
            "driving_direction": 1,
            "id": "1556_0",
            "lane_type": 4
        },
        {
            "pos": {
                "x": 566890.511889141,
                "y": 4318034.351645706,
                "yaw": 1.564484043264299
            },
            "heading": 1.564484043264299,
            "speeds": {
                "vmax": 15.0
            },
            "type": 2,
            "driving_direction": 1,
            "id": "1556_0",
            "lane_type": 4
        },
        {
            "pos": {
                "x": 566890.5150425541,
                "y": 4318034.881873447,
                "yaw": 1.5650784979562564
            },
            "heading": 1.5650784979562564,
            "speeds": {
                "vmax": 15.0
            },
            "type": 2,
            "driving_direction": 1,
            "id": "1556_0",
            "lane_type": 4
        },
        {
            "pos": {
                "x": 566890.5179504,
                "y": 4318035.412711848,
                "yaw": 1.5653589071604213
            },
            "heading": 1.5653589071604213,
            "speeds": {
                "vmax": 15.0
            },
            "type": 2,
            "driving_direction": 1,
            "id": "1556_0",
            "lane_type": 4
        },
        {
            "pos": {
                "x": 566890.5208229737,
                "y": 4318035.9436801765,
                "yaw": 1.5656930505625402
            },
            "heading": 1.5656930505625402,
            "speeds": {
                "vmax": 15.0
            },
            "type": 2,
            "driving_direction": 1,
            "id": "1556_0",
            "lane_type": 4
        },
        {
            "pos": {
                "x": 566890.5233415505,
                "y": 4318036.474721214,
                "yaw": 1.565986833802542
            },
            "heading": 1.565986833802542,
            "speeds": {
                "vmax": 15.0
            },
            "type": 2,
            "driving_direction": 1,
            "id": "1556_0",
            "lane_type": 4
        },
        {
            "pos": {
                "x": 566890.5259595043,
                "y": 4318037.006543446,
                "yaw": 1.5659130770450544
            },
            "heading": 1.5659130770450544,
            "speeds": {
                "vmax": 15.0
            },
            "type": 2,
            "driving_direction": 1,
            "id": "1556_0",
            "lane_type": 4
        },
        {
            "pos": {
                "x": 566890.528511446,
                "y": 4318037.535429023,
                "yaw": 1.5696863186957277
            },
            "heading": 1.5696863186957277,
            "speeds": {
                "vmax": 15.0
            },
            "type": 2,
            "driving_direction": 1,
            "id": "1556_0",
            "lane_type": 4
        },
        {
            "pos": {
                "x": 566890.5267402214,
                "y": 4318038.061622618,
                "yaw": 1.5783615156804904
            },
            "heading": 1.5783615156804904,
            "speeds": {
                "vmax": 15.0
            },
            "type": 2,
            "driving_direction": 1,
            "id": "1556_0",
            "lane_type": 4
        },
        {
            "pos": {
                "x": 566890.5202685099,
                "y": 4318038.597192665,
                "yaw": 1.5861610928926877
            },
            "heading": 1.5861610928926877,
            "speeds": {
                "vmax": 15.0
            },
            "type": 2,
            "driving_direction": 1,
            "id": "1556_0",
            "lane_type": 4
        },
        {
            "pos": {
                "x": 566890.5102351509,
                "y": 4318039.127819174,
                "yaw": 1.593946232767264
            },
            "heading": 1.593946232767264,
            "speeds": {
                "vmax": 15.0
            },
            "type": 2,
            "driving_direction": 1,
            "id": "1556_0",
            "lane_type": 4
        },
        {
            "pos": {
                "x": 566890.4953615173,
                "y": 4318039.6587661775,
                "yaw": 1.6045509706974754
            },
            "heading": 1.6045509706974754,
            "speeds": {
                "vmax": 15.0
            },
            "type": 2,
            "driving_direction": 1,
            "id": "1556_0",
            "lane_type": 4
        },
        {
            "pos": {
                "x": 566890.4739907217,
                "y": 4318040.187502731,
                "yaw": 1.6194020750943576
            },
            "heading": 1.6194020750943576,
            "speeds": {
                "vmax": 15.0
            },
            "type": 2,
            "driving_direction": 1,
            "id": "1556_0",
            "lane_type": 4
        },
        {
            "pos": {
                "x": 566890.4433755974,
                "y": 4318040.714386171,
                "yaw": 1.6371837441348065
            },
            "heading": 1.6371837441348065,
            "speeds": {
                "vmax": 15.0
            },
            "type": 2,
            "driving_direction": 1,
            "id": "1556_0",
            "lane_type": 4
        },
        {
            "pos": {
                "x": 566890.4031532789,
                "y": 4318041.245908861,
                "yaw": 1.6539131456249803
            },
            "heading": 1.6539131456249803,
            "speeds": {
                "vmax": 15.0
            },
            "type": 2,
            "driving_direction": 1,
            "id": "1556_0",
            "lane_type": 4
        },
        {
            "pos": {
                "x": 566890.3547545738,
                "y": 4318041.773385486,
                "yaw": 1.6716435229262894
            },
            "heading": 1.6716435229262894,
            "speeds": {
                "vmax": 15.0
            },
            "type": 2,
            "driving_direction": 1,
            "id": "1556_0",
            "lane_type": 4
        },
        {
            "pos": {
                "x": 566890.2957681965,
                "y": 4318042.300375792,
                "yaw": 1.6934430469360269
            },
            "heading": 1.6934430469360269,
            "speeds": {
                "vmax": 15.0
            },
            "type": 2,
            "driving_direction": 1,
            "id": "1556_0",
            "lane_type": 4
        },
        {
            "pos": {
                "x": 566890.2243069252,
                "y": 4318042.825300688,
                "yaw": 1.7175864521619755
            },
            "heading": 1.7175864521619755,
            "speeds": {
                "vmax": 15.0
            },
            "type": 2,
            "driving_direction": 1,
            "id": "1556_0",
            "lane_type": 4
        },
        {
            "pos": {
                "x": 566890.1401188308,
                "y": 4318043.348440567,
                "yaw": 1.7428096440536867
            },
            "heading": 1.7428096440536867,
            "speeds": {
                "vmax": 15.0
            },
            "type": 2,
            "driving_direction": 1,
            "id": "1556_0",
            "lane_type": 4
        },
        {
            "pos": {
                "x": 566890.0422547525,
                "y": 4318043.868780434,
                "yaw": 1.7704231898806948
            },
            "heading": 1.7704231898806948,
            "speeds": {
                "vmax": 15.0
            },
            "type": 2,
            "driving_direction": 1,
            "id": "1556_0",
            "lane_type": 4
        },
        {
            "pos": {
                "x": 566889.9289704089,
                "y": 4318044.3878548015,
                "yaw": 1.8000417316829493
            },
            "heading": 1.8000417316829493,
            "speeds": {
                "vmax": 15.0
            },
            "type": 2,
            "driving_direction": 1,
            "id": "1556_0",
            "lane_type": 4
        },
        {
            "pos": {
                "x": 566889.8009553968,
                "y": 4318044.89927193,
                "yaw": 1.8321892477135624
            },
            "heading": 1.8321892477135624,
            "speeds": {
                "vmax": 15.0
            },
            "type": 2,
            "driving_direction": 1,
            "id": "1556_0",
            "lane_type": 4
        },
        {
            "pos": {
                "x": 566889.6552957464,
                "y": 4318045.407660739,
                "yaw": 1.8655554690863803
            },
            "heading": 1.8655554690863803,
            "speeds": {
                "vmax": 15.0
            },
            "type": 2,
            "driving_direction": 1,
            "id": "1556_0",
            "lane_type": 4
        },
        {
            "pos": {
                "x": 566889.4933332775,
                "y": 4318045.910506496,
                "yaw": 1.8999389881484088
            },
            "heading": 1.8999389881484088,
            "speeds": {
                "vmax": 15.0
            },
            "type": 2,
            "driving_direction": 1,
            "id": "1556_0",
            "lane_type": 4
        },
        {
            "pos": {
                "x": 566889.3131567477,
                "y": 4318046.407461612,
                "yaw": 1.9396965767133494
            },
            "heading": 1.9396965767133494,
            "speeds": {
                "vmax": 15.0
            },
            "type": 2,
            "driving_direction": 1,
            "id": "1556_0",
            "lane_type": 4
        },
        {
            "pos": {
                "x": 566889.1118020469,
                "y": 4318046.895778402,
                "yaw": 1.9836993280171245
            },
            "heading": 1.9836993280171245,
            "speeds": {
                "vmax": 15.0
            },
            "type": 2,
            "driving_direction": 1,
            "id": "1556_0",
            "lane_type": 4
        },
        {
            "pos": {
                "x": 566888.8889070493,
                "y": 4318047.374967953,
                "yaw": 2.026766814984822
            },
            "heading": 2.026766814984822,
            "speeds": {
                "vmax": 15.0
            },
            "type": 2,
            "driving_direction": 1,
            "id": "1556_0",
            "lane_type": 4
        },
        {
            "pos": {
                "x": 566888.6456354457,
                "y": 4318047.845806664,
                "yaw": 2.0671473782535568
            },
            "heading": 2.0671473782535568,
            "speeds": {
                "vmax": 15.0
            },
            "type": 2,
            "driving_direction": 1,
            "id": "1556_0",
            "lane_type": 4
        },
        {
            "pos": {
                "x": 566888.3853438593,
                "y": 4318048.304591801,
                "yaw": 2.1089955867159684
            },
            "heading": 2.1089955867159684,
            "speeds": {
                "vmax": 15.0
            },
            "type": 2,
            "driving_direction": 1,
            "id": "1556_0",
            "lane_type": 4
        }
    ]
}