{
    "header": {
        "trace_id": "COMMAND&C8RJf19cxf",
        "trans_id": "43267975-4e91-4010-8344-15ba92ab39a9",
        "che_id": "A525",
        "timestamp": "2025-02-19T18:41:10.569221Z"
    },
    "task_id": "COMMAND&C8RJf19cxf",
    "navi_id": "A525_COMMAND&C8RJf19cxf_23",
    "seq_num": 23,
    "dest_type": 3,
    "mode": 2,
    "waypoints": [
        {
            "pos": {
                "x": 566708.9301275568,
                "y": 4317812.369452976,
                "yaw": -1.3431950919564868
            },
            "heading": -1.3431950919564868,
            "speeds": {
                "vmax": 15.0
            },
            "type": 1,
            "driving_direction": 1,
            "id": "1282_2",
            "lane_type": 22
        },
        {
            "pos": {
                "x": 566709.0430270537,
                "y": 4317811.882366019,
                "yaw": -1.3431950919564868
            },
            "heading": -1.3431950919564868,
            "speeds": {
                "vmax": 15.0
            },
            "type": 1,
            "driving_direction": 1,
            "id": "1282_2",
            "lane_type": 22
        },
        {
            "pos": {
                "x": 566709.1559265505,
                "y": 4317811.395279062,
                "yaw": -1.3431950919564868
            },
            "heading": -1.3431950919564868,
            "speeds": {
                "vmax": 15.0
            },
            "type": 1,
            "driving_direction": 1,
            "id": "1282_2",
            "lane_type": 22
        },
        {
            "pos": {
                "x": 566709.2688260474,
                "y": 4317810.908192106,
                "yaw": -1.3431950919564868
            },
            "heading": -1.3431950919564868,
            "speeds": {
                "vmax": 15.0
            },
            "type": 1,
            "driving_direction": 1,
            "id": "1282_2",
            "lane_type": 22
        },
        {
            "pos": {
                "x": 566709.3817255442,
                "y": 4317810.421105148,
                "yaw": -1.3431950919564868
            },
            "heading": -1.3431950919564868,
            "speeds": {
                "vmax": 15.0
            },
            "type": 1,
            "driving_direction": 1,
            "id": "1282_2",
            "lane_type": 22
        },
        {
            "pos": {
                "x": 566709.4946250411,
                "y": 4317809.934018191,
                "yaw": -1.3431950919564868
            },
            "heading": -1.3431950919564868,
            "speeds": {
                "vmax": 15.0
            },
            "type": 1,
            "driving_direction": 1,
            "id": "1282_2",
            "lane_type": 22
        },
        {
            "pos": {
                "x": 566709.607524538,
                "y": 4317809.446931235,
                "yaw": -1.3431950919564868
            },
            "heading": -1.3431950919564868,
            "speeds": {
                "vmax": 15.0
            },
            "type": 1,
            "driving_direction": 1,
            "id": "1282_2",
            "lane_type": 22
        },
        {
            "pos": {
                "x": 566709.7204240349,
                "y": 4317808.959844277,
                "yaw": -1.3431950919564868
            },
            "heading": -1.3431950919564868,
            "speeds": {
                "vmax": 15.0
            },
            "type": 1,
            "driving_direction": 1,
            "id": "1282_2",
            "lane_type": 22
        },
        {
            "pos": {
                "x": 566709.8333235318,
                "y": 4317808.472757321,
                "yaw": -1.3431950919564868
            },
            "heading": -1.3431950919564868,
            "speeds": {
                "vmax": 15.0
            },
            "type": 1,
            "driving_direction": 1,
            "id": "1282_2",
            "lane_type": 22
        },
        {
            "pos": {
                "x": 566709.9462230286,
                "y": 4317807.9856703635,
                "yaw": -1.3431950919564868
            },
            "heading": -1.3431950919564868,
            "speeds": {
                "vmax": 15.0
            },
            "type": 1,
            "driving_direction": 1,
            "id": "1282_2",
            "lane_type": 22
        },
        {
            "pos": {
                "x": 566710.0591225255,
                "y": 4317807.498583407,
                "yaw": -1.3431950919564868
            },
            "heading": -1.3431950919564868,
            "speeds": {
                "vmax": 15.0
            },
            "type": 1,
            "driving_direction": 1,
            "id": "1282_2",
            "lane_type": 22
        },
        {
            "pos": {
                "x": 566710.1720220223,
                "y": 4317807.01149645,
                "yaw": -1.3431950919564868
            },
            "heading": -1.3431950919564868,
            "speeds": {
                "vmax": 15.0
            },
            "type": 1,
            "driving_direction": 1,
            "id": "1282_2",
            "lane_type": 22
        },
        {
            "pos": {
                "x": 566710.2849215192,
                "y": 4317806.5244094925,
                "yaw": -1.3431950919564868
            },
            "heading": -1.3431950919564868,
            "speeds": {
                "vmax": 15.0
            },
            "type": 1,
            "driving_direction": 1,
            "id": "1282_2",
            "lane_type": 22
        },
        {
            "pos": {
                "x": 566710.397821016,
                "y": 4317806.037322536,
                "yaw": -1.3431950919564868
            },
            "heading": -1.3431950919564868,
            "speeds": {
                "vmax": 15.0
            },
            "type": 1,
            "driving_direction": 1,
            "id": "1282_2",
            "lane_type": 22
        },
        {
            "pos": {
                "x": 566710.510720513,
                "y": 4317805.550235579,
                "yaw": -1.3431950919564868
            },
            "heading": -1.3431950919564868,
            "speeds": {
                "vmax": 15.0
            },
            "type": 1,
            "driving_direction": 1,
            "id": "1282_2",
            "lane_type": 22
        },
        {
            "pos": {
                "x": 566710.6236200099,
                "y": 4317805.063148622,
                "yaw": -1.3431950919564868
            },
            "heading": -1.3431950919564868,
            "speeds": {
                "vmax": 15.0
            },
            "type": 1,
            "driving_direction": 1,
            "id": "1282_2",
            "lane_type": 22
        },
        {
            "pos": {
                "x": 566710.7365195067,
                "y": 4317804.576061665,
                "yaw": -1.3431950919564868
            },
            "heading": -1.3431950919564868,
            "speeds": {
                "vmax": 15.0
            },
            "type": 1,
            "driving_direction": 1,
            "id": "1282_2",
            "lane_type": 22
        },
        {
            "pos": {
                "x": 566710.8494190036,
                "y": 4317804.088974708,
                "yaw": -1.3431950919564868
            },
            "heading": -1.3431950919564868,
            "speeds": {
                "vmax": 15.0
            },
            "type": 1,
            "driving_direction": 1,
            "id": "1282_2",
            "lane_type": 22
        },
        {
            "pos": {
                "x": 566710.9623185004,
                "y": 4317803.601887751,
                "yaw": -1.3431950919564868
            },
            "heading": -1.3431950919564868,
            "speeds": {
                "vmax": 15.0
            },
            "type": 1,
            "driving_direction": 1,
            "id": "1282_2",
            "lane_type": 22
        },
        {
            "pos": {
                "x": 566711.0752179973,
                "y": 4317803.114800794,
                "yaw": -1.3431950919564868
            },
            "heading": -1.3431950919564868,
            "speeds": {
                "vmax": 15.0
            },
            "type": 1,
            "driving_direction": 1,
            "id": "1282_2",
            "lane_type": 22
        },
        {
            "pos": {
                "x": 566711.1881174941,
                "y": 4317802.627713838,
                "yaw": -1.3431950919564868
            },
            "heading": -1.3431950919564868,
            "speeds": {
                "vmax": 15.0
            },
            "type": 1,
            "driving_direction": 1,
            "id": "1282_2",
            "lane_type": 22
        },
        {
            "pos": {
                "x": 566711.301016991,
                "y": 4317802.14062688,
                "yaw": -1.3431950919564868
            },
            "heading": -1.3431950919564868,
            "speeds": {
                "vmax": 15.0
            },
            "type": 1,
            "driving_direction": 1,
            "id": "1282_2",
            "lane_type": 22
        },
        {
            "pos": {
                "x": 566711.413916488,
                "y": 4317801.653539924,
                "yaw": -1.3431950919564868
            },
            "heading": -1.3431950919564868,
            "speeds": {
                "vmax": 15.0
            },
            "type": 1,
            "driving_direction": 1,
            "id": "1282_2",
            "lane_type": 22
        },
        {
            "pos": {
                "x": 566711.5268159847,
                "y": 4317801.166452967,
                "yaw": -1.3431950919564868
            },
            "heading": -1.3431950919564868,
            "speeds": {
                "vmax": 15.0
            },
            "type": 1,
            "driving_direction": 1,
            "id": "1282_2",
            "lane_type": 22
        },
        {
            "pos": {
                "x": 566711.6397154817,
                "y": 4317800.679366009,
                "yaw": -1.3431950919564868
            },
            "heading": -1.3431950919564868,
            "speeds": {
                "vmax": 15.0
            },
            "type": 1,
            "driving_direction": 1,
            "id": "1282_2",
            "lane_type": 22
        },
        {
            "pos": {
                "x": 566711.7526149785,
                "y": 4317800.192279053,
                "yaw": -1.3431950919564868
            },
            "heading": -1.3431950919564868,
            "speeds": {
                "vmax": 15.0
            },
            "type": 1,
            "driving_direction": 1,
            "id": "1282_2",
            "lane_type": 22
        },
        {
            "pos": {
                "x": 566711.8655144754,
                "y": 4317799.705192096,
                "yaw": -1.3431950919564868
            },
            "heading": -1.3431950919564868,
            "speeds": {
                "vmax": 15.0
            },
            "type": 1,
            "driving_direction": 1,
            "id": "1282_2",
            "lane_type": 22
        },
        {
            "pos": {
                "x": 566711.9784139722,
                "y": 4317799.218105139,
                "yaw": -1.3431950919564868
            },
            "heading": -1.3431950919564868,
            "speeds": {
                "vmax": 15.0
            },
            "type": 1,
            "driving_direction": 1,
            "id": "1282_2",
            "lane_type": 22
        },
        {
            "pos": {
                "x": 566712.0913134691,
                "y": 4317798.731018182,
                "yaw": -1.3431950919564868
            },
            "heading": -1.3431950919564868,
            "speeds": {
                "vmax": 15.0
            },
            "type": 1,
            "driving_direction": 1,
            "id": "1282_2",
            "lane_type": 22
        },
        {
            "pos": {
                "x": 566712.204212966,
                "y": 4317798.2439312255,
                "yaw": -1.3431950919564868
            },
            "heading": -1.3431950919564868,
            "speeds": {
                "vmax": 15.0
            },
            "type": 1,
            "driving_direction": 1,
            "id": "1282_2",
            "lane_type": 22
        },
        {
            "pos": {
                "x": 566712.3171124628,
                "y": 4317797.756844268,
                "yaw": -1.3431950919564868
            },
            "heading": -1.3431950919564868,
            "speeds": {
                "vmax": 15.0
            },
            "type": 1,
            "driving_direction": 1,
            "id": "1282_2",
            "lane_type": 22
        },
        {
            "pos": {
                "x": 566712.4300119597,
                "y": 4317797.269757311,
                "yaw": -1.3431950919564868
            },
            "heading": -1.3431950919564868,
            "speeds": {
                "vmax": 15.0
            },
            "type": 1,
            "driving_direction": 1,
            "id": "1282_2",
            "lane_type": 22
        },
        {
            "pos": {
                "x": 566712.5429114565,
                "y": 4317796.7826703545,
                "yaw": -1.3431950919564868
            },
            "heading": -1.3431950919564868,
            "speeds": {
                "vmax": 15.0
            },
            "type": 1,
            "driving_direction": 1,
            "id": "1282_2",
            "lane_type": 22
        },
        {
            "pos": {
                "x": 566712.6558109535,
                "y": 4317796.295583397,
                "yaw": -1.3431950919564868
            },
            "heading": -1.3431950919564868,
            "speeds": {
                "vmax": 15.0
            },
            "type": 1,
            "driving_direction": 1,
            "id": "1282_2",
            "lane_type": 22
        },
        {
            "pos": {
                "x": 566712.7687104503,
                "y": 4317795.808496441,
                "yaw": -1.3431950919564868
            },
            "heading": -1.3431950919564868,
            "speeds": {
                "vmax": 15.0
            },
            "type": 1,
            "driving_direction": 1,
            "id": "1282_2",
            "lane_type": 22
        },
        {
            "pos": {
                "x": 566712.8816099472,
                "y": 4317795.321409483,
                "yaw": -1.3431950919564868
            },
            "heading": -1.3431950919564868,
            "speeds": {
                "vmax": 15.0
            },
            "type": 1,
            "driving_direction": 1,
            "id": "1282_2",
            "lane_type": 22
        },
        {
            "pos": {
                "x": 566712.9945094441,
                "y": 4317794.834322527,
                "yaw": -1.3431950919564868
            },
            "heading": -1.3431950919564868,
            "speeds": {
                "vmax": 15.0
            },
            "type": 1,
            "driving_direction": 1,
            "id": "1282_2",
            "lane_type": 22
        },
        {
            "pos": {
                "x": 566713.1074089409,
                "y": 4317794.34723557,
                "yaw": -1.3431950919564868
            },
            "heading": -1.3431950919564868,
            "speeds": {
                "vmax": 15.0
            },
            "type": 1,
            "driving_direction": 1,
            "id": "1282_2",
            "lane_type": 22
        },
        {
            "pos": {
                "x": 566713.2203084378,
                "y": 4317793.860148612,
                "yaw": -1.3431950919564868
            },
            "heading": -1.3431950919564868,
            "speeds": {
                "vmax": 15.0
            },
            "type": 1,
            "driving_direction": 1,
            "id": "1282_2",
            "lane_type": 22
        },
        {
            "pos": {
                "x": 566713.3332079346,
                "y": 4317793.373061656,
                "yaw": -1.3431950919564868
            },
            "heading": -1.3431950919564868,
            "speeds": {
                "vmax": 15.0
            },
            "type": 1,
            "driving_direction": 1,
            "id": "1282_2",
            "lane_type": 22
        },
        {
            "pos": {
                "x": 566713.4461074315,
                "y": 4317792.885974699,
                "yaw": -1.3431950919564868
            },
            "heading": -1.3431950919564868,
            "speeds": {
                "vmax": 15.0
            },
            "type": 1,
            "driving_direction": 1,
            "id": "1282_2",
            "lane_type": 22
        },
        {
            "pos": {
                "x": 566713.5590069283,
                "y": 4317792.398887742,
                "yaw": -1.3431950919564868
            },
            "heading": -1.3431950919564868,
            "speeds": {
                "vmax": 15.0
            },
            "type": 1,
            "driving_direction": 1,
            "id": "1282_2",
            "lane_type": 22
        },
        {
            "pos": {
                "x": 566713.6719064253,
                "y": 4317791.911800785,
                "yaw": -1.3431950919564868
            },
            "heading": -1.3431950919564868,
            "speeds": {
                "vmax": 15.0
            },
            "type": 1,
            "driving_direction": 1,
            "id": "1282_2",
            "lane_type": 22
        },
        {
            "pos": {
                "x": 566713.7848059222,
                "y": 4317791.424713829,
                "yaw": -1.3431950919564868
            },
            "heading": -1.3431950919564868,
            "speeds": {
                "vmax": 15.0
            },
            "type": 1,
            "driving_direction": 1,
            "id": "1282_2",
            "lane_type": 22
        },
        {
            "pos": {
                "x": 566713.897705419,
                "y": 4317790.937626871,
                "yaw": -1.3431950919564868
            },
            "heading": -1.3431950919564868,
            "speeds": {
                "vmax": 15.0
            },
            "type": 1,
            "driving_direction": 1,
            "id": "1282_2",
            "lane_type": 22
        },
        {
            "pos": {
                "x": 566714.0106049159,
                "y": 4317790.450539914,
                "yaw": -1.3431950919564868
            },
            "heading": -1.3431950919564868,
            "speeds": {
                "vmax": 15.0
            },
            "type": 1,
            "driving_direction": 1,
            "id": "1282_2",
            "lane_type": 22
        },
        {
            "pos": {
                "x": 566714.1235044127,
                "y": 4317789.963452958,
                "yaw": -1.3431950919564868
            },
            "heading": -1.3431950919564868,
            "speeds": {
                "vmax": 15.0
            },
            "type": 1,
            "driving_direction": 1,
            "id": "1282_2",
            "lane_type": 22
        },
        {
            "pos": {
                "x": 566714.2364039096,
                "y": 4317789.476366,
                "yaw": -1.3431950919564868
            },
            "heading": -1.3431950919564868,
            "speeds": {
                "vmax": 15.0
            },
            "type": 1,
            "driving_direction": 1,
            "id": "1282_2",
            "lane_type": 22
        },
        {
            "pos": {
                "x": 566714.3493034064,
                "y": 4317788.989279044,
                "yaw": -1.3431950919564868
            },
            "heading": -1.3431950919564868,
            "speeds": {
                "vmax": 15.0
            },
            "type": 1,
            "driving_direction": 1,
            "id": "1282_2",
            "lane_type": 22
        },
        {
            "pos": {
                "x": 566714.4622029033,
                "y": 4317788.502192087,
                "yaw": -1.3431950919564868
            },
            "heading": -1.3431950919564868,
            "speeds": {
                "vmax": 15.0
            },
            "type": 1,
            "driving_direction": 1,
            "id": "1282_2",
            "lane_type": 22
        },
        {
            "pos": {
                "x": 566714.5751024003,
                "y": 4317788.015105129,
                "yaw": -1.3431950919564868
            },
            "heading": -1.3431950919564868,
            "speeds": {
                "vmax": 15.0
            },
            "type": 1,
            "driving_direction": 1,
            "id": "1282_2",
            "lane_type": 22
        },
        {
            "pos": {
                "x": 566714.6880018971,
                "y": 4317787.528018173,
                "yaw": -1.3431950919564868
            },
            "heading": -1.3431950919564868,
            "speeds": {
                "vmax": 15.0
            },
            "type": 1,
            "driving_direction": 1,
            "id": "1282_2",
            "lane_type": 22
        },
        {
            "pos": {
                "x": 566714.800901394,
                "y": 4317787.0409312155,
                "yaw": -1.3431950919564868
            },
            "heading": -1.3431950919564868,
            "speeds": {
                "vmax": 15.0
            },
            "type": 1,
            "driving_direction": 1,
            "id": "1282_2",
            "lane_type": 22
        },
        {
            "pos": {
                "x": 566714.9138008908,
                "y": 4317786.553844259,
                "yaw": -1.3431950919564868
            },
            "heading": -1.3431950919564868,
            "speeds": {
                "vmax": 15.0
            },
            "type": 1,
            "driving_direction": 1,
            "id": "1282_2",
            "lane_type": 22
        },
        {
            "pos": {
                "x": 566715.0267003877,
                "y": 4317786.066757302,
                "yaw": -1.3431950919564868
            },
            "heading": -1.3431950919564868,
            "speeds": {
                "vmax": 15.0
            },
            "type": 1,
            "driving_direction": 1,
            "id": "1282_2",
            "lane_type": 22
        },
        {
            "pos": {
                "x": 566715.1395998845,
                "y": 4317785.579670345,
                "yaw": -1.3431950919564868
            },
            "heading": -1.3431950919564868,
            "speeds": {
                "vmax": 15.0
            },
            "type": 1,
            "driving_direction": 1,
            "id": "1282_2",
            "lane_type": 22
        },
        {
            "pos": {
                "x": 566715.2524993814,
                "y": 4317785.092583388,
                "yaw": -1.3431950919564868
            },
            "heading": -1.3431950919564868,
            "speeds": {
                "vmax": 15.0
            },
            "type": 1,
            "driving_direction": 1,
            "id": "1282_2",
            "lane_type": 22
        },
        {
            "pos": {
                "x": 566715.3653988783,
                "y": 4317784.605496431,
                "yaw": -1.3431950919564868
            },
            "heading": -1.3431950919564868,
            "speeds": {
                "vmax": 15.0
            },
            "type": 1,
            "driving_direction": 1,
            "id": "1282_2",
            "lane_type": 22
        },
        {
            "pos": {
                "x": 566715.4782983752,
                "y": 4317784.118409474,
                "yaw": -1.3431950919564868
            },
            "heading": -1.3431950919564868,
            "speeds": {
                "vmax": 15.0
            },
            "type": 1,
            "driving_direction": 1,
            "id": "1282_2",
            "lane_type": 22
        },
        {
            "pos": {
                "x": 566715.5911978721,
                "y": 4317783.631322517,
                "yaw": -1.3431950919564868
            },
            "heading": -1.3431950919564868,
            "speeds": {
                "vmax": 15.0
            },
            "type": 1,
            "driving_direction": 1,
            "id": "1282_2",
            "lane_type": 22
        },
        {
            "pos": {
                "x": 566715.7040973689,
                "y": 4317783.144235561,
                "yaw": -1.3431950919564868
            },
            "heading": -1.3431950919564868,
            "speeds": {
                "vmax": 15.0
            },
            "type": 1,
            "driving_direction": 1,
            "id": "1282_2",
            "lane_type": 22
        },
        {
            "pos": {
                "x": 566715.8169968658,
                "y": 4317782.657148603,
                "yaw": -1.3431950919564868
            },
            "heading": -1.3431950919564868,
            "speeds": {
                "vmax": 15.0
            },
            "type": 1,
            "driving_direction": 1,
            "id": "1282_2",
            "lane_type": 22
        },
        {
            "pos": {
                "x": 566715.9298963626,
                "y": 4317782.170061647,
                "yaw": -1.3431950919564868
            },
            "heading": -1.3431950919564868,
            "speeds": {
                "vmax": 15.0
            },
            "type": 1,
            "driving_direction": 1,
            "id": "1282_2",
            "lane_type": 22
        },
        {
            "pos": {
                "x": 566716.0427958595,
                "y": 4317781.68297469,
                "yaw": -1.3431950919564868
            },
            "heading": -1.3431950919564868,
            "speeds": {
                "vmax": 15.0
            },
            "type": 1,
            "driving_direction": 1,
            "id": "1282_2",
            "lane_type": 22
        },
        {
            "pos": {
                "x": 566716.1556953564,
                "y": 4317781.195887732,
                "yaw": -1.3431950919564868
            },
            "heading": -1.3431950919564868,
            "speeds": {
                "vmax": 15.0
            },
            "type": 1,
            "driving_direction": 1,
            "id": "1282_2",
            "lane_type": 22
        },
        {
            "pos": {
                "x": 566716.2685948532,
                "y": 4317780.708800776,
                "yaw": -1.3431950919564868
            },
            "heading": -1.3431950919564868,
            "speeds": {
                "vmax": 15.0
            },
            "type": 1,
            "driving_direction": 1,
            "id": "1282_2",
            "lane_type": 22
        },
        {
            "pos": {
                "x": 566716.3814943501,
                "y": 4317780.221713819,
                "yaw": -1.3431950919564868
            },
            "heading": -1.3431950919564868,
            "speeds": {
                "vmax": 15.0
            },
            "type": 1,
            "driving_direction": 1,
            "id": "1282_2",
            "lane_type": 22
        },
        {
            "pos": {
                "x": 566716.494393847,
                "y": 4317779.734626862,
                "yaw": -1.3431950919564868
            },
            "heading": -1.3431950919564868,
            "speeds": {
                "vmax": 15.0
            },
            "type": 1,
            "driving_direction": 1,
            "id": "1282_2",
            "lane_type": 22
        },
        {
            "pos": {
                "x": 566716.6072933439,
                "y": 4317779.247539905,
                "yaw": -1.3431950919564868
            },
            "heading": -1.3431950919564868,
            "speeds": {
                "vmax": 15.0
            },
            "type": 1,
            "driving_direction": 1,
            "id": "1282_2",
            "lane_type": 22
        },
        {
            "pos": {
                "x": 566716.7201928407,
                "y": 4317778.7604529485,
                "yaw": -1.3431950919564868
            },
            "heading": -1.3431950919564868,
            "speeds": {
                "vmax": 15.0
            },
            "type": 1,
            "driving_direction": 1,
            "id": "1282_2",
            "lane_type": 22
        },
        {
            "pos": {
                "x": 566716.8330923376,
                "y": 4317778.273365991,
                "yaw": -1.3431950919564868
            },
            "heading": -1.3431950919564868,
            "speeds": {
                "vmax": 15.0
            },
            "type": 1,
            "driving_direction": 1,
            "id": "1282_2",
            "lane_type": 22
        },
        {
            "pos": {
                "x": 566716.8954779922,
                "y": 4317778.004212988,
                "yaw": -1.3431950919564868
            },
            "heading": -1.3431950919564868,
            "speeds": {
                "vmax": 15.0
            },
            "type": 1,
            "driving_direction": 1,
            "id": "1282_2",
            "lane_type": 22
        }
    ],
    "is_final_navi": true
}