{
    "header": {
        "trace_id": "3165af07754a49f59f13bf66fadf26d0",
        "trans_id": "e594a052-6b17-4ff6-9bea-6db3b47011fa",
        "che_id": "A531",
        "timestamp": "2025-02-19T18:41:34.273790Z"
    },
    "task_id": "3165af07754a49f59f13bf66fadf26d0",
    "navi_id": "A531_3165af07754a49f59f13bf66fadf26d0_8",
    "seq_num": 8,
    "dest_type": 1,
    "mode": 2,
    "waypoints": [
        {
            "pos": {
                "x": 566880.2351011918,
                "y": 4318053.3608581545,
                "yaw": 2.9714470893660794
            },
            "heading": 2.9714470893660794,
            "speeds": {
                "vmax": 15.0
            },
            "type": 2,
            "driving_direction": 1,
            "id": "1562_0",
            "lane_type": 4
        },
        {
            "pos": {
                "x": 566879.708803823,
                "y": 4318053.439595571,
                "yaw": 3.0268619336790796
            },
            "heading": 3.0268619336790796,
            "speeds": {
                "vmax": 15.0
            },
            "type": 2,
            "driving_direction": 1,
            "id": "1562_0",
            "lane_type": 4
        },
        {
            "pos": {
                "x": 566879.177680813,
                "y": 4318053.485190923,
                "yaw": 3.0947815712081814
            },
            "heading": 3.0947815712081814,
            "speeds": {
                "vmax": 15.0
            },
            "type": 2,
            "driving_direction": 1,
            "id": "1562_0",
            "lane_type": 4
        },
        {
            "pos": {
                "x": 566878.645292969,
                "y": 4318053.492525447,
                "yaw": -3.1180441370310903
            },
            "heading": -3.1180441370310903,
            "speeds": {
                "vmax": 15.0
            },
            "type": 2,
            "driving_direction": 1,
            "id": "1562_0",
            "lane_type": 4
        },
        {
            "pos": {
                "x": 566878.1133283603,
                "y": 4318053.463023611,
                "yaw": -3.0526271287617064
            },
            "heading": -3.0526271287617064,
            "speeds": {
                "vmax": 15.0
            },
            "type": 2,
            "driving_direction": 1,
            "id": "1562_0",
            "lane_type": 4
        },
        {
            "pos": {
                "x": 566877.5848834633,
                "y": 4318053.40065725,
                "yaw": -2.99953854276303
            },
            "heading": -2.99953854276303,
            "speeds": {
                "vmax": 15.0
            },
            "type": 2,
            "driving_direction": 1,
            "id": "1562_0",
            "lane_type": 4
        },
        {
            "pos": {
                "x": 566877.0596511036,
                "y": 4318053.314143484,
                "yaw": -2.9592458374645494
            },
            "heading": -2.9592458374645494,
            "speeds": {
                "vmax": 15.0
            },
            "type": 2,
            "driving_direction": 1,
            "id": "1562_0",
            "lane_type": 4
        },
        {
            "pos": {
                "x": 566876.5375925665,
                "y": 4318053.209068096,
                "yaw": -2.9324092892673015
            },
            "heading": -2.9324092892673015,
            "speeds": {
                "vmax": 15.0
            },
            "type": 2,
            "driving_direction": 1,
            "id": "1562_0",
            "lane_type": 4
        },
        {
            "pos": {
                "x": 566876.0200571931,
                "y": 4318053.094434222,
                "yaw": -2.9217307638229117
            },
            "heading": -2.9217307638229117,
            "speeds": {
                "vmax": 15.0
            },
            "type": 2,
            "driving_direction": 1,
            "id": "1562_0",
            "lane_type": 4
        },
        {
            "pos": {
                "x": 566875.5043847437,
                "y": 4318052.978472817,
                "yaw": -2.9226481813920593
            },
            "heading": -2.9226481813920593,
            "speeds": {
                "vmax": 15.0
            },
            "type": 2,
            "driving_direction": 1,
            "id": "1562_0",
            "lane_type": 4
        },
        {
            "pos": {
                "x": 566874.9838074733,
                "y": 4318052.863628367,
                "yaw": -2.92495199591637
            },
            "heading": -2.92495199591637,
            "speeds": {
                "vmax": 15.0
            },
            "type": 2,
            "driving_direction": 1,
            "id": "1562_0",
            "lane_type": 4
        },
        {
            "pos": {
                "x": 566874.4614871491,
                "y": 4318052.748896157,
                "yaw": -2.9255899820680233
            },
            "heading": -2.9255899820680233,
            "speeds": {
                "vmax": 15.0
            },
            "type": 2,
            "driving_direction": 1,
            "id": "1562_0",
            "lane_type": 4
        },
        {
            "pos": {
                "x": 566873.939313892,
                "y": 4318052.634425115,
                "yaw": -2.925886848602085
            },
            "heading": -2.925886848602085,
            "speeds": {
                "vmax": 15.0
            },
            "type": 2,
            "driving_direction": 1,
            "id": "1562_0",
            "lane_type": 4
        },
        {
            "pos": {
                "x": 566873.4155553894,
                "y": 4318052.519711023,
                "yaw": -2.92595883007489
            },
            "heading": -2.92595883007489,
            "speeds": {
                "vmax": 15.0
            },
            "type": 2,
            "driving_direction": 1,
            "id": "1562_0",
            "lane_type": 4
        },
        {
            "pos": {
                "x": 566872.8913117864,
                "y": 4318052.404870981,
                "yaw": -2.9258639252361407
            },
            "heading": -2.9258639252361407,
            "speeds": {
                "vmax": 15.0
            },
            "type": 2,
            "driving_direction": 1,
            "id": "1562_0",
            "lane_type": 4
        },
        {
            "pos": {
                "x": 566872.3760143216,
                "y": 4318052.291979143,
                "yaw": -2.915582214729236
            },
            "heading": -2.915582214729236,
            "speeds": {
                "vmax": 10.0
            },
            "type": 1,
            "driving_direction": 1,
            "id": "1559_0",
            "lane_type": 62
        },
        {
            "pos": {
                "x": 566871.8887302158,
                "y": 4318052.179933616,
                "yaw": -2.915582214729236
            },
            "heading": -2.915582214729236,
            "speeds": {
                "vmax": 10.0
            },
            "type": 1,
            "driving_direction": 1,
            "id": "1559_0",
            "lane_type": 62
        },
        {
            "pos": {
                "x": 566871.4014461101,
                "y": 4318052.067888088,
                "yaw": -2.915582214729236
            },
            "heading": -2.915582214729236,
            "speeds": {
                "vmax": 10.0
            },
            "type": 1,
            "driving_direction": 1,
            "id": "1559_0",
            "lane_type": 62
        },
        {
            "pos": {
                "x": 566870.9141620043,
                "y": 4318051.95584256,
                "yaw": -2.915582214729236
            },
            "heading": -2.915582214729236,
            "speeds": {
                "vmax": 10.0
            },
            "type": 1,
            "driving_direction": 1,
            "id": "1559_0",
            "lane_type": 62
        },
        {
            "pos": {
                "x": 566870.4268778985,
                "y": 4318051.843797033,
                "yaw": -2.91558212999335
            },
            "heading": -2.91558212999335,
            "speeds": {
                "vmax": 10.0
            },
            "type": 1,
            "driving_direction": 1,
            "id": "1559_0",
            "lane_type": 62
        },
        {
            "pos": {
                "x": 566869.9395937928,
                "y": 4318051.731751505,
                "yaw": -2.91558212999335
            },
            "heading": -2.91558212999335,
            "speeds": {
                "vmax": 10.0
            },
            "type": 1,
            "driving_direction": 1,
            "id": "1559_0",
            "lane_type": 62
        },
        {
            "pos": {
                "x": 566869.452309687,
                "y": 4318051.619705977,
                "yaw": -2.91558212999335
            },
            "heading": -2.91558212999335,
            "speeds": {
                "vmax": 10.0
            },
            "type": 1,
            "driving_direction": 1,
            "id": "1559_0",
            "lane_type": 62
        },
        {
            "pos": {
                "x": 566868.9650255812,
                "y": 4318051.5076604495,
                "yaw": -2.91558212999335
            },
            "heading": -2.91558212999335,
            "speeds": {
                "vmax": 10.0
            },
            "type": 1,
            "driving_direction": 1,
            "id": "1559_0",
            "lane_type": 62
        },
        {
            "pos": {
                "x": 566868.4777414754,
                "y": 4318051.395614922,
                "yaw": -2.91558212999335
            },
            "heading": -2.91558212999335,
            "speeds": {
                "vmax": 10.0
            },
            "type": 1,
            "driving_direction": 1,
            "id": "1559_0",
            "lane_type": 62
        },
        {
            "pos": {
                "x": 566867.9904573697,
                "y": 4318051.283569395,
                "yaw": -2.91558212999335
            },
            "heading": -2.91558212999335,
            "speeds": {
                "vmax": 10.0
            },
            "type": 1,
            "driving_direction": 1,
            "id": "1559_0",
            "lane_type": 62
        },
        {
            "pos": {
                "x": 566867.503173264,
                "y": 4318051.171523866,
                "yaw": -2.91558212999335
            },
            "heading": -2.91558212999335,
            "speeds": {
                "vmax": 10.0
            },
            "type": 1,
            "driving_direction": 1,
            "id": "1559_0",
            "lane_type": 62
        },
        {
            "pos": {
                "x": 566867.0158891581,
                "y": 4318051.059478339,
                "yaw": -2.91558212999335
            },
            "heading": -2.91558212999335,
            "speeds": {
                "vmax": 10.0
            },
            "type": 1,
            "driving_direction": 1,
            "id": "1559_0",
            "lane_type": 62
        },
        {
            "pos": {
                "x": 566866.5286050524,
                "y": 4318050.947432811,
                "yaw": -2.91558212999335
            },
            "heading": -2.91558212999335,
            "speeds": {
                "vmax": 10.0
            },
            "type": 1,
            "driving_direction": 1,
            "id": "1559_0",
            "lane_type": 62
        },
        {
            "pos": {
                "x": 566866.0413209466,
                "y": 4318050.835387284,
                "yaw": -2.91558212999335
            },
            "heading": -2.91558212999335,
            "speeds": {
                "vmax": 10.0
            },
            "type": 1,
            "driving_direction": 1,
            "id": "1559_0",
            "lane_type": 62
        },
        {
            "pos": {
                "x": 566865.5540368409,
                "y": 4318050.723341756,
                "yaw": -2.91558212999335
            },
            "heading": -2.91558212999335,
            "speeds": {
                "vmax": 10.0
            },
            "type": 1,
            "driving_direction": 1,
            "id": "1559_0",
            "lane_type": 62
        },
        {
            "pos": {
                "x": 566865.0667527352,
                "y": 4318050.611296228,
                "yaw": -2.91558212999335
            },
            "heading": -2.91558212999335,
            "speeds": {
                "vmax": 10.0
            },
            "type": 1,
            "driving_direction": 1,
            "id": "1559_0",
            "lane_type": 62
        },
        {
            "pos": {
                "x": 566864.5794686293,
                "y": 4318050.499250701,
                "yaw": -2.91558212999335
            },
            "heading": -2.91558212999335,
            "speeds": {
                "vmax": 10.0
            },
            "type": 1,
            "driving_direction": 1,
            "id": "1559_0",
            "lane_type": 62
        },
        {
            "pos": {
                "x": 566864.0921845236,
                "y": 4318050.387205173,
                "yaw": -2.91558212999335
            },
            "heading": -2.91558212999335,
            "speeds": {
                "vmax": 10.0
            },
            "type": 1,
            "driving_direction": 1,
            "id": "1559_0",
            "lane_type": 62
        },
        {
            "pos": {
                "x": 566863.6049004178,
                "y": 4318050.275159645,
                "yaw": -2.91558212999335
            },
            "heading": -2.91558212999335,
            "speeds": {
                "vmax": 10.0
            },
            "type": 1,
            "driving_direction": 1,
            "id": "1559_0",
            "lane_type": 62
        },
        {
            "pos": {
                "x": 566863.1176163121,
                "y": 4318050.163114117,
                "yaw": -2.91558212999335
            },
            "heading": -2.91558212999335,
            "speeds": {
                "vmax": 10.0
            },
            "type": 1,
            "driving_direction": 1,
            "id": "1559_0",
            "lane_type": 62
        },
        {
            "pos": {
                "x": 566862.6303322064,
                "y": 4318050.05106859,
                "yaw": -2.91558212999335
            },
            "heading": -2.91558212999335,
            "speeds": {
                "vmax": 10.0
            },
            "type": 1,
            "driving_direction": 1,
            "id": "1559_0",
            "lane_type": 62
        },
        {
            "pos": {
                "x": 566862.1430481005,
                "y": 4318049.939023063,
                "yaw": -2.91558212999335
            },
            "heading": -2.91558212999335,
            "speeds": {
                "vmax": 10.0
            },
            "type": 1,
            "driving_direction": 1,
            "id": "1559_0",
            "lane_type": 62
        },
        {
            "pos": {
                "x": 566861.6557639948,
                "y": 4318049.826977534,
                "yaw": -2.91558212999335
            },
            "heading": -2.91558212999335,
            "speeds": {
                "vmax": 10.0
            },
            "type": 1,
            "driving_direction": 1,
            "id": "1559_0",
            "lane_type": 62
        },
        {
            "pos": {
                "x": 566861.168479889,
                "y": 4318049.714932007,
                "yaw": -2.91558212999335
            },
            "heading": -2.91558212999335,
            "speeds": {
                "vmax": 10.0
            },
            "type": 1,
            "driving_direction": 1,
            "id": "1559_0",
            "lane_type": 62
        },
        {
            "pos": {
                "x": 566860.6811957833,
                "y": 4318049.602886479,
                "yaw": -2.91558212999335
            },
            "heading": -2.91558212999335,
            "speeds": {
                "vmax": 10.0
            },
            "type": 1,
            "driving_direction": 1,
            "id": "1559_0",
            "lane_type": 62
        },
        {
            "pos": {
                "x": 566860.1939116775,
                "y": 4318049.490840952,
                "yaw": -2.91558212999335
            },
            "heading": -2.91558212999335,
            "speeds": {
                "vmax": 10.0
            },
            "type": 1,
            "driving_direction": 1,
            "id": "1559_0",
            "lane_type": 62
        },
        {
            "pos": {
                "x": 566859.7066275717,
                "y": 4318049.378795424,
                "yaw": -2.91558212999335
            },
            "heading": -2.91558212999335,
            "speeds": {
                "vmax": 10.0
            },
            "type": 1,
            "driving_direction": 1,
            "id": "1559_0",
            "lane_type": 62
        },
        {
            "pos": {
                "x": 566859.219343466,
                "y": 4318049.266749896,
                "yaw": -2.91558212999335
            },
            "heading": -2.91558212999335,
            "speeds": {
                "vmax": 10.0
            },
            "type": 1,
            "driving_direction": 1,
            "id": "1559_0",
            "lane_type": 62
        },
        {
            "pos": {
                "x": 566858.7320593602,
                "y": 4318049.154704369,
                "yaw": -2.91558212999335
            },
            "heading": -2.91558212999335,
            "speeds": {
                "vmax": 10.0
            },
            "type": 1,
            "driving_direction": 1,
            "id": "1559_0",
            "lane_type": 62
        },
        {
            "pos": {
                "x": 566858.2447752545,
                "y": 4318049.042658841,
                "yaw": -2.91558212999335
            },
            "heading": -2.91558212999335,
            "speeds": {
                "vmax": 10.0
            },
            "type": 1,
            "driving_direction": 1,
            "id": "1559_0",
            "lane_type": 62
        },
        {
            "pos": {
                "x": 566857.7574911487,
                "y": 4318048.930613313,
                "yaw": -2.91558212999335
            },
            "heading": -2.91558212999335,
            "speeds": {
                "vmax": 10.0
            },
            "type": 1,
            "driving_direction": 1,
            "id": "1559_0",
            "lane_type": 62
        },
        {
            "pos": {
                "x": 566857.2702070429,
                "y": 4318048.818567785,
                "yaw": -2.91558212999335
            },
            "heading": -2.91558212999335,
            "speeds": {
                "vmax": 10.0
            },
            "type": 1,
            "driving_direction": 1,
            "id": "1559_0",
            "lane_type": 62
        },
        {
            "pos": {
                "x": 566856.7829229372,
                "y": 4318048.706522258,
                "yaw": -2.91558212999335
            },
            "heading": -2.91558212999335,
            "speeds": {
                "vmax": 10.0
            },
            "type": 1,
            "driving_direction": 1,
            "id": "1559_0",
            "lane_type": 62
        },
        {
            "pos": {
                "x": 566856.2956388314,
                "y": 4318048.594476731,
                "yaw": -2.91558212999335
            },
            "heading": -2.91558212999335,
            "speeds": {
                "vmax": 10.0
            },
            "type": 1,
            "driving_direction": 1,
            "id": "1559_0",
            "lane_type": 62
        },
        {
            "pos": {
                "x": 566855.8083547257,
                "y": 4318048.482431202,
                "yaw": -2.91558212999335
            },
            "heading": -2.91558212999335,
            "speeds": {
                "vmax": 10.0
            },
            "type": 1,
            "driving_direction": 1,
            "id": "1559_0",
            "lane_type": 62
        },
        {
            "pos": {
                "x": 566855.7970807985,
                "y": 4318048.479838889,
                "yaw": -2.91558212999335
            },
            "heading": -2.91558212999335,
            "speeds": {
                "vmax": 10.0
            },
            "type": 1,
            "driving_direction": 1,
            "id": "1559_0",
            "lane_type": 62
        },
        {
            "pos": {
                "x": 566855.3095642314,
                "y": 4318048.367739909,
                "yaw": -2.9001183504741874
            },
            "heading": -2.9001183504741874,
            "speeds": {
                "vmax": 15.0
            },
            "type": 2,
            "driving_direction": 1,
            "id": "1561_0",
            "lane_type": 4
        },
        {
            "pos": {
                "x": 566854.826632261,
                "y": 4318048.248807151,
                "yaw": -2.9012370694915983
            },
            "heading": -2.9012370694915983,
            "speeds": {
                "vmax": 15.0
            },
            "type": 2,
            "driving_direction": 1,
            "id": "1561_0",
            "lane_type": 4
        },
        {
            "pos": {
                "x": 566854.3434068931,
                "y": 4318048.130939939,
                "yaw": -2.9021758915925684
            },
            "heading": -2.9021758915925684,
            "speeds": {
                "vmax": 15.0
            },
            "type": 2,
            "driving_direction": 1,
            "id": "1561_0",
            "lane_type": 4
        },
        {
            "pos": {
                "x": 566853.8602298257,
                "y": 4318048.012901038,
                "yaw": -2.900522899713514
            },
            "heading": -2.900522899713514,
            "speeds": {
                "vmax": 15.0
            },
            "type": 2,
            "driving_direction": 1,
            "id": "1561_0",
            "lane_type": 4
        },
        {
            "pos": {
                "x": 566853.3773998033,
                "y": 4318047.89343781,
                "yaw": -2.8962525912158945
            },
            "heading": -2.8962525912158945,
            "speeds": {
                "vmax": 15.0
            },
            "type": 2,
            "driving_direction": 1,
            "id": "1561_0",
            "lane_type": 4
        },
        {
            "pos": {
                "x": 566852.89525317,
                "y": 4318047.771279127,
                "yaw": -2.8896726075786168
            },
            "heading": -2.8896726075786168,
            "speeds": {
                "vmax": 15.0
            },
            "type": 2,
            "driving_direction": 1,
            "id": "1561_0",
            "lane_type": 4
        },
        {
            "pos": {
                "x": 566852.4140535232,
                "y": 4318047.645488888,
                "yaw": -2.8841354675203807
            },
            "heading": -2.8841354675203807,
            "speeds": {
                "vmax": 15.0
            },
            "type": 2,
            "driving_direction": 1,
            "id": "1561_0",
            "lane_type": 4
        },
        {
            "pos": {
                "x": 566851.9332807211,
                "y": 4318047.517996887,
                "yaw": -2.8803287559798134
            },
            "heading": -2.8803287559798134,
            "speeds": {
                "vmax": 15.0
            },
            "type": 2,
            "driving_direction": 1,
            "id": "1561_0",
            "lane_type": 4
        },
        {
            "pos": {
                "x": 566851.4530510288,
                "y": 4318047.388536558,
                "yaw": -2.8751171968842777
            },
            "heading": -2.8751171968842777,
            "speeds": {
                "vmax": 15.0
            },
            "type": 2,
            "driving_direction": 1,
            "id": "1561_0",
            "lane_type": 4
        },
        {
            "pos": {
                "x": 566850.9736572433,
                "y": 4318047.25604505,
                "yaw": -2.867661479367654
            },
            "heading": -2.867661479367654,
            "speeds": {
                "vmax": 15.0
            },
            "type": 2,
            "driving_direction": 1,
            "id": "1561_0",
            "lane_type": 4
        },
        {
            "pos": {
                "x": 566850.4953688916,
                "y": 4318047.119427315,
                "yaw": -2.8579763922185712
            },
            "heading": -2.8579763922185712,
            "speeds": {
                "vmax": 15.0
            },
            "type": 2,
            "driving_direction": 1,
            "id": "1561_0",
            "lane_type": 4
        },
        {
            "pos": {
                "x": 566850.0185037837,
                "y": 4318046.97764112,
                "yaw": -2.847073116908147
            },
            "heading": -2.847073116908147,
            "speeds": {
                "vmax": 15.0
            },
            "type": 2,
            "driving_direction": 1,
            "id": "1561_0",
            "lane_type": 4
        },
        {
            "pos": {
                "x": 566849.5433528398,
                "y": 4318046.830643421,
                "yaw": -2.8364194389372184
            },
            "heading": -2.8364194389372184,
            "speeds": {
                "vmax": 15.0
            },
            "type": 2,
            "driving_direction": 1,
            "id": "1561_0",
            "lane_type": 4
        },
        {
            "pos": {
                "x": 566849.0696565381,
                "y": 4318046.678743323,
                "yaw": -2.8262667584103003
            },
            "heading": -2.8262667584103003,
            "speeds": {
                "vmax": 15.0
            },
            "type": 2,
            "driving_direction": 1,
            "id": "1561_0",
            "lane_type": 4
        },
        {
            "pos": {
                "x": 566848.597514999,
                "y": 4318046.522102111,
                "yaw": -2.8163693243232473
            },
            "heading": -2.8163693243232473,
            "speeds": {
                "vmax": 15.0
            },
            "type": 2,
            "driving_direction": 1,
            "id": "1561_0",
            "lane_type": 4
        },
        {
            "pos": {
                "x": 566848.1269180768,
                "y": 4318046.360854747,
                "yaw": -2.806792400935297
            },
            "heading": -2.806792400935297,
            "speeds": {
                "vmax": 15.0
            },
            "type": 2,
            "driving_direction": 1,
            "id": "1561_0",
            "lane_type": 4
        },
        {
            "pos": {
                "x": 566847.6578519023,
                "y": 4318046.195195343,
                "yaw": -2.797954186101909
            },
            "heading": -2.797954186101909,
            "speeds": {
                "vmax": 15.0
            },
            "type": 2,
            "driving_direction": 1,
            "id": "1561_0",
            "lane_type": 4
        },
        {
            "pos": {
                "x": 566847.1901843533,
                "y": 4318046.025655173,
                "yaw": -2.7892991877990574
            },
            "heading": -2.7892991877990574,
            "speeds": {
                "vmax": 15.0
            },
            "type": 2,
            "driving_direction": 1,
            "id": "1561_0",
            "lane_type": 4
        },
        {
            "pos": {
                "x": 566846.7240513006,
                "y": 4318045.851895573,
                "yaw": -2.7802140249168
            },
            "heading": -2.7802140249168,
            "speeds": {
                "vmax": 15.0
            },
            "type": 2,
            "driving_direction": 1,
            "id": "1561_0",
            "lane_type": 4
        },
        {
            "pos": {
                "x": 566846.2595192271,
                "y": 4318045.673877684,
                "yaw": -2.771070792719013
            },
            "heading": -2.771070792719013,
            "speeds": {
                "vmax": 15.0
            },
            "type": 2,
            "driving_direction": 1,
            "id": "1561_0",
            "lane_type": 4
        },
        {
            "pos": {
                "x": 566845.7966297301,
                "y": 4318045.491617512,
                "yaw": -2.7618623518861343
            },
            "heading": -2.7618623518861343,
            "speeds": {
                "vmax": 15.0
            },
            "type": 2,
            "driving_direction": 1,
            "id": "1561_0",
            "lane_type": 4
        },
        {
            "pos": {
                "x": 566845.3354688911,
                "y": 4318045.305078307,
                "yaw": -2.752409132446869
            },
            "heading": -2.752409132446869,
            "speeds": {
                "vmax": 15.0
            },
            "type": 2,
            "driving_direction": 1,
            "id": "1561_0",
            "lane_type": 4
        },
        {
            "pos": {
                "x": 566844.8761624017,
                "y": 4318045.114120299,
                "yaw": -2.7426353190403456
            },
            "heading": -2.7426353190403456,
            "speeds": {
                "vmax": 15.0
            },
            "type": 2,
            "driving_direction": 1,
            "id": "1561_0",
            "lane_type": 4
        },
        {
            "pos": {
                "x": 566844.4187608757,
                "y": 4318044.918612909,
                "yaw": -2.7327622880868168
            },
            "heading": -2.7327622880868168,
            "speeds": {
                "vmax": 15.0
            },
            "type": 2,
            "driving_direction": 1,
            "id": "1561_0",
            "lane_type": 4
        },
        {
            "pos": {
                "x": 566843.9633115605,
                "y": 4318044.718622489,
                "yaw": -2.7231286424711882
            },
            "heading": -2.7231286424711882,
            "speeds": {
                "vmax": 15.0
            },
            "type": 2,
            "driving_direction": 1,
            "id": "1561_0",
            "lane_type": 4
        },
        {
            "pos": {
                "x": 566843.5100621935,
                "y": 4318044.514474979,
                "yaw": -2.713667552929356
            },
            "heading": -2.713667552929356,
            "speeds": {
                "vmax": 15.0
            },
            "type": 2,
            "driving_direction": 1,
            "id": "1561_0",
            "lane_type": 4
        },
        {
            "pos": {
                "x": 566843.0581468698,
                "y": 4318044.305754298,
                "yaw": -2.7042807984538486
            },
            "heading": -2.7042807984538486,
            "speeds": {
                "vmax": 15.0
            },
            "type": 2,
            "driving_direction": 1,
            "id": "1561_0",
            "lane_type": 4
        },
        {
            "pos": {
                "x": 566842.6084955068,
                "y": 4318044.092978206,
                "yaw": -2.695037091453875
            },
            "heading": -2.695037091453875,
            "speeds": {
                "vmax": 15.0
            },
            "type": 2,
            "driving_direction": 1,
            "id": "1561_0",
            "lane_type": 4
        },
        {
            "pos": {
                "x": 566842.1607977315,
                "y": 4318043.876075402,
                "yaw": -2.686309402511064
            },
            "heading": -2.686309402511064,
            "speeds": {
                "vmax": 15.0
            },
            "type": 2,
            "driving_direction": 1,
            "id": "1561_0",
            "lane_type": 4
        },
        {
            "pos": {
                "x": 566841.7148989311,
                "y": 4318043.655470431,
                "yaw": -2.6784512537724674
            },
            "heading": -2.6784512537724674,
            "speeds": {
                "vmax": 15.0
            },
            "type": 2,
            "driving_direction": 1,
            "id": "1561_0",
            "lane_type": 4
        },
        {
            "pos": {
                "x": 566841.2705029715,
                "y": 4318043.431475669,
                "yaw": -2.6707617487088875
            },
            "heading": -2.6707617487088875,
            "speeds": {
                "vmax": 15.0
            },
            "type": 2,
            "driving_direction": 1,
            "id": "1561_0",
            "lane_type": 4
        },
        {
            "pos": {
                "x": 566840.8282597929,
                "y": 4318043.204138453,
                "yaw": -2.6627792096667093
            },
            "heading": -2.6627792096667093,
            "speeds": {
                "vmax": 15.0
            },
            "type": 2,
            "driving_direction": 1,
            "id": "1561_0",
            "lane_type": 4
        },
        {
            "pos": {
                "x": 566840.3877296993,
                "y": 4318042.973203683,
                "yaw": -2.654890939249624
            },
            "heading": -2.654890939249624,
            "speeds": {
                "vmax": 15.0
            },
            "type": 2,
            "driving_direction": 1,
            "id": "1561_0",
            "lane_type": 4
        },
        {
            "pos": {
                "x": 566839.9492340472,
                "y": 4318042.738978119,
                "yaw": -2.648021664530038
            },
            "heading": -2.648021664530038,
            "speeds": {
                "vmax": 15.0
            },
            "type": 2,
            "driving_direction": 1,
            "id": "1561_0",
            "lane_type": 4
        },
        {
            "pos": {
                "x": 566839.512203231,
                "y": 4318042.502179794,
                "yaw": -2.6426881594213434
            },
            "heading": -2.6426881594213434,
            "speeds": {
                "vmax": 15.0
            },
            "type": 2,
            "driving_direction": 1,
            "id": "1561_0",
            "lane_type": 4
        },
        {
            "pos": {
                "x": 566839.0768480683,
                "y": 4318042.263631493,
                "yaw": -2.63824797895624
            },
            "heading": -2.63824797895624,
            "speeds": {
                "vmax": 15.0
            },
            "type": 2,
            "driving_direction": 1,
            "id": "1561_0",
            "lane_type": 4
        },
        {
            "pos": {
                "x": 566838.6417196156,
                "y": 4318042.022850192,
                "yaw": -2.634644635848786
            },
            "heading": -2.634644635848786,
            "speeds": {
                "vmax": 15.0
            },
            "type": 2,
            "driving_direction": 1,
            "id": "1561_0",
            "lane_type": 4
        },
        {
            "pos": {
                "x": 566838.2069119762,
                "y": 4318041.780508125,
                "yaw": -2.631384000678295
            },
            "heading": -2.631384000678295,
            "speeds": {
                "vmax": 15.0
            },
            "type": 2,
            "driving_direction": 1,
            "id": "1561_0",
            "lane_type": 4
        },
        {
            "pos": {
                "x": 566837.7732556846,
                "y": 4318041.536833728,
                "yaw": -2.6286954043566046
            },
            "heading": -2.6286954043566046,
            "speeds": {
                "vmax": 15.0
            },
            "type": 2,
            "driving_direction": 1,
            "id": "1561_0",
            "lane_type": 4
        },
        {
            "pos": {
                "x": 566837.3390427008,
                "y": 4318041.291755198,
                "yaw": -2.627263235034582
            },
            "heading": -2.627263235034582,
            "speeds": {
                "vmax": 15.0
            },
            "type": 2,
            "driving_direction": 1,
            "id": "1561_0",
            "lane_type": 4
        },
        {
            "pos": {
                "x": 566836.9055673177,
                "y": 4318041.04654239,
                "yaw": -2.626649796310157
            },
            "heading": -2.626649796310157,
            "speeds": {
                "vmax": 15.0
            },
            "type": 2,
            "driving_direction": 1,
            "id": "1561_0",
            "lane_type": 4
        },
        {
            "pos": {
                "x": 566836.472306788,
                "y": 4318040.801300878,
                "yaw": -2.6267038402073855
            },
            "heading": -2.6267038402073855,
            "speeds": {
                "vmax": 15.0
            },
            "type": 2,
            "driving_direction": 1,
            "id": "1561_0",
            "lane_type": 4
        },
        {
            "pos": {
                "x": 566836.0392211116,
                "y": 4318040.556373551,
                "yaw": -2.6274496018410547
            },
            "heading": -2.6274496018410547,
            "speeds": {
                "vmax": 15.0
            },
            "type": 2,
            "driving_direction": 1,
            "id": "1561_0",
            "lane_type": 4
        },
        {
            "pos": {
                "x": 566835.6048427017,
                "y": 4318040.311358832,
                "yaw": -2.629104106357885
            },
            "heading": -2.629104106357885,
            "speeds": {
                "vmax": 15.0
            },
            "type": 2,
            "driving_direction": 1,
            "id": "1561_0",
            "lane_type": 4
        },
        {
            "pos": {
                "x": 566835.1707451572,
                "y": 4318040.067768757,
                "yaw": -2.6324133623316026
            },
            "heading": -2.6324133623316026,
            "speeds": {
                "vmax": 15.0
            },
            "type": 2,
            "driving_direction": 1,
            "id": "1561_0",
            "lane_type": 4
        },
        {
            "pos": {
                "x": 566834.7291792457,
                "y": 4318039.822578557,
                "yaw": -2.6374990192249146
            },
            "heading": -2.6374990192249146,
            "speeds": {
                "vmax": 15.0
            },
            "type": 2,
            "driving_direction": 1,
            "id": "1561_0",
            "lane_type": 4
        },
        {
            "pos": {
                "x": 566834.299565129,
                "y": 4318039.587331554,
                "yaw": -2.64478940550715
            },
            "heading": -2.64478940550715,
            "speeds": {
                "vmax": 15.0
            },
            "type": 2,
            "driving_direction": 1,
            "id": "1561_0",
            "lane_type": 4
        },
        {
            "pos": {
                "x": 566833.8569135731,
                "y": 4318039.3498552255,
                "yaw": -2.6542941580240598
            },
            "heading": -2.6542941580240598,
            "speeds": {
                "vmax": 15.0
            },
            "type": 2,
            "driving_direction": 1,
            "id": "1561_0",
            "lane_type": 4
        },
        {
            "pos": {
                "x": 566833.422086312,
                "y": 4318039.122510096,
                "yaw": -2.6644058567091244
            },
            "heading": -2.6644058567091244,
            "speeds": {
                "vmax": 15.0
            },
            "type": 2,
            "driving_direction": 1,
            "id": "1561_0",
            "lane_type": 4
        },
        {
            "pos": {
                "x": 566832.9793378204,
                "y": 4318038.896193458,
                "yaw": -2.6745152317506227
            },
            "heading": -2.6745152317506227,
            "speeds": {
                "vmax": 15.0
            },
            "type": 2,
            "driving_direction": 1,
            "id": "1561_0",
            "lane_type": 4
        },
        {
            "pos": {
                "x": 566832.5339427765,
                "y": 4318038.674688315,
                "yaw": -2.684308825587304
            },
            "heading": -2.684308825587304,
            "speeds": {
                "vmax": 15.0
            },
            "type": 2,
            "driving_direction": 1,
            "id": "1561_0",
            "lane_type": 4
        },
        {
            "pos": {
                "x": 566832.0873025547,
                "y": 4318038.457276719,
                "yaw": -2.697232021250808
            },
            "heading": -2.697232021250808,
            "speeds": {
                "vmax": 15.0
            },
            "type": 2,
            "driving_direction": 1,
            "id": "1561_0",
            "lane_type": 4
        },
        {
            "pos": {
                "x": 566831.635729515,
                "y": 4318038.24715041,
                "yaw": -2.7226921349488196
            },
            "heading": -2.7226921349488196,
            "speeds": {
                "vmax": 15.0
            },
            "type": 2,
            "driving_direction": 1,
            "id": "1561_0",
            "lane_type": 4
        },
        {
            "pos": {
                "x": 566831.1779609853,
                "y": 4318038.052626044,
                "yaw": -2.7555515088803486
            },
            "heading": -2.7555515088803486,
            "speeds": {
                "vmax": 15.0
            },
            "type": 2,
            "driving_direction": 1,
            "id": "1561_0",
            "lane_type": 4
        },
        {
            "pos": {
                "x": 566830.714454127,
                "y": 4318037.872852464,
                "yaw": -2.7772332892040286
            },
            "heading": -2.7772332892040286,
            "speeds": {
                "vmax": 15.0
            },
            "type": 2,
            "driving_direction": 1,
            "id": "1561_0",
            "lane_type": 4
        },
        {
            "pos": {
                "x": 566830.2491848753,
                "y": 4318037.698356351,
                "yaw": -2.7897221929778
            },
            "heading": -2.7897221929778,
            "speeds": {
                "vmax": 15.0
            },
            "type": 2,
            "driving_direction": 1,
            "id": "1561_0",
            "lane_type": 4
        },
        {
            "pos": {
                "x": 566829.7809985913,
                "y": 4318037.530193999,
                "yaw": -2.8007092764374075
            },
            "heading": -2.8007092764374075,
            "speeds": {
                "vmax": 15.0
            },
            "type": 2,
            "driving_direction": 1,
            "id": "1561_0",
            "lane_type": 4
        },
        {
            "pos": {
                "x": 566829.3112919745,
                "y": 4318037.365658978,
                "yaw": -2.80529268602577
            },
            "heading": -2.80529268602577,
            "speeds": {
                "vmax": 15.0
            },
            "type": 2,
            "driving_direction": 1,
            "id": "1561_0",
            "lane_type": 4
        },
        {
            "pos": {
                "x": 566828.8413790782,
                "y": 4318037.201697837,
                "yaw": -2.8051189589730305
            },
            "heading": -2.8051189589730305,
            "speeds": {
                "vmax": 15.0
            },
            "type": 2,
            "driving_direction": 1,
            "id": "1561_0",
            "lane_type": 4
        },
        {
            "pos": {
                "x": 566828.3720234991,
                "y": 4318037.037107404,
                "yaw": -2.8065038220693372
            },
            "heading": -2.8065038220693372,
            "speeds": {
                "vmax": 15.0
            },
            "type": 2,
            "driving_direction": 1,
            "id": "1561_0",
            "lane_type": 4
        },
        {
            "pos": {
                "x": 566827.902689931,
                "y": 4318036.874875536,
                "yaw": -2.813521174188282
            },
            "heading": -2.813521174188282,
            "speeds": {
                "vmax": 15.0
            },
            "type": 2,
            "driving_direction": 1,
            "id": "1561_0",
            "lane_type": 4
        },
        {
            "pos": {
                "x": 566827.431296688,
                "y": 4318036.716961798,
                "yaw": -2.824165843865792
            },
            "heading": -2.824165843865792,
            "speeds": {
                "vmax": 15.0
            },
            "type": 2,
            "driving_direction": 1,
            "id": "1561_0",
            "lane_type": 4
        },
        {
            "pos": {
                "x": 566826.9580091522,
                "y": 4318036.564548272,
                "yaw": -2.834691262248751
            },
            "heading": -2.834691262248751,
            "speeds": {
                "vmax": 15.0
            },
            "type": 2,
            "driving_direction": 1,
            "id": "1561_0",
            "lane_type": 4
        },
        {
            "pos": {
                "x": 566826.4834633155,
                "y": 4318036.416588759,
                "yaw": -2.842439703357705
            },
            "heading": -2.842439703357705,
            "speeds": {
                "vmax": 15.0
            },
            "type": 2,
            "driving_direction": 1,
            "id": "1561_0",
            "lane_type": 4
        },
        {
            "pos": {
                "x": 566826.0078946559,
                "y": 4318036.27152586,
                "yaw": -2.8482847777738964
            },
            "heading": -2.8482847777738964,
            "speeds": {
                "vmax": 15.0
            },
            "type": 2,
            "driving_direction": 1,
            "id": "1561_0",
            "lane_type": 4
        },
        {
            "pos": {
                "x": 566825.5318136446,
                "y": 4318036.129169079,
                "yaw": -2.914186358096378
            },
            "heading": -2.914186358096378,
            "speeds": {
                "vmax": 20.0
            },
            "type": 1,
            "driving_direction": 1,
            "id": "1166_1",
            "lane_type": 8
        },
        {
            "pos": {
                "x": 566825.0459672369,
                "y": 4318036.016739827,
                "yaw": -2.914186299708779
            },
            "heading": -2.914186299708779,
            "speeds": {
                "vmax": 20.0
            },
            "type": 1,
            "driving_direction": 1,
            "id": "1166_1",
            "lane_type": 8
        },
        {
            "pos": {
                "x": 566824.5599612694,
                "y": 4318035.904273651,
                "yaw": -2.914186993933697
            },
            "heading": -2.914186993933697,
            "speeds": {
                "vmax": 20.0
            },
            "type": 1,
            "driving_direction": 1,
            "id": "1166_1",
            "lane_type": 8
        },
        {
            "pos": {
                "x": 566824.0740396779,
                "y": 4318035.791827001,
                "yaw": -2.9141864570291824
            },
            "heading": -2.9141864570291824,
            "speeds": {
                "vmax": 20.0
            },
            "type": 1,
            "driving_direction": 1,
            "id": "1166_1",
            "lane_type": 8
        },
        {
            "pos": {
                "x": 566823.5880384964,
                "y": 4318035.679361932,
                "yaw": -2.9141864235580655
            },
            "heading": -2.9141864235580655,
            "speeds": {
                "vmax": 20.0
            },
            "type": 1,
            "driving_direction": 1,
            "id": "1166_1",
            "lane_type": 8
        },
        {
            "pos": {
                "x": 566823.1020911892,
                "y": 4318035.566909332,
                "yaw": -2.914186513366047
            },
            "heading": -2.914186513366047,
            "speeds": {
                "vmax": 20.0
            },
            "type": 1,
            "driving_direction": 1,
            "id": "1166_1",
            "lane_type": 8
        },
        {
            "pos": {
                "x": 566822.6161229409,
                "y": 4318035.454451884,
                "yaw": -2.914186620984464
            },
            "heading": -2.914186620984464,
            "speeds": {
                "vmax": 20.0
            },
            "type": 1,
            "driving_direction": 1,
            "id": "1166_1",
            "lane_type": 8
        },
        {
            "pos": {
                "x": 566822.1301139148,
                "y": 4318035.341985,
                "yaw": -2.914186079945372
            },
            "heading": -2.914186079945372,
            "speeds": {
                "vmax": 20.0
            },
            "type": 1,
            "driving_direction": 1,
            "id": "1166_1",
            "lane_type": 8
        },
        {
            "pos": {
                "x": 566821.6441752742,
                "y": 4318035.229534405,
                "yaw": -2.914187020687132
            },
            "heading": -2.914187020687132,
            "speeds": {
                "vmax": 20.0
            },
            "type": 1,
            "driving_direction": 1,
            "id": "1166_1",
            "lane_type": 8
        },
        {
            "pos": {
                "x": 566821.1582159118,
                "y": 4318035.117079015,
                "yaw": -2.9141862758855903
            },
            "heading": -2.9141862758855903,
            "speeds": {
                "vmax": 20.0
            },
            "type": 1,
            "driving_direction": 1,
            "id": "1166_1",
            "lane_type": 8
        },
        {
            "pos": {
                "x": 566820.6722348111,
                "y": 4318035.0046185935,
                "yaw": -2.914185763144355
            },
            "heading": -2.914185763144355,
            "speeds": {
                "vmax": 20.0
            },
            "type": 1,
            "driving_direction": 1,
            "id": "1166_1",
            "lane_type": 8
        },
        {
            "pos": {
                "x": 566820.1862756968,
                "y": 4318034.892163261,
                "yaw": -2.914187430120752
            },
            "heading": -2.914187430120752,
            "speeds": {
                "vmax": 20.0
            },
            "type": 1,
            "driving_direction": 1,
            "id": "1166_1",
            "lane_type": 8
        },
        {
            "pos": {
                "x": 566819.7003261166,
                "y": 4318034.779710133,
                "yaw": -2.9141859295666883
            },
            "heading": -2.9141859295666883,
            "speeds": {
                "vmax": 20.0
            },
            "type": 1,
            "driving_direction": 1,
            "id": "1166_1",
            "lane_type": 8
        },
        {
            "pos": {
                "x": 566819.2143396675,
                "y": 4318034.667248474,
                "yaw": -2.914186702694427
            },
            "heading": -2.914186702694427,
            "speeds": {
                "vmax": 20.0
            },
            "type": 1,
            "driving_direction": 1,
            "id": "1166_1",
            "lane_type": 8
        },
        {
            "pos": {
                "x": 566818.7283919515,
                "y": 4318034.554795779,
                "yaw": -2.914186461021937
            },
            "heading": -2.914186461021937,
            "speeds": {
                "vmax": 20.0
            },
            "type": 1,
            "driving_direction": 1,
            "id": "1166_1",
            "lane_type": 8
        },
        {
            "pos": {
                "x": 566818.2424225649,
                "y": 4318034.442338068,
                "yaw": -2.9141861657949804
            },
            "heading": -2.9141861657949804,
            "speeds": {
                "vmax": 20.0
            },
            "type": 1,
            "driving_direction": 1,
            "id": "1166_1",
            "lane_type": 8
        },
        {
            "pos": {
                "x": 566817.7564572673,
                "y": 4318034.329881304,
                "yaw": -2.914186078528101
            },
            "heading": -2.914186078528101,
            "speeds": {
                "vmax": 20.0
            },
            "type": 1,
            "driving_direction": 1,
            "id": "1166_1",
            "lane_type": 8
        },
        {
            "pos": {
                "x": 566817.270492599,
                "y": 4318034.217424686,
                "yaw": -2.914187403326103
            },
            "heading": -2.914187403326103,
            "speeds": {
                "vmax": 20.0
            },
            "type": 1,
            "driving_direction": 1,
            "id": "1166_1",
            "lane_type": 8
        },
        {
            "pos": {
                "x": 566816.7845315698,
                "y": 4318034.104968909,
                "yaw": -2.914186125508078
            },
            "heading": -2.914186125508078,
            "speeds": {
                "vmax": 20.0
            },
            "type": 1,
            "driving_direction": 1,
            "id": "1166_1",
            "lane_type": 8
        },
        {
            "pos": {
                "x": 566816.2985623763,
                "y": 4318033.9925112445,
                "yaw": -2.9141863067341234
            },
            "heading": -2.9141863067341234,
            "speeds": {
                "vmax": 20.0
            },
            "type": 1,
            "driving_direction": 1,
            "id": "1166_1",
            "lane_type": 8
        },
        {
            "pos": {
                "x": 566815.8125962727,
                "y": 4318033.880054293,
                "yaw": -2.914186875817485
            },
            "heading": -2.914186875817485,
            "speeds": {
                "vmax": 20.0
            },
            "type": 1,
            "driving_direction": 1,
            "id": "1166_1",
            "lane_type": 8
        },
        {
            "pos": {
                "x": 566815.326636157,
                "y": 4318033.767598728,
                "yaw": -2.914186466425204
            },
            "heading": -2.914186466425204,
            "speeds": {
                "vmax": 20.0
            },
            "type": 1,
            "driving_direction": 1,
            "id": "1166_1",
            "lane_type": 8
        },
        {
            "pos": {
                "x": 566814.8406703076,
                "y": 4318033.655141836,
                "yaw": -2.9141861940253833
            },
            "heading": -2.9141861940253833,
            "speeds": {
                "vmax": 20.0
            },
            "type": 1,
            "driving_direction": 1,
            "id": "1166_1",
            "lane_type": 8
        },
        {
            "pos": {
                "x": 566814.3546912591,
                "y": 4318033.54268189,
                "yaw": -2.914186512113501
            },
            "heading": -2.914186512113501,
            "speeds": {
                "vmax": 20.0
            },
            "type": 1,
            "driving_direction": 1,
            "id": "1166_1",
            "lane_type": 8
        },
        {
            "pos": {
                "x": 566813.8687315333,
                "y": 4318033.430226414,
                "yaw": -2.9141867577015024
            },
            "heading": -2.9141867577015024,
            "speeds": {
                "vmax": 20.0
            },
            "type": 1,
            "driving_direction": 1,
            "id": "1166_1",
            "lane_type": 8
        },
        {
            "pos": {
                "x": 566813.3827640117,
                "y": 4318033.317769136,
                "yaw": -2.914186223543118
            },
            "heading": -2.914186223543118,
            "speeds": {
                "vmax": 20.0
            },
            "type": 1,
            "driving_direction": 1,
            "id": "1166_1",
            "lane_type": 8
        },
        {
            "pos": {
                "x": 566812.8967893448,
                "y": 4318033.205310203,
                "yaw": -2.9141866273746424
            },
            "heading": -2.9141866273746424,
            "speeds": {
                "vmax": 20.0
            },
            "type": 1,
            "driving_direction": 1,
            "id": "1166_1",
            "lane_type": 8
        },
        {
            "pos": {
                "x": 566812.4108717669,
                "y": 4318033.092864482,
                "yaw": -2.9141864768747605
            },
            "heading": -2.9141864768747605,
            "speeds": {
                "vmax": 20.0
            },
            "type": 1,
            "driving_direction": 1,
            "id": "1166_1",
            "lane_type": 8
        },
        {
            "pos": {
                "x": 566811.9249364813,
                "y": 4318032.980414663,
                "yaw": -2.9149382749758264
            },
            "heading": -2.9149382749758264,
            "speeds": {
                "vmax": 20.0
            },
            "type": 1,
            "driving_direction": 1,
            "id": "1167_1",
            "lane_type": 3
        },
        {
            "pos": {
                "x": 566811.455466944,
                "y": 4318032.872147188,
                "yaw": -2.914978392032506
            },
            "heading": -2.914978392032506,
            "speeds": {
                "vmax": 20.0
            },
            "type": 1,
            "driving_direction": 1,
            "id": "1167_1",
            "lane_type": 3
        },
        {
            "pos": {
                "x": 566810.9859269955,
                "y": 4318032.763902854,
                "yaw": -2.9150428330079055
            },
            "heading": -2.9150428330079055,
            "speeds": {
                "vmax": 20.0
            },
            "type": 1,
            "driving_direction": 1,
            "id": "1167_1",
            "lane_type": 3
        },
        {
            "pos": {
                "x": 566810.5164083703,
                "y": 4318032.655687163,
                "yaw": -2.915078841994106
            },
            "heading": -2.915078841994106,
            "speeds": {
                "vmax": 20.0
            },
            "type": 1,
            "driving_direction": 1,
            "id": "1167_1",
            "lane_type": 3
        },
        {
            "pos": {
                "x": 566810.0468610639,
                "y": 4318032.547477322,
                "yaw": -2.9150947283831514
            },
            "heading": -2.9150947283831514,
            "speeds": {
                "vmax": 20.0
            },
            "type": 1,
            "driving_direction": 1,
            "id": "1167_1",
            "lane_type": 3
        },
        {
            "pos": {
                "x": 566809.5773358183,
                "y": 4318032.439275894,
                "yaw": -2.9150927190936216
            },
            "heading": -2.9150927190936216,
            "speeds": {
                "vmax": 20.0
            },
            "type": 1,
            "driving_direction": 1,
            "id": "1167_1",
            "lane_type": 3
        },
        {
            "pos": {
                "x": 566809.1078003068,
                "y": 4318032.331066586,
                "yaw": -2.915072271779698
            },
            "heading": -2.915072271779698,
            "speeds": {
                "vmax": 20.0
            },
            "type": 1,
            "driving_direction": 1,
            "id": "1167_1",
            "lane_type": 3
        },
        {
            "pos": {
                "x": 566808.6382632084,
                "y": 4318032.2228418775,
                "yaw": -2.9150291296606894
            },
            "heading": -2.9150291296606894,
            "speeds": {
                "vmax": 20.0
            },
            "type": 1,
            "driving_direction": 1,
            "id": "1167_1",
            "lane_type": 3
        },
        {
            "pos": {
                "x": 566808.1687326886,
                "y": 4318032.11459161,
                "yaw": -2.914956230712332
            },
            "heading": -2.914956230712332,
            "speeds": {
                "vmax": 20.0
            },
            "type": 1,
            "driving_direction": 1,
            "id": "1167_1",
            "lane_type": 3
        },
        {
            "pos": {
                "x": 566807.6992287275,
                "y": 4318032.006302796,
                "yaw": -2.914836648993847
            },
            "heading": -2.914836648993847,
            "speeds": {
                "vmax": 20.0
            },
            "type": 1,
            "driving_direction": 1,
            "id": "1167_1",
            "lane_type": 3
        },
        {
            "pos": {
                "x": 566807.2297545865,
                "y": 4318031.897946103,
                "yaw": -2.914619080695879
            },
            "heading": -2.914619080695879,
            "speeds": {
                "vmax": 20.0
            },
            "type": 1,
            "driving_direction": 1,
            "id": "1167_1",
            "lane_type": 3
        },
        {
            "pos": {
                "x": 566806.7602635967,
                "y": 4318031.789444987,
                "yaw": -2.9140894498819523
            },
            "heading": -2.9140894498819523,
            "speeds": {
                "vmax": 20.0
            },
            "type": 1,
            "driving_direction": 1,
            "id": "1167_1",
            "lane_type": 3
        },
        {
            "pos": {
                "x": 566806.2909098289,
                "y": 4318031.68059234,
                "yaw": -2.912599674190525
            },
            "heading": -2.912599674190525,
            "speeds": {
                "vmax": 20.0
            },
            "type": 1,
            "driving_direction": 1,
            "id": "1167_1",
            "lane_type": 3
        },
        {
            "pos": {
                "x": 566805.821787946,
                "y": 4318031.570704859,
                "yaw": -2.9117817380580293
            },
            "heading": -2.9117817380580293,
            "speeds": {
                "vmax": 20.0
            },
            "type": 1,
            "driving_direction": 1,
            "id": "1168_1",
            "lane_type": 3
        },
        {
            "pos": {
                "x": 566805.3392763853,
                "y": 4318031.4578241315,
                "yaw": -2.9117814995871916
            },
            "heading": -2.9117814995871916,
            "speeds": {
                "vmax": 20.0
            },
            "type": 1,
            "driving_direction": 1,
            "id": "1168_1",
            "lane_type": 3
        },
        {
            "pos": {
                "x": 566804.8566063596,
                "y": 4318031.344906332,
                "yaw": -2.9117816235505294
            },
            "heading": -2.9117816235505294,
            "speeds": {
                "vmax": 20.0
            },
            "type": 1,
            "driving_direction": 1,
            "id": "1168_1",
            "lane_type": 3
        },
        {
            "pos": {
                "x": 566804.3740201313,
                "y": 4318031.232008135,
                "yaw": -2.9117813923821823
            },
            "heading": -2.9117813923821823,
            "speeds": {
                "vmax": 20.0
            },
            "type": 1,
            "driving_direction": 1,
            "id": "1168_1",
            "lane_type": 3
        }
    ]
}