{
    "header": {
        "trace_id": "COMMAND&qGaBJcDmCb",
        "trans_id": "346766c5-c282-47c5-a537-b58975faad96",
        "che_id": "A537",
        "timestamp": "2025-02-19T18:41:37.244746Z"
    },
    "task_id": "COMMAND&qGaBJcDmCb",
    "navi_id": "A537_COMMAND&qGaBJcDmCb_1",
    "seq_num": 1,
    "dest_type": 3,
    "mode": 2,
    "waypoints": [
        {
            "pos": {
                "x": 566926.8892570894,
                "y": 4317776.574982606,
                "yaw": 0.22808924807121161
            },
            "heading": 0.22808924807121161,
            "speeds": {
                "vmax": 15.0
            },
            "type": 1,
            "driving_direction": 1,
            "id": "1444_0",
            "lane_type": 61
        },
        {
            "pos": {
                "x": 566927.3762924182,
                "y": 4317776.688104613,
                "yaw": 0.22808924807121161
            },
            "heading": 0.22808924807121161,
            "speeds": {
                "vmax": 15.0
            },
            "type": 1,
            "driving_direction": 1,
            "id": "1444_0",
            "lane_type": 61
        },
        {
            "pos": {
                "x": 566927.8633277471,
                "y": 4317776.80122662,
                "yaw": 0.22808924807121161
            },
            "heading": 0.22808924807121161,
            "speeds": {
                "vmax": 15.0
            },
            "type": 1,
            "driving_direction": 1,
            "id": "1444_0",
            "lane_type": 61
        },
        {
            "pos": {
                "x": 566928.350363076,
                "y": 4317776.9143486265,
                "yaw": 0.22808924807121161
            },
            "heading": 0.22808924807121161,
            "speeds": {
                "vmax": 15.0
            },
            "type": 1,
            "driving_direction": 1,
            "id": "1444_0",
            "lane_type": 61
        },
        {
            "pos": {
                "x": 566928.8373984048,
                "y": 4317777.027470633,
                "yaw": 0.22808924807121161
            },
            "heading": 0.22808924807121161,
            "speeds": {
                "vmax": 15.0
            },
            "type": 1,
            "driving_direction": 1,
            "id": "1444_0",
            "lane_type": 61
        },
        {
            "pos": {
                "x": 566929.3244337337,
                "y": 4317777.14059264,
                "yaw": 0.22808924807121161
            },
            "heading": 0.22808924807121161,
            "speeds": {
                "vmax": 15.0
            },
            "type": 1,
            "driving_direction": 1,
            "id": "1444_0",
            "lane_type": 61
        },
        {
            "pos": {
                "x": 566929.8114690626,
                "y": 4317777.253714647,
                "yaw": 0.22808924807121161
            },
            "heading": 0.22808924807121161,
            "speeds": {
                "vmax": 15.0
            },
            "type": 1,
            "driving_direction": 1,
            "id": "1444_0",
            "lane_type": 61
        },
        {
            "pos": {
                "x": 566930.2985043915,
                "y": 4317777.366836654,
                "yaw": 0.22808924807121161
            },
            "heading": 0.22808924807121161,
            "speeds": {
                "vmax": 15.0
            },
            "type": 1,
            "driving_direction": 1,
            "id": "1444_0",
            "lane_type": 61
        },
        {
            "pos": {
                "x": 566930.7855397203,
                "y": 4317777.479958661,
                "yaw": 0.22808924807121161
            },
            "heading": 0.22808924807121161,
            "speeds": {
                "vmax": 15.0
            },
            "type": 1,
            "driving_direction": 1,
            "id": "1444_0",
            "lane_type": 61
        },
        {
            "pos": {
                "x": 566931.2725750492,
                "y": 4317777.593080667,
                "yaw": 0.22808924807121161
            },
            "heading": 0.22808924807121161,
            "speeds": {
                "vmax": 15.0
            },
            "type": 1,
            "driving_direction": 1,
            "id": "1444_0",
            "lane_type": 61
        },
        {
            "pos": {
                "x": 566931.7596103781,
                "y": 4317777.706202674,
                "yaw": 0.22808924807121161
            },
            "heading": 0.22808924807121161,
            "speeds": {
                "vmax": 15.0
            },
            "type": 1,
            "driving_direction": 1,
            "id": "1444_0",
            "lane_type": 61
        },
        {
            "pos": {
                "x": 566932.2466457069,
                "y": 4317777.819324681,
                "yaw": 0.22808924807121161
            },
            "heading": 0.22808924807121161,
            "speeds": {
                "vmax": 15.0
            },
            "type": 1,
            "driving_direction": 1,
            "id": "1444_0",
            "lane_type": 61
        },
        {
            "pos": {
                "x": 566932.7336810358,
                "y": 4317777.9324466875,
                "yaw": 0.22808924807121161
            },
            "heading": 0.22808924807121161,
            "speeds": {
                "vmax": 15.0
            },
            "type": 1,
            "driving_direction": 1,
            "id": "1444_0",
            "lane_type": 61
        },
        {
            "pos": {
                "x": 566933.2207163647,
                "y": 4317778.045568694,
                "yaw": 0.22808924807121161
            },
            "heading": 0.22808924807121161,
            "speeds": {
                "vmax": 15.0
            },
            "type": 1,
            "driving_direction": 1,
            "id": "1444_0",
            "lane_type": 61
        },
        {
            "pos": {
                "x": 566933.7077516936,
                "y": 4317778.158690701,
                "yaw": 0.22808924807121161
            },
            "heading": 0.22808924807121161,
            "speeds": {
                "vmax": 15.0
            },
            "type": 1,
            "driving_direction": 1,
            "id": "1444_0",
            "lane_type": 61
        },
        {
            "pos": {
                "x": 566934.1947870224,
                "y": 4317778.271812708,
                "yaw": 0.22808924807121161
            },
            "heading": 0.22808924807121161,
            "speeds": {
                "vmax": 15.0
            },
            "type": 1,
            "driving_direction": 1,
            "id": "1444_0",
            "lane_type": 61
        },
        {
            "pos": {
                "x": 566934.6818223514,
                "y": 4317778.384934715,
                "yaw": 0.22808924807121161
            },
            "heading": 0.22808924807121161,
            "speeds": {
                "vmax": 15.0
            },
            "type": 1,
            "driving_direction": 1,
            "id": "1444_0",
            "lane_type": 61
        },
        {
            "pos": {
                "x": 566934.9865223829,
                "y": 4317778.455706335,
                "yaw": 0.22808924807121161
            },
            "heading": 0.22808924807121161,
            "speeds": {
                "vmax": 15.0
            },
            "type": 1,
            "driving_direction": 1,
            "id": "1444_0",
            "lane_type": 61
        },
        {
            "pos": {
                "x": 566935.4744487642,
                "y": 4317778.568996758,
                "yaw": 0.22991951796511365
            },
            "heading": 0.22991951796511365,
            "speeds": {
                "vmax": 15.0
            },
            "type": 2,
            "driving_direction": 1,
            "id": "1528_0",
            "lane_type": 4
        },
        {
            "pos": {
                "x": 566935.9982609419,
                "y": 4317778.691599976,
                "yaw": 0.2301180337641867
            },
            "heading": 0.2301180337641867,
            "speeds": {
                "vmax": 15.0
            },
            "type": 2,
            "driving_direction": 1,
            "id": "1528_0",
            "lane_type": 4
        },
        {
            "pos": {
                "x": 566936.5255226509,
                "y": 4317778.815227622,
                "yaw": 0.23045693247418456
            },
            "heading": 0.23045693247418456,
            "speeds": {
                "vmax": 15.0
            },
            "type": 2,
            "driving_direction": 1,
            "id": "1528_0",
            "lane_type": 4
        },
        {
            "pos": {
                "x": 566937.0536567566,
                "y": 4317778.939221172,
                "yaw": 0.23069951225586147
            },
            "heading": 0.23069951225586147,
            "speeds": {
                "vmax": 15.0
            },
            "type": 2,
            "driving_direction": 1,
            "id": "1528_0",
            "lane_type": 4
        },
        {
            "pos": {
                "x": 566937.5804405181,
                "y": 4317779.0630075205,
                "yaw": 0.2308352705954112
            },
            "heading": 0.2308352705954112,
            "speeds": {
                "vmax": 15.0
            },
            "type": 2,
            "driving_direction": 1,
            "id": "1528_0",
            "lane_type": 4
        },
        {
            "pos": {
                "x": 566938.1076127719,
                "y": 4317779.186926406,
                "yaw": 0.2308837190966814
            },
            "heading": 0.2308837190966814,
            "speeds": {
                "vmax": 15.0
            },
            "type": 2,
            "driving_direction": 1,
            "id": "1528_0",
            "lane_type": 4
        },
        {
            "pos": {
                "x": 566938.6347836589,
                "y": 4317779.310857782,
                "yaw": 0.23085348417700158
            },
            "heading": 0.23085348417700158,
            "speeds": {
                "vmax": 15.0
            },
            "type": 2,
            "driving_direction": 1,
            "id": "1528_0",
            "lane_type": 4
        },
        {
            "pos": {
                "x": 566939.1619617234,
                "y": 4317779.434743825,
                "yaw": 0.23073523507992372
            },
            "heading": 0.23073523507992372,
            "speeds": {
                "vmax": 15.0
            },
            "type": 2,
            "driving_direction": 1,
            "id": "1528_0",
            "lane_type": 4
        },
        {
            "pos": {
                "x": 566939.6881326928,
                "y": 4317779.558308284,
                "yaw": 0.23052682578178668
            },
            "heading": 0.23052682578178668,
            "speeds": {
                "vmax": 15.0
            },
            "type": 2,
            "driving_direction": 1,
            "id": "1528_0",
            "lane_type": 4
        },
        {
            "pos": {
                "x": 566940.2168126572,
                "y": 4317779.682313811,
                "yaw": 0.23020848537018182
            },
            "heading": 0.23020848537018182,
            "speeds": {
                "vmax": 15.0
            },
            "type": 2,
            "driving_direction": 1,
            "id": "1528_0",
            "lane_type": 4
        },
        {
            "pos": {
                "x": 566940.7444329491,
                "y": 4317779.805861436,
                "yaw": 0.22976165357249834
            },
            "heading": 0.22976165357249834,
            "speeds": {
                "vmax": 15.0
            },
            "type": 2,
            "driving_direction": 1,
            "id": "1528_0",
            "lane_type": 4
        },
        {
            "pos": {
                "x": 566941.2702438557,
                "y": 4317779.928694774,
                "yaw": 0.22912293937060316
            },
            "heading": 0.22912293937060316,
            "speeds": {
                "vmax": 15.0
            },
            "type": 2,
            "driving_direction": 1,
            "id": "1528_0",
            "lane_type": 4
        },
        {
            "pos": {
                "x": 566941.7976593731,
                "y": 4317780.051480954,
                "yaw": 0.2282533457790461
            },
            "heading": 0.2282533457790461,
            "speeds": {
                "vmax": 15.0
            },
            "type": 2,
            "driving_direction": 1,
            "id": "1528_0",
            "lane_type": 4
        },
        {
            "pos": {
                "x": 566942.3244879355,
                "y": 4317780.1735816635,
                "yaw": 0.2270363355571153
            },
            "heading": 0.2270363355571153,
            "speeds": {
                "vmax": 15.0
            },
            "type": 2,
            "driving_direction": 1,
            "id": "1528_0",
            "lane_type": 4
        },
        {
            "pos": {
                "x": 566942.8500541481,
                "y": 4317780.294579381,
                "yaw": 0.22481694566507837
            },
            "heading": 0.22481694566507837,
            "speeds": {
                "vmax": 15.0
            },
            "type": 2,
            "driving_direction": 1,
            "id": "1528_0",
            "lane_type": 4
        },
        {
            "pos": {
                "x": 566943.3798883092,
                "y": 4317780.414876401,
                "yaw": 0.22123149066611336
            },
            "heading": 0.22123149066611336,
            "speeds": {
                "vmax": 15.0
            },
            "type": 2,
            "driving_direction": 1,
            "id": "1528_0",
            "lane_type": 4
        },
        {
            "pos": {
                "x": 566943.909112748,
                "y": 4317780.53269009,
                "yaw": 0.21768741436067338
            },
            "heading": 0.21768741436067338,
            "speeds": {
                "vmax": 15.0
            },
            "type": 2,
            "driving_direction": 1,
            "id": "1528_0",
            "lane_type": 4
        },
        {
            "pos": {
                "x": 566944.4375073102,
                "y": 4317780.648789526,
                "yaw": 0.21595079863413613
            },
            "heading": 0.21595079863413613,
            "speeds": {
                "vmax": 15.0
            },
            "type": 2,
            "driving_direction": 1,
            "id": "1528_0",
            "lane_type": 4
        },
        {
            "pos": {
                "x": 566944.9625115442,
                "y": 4317780.763806015,
                "yaw": 0.21807972241962642
            },
            "heading": 0.21807972241962642,
            "speeds": {
                "vmax": 15.0
            },
            "type": 2,
            "driving_direction": 1,
            "id": "1528_0",
            "lane_type": 4
        },
        {
            "pos": {
                "x": 566945.489587029,
                "y": 4317780.882084734,
                "yaw": 0.22437845948342464
            },
            "heading": 0.22437845948342464,
            "speeds": {
                "vmax": 15.0
            },
            "type": 2,
            "driving_direction": 1,
            "id": "1528_0",
            "lane_type": 4
        },
        {
            "pos": {
                "x": 566946.0164442172,
                "y": 4317781.004461699,
                "yaw": 0.2338318605616627
            },
            "heading": 0.2338318605616627,
            "speeds": {
                "vmax": 15.0
            },
            "type": 2,
            "driving_direction": 1,
            "id": "1528_0",
            "lane_type": 4
        },
        {
            "pos": {
                "x": 566946.5418398146,
                "y": 4317781.132920202,
                "yaw": 0.2507156383628534
            },
            "heading": 0.2507156383628534,
            "speeds": {
                "vmax": 15.0
            },
            "type": 2,
            "driving_direction": 1,
            "id": "1528_0",
            "lane_type": 4
        },
        {
            "pos": {
                "x": 566947.0640225747,
                "y": 4317781.273196662,
                "yaw": 0.2722323137414013
            },
            "heading": 0.2722323137414013,
            "speeds": {
                "vmax": 15.0
            },
            "type": 2,
            "driving_direction": 1,
            "id": "1528_0",
            "lane_type": 4
        },
        {
            "pos": {
                "x": 566947.5829550874,
                "y": 4317781.423791951,
                "yaw": 0.29568660804774055
            },
            "heading": 0.29568660804774055,
            "speeds": {
                "vmax": 15.0
            },
            "type": 2,
            "driving_direction": 1,
            "id": "1528_0",
            "lane_type": 4
        },
        {
            "pos": {
                "x": 566948.0974719739,
                "y": 4317781.5884446185,
                "yaw": 0.33236652727325205
            },
            "heading": 0.33236652727325205,
            "speeds": {
                "vmax": 15.0
            },
            "type": 2,
            "driving_direction": 1,
            "id": "1528_0",
            "lane_type": 4
        },
        {
            "pos": {
                "x": 566948.6031529802,
                "y": 4317781.7767173145,
                "yaw": 0.37871510843581735
            },
            "heading": 0.37871510843581735,
            "speeds": {
                "vmax": 15.0
            },
            "type": 2,
            "driving_direction": 1,
            "id": "1528_0",
            "lane_type": 4
        },
        {
            "pos": {
                "x": 566949.099439332,
                "y": 4317781.987587795,
                "yaw": 0.4231933291220286
            },
            "heading": 0.4231933291220286,
            "speeds": {
                "vmax": 15.0
            },
            "type": 2,
            "driving_direction": 1,
            "id": "1528_0",
            "lane_type": 4
        },
        {
            "pos": {
                "x": 566949.586034617,
                "y": 4317782.219712435,
                "yaw": 0.4731883756706892
            },
            "heading": 0.4731883756706892,
            "speeds": {
                "vmax": 15.0
            },
            "type": 2,
            "driving_direction": 1,
            "id": "1528_0",
            "lane_type": 4
        },
        {
            "pos": {
                "x": 566950.0587242118,
                "y": 4317782.479018657,
                "yaw": 0.5363644336272068
            },
            "heading": 0.5363644336272068,
            "speeds": {
                "vmax": 15.0
            },
            "type": 2,
            "driving_direction": 1,
            "id": "1528_0",
            "lane_type": 4
        },
        {
            "pos": {
                "x": 566950.5124168457,
                "y": 4317782.770526691,
                "yaw": 0.6029149811134358
            },
            "heading": 0.6029149811134358,
            "speeds": {
                "vmax": 15.0
            },
            "type": 2,
            "driving_direction": 1,
            "id": "1528_0",
            "lane_type": 4
        },
        {
            "pos": {
                "x": 566950.9466114049,
                "y": 4317783.090106407,
                "yaw": 0.6671776228205185
            },
            "heading": 0.6671776228205185,
            "speeds": {
                "vmax": 15.0
            },
            "type": 2,
            "driving_direction": 1,
            "id": "1528_0",
            "lane_type": 4
        },
        {
            "pos": {
                "x": 566951.3594486667,
                "y": 4317783.437355826,
                "yaw": 0.7349564000730211
            },
            "heading": 0.7349564000730211,
            "speeds": {
                "vmax": 15.0
            },
            "type": 2,
            "driving_direction": 1,
            "id": "1528_0",
            "lane_type": 4
        },
        {
            "pos": {
                "x": 566951.7472931172,
                "y": 4317783.813130045,
                "yaw": 0.8023510687869788
            },
            "heading": 0.8023510687869788,
            "speeds": {
                "vmax": 15.0
            },
            "type": 2,
            "driving_direction": 1,
            "id": "1528_0",
            "lane_type": 4
        },
        {
            "pos": {
                "x": 566952.1102578602,
                "y": 4317784.213336045,
                "yaw": 0.8679899025821953
            },
            "heading": 0.8679899025821953,
            "speeds": {
                "vmax": 15.0
            },
            "type": 2,
            "driving_direction": 1,
            "id": "1528_0",
            "lane_type": 4
        },
        {
            "pos": {
                "x": 566952.4459261491,
                "y": 4317784.637032852,
                "yaw": 0.9370594079484769
            },
            "heading": 0.9370594079484769,
            "speeds": {
                "vmax": 15.0
            },
            "type": 2,
            "driving_direction": 1,
            "id": "1528_0",
            "lane_type": 4
        },
        {
            "pos": {
                "x": 566952.7503245964,
                "y": 4317785.0833785795,
                "yaw": 1.0129293848363157
            },
            "heading": 1.0129293848363157,
            "speeds": {
                "vmax": 15.0
            },
            "type": 2,
            "driving_direction": 1,
            "id": "1528_0",
            "lane_type": 4
        },
        {
            "pos": {
                "x": 566953.0183236599,
                "y": 4317785.552807371,
                "yaw": 1.0885295189584077
            },
            "heading": 1.0885295189584077,
            "speeds": {
                "vmax": 15.0
            },
            "type": 2,
            "driving_direction": 1,
            "id": "1528_0",
            "lane_type": 4
        },
        {
            "pos": {
                "x": 566953.2522080793,
                "y": 4317786.040437922,
                "yaw": 1.154650963788974
            },
            "heading": 1.154650963788974,
            "speeds": {
                "vmax": 15.0
            },
            "type": 2,
            "driving_direction": 1,
            "id": "1528_0",
            "lane_type": 4
        },
        {
            "pos": {
                "x": 566953.4559828024,
                "y": 4317786.541762594,
                "yaw": 1.2161881177042662
            },
            "heading": 1.2161881177042662,
            "speeds": {
                "vmax": 15.0
            },
            "type": 2,
            "driving_direction": 1,
            "id": "1528_0",
            "lane_type": 4
        },
        {
            "pos": {
                "x": 566953.6279648157,
                "y": 4317787.0539938705,
                "yaw": 1.2833038196806719
            },
            "heading": 1.2833038196806719,
            "speeds": {
                "vmax": 15.0
            },
            "type": 2,
            "driving_direction": 1,
            "id": "1528_0",
            "lane_type": 4
        },
        {
            "pos": {
                "x": 566953.7630340529,
                "y": 4317787.577983936,
                "yaw": 1.3512861840173287
            },
            "heading": 1.3512861840173287,
            "speeds": {
                "vmax": 15.0
            },
            "type": 2,
            "driving_direction": 1,
            "id": "1528_0",
            "lane_type": 4
        },
        {
            "pos": {
                "x": 566953.8638677773,
                "y": 4317788.109289443,
                "yaw": 1.4188838321710042
            },
            "heading": 1.4188838321710042,
            "speeds": {
                "vmax": 15.0
            },
            "type": 2,
            "driving_direction": 1,
            "id": "1528_0",
            "lane_type": 4
        },
        {
            "pos": {
                "x": 566953.9270873656,
                "y": 4317788.646186141,
                "yaw": 1.4878906996046906
            },
            "heading": 1.4878906996046906,
            "speeds": {
                "vmax": 15.0
            },
            "type": 2,
            "driving_direction": 1,
            "id": "1528_0",
            "lane_type": 4
        },
        {
            "pos": {
                "x": 566953.9539300846,
                "y": 4317789.1877744235,
                "yaw": 1.5522698872816558
            },
            "heading": 1.5522698872816558,
            "speeds": {
                "vmax": 15.0
            },
            "type": 2,
            "driving_direction": 1,
            "id": "1528_0",
            "lane_type": 4
        },
        {
            "pos": {
                "x": 566953.9474539682,
                "y": 4317789.726901341,
                "yaw": 1.612397283576456
            },
            "heading": 1.612397283576456,
            "speeds": {
                "vmax": 15.0
            },
            "type": 2,
            "driving_direction": 1,
            "id": "1528_0",
            "lane_type": 4
        },
        {
            "pos": {
                "x": 566953.9094339682,
                "y": 4317790.26543898,
                "yaw": 1.6704401587904913
            },
            "heading": 1.6704401587904913,
            "speeds": {
                "vmax": 15.0
            },
            "type": 2,
            "driving_direction": 1,
            "id": "1528_0",
            "lane_type": 4
        },
        {
            "pos": {
                "x": 566953.8406616445,
                "y": 4317790.800749456,
                "yaw": 1.7211729513056548
            },
            "heading": 1.7211729513056548,
            "speeds": {
                "vmax": 15.0
            },
            "type": 2,
            "driving_direction": 1,
            "id": "1528_0",
            "lane_type": 4
        },
        {
            "pos": {
                "x": 566953.7490839413,
                "y": 4317791.328184422,
                "yaw": 1.7582738044545019
            },
            "heading": 1.7582738044545019,
            "speeds": {
                "vmax": 15.0
            },
            "type": 2,
            "driving_direction": 1,
            "id": "1528_0",
            "lane_type": 4
        },
        {
            "pos": {
                "x": 566953.6408670256,
                "y": 4317791.858583197,
                "yaw": 1.7774286016477565
            },
            "heading": 1.7774286016477565,
            "speeds": {
                "vmax": 15.0
            },
            "type": 2,
            "driving_direction": 1,
            "id": "1528_0",
            "lane_type": 4
        },
        {
            "pos": {
                "x": 566953.5272872956,
                "y": 4317792.387676662,
                "yaw": 1.7848676031016193
            },
            "heading": 1.7848676031016193,
            "speeds": {
                "vmax": 15.0
            },
            "type": 2,
            "driving_direction": 1,
            "id": "1528_0",
            "lane_type": 4
        },
        {
            "pos": {
                "x": 566953.4111390794,
                "y": 4317792.915879162,
                "yaw": 1.788770478982552
            },
            "heading": 1.788770478982552,
            "speeds": {
                "vmax": 15.0
            },
            "type": 2,
            "driving_direction": 1,
            "id": "1528_0",
            "lane_type": 4
        },
        {
            "pos": {
                "x": 566953.2930393583,
                "y": 4317793.445574775,
                "yaw": 1.7911117417705984
            },
            "heading": 1.7911117417705984,
            "speeds": {
                "vmax": 15.0
            },
            "type": 2,
            "driving_direction": 1,
            "id": "1528_0",
            "lane_type": 4
        },
        {
            "pos": {
                "x": 566953.1737567126,
                "y": 4317793.976009361,
                "yaw": 1.792573725033662
            },
            "heading": 1.792573725033662,
            "speeds": {
                "vmax": 15.0
            },
            "type": 2,
            "driving_direction": 1,
            "id": "1528_0",
            "lane_type": 4
        },
        {
            "pos": {
                "x": 566953.0542984167,
                "y": 4317794.504423333,
                "yaw": 1.793406327971384
            },
            "heading": 1.793406327971384,
            "speeds": {
                "vmax": 15.0
            },
            "type": 2,
            "driving_direction": 1,
            "id": "1528_0",
            "lane_type": 4
        },
        {
            "pos": {
                "x": 566952.9344969036,
                "y": 4317795.033014286,
                "yaw": 1.7937377764624445
            },
            "heading": 1.7937377764624445,
            "speeds": {
                "vmax": 15.0
            },
            "type": 2,
            "driving_direction": 1,
            "id": "1528_0",
            "lane_type": 4
        },
        {
            "pos": {
                "x": 566952.8147222281,
                "y": 4317795.561184494,
                "yaw": 1.7936367429328761
            },
            "heading": 1.7936367429328761,
            "speeds": {
                "vmax": 15.0
            },
            "type": 2,
            "driving_direction": 1,
            "id": "1528_0",
            "lane_type": 4
        },
        {
            "pos": {
                "x": 566952.6949198977,
                "y": 4317796.090271099,
                "yaw": 1.7930655093894547
            },
            "heading": 1.7930655093894547,
            "speeds": {
                "vmax": 15.0
            },
            "type": 2,
            "driving_direction": 1,
            "id": "1528_0",
            "lane_type": 4
        },
        {
            "pos": {
                "x": 566952.5754542208,
                "y": 4317796.619895496,
                "yaw": 1.7919656344962602
            },
            "heading": 1.7919656344962602,
            "speeds": {
                "vmax": 15.0
            },
            "type": 2,
            "driving_direction": 1,
            "id": "1528_0",
            "lane_type": 4
        },
        {
            "pos": {
                "x": 566952.4572472762,
                "y": 4317797.14736346,
                "yaw": 1.790173838052327
            },
            "heading": 1.790173838052327,
            "speeds": {
                "vmax": 15.0
            },
            "type": 2,
            "driving_direction": 1,
            "id": "1528_0",
            "lane_type": 4
        },
        {
            "pos": {
                "x": 566952.3409722188,
                "y": 4317797.671949618,
                "yaw": 1.7987661302173519
            },
            "heading": 1.7987661302173519,
            "speeds": {
                "vmax": 20.0
            },
            "type": 1,
            "driving_direction": 1,
            "id": "1024_4",
            "lane_type": 1
        },
        {
            "pos": {
                "x": 566952.2355547283,
                "y": 4317798.126329735,
                "yaw": 1.798766157073741
            },
            "heading": 1.798766157073741,
            "speeds": {
                "vmax": 20.0
            },
            "type": 1,
            "driving_direction": 1,
            "id": "1024_4",
            "lane_type": 1
        },
        {
            "pos": {
                "x": 566952.1301258868,
                "y": 4317798.580758778,
                "yaw": 1.7987660456972887
            },
            "heading": 1.7987660456972887,
            "speeds": {
                "vmax": 20.0
            },
            "type": 1,
            "driving_direction": 1,
            "id": "1024_4",
            "lane_type": 1
        },
        {
            "pos": {
                "x": 566952.0247007005,
                "y": 4317799.035172066,
                "yaw": 1.798766140804152
            },
            "heading": 1.798766140804152,
            "speeds": {
                "vmax": 20.0
            },
            "type": 1,
            "driving_direction": 1,
            "id": "1024_4",
            "lane_type": 1
        },
        {
            "pos": {
                "x": 566951.9192741861,
                "y": 4317799.489591079,
                "yaw": 1.7987661213591244
            },
            "heading": 1.7987661213591244,
            "speeds": {
                "vmax": 20.0
            },
            "type": 1,
            "driving_direction": 1,
            "id": "1024_4",
            "lane_type": 1
        },
        {
            "pos": {
                "x": 566951.8138491203,
                "y": 4317799.944003847,
                "yaw": 1.7987663525827333
            },
            "heading": 1.7987663525827333,
            "speeds": {
                "vmax": 20.0
            },
            "type": 1,
            "driving_direction": 1,
            "id": "1024_4",
            "lane_type": 1
        },
        {
            "pos": {
                "x": 566951.7084230836,
                "y": 4317800.398420802,
                "yaw": 1.7987658134163131
            },
            "heading": 1.7987658134163131,
            "speeds": {
                "vmax": 20.0
            },
            "type": 1,
            "driving_direction": 1,
            "id": "1024_4",
            "lane_type": 1
        },
        {
            "pos": {
                "x": 566951.6029968853,
                "y": 4317800.852838451,
                "yaw": 1.7987664303616928
            },
            "heading": 1.7987664303616928,
            "speeds": {
                "vmax": 20.0
            },
            "type": 1,
            "driving_direction": 1,
            "id": "1024_4",
            "lane_type": 1
        },
        {
            "pos": {
                "x": 566951.4975709028,
                "y": 4317801.307255171,
                "yaw": 1.7987660414597824
            },
            "heading": 1.7987660414597824,
            "speeds": {
                "vmax": 20.0
            },
            "type": 1,
            "driving_direction": 1,
            "id": "1024_4",
            "lane_type": 1
        },
        {
            "pos": {
                "x": 566951.3921281942,
                "y": 4317801.761627508,
                "yaw": 1.7987627484084043
            },
            "heading": 1.7987627484084043,
            "speeds": {
                "vmax": 20.0
            },
            "type": 1,
            "driving_direction": 1,
            "id": "1000_4",
            "lane_type": 1
        },
        {
            "pos": {
                "x": 566951.2653651517,
                "y": 4317802.30802119,
                "yaw": 1.7987628390008705
            },
            "heading": 1.7987628390008705,
            "speeds": {
                "vmax": 20.0
            },
            "type": 1,
            "driving_direction": 1,
            "id": "1000_4",
            "lane_type": 1
        },
        {
            "pos": {
                "x": 566951.1385949606,
                "y": 4317802.854445687,
                "yaw": 1.7987630719089178
            },
            "heading": 1.7987630719089178,
            "speeds": {
                "vmax": 20.0
            },
            "type": 1,
            "driving_direction": 1,
            "id": "1000_4",
            "lane_type": 1
        },
        {
            "pos": {
                "x": 566951.0118279653,
                "y": 4317803.4008564055,
                "yaw": 1.798762492883295
            },
            "heading": 1.798762492883295,
            "speeds": {
                "vmax": 20.0
            },
            "type": 1,
            "driving_direction": 1,
            "id": "1000_4",
            "lane_type": 1
        },
        {
            "pos": {
                "x": 566950.8850610037,
                "y": 4317803.94726698,
                "yaw": 1.7987624637688455
            },
            "heading": 1.7987624637688455,
            "speeds": {
                "vmax": 20.0
            },
            "type": 1,
            "driving_direction": 1,
            "id": "1000_4",
            "lane_type": 1
        },
        {
            "pos": {
                "x": 566950.7582945916,
                "y": 4317804.493675187,
                "yaw": 1.798762931919148
            },
            "heading": 1.798762931919148,
            "speeds": {
                "vmax": 20.0
            },
            "type": 1,
            "driving_direction": 1,
            "id": "1023_4",
            "lane_type": 1
        },
        {
            "pos": {
                "x": 566950.645325833,
                "y": 4317804.980610717,
                "yaw": 1.7987628444342214
            },
            "heading": 1.7987628444342214,
            "speeds": {
                "vmax": 20.0
            },
            "type": 1,
            "driving_direction": 1,
            "id": "1023_4",
            "lane_type": 1
        },
        {
            "pos": {
                "x": 566950.5323488915,
                "y": 4317805.467581519,
                "yaw": 1.7987629643583463
            },
            "heading": 1.7987629643583463,
            "speeds": {
                "vmax": 20.0
            },
            "type": 1,
            "driving_direction": 1,
            "id": "1023_4",
            "lane_type": 1
        },
        {
            "pos": {
                "x": 566950.4193727889,
                "y": 4317805.954548704,
                "yaw": 1.7987624225232046
            },
            "heading": 1.7987624225232046,
            "speeds": {
                "vmax": 20.0
            },
            "type": 1,
            "driving_direction": 1,
            "id": "1023_4",
            "lane_type": 1
        },
        {
            "pos": {
                "x": 566950.3063929534,
                "y": 4317806.441531979,
                "yaw": 1.7987629215930634
            },
            "heading": 1.7987629215930634,
            "speeds": {
                "vmax": 20.0
            },
            "type": 1,
            "driving_direction": 1,
            "id": "1023_4",
            "lane_type": 1
        },
        {
            "pos": {
                "x": 566950.1934139556,
                "y": 4317806.928511645,
                "yaw": 1.798762745288861
            },
            "heading": 1.798762745288861,
            "speeds": {
                "vmax": 20.0
            },
            "type": 1,
            "driving_direction": 1,
            "id": "1023_4",
            "lane_type": 1
        },
        {
            "pos": {
                "x": 566950.0804386504,
                "y": 4317807.415475393,
                "yaw": 1.7987630110259472
            },
            "heading": 1.7987630110259472,
            "speeds": {
                "vmax": 20.0
            },
            "type": 1,
            "driving_direction": 1,
            "id": "1023_4",
            "lane_type": 1
        },
        {
            "pos": {
                "x": 566949.9674603846,
                "y": 4317807.902451903,
                "yaw": 1.7987629202922302
            },
            "heading": 1.7987629202922302,
            "speeds": {
                "vmax": 20.0
            },
            "type": 1,
            "driving_direction": 1,
            "id": "1023_4",
            "lane_type": 1
        },
        {
            "pos": {
                "x": 566949.8544820583,
                "y": 4317808.389428673,
                "yaw": 1.7987625378891294
            },
            "heading": 1.7987625378891294,
            "speeds": {
                "vmax": 20.0
            },
            "type": 1,
            "driving_direction": 1,
            "id": "1023_4",
            "lane_type": 1
        },
        {
            "pos": {
                "x": 566949.7415047769,
                "y": 4317808.87640094,
                "yaw": 1.798762931308624
            },
            "heading": 1.798762931308624,
            "speeds": {
                "vmax": 20.0
            },
            "type": 1,
            "driving_direction": 1,
            "id": "1023_4",
            "lane_type": 1
        },
        {
            "pos": {
                "x": 566949.6285263794,
                "y": 4317809.363378018,
                "yaw": 1.7987627692740022
            },
            "heading": 1.7987627692740022,
            "speeds": {
                "vmax": 20.0
            },
            "type": 1,
            "driving_direction": 1,
            "id": "1023_4",
            "lane_type": 1
        },
        {
            "pos": {
                "x": 566949.5155490667,
                "y": 4317809.850350418,
                "yaw": 1.7987630356594095
            },
            "heading": 1.7987630356594095,
            "speeds": {
                "vmax": 20.0
            },
            "type": 1,
            "driving_direction": 1,
            "id": "1023_4",
            "lane_type": 1
        },
        {
            "pos": {
                "x": 566949.402570265,
                "y": 4317810.337329238,
                "yaw": 1.7987624121617811
            },
            "heading": 1.7987624121617811,
            "speeds": {
                "vmax": 20.0
            },
            "type": 1,
            "driving_direction": 1,
            "id": "1023_4",
            "lane_type": 1
        },
        {
            "pos": {
                "x": 566949.2895910665,
                "y": 4317810.824309768,
                "yaw": 1.7987628574030943
            },
            "heading": 1.7987628574030943,
            "speeds": {
                "vmax": 20.0
            },
            "type": 1,
            "driving_direction": 1,
            "id": "1023_4",
            "lane_type": 1
        },
        {
            "pos": {
                "x": 566949.1766222512,
                "y": 4317811.311245542,
                "yaw": 1.7987628488275844
            },
            "heading": 1.7987628488275844,
            "speeds": {
                "vmax": 20.0
            },
            "type": 1,
            "driving_direction": 1,
            "id": "1022_4",
            "lane_type": 1
        },
        {
            "pos": {
                "x": 566949.0631460832,
                "y": 4317811.800368187,
                "yaw": 1.798763061140846
            },
            "heading": 1.798763061140846,
            "speeds": {
                "vmax": 20.0
            },
            "type": 1,
            "driving_direction": 1,
            "id": "1022_4",
            "lane_type": 1
        },
        {
            "pos": {
                "x": 566948.9496616952,
                "y": 4317812.289526263,
                "yaw": 1.798762662389219
            },
            "heading": 1.798762662389219,
            "speeds": {
                "vmax": 20.0
            },
            "type": 1,
            "driving_direction": 1,
            "id": "1022_4",
            "lane_type": 1
        },
        {
            "pos": {
                "x": 566948.8361781503,
                "y": 4317812.778680706,
                "yaw": 1.7987628714558266
            },
            "heading": 1.7987628714558266,
            "speeds": {
                "vmax": 20.0
            },
            "type": 1,
            "driving_direction": 1,
            "id": "1022_4",
            "lane_type": 1
        },
        {
            "pos": {
                "x": 566948.7226908554,
                "y": 4317813.267851312,
                "yaw": 1.7987629192094141
            },
            "heading": 1.7987629192094141,
            "speeds": {
                "vmax": 20.0
            },
            "type": 1,
            "driving_direction": 1,
            "id": "1022_4",
            "lane_type": 1
        },
        {
            "pos": {
                "x": 566948.6092044021,
                "y": 4317813.75701829,
                "yaw": 1.79876274369351
            },
            "heading": 1.79876274369351,
            "speeds": {
                "vmax": 20.0
            },
            "type": 1,
            "driving_direction": 1,
            "id": "1022_4",
            "lane_type": 1
        },
        {
            "pos": {
                "x": 566948.495721658,
                "y": 4317814.24616928,
                "yaw": 1.7987630082423416
            },
            "heading": 1.7987630082423416,
            "speeds": {
                "vmax": 20.0
            },
            "type": 1,
            "driving_direction": 1,
            "id": "1022_4",
            "lane_type": 1
        },
        {
            "pos": {
                "x": 566948.38223594,
                "y": 4317814.735333091,
                "yaw": 1.7987627566049451
            },
            "heading": 1.7987627566049451,
            "speeds": {
                "vmax": 20.0
            },
            "type": 1,
            "driving_direction": 1,
            "id": "1022_4",
            "lane_type": 1
        },
        {
            "pos": {
                "x": 566948.2687501614,
                "y": 4317815.22449716,
                "yaw": 1.7987629288814992
            },
            "heading": 1.7987629288814992,
            "speeds": {
                "vmax": 20.0
            },
            "type": 1,
            "driving_direction": 1,
            "id": "1022_4",
            "lane_type": 1
        },
        {
            "pos": {
                "x": 566948.1552654319,
                "y": 4317815.713656709,
                "yaw": 1.7987629288814992
            },
            "heading": 1.7987629288814992,
            "speeds": {
                "vmax": 20.0
            },
            "type": 1,
            "driving_direction": 1,
            "id": "1022_4",
            "lane_type": 1
        },
        {
            "pos": {
                "x": 566948.0417795817,
                "y": 4317816.202821087,
                "yaw": 1.7987629288814992
            },
            "heading": 1.7987629288814992,
            "speeds": {
                "vmax": 20.0
            },
            "type": 1,
            "driving_direction": 1,
            "id": "1022_4",
            "lane_type": 1
        },
        {
            "pos": {
                "x": 566947.928294821,
                "y": 4317816.69198077,
                "yaw": 1.7987628024156082
            },
            "heading": 1.7987628024156082,
            "speeds": {
                "vmax": 20.0
            },
            "type": 1,
            "driving_direction": 1,
            "id": "1022_4",
            "lane_type": 1
        },
        {
            "pos": {
                "x": 566947.8148085647,
                "y": 4317817.181146899,
                "yaw": 1.7987629417909652
            },
            "heading": 1.7987629417909652,
            "speeds": {
                "vmax": 20.0
            },
            "type": 1,
            "driving_direction": 1,
            "id": "1022_4",
            "lane_type": 1
        },
        {
            "pos": {
                "x": 566947.7013219097,
                "y": 4317817.670314748,
                "yaw": 1.7987630050067418
            },
            "heading": 1.7987630050067418,
            "speeds": {
                "vmax": 20.0
            },
            "type": 1,
            "driving_direction": 1,
            "id": "1022_4",
            "lane_type": 1
        },
        {
            "pos": {
                "x": 566947.5878456848,
                "y": 4317818.159437639,
                "yaw": 1.7987629313364735
            },
            "heading": 1.7987629313364735,
            "speeds": {
                "vmax": 20.0
            },
            "type": 1,
            "driving_direction": 1,
            "id": "1021_4",
            "lane_type": 1
        },
        {
            "pos": {
                "x": 566947.4747044012,
                "y": 4317818.647116814,
                "yaw": 1.7987628556345545
            },
            "heading": 1.7987628556345545,
            "speeds": {
                "vmax": 20.0
            },
            "type": 1,
            "driving_direction": 1,
            "id": "1021_4",
            "lane_type": 1
        },
        {
            "pos": {
                "x": 566947.3615549218,
                "y": 4317819.134831314,
                "yaw": 1.798762882831487
            },
            "heading": 1.798762882831487,
            "speeds": {
                "vmax": 20.0
            },
            "type": 1,
            "driving_direction": 1,
            "id": "1021_4",
            "lane_type": 1
        },
        {
            "pos": {
                "x": 566947.248406283,
                "y": 4317819.622542193,
                "yaw": 1.7987627229931147
            },
            "heading": 1.7987627229931147,
            "speeds": {
                "vmax": 20.0
            },
            "type": 1,
            "driving_direction": 1,
            "id": "1021_4",
            "lane_type": 1
        },
        {
            "pos": {
                "x": 566947.1352539057,
                "y": 4317820.110269185,
                "yaw": 1.7987629210261897
            },
            "heading": 1.7987629210261897,
            "speeds": {
                "vmax": 20.0
            },
            "type": 1,
            "driving_direction": 1,
            "id": "1021_4",
            "lane_type": 1
        },
        {
            "pos": {
                "x": 566947.022102367,
                "y": 4317820.597992563,
                "yaw": 1.7987629760245523
            },
            "heading": 1.7987629760245523,
            "speeds": {
                "vmax": 20.0
            },
            "type": 1,
            "driving_direction": 1,
            "id": "1021_4",
            "lane_type": 1
        },
        {
            "pos": {
                "x": 566946.9089545268,
                "y": 4317821.085699998,
                "yaw": 1.7987627909375261
            },
            "heading": 1.7987627909375261,
            "speeds": {
                "vmax": 20.0
            },
            "type": 1,
            "driving_direction": 1,
            "id": "1021_4",
            "lane_type": 1
        },
        {
            "pos": {
                "x": 566946.7958037213,
                "y": 4317821.573420215,
                "yaw": 1.798762919727335
            },
            "heading": 1.798762919727335,
            "speeds": {
                "vmax": 20.0
            },
            "type": 1,
            "driving_direction": 1,
            "id": "1021_4",
            "lane_type": 1
        },
        {
            "pos": {
                "x": 566946.6826528554,
                "y": 4317822.061140692,
                "yaw": 1.798762930726927
            },
            "heading": 1.798762930726927,
            "speeds": {
                "vmax": 20.0
            },
            "type": 1,
            "driving_direction": 1,
            "id": "1021_4",
            "lane_type": 1
        },
        {
            "pos": {
                "x": 566946.5695030356,
                "y": 4317822.548856661,
                "yaw": 1.798762768939394
            },
            "heading": 1.798762768939394,
            "speeds": {
                "vmax": 20.0
            },
            "type": 1,
            "driving_direction": 1,
            "id": "1021_4",
            "lane_type": 1
        },
        {
            "pos": {
                "x": 566946.4563520984,
                "y": 4317823.036577445,
                "yaw": 1.7987630808655302
            },
            "heading": 1.7987630808655302,
            "speeds": {
                "vmax": 20.0
            },
            "type": 1,
            "driving_direction": 1,
            "id": "1021_4",
            "lane_type": 1
        },
        {
            "pos": {
                "x": 566946.3432022476,
                "y": 4317823.5242935475,
                "yaw": 1.7987625728551402
            },
            "heading": 1.7987625728551402,
            "speeds": {
                "vmax": 20.0
            },
            "type": 1,
            "driving_direction": 1,
            "id": "1021_4",
            "lane_type": 1
        },
        {
            "pos": {
                "x": 566946.2300509054,
                "y": 4317824.012016078,
                "yaw": 1.7987628744305868
            },
            "heading": 1.7987628744305868,
            "speeds": {
                "vmax": 20.0
            },
            "type": 1,
            "driving_direction": 1,
            "id": "1021_4",
            "lane_type": 1
        },
        {
            "pos": {
                "x": 566946.1168991659,
                "y": 4317824.499740321,
                "yaw": 1.7987629378304943
            },
            "heading": 1.7987629378304943,
            "speeds": {
                "vmax": 20.0
            },
            "type": 1,
            "driving_direction": 1,
            "id": "1021_4",
            "lane_type": 1
        },
        {
            "pos": {
                "x": 566946.0037578254,
                "y": 4317824.987419741,
                "yaw": 1.7987628954857466
            },
            "heading": 1.7987628954857466,
            "speeds": {
                "vmax": 20.0
            },
            "type": 1,
            "driving_direction": 1,
            "id": "1020_4",
            "lane_type": 1
        },
        {
            "pos": {
                "x": 566945.8908192925,
                "y": 4317825.474224987,
                "yaw": 1.798762819649272
            },
            "heading": 1.798762819649272,
            "speeds": {
                "vmax": 20.0
            },
            "type": 1,
            "driving_direction": 1,
            "id": "1020_4",
            "lane_type": 1
        },
        {
            "pos": {
                "x": 566945.7778725785,
                "y": 4317825.961065497,
                "yaw": 1.7987630900161211
            },
            "heading": 1.7987630900161211,
            "speeds": {
                "vmax": 20.0
            },
            "type": 1,
            "driving_direction": 1,
            "id": "1020_4",
            "lane_type": 1
        },
        {
            "pos": {
                "x": 566945.6649267033,
                "y": 4317826.447902392,
                "yaw": 1.7987626984413478
            },
            "heading": 1.7987626984413478,
            "speeds": {
                "vmax": 20.0
            },
            "type": 1,
            "driving_direction": 1,
            "id": "1020_4",
            "lane_type": 1
        },
        {
            "pos": {
                "x": 566945.5519770966,
                "y": 4317826.934755371,
                "yaw": 1.7987629661982296
            },
            "heading": 1.7987629661982296,
            "speeds": {
                "vmax": 20.0
            },
            "type": 1,
            "driving_direction": 1,
            "id": "1020_4",
            "lane_type": 1
        },
        {
            "pos": {
                "x": 566945.4390283267,
                "y": 4317827.421604742,
                "yaw": 1.798762870887205
            },
            "heading": 1.798762870887205,
            "speeds": {
                "vmax": 20.0
            },
            "type": 1,
            "driving_direction": 1,
            "id": "1020_4",
            "lane_type": 1
        },
        {
            "pos": {
                "x": 566945.326083249,
                "y": 4317827.908438199,
                "yaw": 1.7987628242068792
            },
            "heading": 1.7987628242068792,
            "speeds": {
                "vmax": 20.0
            },
            "type": 1,
            "driving_direction": 1,
            "id": "1020_4",
            "lane_type": 1
        },
        {
            "pos": {
                "x": 566945.2131352114,
                "y": 4317828.395284414,
                "yaw": 1.7987626640829066
            },
            "heading": 1.7987626640829066,
            "speeds": {
                "vmax": 20.0
            },
            "type": 1,
            "driving_direction": 1,
            "id": "1020_4",
            "lane_type": 1
        },
        {
            "pos": {
                "x": 566945.100187113,
                "y": 4317828.882130891,
                "yaw": 1.7987625823921203
            },
            "heading": 1.7987625823921203,
            "speeds": {
                "vmax": 20.0
            },
            "type": 1,
            "driving_direction": 1,
            "id": "1020_4",
            "lane_type": 1
        },
        {
            "pos": {
                "x": 566944.9872400594,
                "y": 4317829.368972865,
                "yaw": 1.798763056956004
            },
            "heading": 1.798763056956004,
            "speeds": {
                "vmax": 20.0
            },
            "type": 1,
            "driving_direction": 1,
            "id": "1020_4",
            "lane_type": 1
        },
        {
            "pos": {
                "x": 566944.8742918901,
                "y": 4317829.855819648,
                "yaw": 1.798762744470041
            },
            "heading": 1.798762744470041,
            "speeds": {
                "vmax": 20.0
            },
            "type": 1,
            "driving_direction": 1,
            "id": "1020_4",
            "lane_type": 1
        },
        {
            "pos": {
                "x": 566944.7613448052,
                "y": 4317830.342661756,
                "yaw": 1.7987626984413478
            },
            "heading": 1.7987626984413478,
            "speeds": {
                "vmax": 20.0
            },
            "type": 1,
            "driving_direction": 1,
            "id": "1020_4",
            "lane_type": 1
        },
        {
            "pos": {
                "x": 566944.6483962317,
                "y": 4317830.829510281,
                "yaw": 1.798762988887441
            },
            "heading": 1.798762988887441,
            "speeds": {
                "vmax": 20.0
            },
            "type": 1,
            "driving_direction": 1,
            "id": "1020_4",
            "lane_type": 1
        },
        {
            "pos": {
                "x": 566944.5354472615,
                "y": 4317831.3163605165,
                "yaw": 1.7987627515802502
            },
            "heading": 1.7987627515802502,
            "speeds": {
                "vmax": 20.0
            },
            "type": 1,
            "driving_direction": 1,
            "id": "1020_4",
            "lane_type": 1
        },
        {
            "pos": {
                "x": 566944.4225086719,
                "y": 4317831.803166008,
                "yaw": 1.7987626643452774
            },
            "heading": 1.7987626643452774,
            "speeds": {
                "vmax": 20.0
            },
            "type": 1,
            "driving_direction": 1,
            "id": "1019_4",
            "lane_type": 1
        },
        {
            "pos": {
                "x": 566944.3098193482,
                "y": 4317832.288897074,
                "yaw": 1.7987625766535609
            },
            "heading": 1.7987625766535609,
            "speeds": {
                "vmax": 20.0
            },
            "type": 1,
            "driving_direction": 1,
            "id": "1019_4",
            "lane_type": 1
        },
        {
            "pos": {
                "x": 566944.1971218614,
                "y": 4317832.774663326,
                "yaw": 1.7987631608065213
            },
            "heading": 1.7987631608065213,
            "speeds": {
                "vmax": 20.0
            },
            "type": 1,
            "driving_direction": 1,
            "id": "1019_4",
            "lane_type": 1
        },
        {
            "pos": {
                "x": 566944.0844252117,
                "y": 4317833.26042597,
                "yaw": 1.7987627683646752
            },
            "heading": 1.7987627683646752,
            "speeds": {
                "vmax": 20.0
            },
            "type": 1,
            "driving_direction": 1,
            "id": "1019_4",
            "lane_type": 1
        },
        {
            "pos": {
                "x": 566943.9717248385,
                "y": 4317833.746204664,
                "yaw": 1.7987628742787127
            },
            "heading": 1.7987628742787127,
            "speeds": {
                "vmax": 20.0
            },
            "type": 1,
            "driving_direction": 1,
            "id": "1019_4",
            "lane_type": 1
        },
        {
            "pos": {
                "x": 566943.8590253006,
                "y": 4317834.231979758,
                "yaw": 1.7987628716696622
            },
            "heading": 1.7987628716696622,
            "speeds": {
                "vmax": 20.0
            },
            "type": 1,
            "driving_direction": 1,
            "id": "1019_4",
            "lane_type": 1
        },
        {
            "pos": {
                "x": 566943.7463294464,
                "y": 4317834.717738973,
                "yaw": 1.7987626624483117
            },
            "heading": 1.7987626624483117,
            "speeds": {
                "vmax": 20.0
            },
            "type": 1,
            "driving_direction": 1,
            "id": "1019_4",
            "lane_type": 1
        },
        {
            "pos": {
                "x": 566943.6336306387,
                "y": 4317835.20351092,
                "yaw": 1.7987628729742
            },
            "heading": 1.7987628729742,
            "speeds": {
                "vmax": 20.0
            },
            "type": 1,
            "driving_direction": 1,
            "id": "1019_4",
            "lane_type": 1
        },
        {
            "pos": {
                "x": 566943.5209317708,
                "y": 4317835.689283124,
                "yaw": 1.7987627332771243
            },
            "heading": 1.7987627332771243,
            "speeds": {
                "vmax": 20.0
            },
            "type": 1,
            "driving_direction": 1,
            "id": "1019_4",
            "lane_type": 1
        },
        {
            "pos": {
                "x": 566943.4082339451,
                "y": 4317836.175050838,
                "yaw": 1.7987630347585128
            },
            "heading": 1.7987630347585128,
            "speeds": {
                "vmax": 20.0
            },
            "type": 1,
            "driving_direction": 1,
            "id": "1019_4",
            "lane_type": 1
        },
        {
            "pos": {
                "x": 566943.2955350063,
                "y": 4317836.660823349,
                "yaw": 1.7987629769316698
            },
            "heading": 1.7987629769316698,
            "speeds": {
                "vmax": 20.0
            },
            "type": 1,
            "driving_direction": 1,
            "id": "1019_4",
            "lane_type": 1
        },
        {
            "pos": {
                "x": 566943.1828371495,
                "y": 4317837.146591196,
                "yaw": 1.7987626059286326
            },
            "heading": 1.7987626059286326,
            "speeds": {
                "vmax": 20.0
            },
            "type": 1,
            "driving_direction": 1,
            "id": "1019_4",
            "lane_type": 1
        },
        {
            "pos": {
                "x": 566943.0701378074,
                "y": 4317837.632365446,
                "yaw": 1.7987628274960843
            },
            "heading": 1.7987628274960843,
            "speeds": {
                "vmax": 20.0
            },
            "type": 1,
            "driving_direction": 1,
            "id": "1019_4",
            "lane_type": 1
        },
        {
            "pos": {
                "x": 566942.9574380694,
                "y": 4317838.118141402,
                "yaw": 1.7987629723691507
            },
            "heading": 1.7987629723691507,
            "speeds": {
                "vmax": 20.0
            },
            "type": 1,
            "driving_direction": 1,
            "id": "1019_4",
            "lane_type": 1
        }
    ]
}