{
    "header": {
        "trace_id": "d2d7afb36f834c98a3d00134ccc8ab5c",
        "trans_id": "f3f0516c-d207-49d4-a5f9-6a803e858c84",
        "che_id": "A531",
        "timestamp": "2025-02-19T18:43:21.776597Z",
        "version": "v2"
    },
    "created": "2025-02-19T18:43:21.776661Z",
    "updated": "2025-02-19T18:43:21.801311Z",
    "state_flow": 1,
    "task_mode": 1,
    "trace_id": "d2d7afb36f834c98a3d00134ccc8ab5c",
    "task_id": "3165af07754a49f59f13bf66fadf26d0",
    "navi_id": "A531_3165af07754a49f59f13bf66fadf26d0_28",
    "target": "O4D",
    "sub_target": "56",
    "is_attendance_tos": true,
    "point": {
        "x": 566774.3526802502,
        "y": 4317826.630419051
    },
    "yaw": -1.3423530905231944,
    "gear": 3,
    "speed": 1.764,
    "soh": 100,
    "soc": 99,
    "empty": true,
    "faults": [
        {
            "code": "0",
            "desc": "0"
        }
    ],
    "mileage": 150.1528,
    "operational_status": 1,
    "distance_to_target": 1.4166808,
    "host": "10.188.63.104",
    "port": "5531",
    "task_type": 3,
    "crane_id": "O4D",
    "rt_speed": 0.48071516,
    "frame_ts": 546390360.2047889,
    "model_type": {}
}