{
    "header": {
        "trace_id": "fd705550-36e3-4a56-bb4a-4a7d2b4f7c64",
        "trans_id": "de1e6437-c546-4327-8dd4-9c5a11a2c480",
        "che_id": "A523",
        "timestamp": "2025-02-19T04:34:52.027184Z"
    },
    "task_id": "fd705550-36e3-4a56-bb4a-4a7d2b4f7c64",
    "navi_id": "A523_fd705550-36e3-4a56-bb4a-4a7d2b4f7c64_2",
    "seq_num": 2,
    "dest_type": 3,
    "mode": 2,
    "waypoints": [
        {
            "pos": {
                "x": 566723.8777545722,
                "y": 4317804.611450659,
                "yaw": -1.3430501345966648
            },
            "heading": -1.3430501345966648,
            "speeds": {
                "vmax": 15.0
            },
            "type": 1,
            "driving_direction": 1,
            "id": "1368_0",
            "lane_type": 22
        },
        {
            "pos": {
                "x": 566723.9907706237,
                "y": 4317804.1243907325,
                "yaw": -1.3430501345966648
            },
            "heading": -1.3430501345966648,
            "speeds": {
                "vmax": 15.0
            },
            "type": 1,
            "driving_direction": 1,
            "id": "1368_0",
            "lane_type": 22
        },
        {
            "pos": {
                "x": 566724.1037866751,
                "y": 4317803.637330806,
                "yaw": -1.3430501345966648
            },
            "heading": -1.3430501345966648,
            "speeds": {
                "vmax": 15.0
            },
            "type": 1,
            "driving_direction": 1,
            "id": "1368_0",
            "lane_type": 22
        },
        {
            "pos": {
                "x": 566724.2168027266,
                "y": 4317803.150270879,
                "yaw": -1.3430501345966648
            },
            "heading": -1.3430501345966648,
            "speeds": {
                "vmax": 15.0
            },
            "type": 1,
            "driving_direction": 1,
            "id": "1368_0",
            "lane_type": 22
        },
        {
            "pos": {
                "x": 566724.3298187782,
                "y": 4317802.663210953,
                "yaw": -1.3430501345966648
            },
            "heading": -1.3430501345966648,
            "speeds": {
                "vmax": 15.0
            },
            "type": 1,
            "driving_direction": 1,
            "id": "1368_0",
            "lane_type": 22
        },
        {
            "pos": {
                "x": 566724.4428348297,
                "y": 4317802.176151026,
                "yaw": -1.3430501345966648
            },
            "heading": -1.3430501345966648,
            "speeds": {
                "vmax": 15.0
            },
            "type": 1,
            "driving_direction": 1,
            "id": "1368_0",
            "lane_type": 22
        },
        {
            "pos": {
                "x": 566724.5558508812,
                "y": 4317801.689091099,
                "yaw": -1.3430501345966648
            },
            "heading": -1.3430501345966648,
            "speeds": {
                "vmax": 15.0
            },
            "type": 1,
            "driving_direction": 1,
            "id": "1368_0",
            "lane_type": 22
        },
        {
            "pos": {
                "x": 566724.6688669326,
                "y": 4317801.202031173,
                "yaw": -1.3430501345966648
            },
            "heading": -1.3430501345966648,
            "speeds": {
                "vmax": 15.0
            },
            "type": 1,
            "driving_direction": 1,
            "id": "1368_0",
            "lane_type": 22
        },
        {
            "pos": {
                "x": 566724.7818829841,
                "y": 4317800.714971246,
                "yaw": -1.3430501345966648
            },
            "heading": -1.3430501345966648,
            "speeds": {
                "vmax": 15.0
            },
            "type": 1,
            "driving_direction": 1,
            "id": "1368_0",
            "lane_type": 22
        },
        {
            "pos": {
                "x": 566724.8948990356,
                "y": 4317800.22791132,
                "yaw": -1.3430501345966648
            },
            "heading": -1.3430501345966648,
            "speeds": {
                "vmax": 15.0
            },
            "type": 1,
            "driving_direction": 1,
            "id": "1368_0",
            "lane_type": 22
        },
        {
            "pos": {
                "x": 566725.007915087,
                "y": 4317799.740851393,
                "yaw": -1.3430501345966648
            },
            "heading": -1.3430501345966648,
            "speeds": {
                "vmax": 15.0
            },
            "type": 1,
            "driving_direction": 1,
            "id": "1368_0",
            "lane_type": 22
        },
        {
            "pos": {
                "x": 566725.1209311385,
                "y": 4317799.253791466,
                "yaw": -1.3430501345966648
            },
            "heading": -1.3430501345966648,
            "speeds": {
                "vmax": 15.0
            },
            "type": 1,
            "driving_direction": 1,
            "id": "1368_0",
            "lane_type": 22
        },
        {
            "pos": {
                "x": 566725.23394719,
                "y": 4317798.76673154,
                "yaw": -1.3430501345966648
            },
            "heading": -1.3430501345966648,
            "speeds": {
                "vmax": 15.0
            },
            "type": 1,
            "driving_direction": 1,
            "id": "1368_0",
            "lane_type": 22
        },
        {
            "pos": {
                "x": 566725.3469632415,
                "y": 4317798.279671613,
                "yaw": -1.3430501345966648
            },
            "heading": -1.3430501345966648,
            "speeds": {
                "vmax": 15.0
            },
            "type": 1,
            "driving_direction": 1,
            "id": "1368_0",
            "lane_type": 22
        },
        {
            "pos": {
                "x": 566725.4599792929,
                "y": 4317797.7926116865,
                "yaw": -1.3430501345966648
            },
            "heading": -1.3430501345966648,
            "speeds": {
                "vmax": 15.0
            },
            "type": 1,
            "driving_direction": 1,
            "id": "1368_0",
            "lane_type": 22
        },
        {
            "pos": {
                "x": 566725.5729953444,
                "y": 4317797.30555176,
                "yaw": -1.3430501345966648
            },
            "heading": -1.3430501345966648,
            "speeds": {
                "vmax": 15.0
            },
            "type": 1,
            "driving_direction": 1,
            "id": "1368_0",
            "lane_type": 22
        },
        {
            "pos": {
                "x": 566725.6860113959,
                "y": 4317796.818491833,
                "yaw": -1.3430501345966648
            },
            "heading": -1.3430501345966648,
            "speeds": {
                "vmax": 15.0
            },
            "type": 1,
            "driving_direction": 1,
            "id": "1368_0",
            "lane_type": 22
        },
        {
            "pos": {
                "x": 566725.7990274474,
                "y": 4317796.331431907,
                "yaw": -1.3430501345966648
            },
            "heading": -1.3430501345966648,
            "speeds": {
                "vmax": 15.0
            },
            "type": 1,
            "driving_direction": 1,
            "id": "1368_0",
            "lane_type": 22
        },
        {
            "pos": {
                "x": 566725.9120434988,
                "y": 4317795.84437198,
                "yaw": -1.3430501345966648
            },
            "heading": -1.3430501345966648,
            "speeds": {
                "vmax": 15.0
            },
            "type": 1,
            "driving_direction": 1,
            "id": "1368_0",
            "lane_type": 22
        },
        {
            "pos": {
                "x": 566726.0250595503,
                "y": 4317795.357312053,
                "yaw": -1.3430501345966648
            },
            "heading": -1.3430501345966648,
            "speeds": {
                "vmax": 15.0
            },
            "type": 1,
            "driving_direction": 1,
            "id": "1368_0",
            "lane_type": 22
        },
        {
            "pos": {
                "x": 566726.1380756019,
                "y": 4317794.870252127,
                "yaw": -1.3430501345966648
            },
            "heading": -1.3430501345966648,
            "speeds": {
                "vmax": 15.0
            },
            "type": 1,
            "driving_direction": 1,
            "id": "1368_0",
            "lane_type": 22
        },
        {
            "pos": {
                "x": 566726.2510916534,
                "y": 4317794.3831922,
                "yaw": -1.3430501345966648
            },
            "heading": -1.3430501345966648,
            "speeds": {
                "vmax": 15.0
            },
            "type": 1,
            "driving_direction": 1,
            "id": "1368_0",
            "lane_type": 22
        },
        {
            "pos": {
                "x": 566726.3641077048,
                "y": 4317793.896132274,
                "yaw": -1.3430501345966648
            },
            "heading": -1.3430501345966648,
            "speeds": {
                "vmax": 15.0
            },
            "type": 1,
            "driving_direction": 1,
            "id": "1368_0",
            "lane_type": 22
        },
        {
            "pos": {
                "x": 566726.4771237563,
                "y": 4317793.409072347,
                "yaw": -1.3430501345966648
            },
            "heading": -1.3430501345966648,
            "speeds": {
                "vmax": 15.0
            },
            "type": 1,
            "driving_direction": 1,
            "id": "1368_0",
            "lane_type": 22
        },
        {
            "pos": {
                "x": 566726.5901398078,
                "y": 4317792.92201242,
                "yaw": -1.3430501345966648
            },
            "heading": -1.3430501345966648,
            "speeds": {
                "vmax": 15.0
            },
            "type": 1,
            "driving_direction": 1,
            "id": "1368_0",
            "lane_type": 22
        },
        {
            "pos": {
                "x": 566726.7031558593,
                "y": 4317792.434952494,
                "yaw": -1.3430501345966648
            },
            "heading": -1.3430501345966648,
            "speeds": {
                "vmax": 15.0
            },
            "type": 1,
            "driving_direction": 1,
            "id": "1368_0",
            "lane_type": 22
        },
        {
            "pos": {
                "x": 566726.8161719107,
                "y": 4317791.947892567,
                "yaw": -1.3430501345966648
            },
            "heading": -1.3430501345966648,
            "speeds": {
                "vmax": 15.0
            },
            "type": 1,
            "driving_direction": 1,
            "id": "1368_0",
            "lane_type": 22
        },
        {
            "pos": {
                "x": 566726.9291879622,
                "y": 4317791.4608326405,
                "yaw": -1.3430501345966648
            },
            "heading": -1.3430501345966648,
            "speeds": {
                "vmax": 15.0
            },
            "type": 1,
            "driving_direction": 1,
            "id": "1368_0",
            "lane_type": 22
        },
        {
            "pos": {
                "x": 566727.0422040137,
                "y": 4317790.973772714,
                "yaw": -1.3430501345966648
            },
            "heading": -1.3430501345966648,
            "speeds": {
                "vmax": 15.0
            },
            "type": 1,
            "driving_direction": 1,
            "id": "1368_0",
            "lane_type": 22
        },
        {
            "pos": {
                "x": 566727.1552200651,
                "y": 4317790.486712787,
                "yaw": -1.3430501345966648
            },
            "heading": -1.3430501345966648,
            "speeds": {
                "vmax": 15.0
            },
            "type": 1,
            "driving_direction": 1,
            "id": "1368_0",
            "lane_type": 22
        },
        {
            "pos": {
                "x": 566727.2682361166,
                "y": 4317789.999652861,
                "yaw": -1.3430501345966648
            },
            "heading": -1.3430501345966648,
            "speeds": {
                "vmax": 15.0
            },
            "type": 1,
            "driving_direction": 1,
            "id": "1368_0",
            "lane_type": 22
        },
        {
            "pos": {
                "x": 566727.3812521681,
                "y": 4317789.512592934,
                "yaw": -1.3430501345966648
            },
            "heading": -1.3430501345966648,
            "speeds": {
                "vmax": 15.0
            },
            "type": 1,
            "driving_direction": 1,
            "id": "1368_0",
            "lane_type": 22
        },
        {
            "pos": {
                "x": 566727.4942682196,
                "y": 4317789.025533007,
                "yaw": -1.3430501345966648
            },
            "heading": -1.3430501345966648,
            "speeds": {
                "vmax": 15.0
            },
            "type": 1,
            "driving_direction": 1,
            "id": "1368_0",
            "lane_type": 22
        },
        {
            "pos": {
                "x": 566727.607284271,
                "y": 4317788.538473081,
                "yaw": -1.3430501345966648
            },
            "heading": -1.3430501345966648,
            "speeds": {
                "vmax": 15.0
            },
            "type": 1,
            "driving_direction": 1,
            "id": "1368_0",
            "lane_type": 22
        },
        {
            "pos": {
                "x": 566727.7203003225,
                "y": 4317788.051413154,
                "yaw": -1.3430501345966648
            },
            "heading": -1.3430501345966648,
            "speeds": {
                "vmax": 15.0
            },
            "type": 1,
            "driving_direction": 1,
            "id": "1368_0",
            "lane_type": 22
        },
        {
            "pos": {
                "x": 566727.833316374,
                "y": 4317787.564353228,
                "yaw": -1.3430501345966648
            },
            "heading": -1.3430501345966648,
            "speeds": {
                "vmax": 15.0
            },
            "type": 1,
            "driving_direction": 1,
            "id": "1368_0",
            "lane_type": 22
        },
        {
            "pos": {
                "x": 566727.9463324256,
                "y": 4317787.077293301,
                "yaw": -1.3430501345966648
            },
            "heading": -1.3430501345966648,
            "speeds": {
                "vmax": 15.0
            },
            "type": 1,
            "driving_direction": 1,
            "id": "1368_0",
            "lane_type": 22
        },
        {
            "pos": {
                "x": 566728.059348477,
                "y": 4317786.590233374,
                "yaw": -1.3430501345966648
            },
            "heading": -1.3430501345966648,
            "speeds": {
                "vmax": 15.0
            },
            "type": 1,
            "driving_direction": 1,
            "id": "1368_0",
            "lane_type": 22
        },
        {
            "pos": {
                "x": 566728.1723645285,
                "y": 4317786.103173448,
                "yaw": -1.3430501345966648
            },
            "heading": -1.3430501345966648,
            "speeds": {
                "vmax": 15.0
            },
            "type": 1,
            "driving_direction": 1,
            "id": "1368_0",
            "lane_type": 22
        },
        {
            "pos": {
                "x": 566728.28538058,
                "y": 4317785.616113521,
                "yaw": -1.3430501345966648
            },
            "heading": -1.3430501345966648,
            "speeds": {
                "vmax": 15.0
            },
            "type": 1,
            "driving_direction": 1,
            "id": "1368_0",
            "lane_type": 22
        },
        {
            "pos": {
                "x": 566728.3983966315,
                "y": 4317785.129053595,
                "yaw": -1.3430501345966648
            },
            "heading": -1.3430501345966648,
            "speeds": {
                "vmax": 15.0
            },
            "type": 1,
            "driving_direction": 1,
            "id": "1368_0",
            "lane_type": 22
        },
        {
            "pos": {
                "x": 566728.511412683,
                "y": 4317784.641993668,
                "yaw": -1.3430501345966648
            },
            "heading": -1.3430501345966648,
            "speeds": {
                "vmax": 15.0
            },
            "type": 1,
            "driving_direction": 1,
            "id": "1368_0",
            "lane_type": 22
        },
        {
            "pos": {
                "x": 566728.6244287344,
                "y": 4317784.154933741,
                "yaw": -1.3430501345966648
            },
            "heading": -1.3430501345966648,
            "speeds": {
                "vmax": 15.0
            },
            "type": 1,
            "driving_direction": 1,
            "id": "1368_0",
            "lane_type": 22
        },
        {
            "pos": {
                "x": 566728.7374447859,
                "y": 4317783.667873815,
                "yaw": -1.3430501345966648
            },
            "heading": -1.3430501345966648,
            "speeds": {
                "vmax": 15.0
            },
            "type": 1,
            "driving_direction": 1,
            "id": "1368_0",
            "lane_type": 22
        },
        {
            "pos": {
                "x": 566728.8504608374,
                "y": 4317783.180813888,
                "yaw": -1.3430501345966648
            },
            "heading": -1.3430501345966648,
            "speeds": {
                "vmax": 15.0
            },
            "type": 1,
            "driving_direction": 1,
            "id": "1368_0",
            "lane_type": 22
        },
        {
            "pos": {
                "x": 566728.9634768888,
                "y": 4317782.6937539615,
                "yaw": -1.3430501345966648
            },
            "heading": -1.3430501345966648,
            "speeds": {
                "vmax": 15.0
            },
            "type": 1,
            "driving_direction": 1,
            "id": "1368_0",
            "lane_type": 22
        },
        {
            "pos": {
                "x": 566729.0764929403,
                "y": 4317782.206694035,
                "yaw": -1.3430501345966648
            },
            "heading": -1.3430501345966648,
            "speeds": {
                "vmax": 15.0
            },
            "type": 1,
            "driving_direction": 1,
            "id": "1368_0",
            "lane_type": 22
        },
        {
            "pos": {
                "x": 566729.1895089918,
                "y": 4317781.719634108,
                "yaw": -1.3430501345966648
            },
            "heading": -1.3430501345966648,
            "speeds": {
                "vmax": 15.0
            },
            "type": 1,
            "driving_direction": 1,
            "id": "1368_0",
            "lane_type": 22
        },
        {
            "pos": {
                "x": 566729.3025250433,
                "y": 4317781.232574182,
                "yaw": -1.3430501345966648
            },
            "heading": -1.3430501345966648,
            "speeds": {
                "vmax": 15.0
            },
            "type": 1,
            "driving_direction": 1,
            "id": "1368_0",
            "lane_type": 22
        },
        {
            "pos": {
                "x": 566729.3670198834,
                "y": 4317780.954623823,
                "yaw": -1.3430501345966648
            },
            "heading": -1.3430501345966648,
            "speeds": {
                "vmax": 15.0
            },
            "type": 1,
            "driving_direction": 1,
            "id": "1368_0",
            "lane_type": 22
        }
    ],
    "is_final_navi": true
}