{
    "header": {
        "trace_id": "c19df847563a43ff9f97ebb4e6155c33",
        "trans_id": "4201aa68-84d6-42ab-8c1b-b58f40c657ea",
        "che_id": "A524",
        "timestamp": "2025-02-19T09:11:56.560477Z"
    },
    "task_id": "c19df847563a43ff9f97ebb4e6155c33",
    "navi_id": "A524_c19df847563a43ff9f97ebb4e6155c33_2002",
    "seq_num": 2002,
    "dest_type": 1,
    "mode": 2,
    "waypoints": [
        {
            "pos": {
                "x": 566902.5168521794,
                "y": 4317992.857450896,
                "yaw": 1.7988718564998731
            },
            "heading": 1.7988718564998731,
            "speeds": {
                "vmax": 20.0
            },
            "type": 1,
            "driving_direction": 1,
            "id": "1003_3",
            "lane_type": 1
        },
        {
            "pos": {
                "x": 566902.403800525,
                "y": 4317993.34450256,
                "yaw": 1.7988718564998731
            },
            "heading": 1.7988718564998731,
            "speeds": {
                "vmax": 20.0
            },
            "type": 1,
            "driving_direction": 1,
            "id": "1003_3",
            "lane_type": 1
        },
        {
            "pos": {
                "x": 566902.2907488706,
                "y": 4317993.831554224,
                "yaw": 1.7988718564998731
            },
            "heading": 1.7988718564998731,
            "speeds": {
                "vmax": 20.0
            },
            "type": 1,
            "driving_direction": 1,
            "id": "1003_3",
            "lane_type": 1
        },
        {
            "pos": {
                "x": 566902.1776972162,
                "y": 4317994.318605888,
                "yaw": 1.7988718564998731
            },
            "heading": 1.7988718564998731,
            "speeds": {
                "vmax": 20.0
            },
            "type": 1,
            "driving_direction": 1,
            "id": "1003_3",
            "lane_type": 1
        },
        {
            "pos": {
                "x": 566902.0646455617,
                "y": 4317994.805657552,
                "yaw": 1.7988718564998731
            },
            "heading": 1.7988718564998731,
            "speeds": {
                "vmax": 20.0
            },
            "type": 1,
            "driving_direction": 1,
            "id": "1003_3",
            "lane_type": 1
        },
        {
            "pos": {
                "x": 566901.9515939073,
                "y": 4317995.2927092165,
                "yaw": 1.7988718564998731
            },
            "heading": 1.7988718564998731,
            "speeds": {
                "vmax": 20.0
            },
            "type": 1,
            "driving_direction": 1,
            "id": "1003_3",
            "lane_type": 1
        },
        {
            "pos": {
                "x": 566901.8385422528,
                "y": 4317995.77976088,
                "yaw": 1.7988718564998731
            },
            "heading": 1.7988718564998731,
            "speeds": {
                "vmax": 20.0
            },
            "type": 1,
            "driving_direction": 1,
            "id": "1003_3",
            "lane_type": 1
        },
        {
            "pos": {
                "x": 566901.7254905984,
                "y": 4317996.266812544,
                "yaw": 1.7988718564998731
            },
            "heading": 1.7988718564998731,
            "speeds": {
                "vmax": 20.0
            },
            "type": 1,
            "driving_direction": 1,
            "id": "1003_3",
            "lane_type": 1
        },
        {
            "pos": {
                "x": 566901.6124389439,
                "y": 4317996.753864208,
                "yaw": 1.7988718564998731
            },
            "heading": 1.7988718564998731,
            "speeds": {
                "vmax": 20.0
            },
            "type": 1,
            "driving_direction": 1,
            "id": "1003_3",
            "lane_type": 1
        },
        {
            "pos": {
                "x": 566901.4993872895,
                "y": 4317997.240915872,
                "yaw": 1.7988718564998731
            },
            "heading": 1.7988718564998731,
            "speeds": {
                "vmax": 20.0
            },
            "type": 1,
            "driving_direction": 1,
            "id": "1003_3",
            "lane_type": 1
        },
        {
            "pos": {
                "x": 566901.3863356351,
                "y": 4317997.727967536,
                "yaw": 1.7988718564998731
            },
            "heading": 1.7988718564998731,
            "speeds": {
                "vmax": 20.0
            },
            "type": 1,
            "driving_direction": 1,
            "id": "1003_3",
            "lane_type": 1
        },
        {
            "pos": {
                "x": 566901.2732839807,
                "y": 4317998.2150192,
                "yaw": 1.7988718564998731
            },
            "heading": 1.7988718564998731,
            "speeds": {
                "vmax": 20.0
            },
            "type": 1,
            "driving_direction": 1,
            "id": "1003_3",
            "lane_type": 1
        },
        {
            "pos": {
                "x": 566901.1602323262,
                "y": 4317998.702070864,
                "yaw": 1.7988718564998731
            },
            "heading": 1.7988718564998731,
            "speeds": {
                "vmax": 20.0
            },
            "type": 1,
            "driving_direction": 1,
            "id": "1003_3",
            "lane_type": 1
        },
        {
            "pos": {
                "x": 566901.0471806718,
                "y": 4317999.189122528,
                "yaw": 1.7988718564998731
            },
            "heading": 1.7988718564998731,
            "speeds": {
                "vmax": 20.0
            },
            "type": 1,
            "driving_direction": 1,
            "id": "1003_3",
            "lane_type": 1
        },
        {
            "pos": {
                "x": 566900.9341290174,
                "y": 4317999.676174193,
                "yaw": 1.7988718564998731
            },
            "heading": 1.7988718564998731,
            "speeds": {
                "vmax": 20.0
            },
            "type": 1,
            "driving_direction": 1,
            "id": "1003_3",
            "lane_type": 1
        },
        {
            "pos": {
                "x": 566900.821077363,
                "y": 4318000.163225857,
                "yaw": 1.7988718564998731
            },
            "heading": 1.7988718564998731,
            "speeds": {
                "vmax": 20.0
            },
            "type": 1,
            "driving_direction": 1,
            "id": "1003_3",
            "lane_type": 1
        },
        {
            "pos": {
                "x": 566900.7080257086,
                "y": 4318000.6502775205,
                "yaw": 1.7988718564998731
            },
            "heading": 1.7988718564998731,
            "speeds": {
                "vmax": 20.0
            },
            "type": 1,
            "driving_direction": 1,
            "id": "1003_3",
            "lane_type": 1
        },
        {
            "pos": {
                "x": 566900.594974054,
                "y": 4318001.137329184,
                "yaw": 1.7988718564998731
            },
            "heading": 1.7988718564998731,
            "speeds": {
                "vmax": 20.0
            },
            "type": 1,
            "driving_direction": 1,
            "id": "1003_3",
            "lane_type": 1
        },
        {
            "pos": {
                "x": 566900.4819223996,
                "y": 4318001.624380848,
                "yaw": 1.7988718564998731
            },
            "heading": 1.7988718564998731,
            "speeds": {
                "vmax": 20.0
            },
            "type": 1,
            "driving_direction": 1,
            "id": "1003_3",
            "lane_type": 1
        },
        {
            "pos": {
                "x": 566900.3688707452,
                "y": 4318002.111432512,
                "yaw": 1.7988718564998731
            },
            "heading": 1.7988718564998731,
            "speeds": {
                "vmax": 20.0
            },
            "type": 1,
            "driving_direction": 1,
            "id": "1003_3",
            "lane_type": 1
        },
        {
            "pos": {
                "x": 566900.2558190908,
                "y": 4318002.598484176,
                "yaw": 1.7988718564998731
            },
            "heading": 1.7988718564998731,
            "speeds": {
                "vmax": 20.0
            },
            "type": 1,
            "driving_direction": 1,
            "id": "1003_3",
            "lane_type": 1
        },
        {
            "pos": {
                "x": 566900.1427674363,
                "y": 4318003.08553584,
                "yaw": 1.7988718564998731
            },
            "heading": 1.7988718564998731,
            "speeds": {
                "vmax": 20.0
            },
            "type": 1,
            "driving_direction": 1,
            "id": "1003_3",
            "lane_type": 1
        },
        {
            "pos": {
                "x": 566900.0297157819,
                "y": 4318003.572587504,
                "yaw": 1.7988718564998731
            },
            "heading": 1.7988718564998731,
            "speeds": {
                "vmax": 20.0
            },
            "type": 1,
            "driving_direction": 1,
            "id": "1003_3",
            "lane_type": 1
        },
        {
            "pos": {
                "x": 566899.9166641275,
                "y": 4318004.059639169,
                "yaw": 1.7988718564998731
            },
            "heading": 1.7988718564998731,
            "speeds": {
                "vmax": 20.0
            },
            "type": 1,
            "driving_direction": 1,
            "id": "1003_3",
            "lane_type": 1
        },
        {
            "pos": {
                "x": 566899.8036124731,
                "y": 4318004.546690833,
                "yaw": 1.7988718564998731
            },
            "heading": 1.7988718564998731,
            "speeds": {
                "vmax": 20.0
            },
            "type": 1,
            "driving_direction": 1,
            "id": "1003_3",
            "lane_type": 1
        },
        {
            "pos": {
                "x": 566899.6905608186,
                "y": 4318005.033742497,
                "yaw": 1.7988718564998731
            },
            "heading": 1.7988718564998731,
            "speeds": {
                "vmax": 20.0
            },
            "type": 1,
            "driving_direction": 1,
            "id": "1003_3",
            "lane_type": 1
        },
        {
            "pos": {
                "x": 566899.5775091642,
                "y": 4318005.520794161,
                "yaw": 1.7988718564998731
            },
            "heading": 1.7988718564998731,
            "speeds": {
                "vmax": 20.0
            },
            "type": 1,
            "driving_direction": 1,
            "id": "1003_3",
            "lane_type": 1
        },
        {
            "pos": {
                "x": 566899.4644575098,
                "y": 4318006.007845825,
                "yaw": 1.7988718564998731
            },
            "heading": 1.7988718564998731,
            "speeds": {
                "vmax": 20.0
            },
            "type": 1,
            "driving_direction": 1,
            "id": "1003_3",
            "lane_type": 1
        },
        {
            "pos": {
                "x": 566899.3514058553,
                "y": 4318006.4948974885,
                "yaw": 1.7988718564998731
            },
            "heading": 1.7988718564998731,
            "speeds": {
                "vmax": 20.0
            },
            "type": 1,
            "driving_direction": 1,
            "id": "1003_3",
            "lane_type": 1
        },
        {
            "pos": {
                "x": 566899.2383542008,
                "y": 4318006.981949152,
                "yaw": 1.7988718564998731
            },
            "heading": 1.7988718564998731,
            "speeds": {
                "vmax": 20.0
            },
            "type": 1,
            "driving_direction": 1,
            "id": "1003_3",
            "lane_type": 1
        },
        {
            "pos": {
                "x": 566899.1253025464,
                "y": 4318007.469000816,
                "yaw": 1.7988718564998731
            },
            "heading": 1.7988718564998731,
            "speeds": {
                "vmax": 20.0
            },
            "type": 1,
            "driving_direction": 1,
            "id": "1003_3",
            "lane_type": 1
        },
        {
            "pos": {
                "x": 566899.012250892,
                "y": 4318007.956052481,
                "yaw": 1.7988718564998731
            },
            "heading": 1.7988718564998731,
            "speeds": {
                "vmax": 20.0
            },
            "type": 1,
            "driving_direction": 1,
            "id": "1003_3",
            "lane_type": 1
        },
        {
            "pos": {
                "x": 566898.8991992376,
                "y": 4318008.443104145,
                "yaw": 1.7988718564998731
            },
            "heading": 1.7988718564998731,
            "speeds": {
                "vmax": 20.0
            },
            "type": 1,
            "driving_direction": 1,
            "id": "1003_3",
            "lane_type": 1
        },
        {
            "pos": {
                "x": 566898.7861475832,
                "y": 4318008.930155809,
                "yaw": 1.7988718564998731
            },
            "heading": 1.7988718564998731,
            "speeds": {
                "vmax": 20.0
            },
            "type": 1,
            "driving_direction": 1,
            "id": "1003_3",
            "lane_type": 1
        },
        {
            "pos": {
                "x": 566898.6730959287,
                "y": 4318009.417207473,
                "yaw": 1.7988718564998731
            },
            "heading": 1.7988718564998731,
            "speeds": {
                "vmax": 20.0
            },
            "type": 1,
            "driving_direction": 1,
            "id": "1003_3",
            "lane_type": 1
        },
        {
            "pos": {
                "x": 566898.5600442743,
                "y": 4318009.904259137,
                "yaw": 1.7988718564998731
            },
            "heading": 1.7988718564998731,
            "speeds": {
                "vmax": 20.0
            },
            "type": 1,
            "driving_direction": 1,
            "id": "1003_3",
            "lane_type": 1
        },
        {
            "pos": {
                "x": 566898.4469926199,
                "y": 4318010.391310801,
                "yaw": 1.7988718564998731
            },
            "heading": 1.7988718564998731,
            "speeds": {
                "vmax": 20.0
            },
            "type": 1,
            "driving_direction": 1,
            "id": "1003_3",
            "lane_type": 1
        },
        {
            "pos": {
                "x": 566898.3339409655,
                "y": 4318010.878362465,
                "yaw": 1.7988718564998731
            },
            "heading": 1.7988718564998731,
            "speeds": {
                "vmax": 20.0
            },
            "type": 1,
            "driving_direction": 1,
            "id": "1003_3",
            "lane_type": 1
        },
        {
            "pos": {
                "x": 566898.220889311,
                "y": 4318011.365414129,
                "yaw": 1.7988718564998731
            },
            "heading": 1.7988718564998731,
            "speeds": {
                "vmax": 20.0
            },
            "type": 1,
            "driving_direction": 1,
            "id": "1003_3",
            "lane_type": 1
        },
        {
            "pos": {
                "x": 566898.1078376565,
                "y": 4318011.852465793,
                "yaw": 1.7988718564998731
            },
            "heading": 1.7988718564998731,
            "speeds": {
                "vmax": 20.0
            },
            "type": 1,
            "driving_direction": 1,
            "id": "1003_3",
            "lane_type": 1
        },
        {
            "pos": {
                "x": 566897.9947860021,
                "y": 4318012.339517457,
                "yaw": 1.7988718564998731
            },
            "heading": 1.7988718564998731,
            "speeds": {
                "vmax": 20.0
            },
            "type": 1,
            "driving_direction": 1,
            "id": "1003_3",
            "lane_type": 1
        },
        {
            "pos": {
                "x": 566897.8817343477,
                "y": 4318012.826569121,
                "yaw": 1.7988718564998731
            },
            "heading": 1.7988718564998731,
            "speeds": {
                "vmax": 20.0
            },
            "type": 1,
            "driving_direction": 1,
            "id": "1003_3",
            "lane_type": 1
        },
        {
            "pos": {
                "x": 566897.7686826932,
                "y": 4318013.313620785,
                "yaw": 1.7988718564998731
            },
            "heading": 1.7988718564998731,
            "speeds": {
                "vmax": 20.0
            },
            "type": 1,
            "driving_direction": 1,
            "id": "1003_3",
            "lane_type": 1
        },
        {
            "pos": {
                "x": 566897.6556310388,
                "y": 4318013.800672449,
                "yaw": 1.7988718564998731
            },
            "heading": 1.7988718564998731,
            "speeds": {
                "vmax": 20.0
            },
            "type": 1,
            "driving_direction": 1,
            "id": "1003_3",
            "lane_type": 1
        },
        {
            "pos": {
                "x": 566897.5425793844,
                "y": 4318014.287724113,
                "yaw": 1.7988718564998731
            },
            "heading": 1.7988718564998731,
            "speeds": {
                "vmax": 20.0
            },
            "type": 1,
            "driving_direction": 1,
            "id": "1003_3",
            "lane_type": 1
        },
        {
            "pos": {
                "x": 566897.42952773,
                "y": 4318014.774775777,
                "yaw": 1.7988718564998731
            },
            "heading": 1.7988718564998731,
            "speeds": {
                "vmax": 20.0
            },
            "type": 1,
            "driving_direction": 1,
            "id": "1003_3",
            "lane_type": 1
        },
        {
            "pos": {
                "x": 566897.3164760756,
                "y": 4318015.261827441,
                "yaw": 1.7988718564998731
            },
            "heading": 1.7988718564998731,
            "speeds": {
                "vmax": 20.0
            },
            "type": 1,
            "driving_direction": 1,
            "id": "1003_3",
            "lane_type": 1
        },
        {
            "pos": {
                "x": 566897.2034244211,
                "y": 4318015.748879105,
                "yaw": 1.7988718564998731
            },
            "heading": 1.7988718564998731,
            "speeds": {
                "vmax": 20.0
            },
            "type": 1,
            "driving_direction": 1,
            "id": "1003_3",
            "lane_type": 1
        },
        {
            "pos": {
                "x": 566897.0903727667,
                "y": 4318016.235930769,
                "yaw": 1.7988718564998731
            },
            "heading": 1.7988718564998731,
            "speeds": {
                "vmax": 20.0
            },
            "type": 1,
            "driving_direction": 1,
            "id": "1003_3",
            "lane_type": 1
        },
        {
            "pos": {
                "x": 566896.9773211123,
                "y": 4318016.722982434,
                "yaw": 1.7988718564998731
            },
            "heading": 1.7988718564998731,
            "speeds": {
                "vmax": 20.0
            },
            "type": 1,
            "driving_direction": 1,
            "id": "1003_3",
            "lane_type": 1
        },
        {
            "pos": {
                "x": 566896.8642694578,
                "y": 4318017.210034098,
                "yaw": 1.7988718564998731
            },
            "heading": 1.7988718564998731,
            "speeds": {
                "vmax": 20.0
            },
            "type": 1,
            "driving_direction": 1,
            "id": "1003_3",
            "lane_type": 1
        },
        {
            "pos": {
                "x": 566896.7512178033,
                "y": 4318017.697085761,
                "yaw": 1.7988718564998731
            },
            "heading": 1.7988718564998731,
            "speeds": {
                "vmax": 20.0
            },
            "type": 1,
            "driving_direction": 1,
            "id": "1003_3",
            "lane_type": 1
        },
        {
            "pos": {
                "x": 566896.6381661489,
                "y": 4318018.184137425,
                "yaw": 1.7988718564998731
            },
            "heading": 1.7988718564998731,
            "speeds": {
                "vmax": 20.0
            },
            "type": 1,
            "driving_direction": 1,
            "id": "1003_3",
            "lane_type": 1
        },
        {
            "pos": {
                "x": 566896.5251144945,
                "y": 4318018.671189089,
                "yaw": 1.7988718564998731
            },
            "heading": 1.7988718564998731,
            "speeds": {
                "vmax": 20.0
            },
            "type": 1,
            "driving_direction": 1,
            "id": "1003_3",
            "lane_type": 1
        },
        {
            "pos": {
                "x": 566896.4120628401,
                "y": 4318019.158240753,
                "yaw": 1.7988718564998731
            },
            "heading": 1.7988718564998731,
            "speeds": {
                "vmax": 20.0
            },
            "type": 1,
            "driving_direction": 1,
            "id": "1003_3",
            "lane_type": 1
        },
        {
            "pos": {
                "x": 566896.2990111856,
                "y": 4318019.645292417,
                "yaw": 1.7988718564998731
            },
            "heading": 1.7988718564998731,
            "speeds": {
                "vmax": 20.0
            },
            "type": 1,
            "driving_direction": 1,
            "id": "1003_3",
            "lane_type": 1
        },
        {
            "pos": {
                "x": 566896.1859595312,
                "y": 4318020.132344081,
                "yaw": 1.7988718564998731
            },
            "heading": 1.7988718564998731,
            "speeds": {
                "vmax": 20.0
            },
            "type": 1,
            "driving_direction": 1,
            "id": "1003_3",
            "lane_type": 1
        },
        {
            "pos": {
                "x": 566896.0729078768,
                "y": 4318020.619395745,
                "yaw": 1.7988718564998731
            },
            "heading": 1.7988718564998731,
            "speeds": {
                "vmax": 20.0
            },
            "type": 1,
            "driving_direction": 1,
            "id": "1003_3",
            "lane_type": 1
        },
        {
            "pos": {
                "x": 566895.9598562224,
                "y": 4318021.10644741,
                "yaw": 1.7988718564998731
            },
            "heading": 1.7988718564998731,
            "speeds": {
                "vmax": 20.0
            },
            "type": 1,
            "driving_direction": 1,
            "id": "1003_3",
            "lane_type": 1
        },
        {
            "pos": {
                "x": 566895.846804568,
                "y": 4318021.593499074,
                "yaw": 1.7988718564998731
            },
            "heading": 1.7988718564998731,
            "speeds": {
                "vmax": 20.0
            },
            "type": 1,
            "driving_direction": 1,
            "id": "1003_3",
            "lane_type": 1
        },
        {
            "pos": {
                "x": 566895.7337529135,
                "y": 4318022.080550738,
                "yaw": 1.7988718564998731
            },
            "heading": 1.7988718564998731,
            "speeds": {
                "vmax": 20.0
            },
            "type": 1,
            "driving_direction": 1,
            "id": "1003_3",
            "lane_type": 1
        },
        {
            "pos": {
                "x": 566895.620701259,
                "y": 4318022.567602402,
                "yaw": 1.7988718564998731
            },
            "heading": 1.7988718564998731,
            "speeds": {
                "vmax": 20.0
            },
            "type": 1,
            "driving_direction": 1,
            "id": "1003_3",
            "lane_type": 1
        },
        {
            "pos": {
                "x": 566895.5921916717,
                "y": 4318022.690428043,
                "yaw": 1.7988718564998731
            },
            "heading": 1.7988718564998731,
            "speeds": {
                "vmax": 20.0
            },
            "type": 1,
            "driving_direction": 1,
            "id": "1003_3",
            "lane_type": 1
        },
        {
            "pos": {
                "x": 566895.4791149551,
                "y": 4318023.177456442,
                "yaw": 1.7749056149110427
            },
            "heading": 1.7749056149110427,
            "speeds": {
                "vmax": 15.0
            },
            "type": 2,
            "driving_direction": 1,
            "id": "1555_0",
            "lane_type": 4
        },
        {
            "pos": {
                "x": 566895.3717515778,
                "y": 4318023.696130624,
                "yaw": 1.7754751376307467
            },
            "heading": 1.7754751376307467,
            "speeds": {
                "vmax": 15.0
            },
            "type": 2,
            "driving_direction": 1,
            "id": "1555_0",
            "lane_type": 4
        },
        {
            "pos": {
                "x": 566895.2614949853,
                "y": 4318024.225866167,
                "yaw": 1.7764027852681
            },
            "heading": 1.7764027852681,
            "speeds": {
                "vmax": 15.0
            },
            "type": 2,
            "driving_direction": 1,
            "id": "1555_0",
            "lane_type": 4
        },
        {
            "pos": {
                "x": 566895.1508960701,
                "y": 4318024.755170445,
                "yaw": 1.776937907898524
            },
            "heading": 1.776937907898524,
            "speeds": {
                "vmax": 15.0
            },
            "type": 2,
            "driving_direction": 1,
            "id": "1555_0",
            "lane_type": 4
        },
        {
            "pos": {
                "x": 566895.0406867915,
                "y": 4318025.281807872,
                "yaw": 1.7771849651827105
            },
            "heading": 1.7771849651827105,
            "speeds": {
                "vmax": 15.0
            },
            "type": 2,
            "driving_direction": 1,
            "id": "1555_0",
            "lane_type": 4
        },
        {
            "pos": {
                "x": 566894.9303254292,
                "y": 4318025.808673974,
                "yaw": 1.777172685945925
            },
            "heading": 1.777172685945925,
            "speeds": {
                "vmax": 15.0
            },
            "type": 2,
            "driving_direction": 1,
            "id": "1555_0",
            "lane_type": 4
        },
        {
            "pos": {
                "x": 566894.8193681196,
                "y": 4318026.33895166,
                "yaw": 1.7768499991541569
            },
            "heading": 1.7768499991541569,
            "speeds": {
                "vmax": 15.0
            },
            "type": 2,
            "driving_direction": 1,
            "id": "1555_0",
            "lane_type": 4
        },
        {
            "pos": {
                "x": 566894.7093660119,
                "y": 4318026.865819567,
                "yaw": 1.776187579670466
            },
            "heading": 1.776187579670466,
            "speeds": {
                "vmax": 15.0
            },
            "type": 2,
            "driving_direction": 1,
            "id": "1555_0",
            "lane_type": 4
        },
        {
            "pos": {
                "x": 566894.5999107203,
                "y": 4318027.392440257,
                "yaw": 1.7750297028049749
            },
            "heading": 1.7750297028049749,
            "speeds": {
                "vmax": 15.0
            },
            "type": 2,
            "driving_direction": 1,
            "id": "1555_0",
            "lane_type": 4
        },
        {
            "pos": {
                "x": 566894.4900344185,
                "y": 4318027.924911188,
                "yaw": 1.7730405916593288
            },
            "heading": 1.7730405916593288,
            "speeds": {
                "vmax": 15.0
            },
            "type": 2,
            "driving_direction": 1,
            "id": "1555_0",
            "lane_type": 4
        },
        {
            "pos": {
                "x": 566894.3796534406,
                "y": 4318028.467169877,
                "yaw": 1.770183388016442
            },
            "heading": 1.770183388016442,
            "speeds": {
                "vmax": 15.0
            },
            "type": 2,
            "driving_direction": 1,
            "id": "1555_0",
            "lane_type": 4
        },
        {
            "pos": {
                "x": 566894.2785142951,
                "y": 4318028.972411715,
                "yaw": 1.765516343972799
            },
            "heading": 1.765516343972799,
            "speeds": {
                "vmax": 15.0
            },
            "type": 2,
            "driving_direction": 1,
            "id": "1555_0",
            "lane_type": 4
        },
        {
            "pos": {
                "x": 566894.1753535192,
                "y": 4318029.503978746,
                "yaw": 1.7600041088441978
            },
            "heading": 1.7600041088441978,
            "speeds": {
                "vmax": 15.0
            },
            "type": 2,
            "driving_direction": 1,
            "id": "1555_0",
            "lane_type": 4
        },
        {
            "pos": {
                "x": 566894.0759529799,
                "y": 4318030.0305566415,
                "yaw": 1.757213243849246
            },
            "heading": 1.757213243849246,
            "speeds": {
                "vmax": 15.0
            },
            "type": 2,
            "driving_direction": 1,
            "id": "1555_0",
            "lane_type": 4
        },
        {
            "pos": {
                "x": 566893.9765149527,
                "y": 4318030.557816151,
                "yaw": 1.7571174170153119
            },
            "heading": 1.7571174170153119,
            "speeds": {
                "vmax": 15.0
            },
            "type": 2,
            "driving_direction": 1,
            "id": "1555_0",
            "lane_type": 4
        },
        {
            "pos": {
                "x": 566893.875984145,
                "y": 4318031.091374479,
                "yaw": 1.755656656806205
            },
            "heading": 1.755656656806205,
            "speeds": {
                "vmax": 15.0
            },
            "type": 2,
            "driving_direction": 1,
            "id": "1555_0",
            "lane_type": 4
        },
        {
            "pos": {
                "x": 566893.7797069678,
                "y": 4318031.610925407,
                "yaw": 1.7530198439020461
            },
            "heading": 1.7530198439020461,
            "speeds": {
                "vmax": 15.0
            },
            "type": 2,
            "driving_direction": 1,
            "id": "1555_0",
            "lane_type": 4
        },
        {
            "pos": {
                "x": 566893.6759607736,
                "y": 4318032.177191641,
                "yaw": 1.748396481622122
            },
            "heading": 1.748396481622122,
            "speeds": {
                "vmax": 15.0
            },
            "type": 2,
            "driving_direction": 1,
            "id": "1555_0",
            "lane_type": 4
        },
        {
            "pos": {
                "x": 566893.5905452392,
                "y": 4318032.670091528,
                "yaw": 1.7403673975778806
            },
            "heading": 1.7403673975778806,
            "speeds": {
                "vmax": 15.0
            },
            "type": 2,
            "driving_direction": 1,
            "id": "1555_0",
            "lane_type": 4
        },
        {
            "pos": {
                "x": 566893.5007816604,
                "y": 4318033.200632139,
                "yaw": 1.737692726711792
            },
            "heading": 1.737692726711792,
            "speeds": {
                "vmax": 15.0
            },
            "type": 2,
            "driving_direction": 1,
            "id": "1555_0",
            "lane_type": 4
        },
        {
            "pos": {
                "x": 566893.4117690568,
                "y": 4318033.731244378,
                "yaw": 1.7383416269206453
            },
            "heading": 1.7383416269206453,
            "speeds": {
                "vmax": 15.0
            },
            "type": 2,
            "driving_direction": 1,
            "id": "1555_0",
            "lane_type": 4
        },
        {
            "pos": {
                "x": 566893.3212330372,
                "y": 4318034.261750443,
                "yaw": 1.743348315462329
            },
            "heading": 1.743348315462329,
            "speeds": {
                "vmax": 15.0
            },
            "type": 2,
            "driving_direction": 1,
            "id": "1555_0",
            "lane_type": 4
        },
        {
            "pos": {
                "x": 566893.2267181885,
                "y": 4318034.792129559,
                "yaw": 1.7488316357232867
            },
            "heading": 1.7488316357232867,
            "speeds": {
                "vmax": 15.0
            },
            "type": 2,
            "driving_direction": 1,
            "id": "1555_0",
            "lane_type": 4
        },
        {
            "pos": {
                "x": 566893.1297756664,
                "y": 4318035.325764891,
                "yaw": 1.7531786767867228
            },
            "heading": 1.7531786767867228,
            "speeds": {
                "vmax": 15.0
            },
            "type": 2,
            "driving_direction": 1,
            "id": "1555_0",
            "lane_type": 4
        },
        {
            "pos": {
                "x": 566893.0320680031,
                "y": 4318035.84666691,
                "yaw": 1.7632175529801553
            },
            "heading": 1.7632175529801553,
            "speeds": {
                "vmax": 15.0
            },
            "type": 2,
            "driving_direction": 1,
            "id": "1555_0",
            "lane_type": 4
        },
        {
            "pos": {
                "x": 566892.926381696,
                "y": 4318036.368380081,
                "yaw": 1.7866121454911867
            },
            "heading": 1.7866121454911867,
            "speeds": {
                "vmax": 15.0
            },
            "type": 2,
            "driving_direction": 1,
            "id": "1555_0",
            "lane_type": 4
        },
        {
            "pos": {
                "x": 566892.8020958253,
                "y": 4318036.894827198,
                "yaw": 1.8121181206343009
            },
            "heading": 1.8121181206343009,
            "speeds": {
                "vmax": 15.0
            },
            "type": 2,
            "driving_direction": 1,
            "id": "1555_0",
            "lane_type": 4
        },
        {
            "pos": {
                "x": 566892.6685616553,
                "y": 4318037.415875463,
                "yaw": 1.832928761788747
            },
            "heading": 1.832928761788747,
            "speeds": {
                "vmax": 15.0
            },
            "type": 2,
            "driving_direction": 1,
            "id": "1555_0",
            "lane_type": 4
        },
        {
            "pos": {
                "x": 566892.5230516978,
                "y": 4318037.934065763,
                "yaw": 1.8589674545318586
            },
            "heading": 1.8589674545318586,
            "speeds": {
                "vmax": 15.0
            },
            "type": 2,
            "driving_direction": 1,
            "id": "1555_0",
            "lane_type": 4
        },
        {
            "pos": {
                "x": 566892.3627740857,
                "y": 4318038.446416482,
                "yaw": 1.8910881364612695
            },
            "heading": 1.8910881364612695,
            "speeds": {
                "vmax": 15.0
            },
            "type": 2,
            "driving_direction": 1,
            "id": "1555_0",
            "lane_type": 4
        },
        {
            "pos": {
                "x": 566892.1847977049,
                "y": 4318038.952804113,
                "yaw": 1.922989726904459
            },
            "heading": 1.922989726904459,
            "speeds": {
                "vmax": 15.0
            },
            "type": 2,
            "driving_direction": 1,
            "id": "1555_0",
            "lane_type": 4
        },
        {
            "pos": {
                "x": 566891.9920837845,
                "y": 4318039.454600906,
                "yaw": 1.9480942775565089
            },
            "heading": 1.9480942775565089,
            "speeds": {
                "vmax": 15.0
            },
            "type": 2,
            "driving_direction": 1,
            "id": "1555_0",
            "lane_type": 4
        },
        {
            "pos": {
                "x": 566891.7889739518,
                "y": 4318039.951420927,
                "yaw": 1.97612976021856
            },
            "heading": 1.97612976021856,
            "speeds": {
                "vmax": 15.0
            },
            "type": 2,
            "driving_direction": 1,
            "id": "1555_0",
            "lane_type": 4
        },
        {
            "pos": {
                "x": 566891.5698818003,
                "y": 4318040.438070204,
                "yaw": 2.0152702244320957
            },
            "heading": 2.0152702244320957,
            "speeds": {
                "vmax": 15.0
            },
            "type": 2,
            "driving_direction": 1,
            "id": "1555_0",
            "lane_type": 4
        },
        {
            "pos": {
                "x": 566891.3281038812,
                "y": 4318040.919219503,
                "yaw": 2.0503589906072595
            },
            "heading": 2.0503589906072595,
            "speeds": {
                "vmax": 15.0
            },
            "type": 2,
            "driving_direction": 1,
            "id": "1555_0",
            "lane_type": 4
        },
        {
            "pos": {
                "x": 566891.0730695681,
                "y": 4318041.39341861,
                "yaw": 2.0828323494536427
            },
            "heading": 2.0828323494536427,
            "speeds": {
                "vmax": 15.0
            },
            "type": 2,
            "driving_direction": 1,
            "id": "1555_0",
            "lane_type": 4
        },
        {
            "pos": {
                "x": 566890.8016539728,
                "y": 4318041.855834303,
                "yaw": 2.1232866771909564
            },
            "heading": 2.1232866771909564,
            "speeds": {
                "vmax": 15.0
            },
            "type": 2,
            "driving_direction": 1,
            "id": "1555_0",
            "lane_type": 4
        },
        {
            "pos": {
                "x": 566890.5098521684,
                "y": 4318042.306989361,
                "yaw": 2.162649708861614
            },
            "heading": 2.162649708861614,
            "speeds": {
                "vmax": 15.0
            },
            "type": 2,
            "driving_direction": 1,
            "id": "1555_0",
            "lane_type": 4
        },
        {
            "pos": {
                "x": 566890.2025961054,
                "y": 4318042.747105351,
                "yaw": 2.1967601495466837
            },
            "heading": 2.1967601495466837,
            "speeds": {
                "vmax": 15.0
            },
            "type": 2,
            "driving_direction": 1,
            "id": "1555_0",
            "lane_type": 4
        },
        {
            "pos": {
                "x": 566889.8806917656,
                "y": 4318043.177344341,
                "yaw": 2.2343517486799294
            },
            "heading": 2.2343517486799294,
            "speeds": {
                "vmax": 15.0
            },
            "type": 2,
            "driving_direction": 1,
            "id": "1555_0",
            "lane_type": 4
        },
        {
            "pos": {
                "x": 566889.5409125176,
                "y": 4318043.593615044,
                "yaw": 2.279104266042279
            },
            "heading": 2.279104266042279,
            "speeds": {
                "vmax": 15.0
            },
            "type": 2,
            "driving_direction": 1,
            "id": "1555_0",
            "lane_type": 4
        },
        {
            "pos": {
                "x": 566889.1822484634,
                "y": 4318043.992990026,
                "yaw": 2.3251729984243297
            },
            "heading": 2.3251729984243297,
            "speeds": {
                "vmax": 15.0
            },
            "type": 2,
            "driving_direction": 1,
            "id": "1555_0",
            "lane_type": 4
        },
        {
            "pos": {
                "x": 566888.8058521292,
                "y": 4318044.375990516,
                "yaw": 2.374379506266738
            },
            "heading": 2.374379506266738,
            "speeds": {
                "vmax": 15.0
            },
            "type": 2,
            "driving_direction": 1,
            "id": "1555_0",
            "lane_type": 4
        },
        {
            "pos": {
                "x": 566888.410038552,
                "y": 4318044.737954112,
                "yaw": 2.4337282393346835
            },
            "heading": 2.4337282393346835,
            "speeds": {
                "vmax": 15.0
            },
            "type": 2,
            "driving_direction": 1,
            "id": "1555_0",
            "lane_type": 4
        },
        {
            "pos": {
                "x": 566887.990805163,
                "y": 4318045.074176058,
                "yaw": 2.49553560226727
            },
            "heading": 2.49553560226727,
            "speeds": {
                "vmax": 15.0
            },
            "type": 2,
            "driving_direction": 1,
            "id": "1555_0",
            "lane_type": 4
        },
        {
            "pos": {
                "x": 566887.5533070267,
                "y": 4318045.3844287805,
                "yaw": 2.560448648146802
            },
            "heading": 2.560448648146802,
            "speeds": {
                "vmax": 15.0
            },
            "type": 2,
            "driving_direction": 1,
            "id": "1555_0",
            "lane_type": 4
        },
        {
            "pos": {
                "x": 566887.0945216604,
                "y": 4318045.663564933,
                "yaw": 2.6343753239994845
            },
            "heading": 2.6343753239994845,
            "speeds": {
                "vmax": 15.0
            },
            "type": 2,
            "driving_direction": 1,
            "id": "1555_0",
            "lane_type": 4
        },
        {
            "pos": {
                "x": 566886.6155039617,
                "y": 4318045.906558588,
                "yaw": 2.708542452441519
            },
            "heading": 2.708542452441519,
            "speeds": {
                "vmax": 15.0
            },
            "type": 2,
            "driving_direction": 1,
            "id": "1555_0",
            "lane_type": 4
        },
        {
            "pos": {
                "x": 566886.1188027957,
                "y": 4318046.115490838,
                "yaw": 2.7769814162500754
            },
            "heading": 2.7769814162500754,
            "speeds": {
                "vmax": 15.0
            },
            "type": 2,
            "driving_direction": 1,
            "id": "1555_0",
            "lane_type": 4
        },
        {
            "pos": {
                "x": 566885.6116508913,
                "y": 4318046.2904052,
                "yaw": 2.8407284471700076
            },
            "heading": 2.8407284471700076,
            "speeds": {
                "vmax": 15.0
            },
            "type": 2,
            "driving_direction": 1,
            "id": "1555_0",
            "lane_type": 4
        },
        {
            "pos": {
                "x": 566885.0936033871,
                "y": 4318046.434197728,
                "yaw": 2.9013766679321353
            },
            "heading": 2.9013766679321353,
            "speeds": {
                "vmax": 15.0
            },
            "type": 2,
            "driving_direction": 1,
            "id": "1555_0",
            "lane_type": 4
        },
        {
            "pos": {
                "x": 566884.567287452,
                "y": 4318046.546672269,
                "yaw": 2.9676213831754383
            },
            "heading": 2.9676213831754383,
            "speeds": {
                "vmax": 15.0
            },
            "type": 2,
            "driving_direction": 1,
            "id": "1555_0",
            "lane_type": 4
        },
        {
            "pos": {
                "x": 566884.0353582292,
                "y": 4318046.620934929,
                "yaw": 3.030748489794376
            },
            "heading": 3.030748489794376,
            "speeds": {
                "vmax": 15.0
            },
            "type": 2,
            "driving_direction": 1,
            "id": "1555_0",
            "lane_type": 4
        },
        {
            "pos": {
                "x": 566883.4994930128,
                "y": 4318046.666043312,
                "yaw": 3.080189378085325
            },
            "heading": 3.080189378085325,
            "speeds": {
                "vmax": 15.0
            },
            "type": 2,
            "driving_direction": 1,
            "id": "1555_0",
            "lane_type": 4
        },
        {
            "pos": {
                "x": 566882.9616513754,
                "y": 4318046.6872776225,
                "yaw": 3.124808213409202
            },
            "heading": 3.124808213409202,
            "speeds": {
                "vmax": 15.0
            },
            "type": 2,
            "driving_direction": 1,
            "id": "1555_0",
            "lane_type": 4
        },
        {
            "pos": {
                "x": 566882.4274961564,
                "y": 4318046.684462566,
                "yaw": -3.1174611343642047
            },
            "heading": -3.1174611343642047,
            "speeds": {
                "vmax": 15.0
            },
            "type": 2,
            "driving_direction": 1,
            "id": "1555_0",
            "lane_type": 4
        },
        {
            "pos": {
                "x": 566881.8878253237,
                "y": 4318046.661871962,
                "yaw": -3.087780666540326
            },
            "heading": -3.087780666540326,
            "speeds": {
                "vmax": 15.0
            },
            "type": 2,
            "driving_direction": 1,
            "id": "1555_0",
            "lane_type": 4
        },
        {
            "pos": {
                "x": 566881.3511151127,
                "y": 4318046.626714953,
                "yaw": -3.0659336198987583
            },
            "heading": -3.0659336198987583,
            "speeds": {
                "vmax": 15.0
            },
            "type": 2,
            "driving_direction": 1,
            "id": "1555_0",
            "lane_type": 4
        },
        {
            "pos": {
                "x": 566880.815279379,
                "y": 4318046.580711532,
                "yaw": -3.0463765548879764
            },
            "heading": -3.0463765548879764,
            "speeds": {
                "vmax": 15.0
            },
            "type": 2,
            "driving_direction": 1,
            "id": "1555_0",
            "lane_type": 4
        },
        {
            "pos": {
                "x": 566880.2806129238,
                "y": 4318046.524611358,
                "yaw": -3.0291810164897797
            },
            "heading": -3.0291810164897797,
            "speeds": {
                "vmax": 15.0
            },
            "type": 2,
            "driving_direction": 1,
            "id": "1555_0",
            "lane_type": 4
        },
        {
            "pos": {
                "x": 566879.7468018462,
                "y": 4318046.46022273,
                "yaw": -3.017325393150463
            },
            "heading": -3.017325393150463,
            "speeds": {
                "vmax": 15.0
            },
            "type": 2,
            "driving_direction": 1,
            "id": "1555_0",
            "lane_type": 4
        },
        {
            "pos": {
                "x": 566879.2138679731,
                "y": 4318046.391444121,
                "yaw": -3.0122892971262156
            },
            "heading": -3.0122892971262156,
            "speeds": {
                "vmax": 15.0
            },
            "type": 2,
            "driving_direction": 1,
            "id": "1555_0",
            "lane_type": 4
        },
        {
            "pos": {
                "x": 566878.6816920019,
                "y": 4318046.321688071,
                "yaw": -3.005495470778819
            },
            "heading": -3.005495470778819,
            "speeds": {
                "vmax": 15.0
            },
            "type": 2,
            "driving_direction": 1,
            "id": "1555_0",
            "lane_type": 4
        },
        {
            "pos": {
                "x": 566878.1521505804,
                "y": 4318046.246207677,
                "yaw": -2.9990978896220444
            },
            "heading": -2.9990978896220444,
            "speeds": {
                "vmax": 15.0
            },
            "type": 2,
            "driving_direction": 1,
            "id": "1555_0",
            "lane_type": 4
        },
        {
            "pos": {
                "x": 566877.6160643522,
                "y": 4318046.1687335,
                "yaw": -2.9931372687492956
            },
            "heading": -2.9931372687492956,
            "speeds": {
                "vmax": 15.0
            },
            "type": 2,
            "driving_direction": 1,
            "id": "1555_0",
            "lane_type": 4
        },
        {
            "pos": {
                "x": 566877.0896671999,
                "y": 4318046.087393329,
                "yaw": -2.9829661018508924
            },
            "heading": -2.9829661018508924,
            "speeds": {
                "vmax": 15.0
            },
            "type": 2,
            "driving_direction": 1,
            "id": "1555_0",
            "lane_type": 4
        },
        {
            "pos": {
                "x": 566876.5525053046,
                "y": 4318045.99865767,
                "yaw": -2.9721700613405515
            },
            "heading": -2.9721700613405515,
            "speeds": {
                "vmax": 15.0
            },
            "type": 2,
            "driving_direction": 1,
            "id": "1555_0",
            "lane_type": 4
        },
        {
            "pos": {
                "x": 566876.0239956009,
                "y": 4318045.905137816,
                "yaw": -2.9607181199566357
            },
            "heading": -2.9607181199566357,
            "speeds": {
                "vmax": 15.0
            },
            "type": 2,
            "driving_direction": 1,
            "id": "1555_0",
            "lane_type": 4
        },
        {
            "pos": {
                "x": 566875.4941357448,
                "y": 4318045.805112678,
                "yaw": -2.950833595809113
            },
            "heading": -2.950833595809113,
            "speeds": {
                "vmax": 15.0
            },
            "type": 2,
            "driving_direction": 1,
            "id": "1555_0",
            "lane_type": 4
        },
        {
            "pos": {
                "x": 566874.9670163961,
                "y": 4318045.701026704,
                "yaw": -2.9423352066345245
            },
            "heading": -2.9423352066345245,
            "speeds": {
                "vmax": 15.0
            },
            "type": 2,
            "driving_direction": 1,
            "id": "1555_0",
            "lane_type": 4
        },
        {
            "pos": {
                "x": 566874.4417624441,
                "y": 4318045.592589973,
                "yaw": -2.9353454226202
            },
            "heading": -2.9353454226202,
            "speeds": {
                "vmax": 15.0
            },
            "type": 2,
            "driving_direction": 1,
            "id": "1555_0",
            "lane_type": 4
        },
        {
            "pos": {
                "x": 566873.9158107984,
                "y": 4318045.481105976,
                "yaw": -2.9155824599023012
            },
            "heading": -2.9155824599023012,
            "speeds": {
                "vmax": 10.0
            },
            "type": 1,
            "driving_direction": 1,
            "id": "1558_0",
            "lane_type": 62
        },
        {
            "pos": {
                "x": 566873.4274026048,
                "y": 4318045.368801969,
                "yaw": -2.915582741913242
            },
            "heading": -2.915582741913242,
            "speeds": {
                "vmax": 10.0
            },
            "type": 1,
            "driving_direction": 1,
            "id": "1558_0",
            "lane_type": 62
        },
        {
            "pos": {
                "x": 566872.9388393112,
                "y": 4318045.256462298,
                "yaw": -2.915582094499199
            },
            "heading": -2.915582094499199,
            "speeds": {
                "vmax": 10.0
            },
            "type": 1,
            "driving_direction": 1,
            "id": "1558_0",
            "lane_type": 62
        },
        {
            "pos": {
                "x": 566872.4501872445,
                "y": 4318045.144102217,
                "yaw": -2.9155820616968025
            },
            "heading": -2.9155820616968025,
            "speeds": {
                "vmax": 10.0
            },
            "type": 1,
            "driving_direction": 1,
            "id": "1558_0",
            "lane_type": 62
        },
        {
            "pos": {
                "x": 566871.9616479238,
                "y": 4318045.031768059,
                "yaw": -2.9155827454252257
            },
            "heading": -2.9155827454252257,
            "speeds": {
                "vmax": 10.0
            },
            "type": 1,
            "driving_direction": 1,
            "id": "1558_0",
            "lane_type": 62
        },
        {
            "pos": {
                "x": 566871.4730844494,
                "y": 4318044.919428347,
                "yaw": -2.9155825594877696
            },
            "heading": -2.9155825594877696,
            "speeds": {
                "vmax": 10.0
            },
            "type": 1,
            "driving_direction": 1,
            "id": "1558_0",
            "lane_type": 62
        },
        {
            "pos": {
                "x": 566870.984490792,
                "y": 4318044.807081696,
                "yaw": -2.915582235555163
            },
            "heading": -2.915582235555163,
            "speeds": {
                "vmax": 10.0
            },
            "type": 1,
            "driving_direction": 1,
            "id": "1558_0",
            "lane_type": 62
        },
        {
            "pos": {
                "x": 566870.4959797505,
                "y": 4318044.69475404,
                "yaw": -2.9155824011891696
            },
            "heading": -2.9155824011891696,
            "speeds": {
                "vmax": 10.0
            },
            "type": 1,
            "driving_direction": 1,
            "id": "1558_0",
            "lane_type": 62
        },
        {
            "pos": {
                "x": 566870.007322852,
                "y": 4318044.582392847,
                "yaw": -2.9155819802555687
            },
            "heading": -2.9155819802555687,
            "speeds": {
                "vmax": 10.0
            },
            "type": 1,
            "driving_direction": 1,
            "id": "1558_0",
            "lane_type": 62
        },
        {
            "pos": {
                "x": 566869.5188125772,
                "y": 4318044.470065368,
                "yaw": -2.9155823768415194
            },
            "heading": -2.9155823768415194,
            "speeds": {
                "vmax": 10.0
            },
            "type": 1,
            "driving_direction": 1,
            "id": "1558_0",
            "lane_type": 62
        },
        {
            "pos": {
                "x": 566869.0302474184,
                "y": 4318044.357725269,
                "yaw": -2.9155826815230768
            },
            "heading": -2.9155826815230768,
            "speeds": {
                "vmax": 10.0
            },
            "type": 1,
            "driving_direction": 1,
            "id": "1558_0",
            "lane_type": 62
        },
        {
            "pos": {
                "x": 566868.5416522855,
                "y": 4318044.245378278,
                "yaw": -2.9155818923139254
            },
            "heading": -2.9155818923139254,
            "speeds": {
                "vmax": 10.0
            },
            "type": 1,
            "driving_direction": 1,
            "id": "1558_0",
            "lane_type": 62
        },
        {
            "pos": {
                "x": 566868.0531129446,
                "y": 4318044.133044115,
                "yaw": -2.915582835283973
            },
            "heading": -2.915582835283973,
            "speeds": {
                "vmax": 10.0
            },
            "type": 1,
            "driving_direction": 1,
            "id": "1558_0",
            "lane_type": 62
        },
        {
            "pos": {
                "x": 566867.5645648516,
                "y": 4318044.020707941,
                "yaw": -2.9155820793817617
            },
            "heading": -2.9155820793817617,
            "speeds": {
                "vmax": 10.0
            },
            "type": 1,
            "driving_direction": 1,
            "id": "1558_0",
            "lane_type": 62
        },
        {
            "pos": {
                "x": 566867.0759558456,
                "y": 4318043.90835776,
                "yaw": -2.9155824424323864
            },
            "heading": -2.9155824424323864,
            "speeds": {
                "vmax": 10.0
            },
            "type": 1,
            "driving_direction": 1,
            "id": "1558_0",
            "lane_type": 62
        },
        {
            "pos": {
                "x": 566866.5874280629,
                "y": 4318043.796026255,
                "yaw": -2.9155827652345003
            },
            "heading": -2.9155827652345003,
            "speeds": {
                "vmax": 10.0
            },
            "type": 1,
            "driving_direction": 1,
            "id": "1558_0",
            "lane_type": 62
        },
        {
            "pos": {
                "x": 566866.098843812,
                "y": 4318043.6836817665,
                "yaw": -2.9155823789232
            },
            "heading": -2.9155823789232,
            "speeds": {
                "vmax": 10.0
            },
            "type": 1,
            "driving_direction": 1,
            "id": "1558_0",
            "lane_type": 62
        },
        {
            "pos": {
                "x": 566865.6102835445,
                "y": 4318043.571342792,
                "yaw": -2.9155819926857163
            },
            "heading": -2.9155819926857163,
            "speeds": {
                "vmax": 10.0
            },
            "type": 1,
            "driving_direction": 1,
            "id": "1558_0",
            "lane_type": 62
        },
        {
            "pos": {
                "x": 566865.1217230782,
                "y": 4318043.459003773,
                "yaw": -2.9155823219407244
            },
            "heading": -2.9155823219407244,
            "speeds": {
                "vmax": 10.0
            },
            "type": 1,
            "driving_direction": 1,
            "id": "1558_0",
            "lane_type": 62
        },
        {
            "pos": {
                "x": 566864.6331486816,
                "y": 4318043.346661549,
                "yaw": -2.9155822166201126
            },
            "heading": -2.9155822166201126,
            "speeds": {
                "vmax": 10.0
            },
            "type": 1,
            "driving_direction": 1,
            "id": "1558_0",
            "lane_type": 62
        },
        {
            "pos": {
                "x": 566864.1445839606,
                "y": 4318043.234321551,
                "yaw": -2.915582375223803
            },
            "heading": -2.915582375223803,
            "speeds": {
                "vmax": 10.0
            },
            "type": 1,
            "driving_direction": 1,
            "id": "1558_0",
            "lane_type": 62
        },
        {
            "pos": {
                "x": 566863.6560181594,
                "y": 4318043.121981304,
                "yaw": -2.915582443677574
            },
            "heading": -2.915582443677574,
            "speeds": {
                "vmax": 10.0
            },
            "type": 1,
            "driving_direction": 1,
            "id": "1558_0",
            "lane_type": 62
        },
        {
            "pos": {
                "x": 566863.1674519307,
                "y": 4318043.00964096,
                "yaw": -2.9155825353774003
            },
            "heading": -2.9155825353774003,
            "speeds": {
                "vmax": 10.0
            },
            "type": 1,
            "driving_direction": 1,
            "id": "1558_0",
            "lane_type": 62
        },
        {
            "pos": {
                "x": 566862.6788949935,
                "y": 4318042.897302751,
                "yaw": -2.9155820217881483
            },
            "heading": -2.9155820217881483,
            "speeds": {
                "vmax": 10.0
            },
            "type": 1,
            "driving_direction": 1,
            "id": "1558_0",
            "lane_type": 62
        },
        {
            "pos": {
                "x": 566862.1903148869,
                "y": 4318042.784959216,
                "yaw": -2.915582579639889
            },
            "heading": -2.915582579639889,
            "speeds": {
                "vmax": 10.0
            },
            "type": 1,
            "driving_direction": 1,
            "id": "1558_0",
            "lane_type": 62
        },
        {
            "pos": {
                "x": 566861.7017497295,
                "y": 4318042.672619117,
                "yaw": -2.9155822361616806
            },
            "heading": -2.9155822361616806,
            "speeds": {
                "vmax": 10.0
            },
            "type": 1,
            "driving_direction": 1,
            "id": "1558_0",
            "lane_type": 62
        },
        {
            "pos": {
                "x": 566861.2132000356,
                "y": 4318042.560282574,
                "yaw": -2.9155820428469315
            },
            "heading": -2.9155820428469315,
            "speeds": {
                "vmax": 10.0
            },
            "type": 1,
            "driving_direction": 1,
            "id": "1558_0",
            "lane_type": 62
        }
    ]
}