{
    "header": {
        "trace_id": "daa55f3c4a344040845f075b43e8ecbf",
        "trans_id": "27fa2d3f-5df5-4d30-83fc-5e8fd33014a0",
        "che_id": "A526",
        "timestamp": "2025-02-19T03:35:52.372491Z"
    },
    "task_id": "daa55f3c4a344040845f075b43e8ecbf",
    "navi_id": "A526_daa55f3c4a344040845f075b43e8ecbf_14",
    "seq_num": 14,
    "dest_type": 6,
    "mode": 2,
    "waypoints": [
        {
            "pos": {
                "x": 566916.2887228461,
                "y": 4317894.544673245,
                "yaw": 1.7988002469102609
            },
            "heading": 1.7988002469102609,
            "speeds": {
                "vmax": 20.0
            },
            "type": 1,
            "driving_direction": 1,
            "id": "1010_1",
            "lane_type": 1
        },
        {
            "pos": {
                "x": 566916.1764387904,
                "y": 4317895.02857523,
                "yaw": 1.7988005730331769
            },
            "heading": 1.7988005730331769,
            "speeds": {
                "vmax": 20.0
            },
            "type": 1,
            "driving_direction": 1,
            "id": "1010_1",
            "lane_type": 1
        },
        {
            "pos": {
                "x": 566916.0641558128,
                "y": 4317895.512472568,
                "yaw": 1.7988000491789815
            },
            "heading": 1.7988000491789815,
            "speeds": {
                "vmax": 20.0
            },
            "type": 1,
            "driving_direction": 1,
            "id": "1010_1",
            "lane_type": 1
        },
        {
            "pos": {
                "x": 566915.9518713554,
                "y": 4317895.996376285,
                "yaw": 1.7988001780452327
            },
            "heading": 1.7988001780452327,
            "speeds": {
                "vmax": 20.0
            },
            "type": 1,
            "driving_direction": 1,
            "id": "1010_1",
            "lane_type": 1
        },
        {
            "pos": {
                "x": 566915.8395865036,
                "y": 4317896.480281702,
                "yaw": 1.7988000341319605
            },
            "heading": 1.7988000341319605,
            "speeds": {
                "vmax": 20.0
            },
            "type": 1,
            "driving_direction": 1,
            "id": "1010_1",
            "lane_type": 1
        },
        {
            "pos": {
                "x": 566915.7273119711,
                "y": 4317896.964142646,
                "yaw": 1.79880017642821
            },
            "heading": 1.79880017642821,
            "speeds": {
                "vmax": 20.0
            },
            "type": 1,
            "driving_direction": 1,
            "id": "1009_1",
            "lane_type": 1
        },
        {
            "pos": {
                "x": 566915.6128976471,
                "y": 4317897.4572252855,
                "yaw": 1.7988004657076935
            },
            "heading": 1.7988004657076935,
            "speeds": {
                "vmax": 20.0
            },
            "type": 1,
            "driving_direction": 1,
            "id": "1009_1",
            "lane_type": 1
        },
        {
            "pos": {
                "x": 566915.4984750354,
                "y": 4317897.9503436405,
                "yaw": 1.798800148935771
            },
            "heading": 1.798800148935771,
            "speeds": {
                "vmax": 20.0
            },
            "type": 1,
            "driving_direction": 1,
            "id": "1009_1",
            "lane_type": 1
        },
        {
            "pos": {
                "x": 566915.3840532734,
                "y": 4317898.4434583355,
                "yaw": 1.7988002873548259
            },
            "heading": 1.7988002873548259,
            "speeds": {
                "vmax": 20.0
            },
            "type": 1,
            "driving_direction": 1,
            "id": "1009_1",
            "lane_type": 1
        },
        {
            "pos": {
                "x": 566915.2696277308,
                "y": 4317898.936589322,
                "yaw": 1.798800037242537
            },
            "heading": 1.798800037242537,
            "speeds": {
                "vmax": 20.0
            },
            "type": 1,
            "driving_direction": 1,
            "id": "1009_1",
            "lane_type": 1
        },
        {
            "pos": {
                "x": 566915.1552030365,
                "y": 4317899.429716654,
                "yaw": 1.7988005379385326
            },
            "heading": 1.7988005379385326,
            "speeds": {
                "vmax": 20.0
            },
            "type": 1,
            "driving_direction": 1,
            "id": "1009_1",
            "lane_type": 1
        },
        {
            "pos": {
                "x": 566915.0407820822,
                "y": 4317899.922827867,
                "yaw": 1.7988004119481995
            },
            "heading": 1.7988004119481995,
            "speeds": {
                "vmax": 20.0
            },
            "type": 1,
            "driving_direction": 1,
            "id": "1009_1",
            "lane_type": 1
        },
        {
            "pos": {
                "x": 566914.9263581291,
                "y": 4317900.4159520045,
                "yaw": 1.7988002533329426
            },
            "heading": 1.7988002533329426,
            "speeds": {
                "vmax": 20.0
            },
            "type": 1,
            "driving_direction": 1,
            "id": "1009_1",
            "lane_type": 1
        },
        {
            "pos": {
                "x": 566914.8119341151,
                "y": 4317900.909076403,
                "yaw": 1.798800104351121
            },
            "heading": 1.798800104351121,
            "speeds": {
                "vmax": 20.0
            },
            "type": 1,
            "driving_direction": 1,
            "id": "1009_1",
            "lane_type": 1
        },
        {
            "pos": {
                "x": 566914.6975111591,
                "y": 4317901.402196243,
                "yaw": 1.7988001843570094
            },
            "heading": 1.7988001843570094,
            "speeds": {
                "vmax": 20.0
            },
            "type": 1,
            "driving_direction": 1,
            "id": "1009_1",
            "lane_type": 1
        },
        {
            "pos": {
                "x": 566914.5830870727,
                "y": 4317901.895320955,
                "yaw": 1.7988001158472031
            },
            "heading": 1.7988001158472031,
            "speeds": {
                "vmax": 20.0
            },
            "type": 1,
            "driving_direction": 1,
            "id": "1009_1",
            "lane_type": 1
        },
        {
            "pos": {
                "x": 566914.4686640853,
                "y": 4317902.388440929,
                "yaw": 1.7988005158763427
            },
            "heading": 1.7988005158763427,
            "speeds": {
                "vmax": 20.0
            },
            "type": 1,
            "driving_direction": 1,
            "id": "1009_1",
            "lane_type": 1
        },
        {
            "pos": {
                "x": 566914.3542395897,
                "y": 4317902.881567405,
                "yaw": 1.7988004253051058
            },
            "heading": 1.7988004253051058,
            "speeds": {
                "vmax": 20.0
            },
            "type": 1,
            "driving_direction": 1,
            "id": "1009_1",
            "lane_type": 1
        },
        {
            "pos": {
                "x": 566914.2398146922,
                "y": 4317903.374695612,
                "yaw": 1.7988000325718143
            },
            "heading": 1.7988000325718143,
            "speeds": {
                "vmax": 20.0
            },
            "type": 1,
            "driving_direction": 1,
            "id": "1009_1",
            "lane_type": 1
        },
        {
            "pos": {
                "x": 566914.1254003106,
                "y": 4317903.867778499,
                "yaw": 1.7988002039712667
            },
            "heading": 1.7988002039712667,
            "speeds": {
                "vmax": 20.0
            },
            "type": 1,
            "driving_direction": 1,
            "id": "1008_1",
            "lane_type": 1
        },
        {
            "pos": {
                "x": 566914.0143707617,
                "y": 4317904.346274033,
                "yaw": 1.7988003253243654
            },
            "heading": 1.7988003253243654,
            "speeds": {
                "vmax": 20.0
            },
            "type": 1,
            "driving_direction": 1,
            "id": "1008_1",
            "lane_type": 1
        },
        {
            "pos": {
                "x": 566913.9033331701,
                "y": 4317904.824804228,
                "yaw": 1.7988003755899353
            },
            "heading": 1.7988003755899353,
            "speeds": {
                "vmax": 20.0
            },
            "type": 1,
            "driving_direction": 1,
            "id": "1008_1",
            "lane_type": 1
        },
        {
            "pos": {
                "x": 566913.7922964031,
                "y": 4317905.3033308685,
                "yaw": 1.7987999648053588
            },
            "heading": 1.7987999648053588,
            "speeds": {
                "vmax": 20.0
            },
            "type": 1,
            "driving_direction": 1,
            "id": "1008_1",
            "lane_type": 1
        },
        {
            "pos": {
                "x": 566913.6812559674,
                "y": 4317905.781873319,
                "yaw": 1.7988000837518239
            },
            "heading": 1.7988000837518239,
            "speeds": {
                "vmax": 20.0
            },
            "type": 1,
            "driving_direction": 1,
            "id": "1008_1",
            "lane_type": 1
        },
        {
            "pos": {
                "x": 566913.5702163549,
                "y": 4317906.260412224,
                "yaw": 1.798800069980897
            },
            "heading": 1.798800069980897,
            "speeds": {
                "vmax": 20.0
            },
            "type": 1,
            "driving_direction": 1,
            "id": "1008_1",
            "lane_type": 1
        },
        {
            "pos": {
                "x": 566913.4591803717,
                "y": 4317906.7389354855,
                "yaw": 1.7988002580844906
            },
            "heading": 1.7988002580844906,
            "speeds": {
                "vmax": 20.0
            },
            "type": 1,
            "driving_direction": 1,
            "id": "1008_1",
            "lane_type": 1
        },
        {
            "pos": {
                "x": 566913.3481414786,
                "y": 4317907.217471289,
                "yaw": 1.7988002476787548
            },
            "heading": 1.7988002476787548,
            "speeds": {
                "vmax": 20.0
            },
            "type": 1,
            "driving_direction": 1,
            "id": "1008_1",
            "lane_type": 1
        },
        {
            "pos": {
                "x": 566913.237102526,
                "y": 4317907.696007349,
                "yaw": 1.798800400241987
            },
            "heading": 1.798800400241987,
            "speeds": {
                "vmax": 20.0
            },
            "type": 1,
            "driving_direction": 1,
            "id": "1008_1",
            "lane_type": 1
        },
        {
            "pos": {
                "x": 566913.1260646004,
                "y": 4317908.174538983,
                "yaw": 1.7988000941551807
            },
            "heading": 1.7988000941551807,
            "speeds": {
                "vmax": 20.0
            },
            "type": 1,
            "driving_direction": 1,
            "id": "1008_1",
            "lane_type": 1
        },
        {
            "pos": {
                "x": 566913.0150255782,
                "y": 4317908.653075343,
                "yaw": 1.7988002590449323
            },
            "heading": 1.7988002590449323,
            "speeds": {
                "vmax": 20.0
            },
            "type": 1,
            "driving_direction": 1,
            "id": "1008_1",
            "lane_type": 1
        },
        {
            "pos": {
                "x": 566912.9039876217,
                "y": 4317909.13160711,
                "yaw": 1.7988004357809892
            },
            "heading": 1.7988004357809892,
            "speeds": {
                "vmax": 20.0
            },
            "type": 1,
            "driving_direction": 1,
            "id": "1008_1",
            "lane_type": 1
        },
        {
            "pos": {
                "x": 566912.792948202,
                "y": 4317909.610145183,
                "yaw": 1.7988001069636408
            },
            "heading": 1.7988001069636408,
            "speeds": {
                "vmax": 20.0
            },
            "type": 1,
            "driving_direction": 1,
            "id": "1008_1",
            "lane_type": 1
        },
        {
            "pos": {
                "x": 566912.6819083922,
                "y": 4317910.088684937,
                "yaw": 1.7988000320342552
            },
            "heading": 1.7988000320342552,
            "speeds": {
                "vmax": 20.0
            },
            "type": 1,
            "driving_direction": 1,
            "id": "1008_1",
            "lane_type": 1
        },
        {
            "pos": {
                "x": 566912.5708787877,
                "y": 4317910.56718071,
                "yaw": 1.798800459361594
            },
            "heading": 1.798800459361594,
            "speeds": {
                "vmax": 20.0
            },
            "type": 1,
            "driving_direction": 1,
            "id": "1007_1",
            "lane_type": 1
        },
        {
            "pos": {
                "x": 566912.4579148769,
                "y": 4317911.054012615,
                "yaw": 1.7988002894127688
            },
            "heading": 1.7988002894127688,
            "speeds": {
                "vmax": 20.0
            },
            "type": 1,
            "driving_direction": 1,
            "id": "1007_1",
            "lane_type": 1
        },
        {
            "pos": {
                "x": 566912.3449427835,
                "y": 4317911.540879783,
                "yaw": 1.7988004082092106
            },
            "heading": 1.7988004082092106,
            "speeds": {
                "vmax": 20.0
            },
            "type": 1,
            "driving_direction": 1,
            "id": "1007_1",
            "lane_type": 1
        },
        {
            "pos": {
                "x": 566912.2319715288,
                "y": 4317912.027743338,
                "yaw": 1.798800016101743
            },
            "heading": 1.798800016101743,
            "speeds": {
                "vmax": 20.0
            },
            "type": 1,
            "driving_direction": 1,
            "id": "1007_1",
            "lane_type": 1
        },
        {
            "pos": {
                "x": 566912.118996542,
                "y": 4317912.514622976,
                "yaw": 1.798800445495579
            },
            "heading": 1.798800445495579,
            "speeds": {
                "vmax": 20.0
            },
            "type": 1,
            "driving_direction": 1,
            "id": "1007_1",
            "lane_type": 1
        },
        {
            "pos": {
                "x": 566912.0060223923,
                "y": 4317913.0014990065,
                "yaw": 1.7987998996636378
            },
            "heading": 1.7987998996636378,
            "speeds": {
                "vmax": 20.0
            },
            "type": 1,
            "driving_direction": 1,
            "id": "1007_1",
            "lane_type": 1
        },
        {
            "pos": {
                "x": 566911.8930519354,
                "y": 4317913.4883591235,
                "yaw": 1.7988004547836256
            },
            "heading": 1.7988004547836256,
            "speeds": {
                "vmax": 20.0
            },
            "type": 1,
            "driving_direction": 1,
            "id": "1007_1",
            "lane_type": 1
        },
        {
            "pos": {
                "x": 566911.7800785177,
                "y": 4317913.975231999,
                "yaw": 1.798800363520544
            },
            "heading": 1.798800363520544,
            "speeds": {
                "vmax": 20.0
            },
            "type": 1,
            "driving_direction": 1,
            "id": "1007_1",
            "lane_type": 1
        },
        {
            "pos": {
                "x": 566911.6671050398,
                "y": 4317914.4621051345,
                "yaw": 1.798800143236729
            },
            "heading": 1.798800143236729,
            "speeds": {
                "vmax": 20.0
            },
            "type": 1,
            "driving_direction": 1,
            "id": "1007_1",
            "lane_type": 1
        },
        {
            "pos": {
                "x": 566911.5541326066,
                "y": 4317914.948973767,
                "yaw": 1.798800143236729
            },
            "heading": 1.798800143236729,
            "speeds": {
                "vmax": 20.0
            },
            "type": 1,
            "driving_direction": 1,
            "id": "1007_1",
            "lane_type": 1
        },
        {
            "pos": {
                "x": 566911.4411590572,
                "y": 4317915.435847211,
                "yaw": 1.7988003053029666
            },
            "heading": 1.7988003053029666,
            "speeds": {
                "vmax": 20.0
            },
            "type": 1,
            "driving_direction": 1,
            "id": "1007_1",
            "lane_type": 1
        },
        {
            "pos": {
                "x": 566911.3281865929,
                "y": 4317915.922715979,
                "yaw": 1.7988005484023002
            },
            "heading": 1.7988005484023002,
            "speeds": {
                "vmax": 20.0
            },
            "type": 1,
            "driving_direction": 1,
            "id": "1007_1",
            "lane_type": 1
        },
        {
            "pos": {
                "x": 566911.2152126394,
                "y": 4317916.4095911635,
                "yaw": 1.7988000864366553
            },
            "heading": 1.7988000864366553,
            "speeds": {
                "vmax": 20.0
            },
            "type": 1,
            "driving_direction": 1,
            "id": "1007_1",
            "lane_type": 1
        },
        {
            "pos": {
                "x": 566911.1022382893,
                "y": 4317916.896468058,
                "yaw": 1.7988005334641366
            },
            "heading": 1.7988005334641366,
            "speeds": {
                "vmax": 20.0
            },
            "type": 1,
            "driving_direction": 1,
            "id": "1007_1",
            "lane_type": 1
        },
        {
            "pos": {
                "x": 566910.9892743218,
                "y": 4317917.383300206,
                "yaw": 1.798800196191288
            },
            "heading": 1.798800196191288,
            "speeds": {
                "vmax": 20.0
            },
            "type": 1,
            "driving_direction": 1,
            "id": "1006_1",
            "lane_type": 1
        },
        {
            "pos": {
                "x": 566910.8771147167,
                "y": 4317917.866665857,
                "yaw": 1.7988001765416262
            },
            "heading": 1.7988001765416262,
            "speeds": {
                "vmax": 20.0
            },
            "type": 1,
            "driving_direction": 1,
            "id": "1006_1",
            "lane_type": 1
        },
        {
            "pos": {
                "x": 566910.7649469872,
                "y": 4317918.350066519,
                "yaw": 1.7988002263054237
            },
            "heading": 1.7988002263054237,
            "speeds": {
                "vmax": 20.0
            },
            "type": 1,
            "driving_direction": 1,
            "id": "1006_1",
            "lane_type": 1
        },
        {
            "pos": {
                "x": 566910.6527800907,
                "y": 4317918.833463593,
                "yaw": 1.798800285891945
            },
            "heading": 1.798800285891945,
            "speeds": {
                "vmax": 20.0
            },
            "type": 1,
            "driving_direction": 1,
            "id": "1006_1",
            "lane_type": 1
        },
        {
            "pos": {
                "x": 566910.5406094878,
                "y": 4317919.316876639,
                "yaw": 1.7988001705238708
            },
            "heading": 1.7988001705238708,
            "speeds": {
                "vmax": 20.0
            },
            "type": 1,
            "driving_direction": 1,
            "id": "1006_1",
            "lane_type": 1
        },
        {
            "pos": {
                "x": 566910.4284397168,
                "y": 4317919.800286101,
                "yaw": 1.798800390010501
            },
            "heading": 1.798800390010501,
            "speeds": {
                "vmax": 20.0
            },
            "type": 1,
            "driving_direction": 1,
            "id": "1006_1",
            "lane_type": 1
        },
        {
            "pos": {
                "x": 566910.3162736121,
                "y": 4317920.283679763,
                "yaw": 1.7988003431020763
            },
            "heading": 1.7988003431020763,
            "speeds": {
                "vmax": 20.0
            },
            "type": 1,
            "driving_direction": 1,
            "id": "1006_1",
            "lane_type": 1
        },
        {
            "pos": {
                "x": 566910.2041045678,
                "y": 4317920.767086092,
                "yaw": 1.798800006344508
            },
            "heading": 1.798800006344508,
            "speeds": {
                "vmax": 20.0
            },
            "type": 1,
            "driving_direction": 1,
            "id": "1006_1",
            "lane_type": 1
        },
        {
            "pos": {
                "x": 566910.0919354635,
                "y": 4317921.250492679,
                "yaw": 1.7988005654408845
            },
            "heading": 1.7988005654408845,
            "speeds": {
                "vmax": 20.0
            },
            "type": 1,
            "driving_direction": 1,
            "id": "1006_1",
            "lane_type": 1
        },
        {
            "pos": {
                "x": 566909.9797673965,
                "y": 4317921.733894797,
                "yaw": 1.7988000175951722
            },
            "heading": 1.7988000175951722,
            "speeds": {
                "vmax": 20.0
            },
            "type": 1,
            "driving_direction": 1,
            "id": "1006_1",
            "lane_type": 1
        },
        {
            "pos": {
                "x": 566909.8675982215,
                "y": 4317922.217301691,
                "yaw": 1.7988001808236034
            },
            "heading": 1.7988001808236034,
            "speeds": {
                "vmax": 20.0
            },
            "type": 1,
            "driving_direction": 1,
            "id": "1006_1",
            "lane_type": 1
        },
        {
            "pos": {
                "x": 566909.7554301235,
                "y": 4317922.700703941,
                "yaw": 1.7987999828900543
            },
            "heading": 1.7987999828900543,
            "speeds": {
                "vmax": 20.0
            },
            "type": 1,
            "driving_direction": 1,
            "id": "1006_1",
            "lane_type": 1
        },
        {
            "pos": {
                "x": 566909.6432605474,
                "y": 4317923.184112564,
                "yaw": 1.7988003450019499
            },
            "heading": 1.7988003450019499,
            "speeds": {
                "vmax": 20.0
            },
            "type": 1,
            "driving_direction": 1,
            "id": "1006_1",
            "lane_type": 1
        },
        {
            "pos": {
                "x": 566909.5310905771,
                "y": 4317923.667522885,
                "yaw": 1.7988001193313954
            },
            "heading": 1.7988001193313954,
            "speeds": {
                "vmax": 20.0
            },
            "type": 1,
            "driving_direction": 1,
            "id": "1006_1",
            "lane_type": 1
        },
        {
            "pos": {
                "x": 566909.4189309156,
                "y": 4317924.150888777,
                "yaw": 1.7988002022363963
            },
            "heading": 1.7988002022363963,
            "speeds": {
                "vmax": 20.0
            },
            "type": 1,
            "driving_direction": 1,
            "id": "1004_1",
            "lane_type": 1
        },
        {
            "pos": {
                "x": 566909.3059698702,
                "y": 4317924.637708334,
                "yaw": 1.798800344803334
            },
            "heading": 1.798800344803334,
            "speeds": {
                "vmax": 20.0
            },
            "type": 1,
            "driving_direction": 1,
            "id": "1004_1",
            "lane_type": 1
        },
        {
            "pos": {
                "x": 566909.1930006422,
                "y": 4317925.124563152,
                "yaw": 1.7988002437805155
            },
            "heading": 1.7988002437805155,
            "speeds": {
                "vmax": 20.0
            },
            "type": 1,
            "driving_direction": 1,
            "id": "1004_1",
            "lane_type": 1
        },
        {
            "pos": {
                "x": 566909.0800322534,
                "y": 4317925.611414356,
                "yaw": 1.7988003723353148
            },
            "heading": 1.7988003723353148,
            "speeds": {
                "vmax": 20.0
            },
            "type": 1,
            "driving_direction": 1,
            "id": "1004_1",
            "lane_type": 1
        },
        {
            "pos": {
                "x": 566908.967060132,
                "y": 4317926.098281645,
                "yaw": 1.7988004198528385
            },
            "heading": 1.7988004198528385,
            "speeds": {
                "vmax": 20.0
            },
            "type": 1,
            "driving_direction": 1,
            "id": "1004_1",
            "lane_type": 1
        },
        {
            "pos": {
                "x": 566908.854088848,
                "y": 4317926.585145326,
                "yaw": 1.7988000244336684
            },
            "heading": 1.7988000244336684,
            "speeds": {
                "vmax": 20.0
            },
            "type": 1,
            "driving_direction": 1,
            "id": "1004_1",
            "lane_type": 1
        },
        {
            "pos": {
                "x": 566908.7411212563,
                "y": 4317927.071993092,
                "yaw": 1.7988002787125257
            },
            "heading": 1.7988002787125257,
            "speeds": {
                "vmax": 20.0
            },
            "type": 1,
            "driving_direction": 1,
            "id": "1004_1",
            "lane_type": 1
        },
        {
            "pos": {
                "x": 566908.6281507043,
                "y": 4317927.558853619,
                "yaw": 1.7988003378754849
            },
            "heading": 1.7988003378754849,
            "speeds": {
                "vmax": 20.0
            },
            "type": 1,
            "driving_direction": 1,
            "id": "1004_1",
            "lane_type": 1
        },
        {
            "pos": {
                "x": 566908.5151800918,
                "y": 4317928.045714404,
                "yaw": 1.7988002680124724
            },
            "heading": 1.7988002680124724,
            "speeds": {
                "vmax": 20.0
            },
            "type": 1,
            "driving_direction": 1,
            "id": "1004_1",
            "lane_type": 1
        },
        {
            "pos": {
                "x": 566908.4022105241,
                "y": 4317928.532570688,
                "yaw": 1.7988002680124724
            },
            "heading": 1.7988002680124724,
            "speeds": {
                "vmax": 20.0
            },
            "type": 1,
            "driving_direction": 1,
            "id": "1004_1",
            "lane_type": 1
        },
        {
            "pos": {
                "x": 566908.2892398406,
                "y": 4317929.019431781,
                "yaw": 1.7988002796563476
            },
            "heading": 1.7988002796563476,
            "speeds": {
                "vmax": 20.0
            },
            "type": 1,
            "driving_direction": 1,
            "id": "1004_1",
            "lane_type": 1
        },
        {
            "pos": {
                "x": 566908.1762702416,
                "y": 4317929.506288201,
                "yaw": 1.7988001525178765
            },
            "heading": 1.7988001525178765,
            "speeds": {
                "vmax": 20.0
            },
            "type": 1,
            "driving_direction": 1,
            "id": "1004_1",
            "lane_type": 1
        },
        {
            "pos": {
                "x": 566908.0632991537,
                "y": 4317929.993151034,
                "yaw": 1.7988000607847816
            },
            "heading": 1.7988000607847816,
            "speeds": {
                "vmax": 20.0
            },
            "type": 1,
            "driving_direction": 1,
            "id": "1004_1",
            "lane_type": 1
        },
        {
            "pos": {
                "x": 566907.9503276692,
                "y": 4317930.48001558,
                "yaw": 1.7988002763528914
            },
            "heading": 1.7988002763528914,
            "speeds": {
                "vmax": 20.0
            },
            "type": 1,
            "driving_direction": 1,
            "id": "1004_1",
            "lane_type": 1
        },
        {
            "pos": {
                "x": 566907.837366567,
                "y": 4317930.96683538,
                "yaw": 1.7988002248273145
            },
            "heading": 1.7988002248273145,
            "speeds": {
                "vmax": 20.0
            },
            "type": 1,
            "driving_direction": 1,
            "id": "1005_1",
            "lane_type": 1
        },
        {
            "pos": {
                "x": 566907.7243497855,
                "y": 4317931.453895137,
                "yaw": 1.7988002248273145
            },
            "heading": 1.7988002248273145,
            "speeds": {
                "vmax": 20.0
            },
            "type": 1,
            "driving_direction": 1,
            "id": "1005_1",
            "lane_type": 1
        },
        {
            "pos": {
                "x": 566907.6113330041,
                "y": 4317931.940954894,
                "yaw": 1.7988002248273145
            },
            "heading": 1.7988002248273145,
            "speeds": {
                "vmax": 20.0
            },
            "type": 1,
            "driving_direction": 1,
            "id": "1005_1",
            "lane_type": 1
        },
        {
            "pos": {
                "x": 566907.4983162226,
                "y": 4317932.428014651,
                "yaw": 1.7988002248273145
            },
            "heading": 1.7988002248273145,
            "speeds": {
                "vmax": 20.0
            },
            "type": 1,
            "driving_direction": 1,
            "id": "1005_1",
            "lane_type": 1
        },
        {
            "pos": {
                "x": 566907.385299441,
                "y": 4317932.915074408,
                "yaw": 1.7988002248273145
            },
            "heading": 1.7988002248273145,
            "speeds": {
                "vmax": 20.0
            },
            "type": 1,
            "driving_direction": 1,
            "id": "1005_1",
            "lane_type": 1
        },
        {
            "pos": {
                "x": 566907.2722826597,
                "y": 4317933.402134166,
                "yaw": 1.7988002248273145
            },
            "heading": 1.7988002248273145,
            "speeds": {
                "vmax": 20.0
            },
            "type": 1,
            "driving_direction": 1,
            "id": "1005_1",
            "lane_type": 1
        },
        {
            "pos": {
                "x": 566907.1592658781,
                "y": 4317933.889193923,
                "yaw": 1.7988002248273145
            },
            "heading": 1.7988002248273145,
            "speeds": {
                "vmax": 20.0
            },
            "type": 1,
            "driving_direction": 1,
            "id": "1005_1",
            "lane_type": 1
        },
        {
            "pos": {
                "x": 566907.0462490966,
                "y": 4317934.37625368,
                "yaw": 1.7988002248273145
            },
            "heading": 1.7988002248273145,
            "speeds": {
                "vmax": 20.0
            },
            "type": 1,
            "driving_direction": 1,
            "id": "1005_1",
            "lane_type": 1
        },
        {
            "pos": {
                "x": 566906.9332323152,
                "y": 4317934.863313437,
                "yaw": 1.7988002248273145
            },
            "heading": 1.7988002248273145,
            "speeds": {
                "vmax": 20.0
            },
            "type": 1,
            "driving_direction": 1,
            "id": "1005_1",
            "lane_type": 1
        },
        {
            "pos": {
                "x": 566906.8202155337,
                "y": 4317935.350373195,
                "yaw": 1.7988002248273145
            },
            "heading": 1.7988002248273145,
            "speeds": {
                "vmax": 20.0
            },
            "type": 1,
            "driving_direction": 1,
            "id": "1005_1",
            "lane_type": 1
        },
        {
            "pos": {
                "x": 566906.7071987523,
                "y": 4317935.837432952,
                "yaw": 1.7988002248273145
            },
            "heading": 1.7988002248273145,
            "speeds": {
                "vmax": 20.0
            },
            "type": 1,
            "driving_direction": 1,
            "id": "1005_1",
            "lane_type": 1
        },
        {
            "pos": {
                "x": 566906.5964835291,
                "y": 4317936.31457386,
                "yaw": 1.7988002248273145
            },
            "heading": 1.7988002248273145,
            "speeds": {
                "vmax": 20.0
            },
            "type": 1,
            "driving_direction": 1,
            "id": "1005_1",
            "lane_type": 1
        }
    ],
    "is_final_navi": true
}