{
    "header": {
        "trace_id": "1d12da86a62749d187021b1406da22d8",
        "trans_id": "5499d444-d02b-4446-8e8f-22ade3e2a445",
        "che_id": "A527",
        "timestamp": "2025-02-19T03:31:13.196226Z"
    },
    "task_id": "1d12da86a62749d187021b1406da22d8",
    "navi_id": "A527_1d12da86a62749d187021b1406da22d8_15",
    "seq_num": 15,
    "dest_type": 6,
    "mode": 2,
    "waypoints": [
        {
            "pos": {
                "x": 566910.0919354635,
                "y": 4317921.250492679,
                "yaw": 1.7988005654408845
            },
            "heading": 1.7988005654408845,
            "speeds": {
                "vmax": 20.0
            },
            "type": 1,
            "driving_direction": 1,
            "id": "1006_1",
            "lane_type": 1
        },
        {
            "pos": {
                "x": 566909.9797673965,
                "y": 4317921.733894797,
                "yaw": 1.7988000175951722
            },
            "heading": 1.7988000175951722,
            "speeds": {
                "vmax": 20.0
            },
            "type": 1,
            "driving_direction": 1,
            "id": "1006_1",
            "lane_type": 1
        },
        {
            "pos": {
                "x": 566909.8675982215,
                "y": 4317922.217301691,
                "yaw": 1.7988001808236034
            },
            "heading": 1.7988001808236034,
            "speeds": {
                "vmax": 20.0
            },
            "type": 1,
            "driving_direction": 1,
            "id": "1006_1",
            "lane_type": 1
        },
        {
            "pos": {
                "x": 566909.7554301235,
                "y": 4317922.700703941,
                "yaw": 1.7987999828900543
            },
            "heading": 1.7987999828900543,
            "speeds": {
                "vmax": 20.0
            },
            "type": 1,
            "driving_direction": 1,
            "id": "1006_1",
            "lane_type": 1
        },
        {
            "pos": {
                "x": 566909.6432605474,
                "y": 4317923.184112564,
                "yaw": 1.7988003450019499
            },
            "heading": 1.7988003450019499,
            "speeds": {
                "vmax": 20.0
            },
            "type": 1,
            "driving_direction": 1,
            "id": "1006_1",
            "lane_type": 1
        },
        {
            "pos": {
                "x": 566909.5310905771,
                "y": 4317923.667522885,
                "yaw": 1.7988001193313954
            },
            "heading": 1.7988001193313954,
            "speeds": {
                "vmax": 20.0
            },
            "type": 1,
            "driving_direction": 1,
            "id": "1006_1",
            "lane_type": 1
        },
        {
            "pos": {
                "x": 566909.4189309156,
                "y": 4317924.150888777,
                "yaw": 1.7988002022363963
            },
            "heading": 1.7988002022363963,
            "speeds": {
                "vmax": 20.0
            },
            "type": 1,
            "driving_direction": 1,
            "id": "1004_1",
            "lane_type": 1
        },
        {
            "pos": {
                "x": 566909.3059698702,
                "y": 4317924.637708334,
                "yaw": 1.798800344803334
            },
            "heading": 1.798800344803334,
            "speeds": {
                "vmax": 20.0
            },
            "type": 1,
            "driving_direction": 1,
            "id": "1004_1",
            "lane_type": 1
        },
        {
            "pos": {
                "x": 566909.1930006422,
                "y": 4317925.124563152,
                "yaw": 1.7988002437805155
            },
            "heading": 1.7988002437805155,
            "speeds": {
                "vmax": 20.0
            },
            "type": 1,
            "driving_direction": 1,
            "id": "1004_1",
            "lane_type": 1
        },
        {
            "pos": {
                "x": 566909.0800322534,
                "y": 4317925.611414356,
                "yaw": 1.7988003723353148
            },
            "heading": 1.7988003723353148,
            "speeds": {
                "vmax": 20.0
            },
            "type": 1,
            "driving_direction": 1,
            "id": "1004_1",
            "lane_type": 1
        },
        {
            "pos": {
                "x": 566908.967060132,
                "y": 4317926.098281645,
                "yaw": 1.7988004198528385
            },
            "heading": 1.7988004198528385,
            "speeds": {
                "vmax": 20.0
            },
            "type": 1,
            "driving_direction": 1,
            "id": "1004_1",
            "lane_type": 1
        },
        {
            "pos": {
                "x": 566908.854088848,
                "y": 4317926.585145326,
                "yaw": 1.7988000244336684
            },
            "heading": 1.7988000244336684,
            "speeds": {
                "vmax": 20.0
            },
            "type": 1,
            "driving_direction": 1,
            "id": "1004_1",
            "lane_type": 1
        },
        {
            "pos": {
                "x": 566908.7411212563,
                "y": 4317927.071993092,
                "yaw": 1.7988002787125257
            },
            "heading": 1.7988002787125257,
            "speeds": {
                "vmax": 20.0
            },
            "type": 1,
            "driving_direction": 1,
            "id": "1004_1",
            "lane_type": 1
        },
        {
            "pos": {
                "x": 566908.6281507043,
                "y": 4317927.558853619,
                "yaw": 1.7988003378754849
            },
            "heading": 1.7988003378754849,
            "speeds": {
                "vmax": 20.0
            },
            "type": 1,
            "driving_direction": 1,
            "id": "1004_1",
            "lane_type": 1
        },
        {
            "pos": {
                "x": 566908.5151800918,
                "y": 4317928.045714404,
                "yaw": 1.7988002680124724
            },
            "heading": 1.7988002680124724,
            "speeds": {
                "vmax": 20.0
            },
            "type": 1,
            "driving_direction": 1,
            "id": "1004_1",
            "lane_type": 1
        },
        {
            "pos": {
                "x": 566908.4022105241,
                "y": 4317928.532570688,
                "yaw": 1.7988002680124724
            },
            "heading": 1.7988002680124724,
            "speeds": {
                "vmax": 20.0
            },
            "type": 1,
            "driving_direction": 1,
            "id": "1004_1",
            "lane_type": 1
        },
        {
            "pos": {
                "x": 566908.2892398406,
                "y": 4317929.019431781,
                "yaw": 1.7988002796563476
            },
            "heading": 1.7988002796563476,
            "speeds": {
                "vmax": 20.0
            },
            "type": 1,
            "driving_direction": 1,
            "id": "1004_1",
            "lane_type": 1
        },
        {
            "pos": {
                "x": 566908.1762702416,
                "y": 4317929.506288201,
                "yaw": 1.7988001525178765
            },
            "heading": 1.7988001525178765,
            "speeds": {
                "vmax": 20.0
            },
            "type": 1,
            "driving_direction": 1,
            "id": "1004_1",
            "lane_type": 1
        },
        {
            "pos": {
                "x": 566908.0632991537,
                "y": 4317929.993151034,
                "yaw": 1.7988000607847816
            },
            "heading": 1.7988000607847816,
            "speeds": {
                "vmax": 20.0
            },
            "type": 1,
            "driving_direction": 1,
            "id": "1004_1",
            "lane_type": 1
        },
        {
            "pos": {
                "x": 566907.9503276692,
                "y": 4317930.48001558,
                "yaw": 1.7988002763528914
            },
            "heading": 1.7988002763528914,
            "speeds": {
                "vmax": 20.0
            },
            "type": 1,
            "driving_direction": 1,
            "id": "1004_1",
            "lane_type": 1
        },
        {
            "pos": {
                "x": 566907.837366567,
                "y": 4317930.96683538,
                "yaw": 1.7988002248273145
            },
            "heading": 1.7988002248273145,
            "speeds": {
                "vmax": 20.0
            },
            "type": 1,
            "driving_direction": 1,
            "id": "1005_1",
            "lane_type": 1
        },
        {
            "pos": {
                "x": 566907.7243497855,
                "y": 4317931.453895137,
                "yaw": 1.7988002248273145
            },
            "heading": 1.7988002248273145,
            "speeds": {
                "vmax": 20.0
            },
            "type": 1,
            "driving_direction": 1,
            "id": "1005_1",
            "lane_type": 1
        },
        {
            "pos": {
                "x": 566907.6113330041,
                "y": 4317931.940954894,
                "yaw": 1.7988002248273145
            },
            "heading": 1.7988002248273145,
            "speeds": {
                "vmax": 20.0
            },
            "type": 1,
            "driving_direction": 1,
            "id": "1005_1",
            "lane_type": 1
        },
        {
            "pos": {
                "x": 566907.4983162226,
                "y": 4317932.428014651,
                "yaw": 1.7988002248273145
            },
            "heading": 1.7988002248273145,
            "speeds": {
                "vmax": 20.0
            },
            "type": 1,
            "driving_direction": 1,
            "id": "1005_1",
            "lane_type": 1
        },
        {
            "pos": {
                "x": 566907.385299441,
                "y": 4317932.915074408,
                "yaw": 1.7988002248273145
            },
            "heading": 1.7988002248273145,
            "speeds": {
                "vmax": 20.0
            },
            "type": 1,
            "driving_direction": 1,
            "id": "1005_1",
            "lane_type": 1
        },
        {
            "pos": {
                "x": 566907.2722826597,
                "y": 4317933.402134166,
                "yaw": 1.7988002248273145
            },
            "heading": 1.7988002248273145,
            "speeds": {
                "vmax": 20.0
            },
            "type": 1,
            "driving_direction": 1,
            "id": "1005_1",
            "lane_type": 1
        },
        {
            "pos": {
                "x": 566907.1592658781,
                "y": 4317933.889193923,
                "yaw": 1.7988002248273145
            },
            "heading": 1.7988002248273145,
            "speeds": {
                "vmax": 20.0
            },
            "type": 1,
            "driving_direction": 1,
            "id": "1005_1",
            "lane_type": 1
        },
        {
            "pos": {
                "x": 566907.0462490966,
                "y": 4317934.37625368,
                "yaw": 1.7988002248273145
            },
            "heading": 1.7988002248273145,
            "speeds": {
                "vmax": 20.0
            },
            "type": 1,
            "driving_direction": 1,
            "id": "1005_1",
            "lane_type": 1
        },
        {
            "pos": {
                "x": 566906.9332323152,
                "y": 4317934.863313437,
                "yaw": 1.7988002248273145
            },
            "heading": 1.7988002248273145,
            "speeds": {
                "vmax": 20.0
            },
            "type": 1,
            "driving_direction": 1,
            "id": "1005_1",
            "lane_type": 1
        },
        {
            "pos": {
                "x": 566906.8202155337,
                "y": 4317935.350373195,
                "yaw": 1.7988002248273145
            },
            "heading": 1.7988002248273145,
            "speeds": {
                "vmax": 20.0
            },
            "type": 1,
            "driving_direction": 1,
            "id": "1005_1",
            "lane_type": 1
        },
        {
            "pos": {
                "x": 566906.7071987523,
                "y": 4317935.837432952,
                "yaw": 1.7988002248273145
            },
            "heading": 1.7988002248273145,
            "speeds": {
                "vmax": 20.0
            },
            "type": 1,
            "driving_direction": 1,
            "id": "1005_1",
            "lane_type": 1
        },
        {
            "pos": {
                "x": 566906.5964835291,
                "y": 4317936.31457386,
                "yaw": 1.7988002248273145
            },
            "heading": 1.7988002248273145,
            "speeds": {
                "vmax": 20.0
            },
            "type": 1,
            "driving_direction": 1,
            "id": "1005_1",
            "lane_type": 1
        }
    ],
    "is_final_navi": true
}