{
    "header": {
        "trace_id": "5f2a8f2a35964068b454b1211ed775fe",
        "trans_id": "f54287c2-5519-4775-8ea8-84b503ffcdb0",
        "che_id": "A534",
        "timestamp": "2025-02-19T03:30:15.808124Z"
    },
    "task_id": "5f2a8f2a35964068b454b1211ed775fe",
    "navi_id": "A534_5f2a8f2a35964068b454b1211ed775fe_19",
    "seq_num": 19,
    "dest_type": 6,
    "mode": 2,
    "waypoints": [
        {
            "pos": {
                "x": 566916.617873729,
                "y": 4317912.532310592,
                "yaw": 1.7988826325170197
            },
            "heading": 1.7988826325170197,
            "speeds": {
                "vmax": 20.0
            },
            "type": 1,
            "driving_direction": 1,
            "id": "1007_2",
            "lane_type": 1
        },
        {
            "pos": {
                "x": 566916.5048725086,
                "y": 4317913.019158032,
                "yaw": 1.798817944862502
            },
            "heading": 1.798817944862502,
            "speeds": {
                "vmax": 20.0
            },
            "type": 1,
            "driving_direction": 1,
            "id": "1007_2",
            "lane_type": 1
        },
        {
            "pos": {
                "x": 566916.3919164229,
                "y": 4317913.506023961,
                "yaw": 1.7987047749937979
            },
            "heading": 1.7987047749937979,
            "speeds": {
                "vmax": 20.0
            },
            "type": 1,
            "driving_direction": 1,
            "id": "1007_2",
            "lane_type": 1
        },
        {
            "pos": {
                "x": 566916.2790263784,
                "y": 4317913.99289053,
                "yaw": 1.7985792889253678
            },
            "heading": 1.7985792889253678,
            "speeds": {
                "vmax": 20.0
            },
            "type": 1,
            "driving_direction": 1,
            "id": "1007_2",
            "lane_type": 1
        },
        {
            "pos": {
                "x": 566916.16619214,
                "y": 4317914.4797883835,
                "yaw": 1.7984753009690475
            },
            "heading": 1.7984753009690475,
            "speeds": {
                "vmax": 20.0
            },
            "type": 1,
            "driving_direction": 1,
            "id": "1007_2",
            "lane_type": 1
        },
        {
            "pos": {
                "x": 566916.0534024783,
                "y": 4317914.966679759,
                "yaw": 1.7984058187515972
            },
            "heading": 1.7984058187515972,
            "speeds": {
                "vmax": 20.0
            },
            "type": 1,
            "driving_direction": 1,
            "id": "1007_2",
            "lane_type": 1
        },
        {
            "pos": {
                "x": 566915.9406369802,
                "y": 4317915.453589985,
                "yaw": 1.7983599130566976
            },
            "heading": 1.7983599130566976,
            "speeds": {
                "vmax": 20.0
            },
            "type": 1,
            "driving_direction": 1,
            "id": "1007_2",
            "lane_type": 1
        },
        {
            "pos": {
                "x": 566915.8278896061,
                "y": 4317915.940502375,
                "yaw": 1.7983311692598567
            },
            "heading": 1.7983311692598567,
            "speeds": {
                "vmax": 20.0
            },
            "type": 1,
            "driving_direction": 1,
            "id": "1007_2",
            "lane_type": 1
        },
        {
            "pos": {
                "x": 566915.71515238,
                "y": 4317916.427419034,
                "yaw": 1.7983156327959688
            },
            "heading": 1.7983156327959688,
            "speeds": {
                "vmax": 20.0
            },
            "type": 1,
            "driving_direction": 1,
            "id": "1007_2",
            "lane_type": 1
        },
        {
            "pos": {
                "x": 566915.6024205626,
                "y": 4317916.914333465,
                "yaw": 1.7983112352668529
            },
            "heading": 1.7983112352668529,
            "speeds": {
                "vmax": 20.0
            },
            "type": 1,
            "driving_direction": 1,
            "id": "1007_2",
            "lane_type": 1
        },
        {
            "pos": {
                "x": 566915.4896870358,
                "y": 4317917.401251592,
                "yaw": 1.7983187843108053
            },
            "heading": 1.7983187843108053,
            "speeds": {
                "vmax": 20.0
            },
            "type": 1,
            "driving_direction": 1,
            "id": "1007_2",
            "lane_type": 1
        },
        {
            "pos": {
                "x": 566915.3769472628,
                "y": 4317917.888167832,
                "yaw": 1.7983379966930555
            },
            "heading": 1.7983379966930555,
            "speeds": {
                "vmax": 20.0
            },
            "type": 1,
            "driving_direction": 1,
            "id": "1007_2",
            "lane_type": 1
        },
        {
            "pos": {
                "x": 566915.2642013323,
                "y": 4317918.375053658,
                "yaw": 1.7983686414937174
            },
            "heading": 1.7983686414937174,
            "speeds": {
                "vmax": 20.0
            },
            "type": 1,
            "driving_direction": 1,
            "id": "1006_2",
            "lane_type": 1
        },
        {
            "pos": {
                "x": 566915.1522504743,
                "y": 4317918.858466953,
                "yaw": 1.7983689403303023
            },
            "heading": 1.7983689403303023,
            "speeds": {
                "vmax": 20.0
            },
            "type": 1,
            "driving_direction": 1,
            "id": "1006_2",
            "lane_type": 1
        },
        {
            "pos": {
                "x": 566915.0402915071,
                "y": 4317919.341915265,
                "yaw": 1.7983688405014633
            },
            "heading": 1.7983688405014633,
            "speeds": {
                "vmax": 20.0
            },
            "type": 1,
            "driving_direction": 1,
            "id": "1006_2",
            "lane_type": 1
        },
        {
            "pos": {
                "x": 566914.9283333714,
                "y": 4317919.825359985,
                "yaw": 1.798368987356161
            },
            "heading": 1.798368987356161,
            "speeds": {
                "vmax": 20.0
            },
            "type": 1,
            "driving_direction": 1,
            "id": "1006_2",
            "lane_type": 1
        },
        {
            "pos": {
                "x": 566914.8163715365,
                "y": 4317920.30882068,
                "yaw": 1.7983686565038182
            },
            "heading": 1.7983686565038182,
            "speeds": {
                "vmax": 20.0
            },
            "type": 1,
            "driving_direction": 1,
            "id": "1006_2",
            "lane_type": 1
        },
        {
            "pos": {
                "x": 566914.7044105313,
                "y": 4317920.792277791,
                "yaw": 1.7983686222361774
            },
            "heading": 1.7983686222361774,
            "speeds": {
                "vmax": 20.0
            },
            "type": 1,
            "driving_direction": 1,
            "id": "1006_2",
            "lane_type": 1
        },
        {
            "pos": {
                "x": 566914.5924531859,
                "y": 4317921.2757191,
                "yaw": 1.7983688886024118
            },
            "heading": 1.7983688886024118,
            "speeds": {
                "vmax": 20.0
            },
            "type": 1,
            "driving_direction": 1,
            "id": "1006_2",
            "lane_type": 1
        },
        {
            "pos": {
                "x": 566914.4804929064,
                "y": 4317921.7591730775,
                "yaw": 1.7983687209923478
            },
            "heading": 1.7983687209923478,
            "speeds": {
                "vmax": 20.0
            },
            "type": 1,
            "driving_direction": 1,
            "id": "1006_2",
            "lane_type": 1
        },
        {
            "pos": {
                "x": 566914.368532567,
                "y": 4317922.242627313,
                "yaw": 1.7983686488411206
            },
            "heading": 1.7983686488411206,
            "speeds": {
                "vmax": 20.0
            },
            "type": 1,
            "driving_direction": 1,
            "id": "1006_2",
            "lane_type": 1
        },
        {
            "pos": {
                "x": 566914.2565732629,
                "y": 4317922.72607708,
                "yaw": 1.7983688120861372
            },
            "heading": 1.7983688120861372,
            "speeds": {
                "vmax": 20.0
            },
            "type": 1,
            "driving_direction": 1,
            "id": "1006_2",
            "lane_type": 1
        },
        {
            "pos": {
                "x": 566914.144612853,
                "y": 4317923.209531621,
                "yaw": 1.798368963306105
            },
            "heading": 1.798368963306105,
            "speeds": {
                "vmax": 20.0
            },
            "type": 1,
            "driving_direction": 1,
            "id": "1006_2",
            "lane_type": 1
        },
        {
            "pos": {
                "x": 566914.032653518,
                "y": 4317923.692981521,
                "yaw": 1.798368684916809
            },
            "heading": 1.798368684916809,
            "speeds": {
                "vmax": 20.0
            },
            "type": 1,
            "driving_direction": 1,
            "id": "1006_2",
            "lane_type": 1
        },
        {
            "pos": {
                "x": 566913.9206927074,
                "y": 4317924.176437792,
                "yaw": 1.7983688988147712
            },
            "heading": 1.7983688988147712,
            "speeds": {
                "vmax": 20.0
            },
            "type": 1,
            "driving_direction": 1,
            "id": "1006_2",
            "lane_type": 1
        },
        {
            "pos": {
                "x": 566913.8087315038,
                "y": 4317924.659895761,
                "yaw": 1.798368422162278
            },
            "heading": 1.798368422162278,
            "speeds": {
                "vmax": 20.0
            },
            "type": 1,
            "driving_direction": 1,
            "id": "1006_2",
            "lane_type": 1
        },
        {
            "pos": {
                "x": 566913.6967805895,
                "y": 4317925.143309298,
                "yaw": 1.7983687488389912
            },
            "heading": 1.7983687488389912,
            "speeds": {
                "vmax": 20.0
            },
            "type": 1,
            "driving_direction": 1,
            "id": "1004_2",
            "lane_type": 1
        },
        {
            "pos": {
                "x": 566913.5840290509,
                "y": 4317925.630180003,
                "yaw": 1.798368883456829
            },
            "heading": 1.798368883456829,
            "speeds": {
                "vmax": 20.0
            },
            "type": 1,
            "driving_direction": 1,
            "id": "1004_2",
            "lane_type": 1
        },
        {
            "pos": {
                "x": 566913.4712693449,
                "y": 4317926.117085975,
                "yaw": 1.7983688892622607
            },
            "heading": 1.7983688892622607,
            "speeds": {
                "vmax": 20.0
            },
            "type": 1,
            "driving_direction": 1,
            "id": "1004_2",
            "lane_type": 1
        },
        {
            "pos": {
                "x": 566913.3585104763,
                "y": 4317926.603988329,
                "yaw": 1.7983687919450382
            },
            "heading": 1.7983687919450382,
            "speeds": {
                "vmax": 20.0
            },
            "type": 1,
            "driving_direction": 1,
            "id": "1004_2",
            "lane_type": 1
        },
        {
            "pos": {
                "x": 566913.2457478822,
                "y": 4317927.090906773,
                "yaw": 1.7983685444866002
            },
            "heading": 1.7983685444866002,
            "speeds": {
                "vmax": 20.0
            },
            "type": 1,
            "driving_direction": 1,
            "id": "1004_2",
            "lane_type": 1
        },
        {
            "pos": {
                "x": 566913.1329861238,
                "y": 4317927.577821606,
                "yaw": 1.798368903737029
            },
            "heading": 1.798368903737029,
            "speeds": {
                "vmax": 20.0
            },
            "type": 1,
            "driving_direction": 1,
            "id": "1004_2",
            "lane_type": 1
        },
        {
            "pos": {
                "x": 566913.0202280512,
                "y": 4317928.0647205245,
                "yaw": 1.7983687749342279
            },
            "heading": 1.7983687749342279,
            "speeds": {
                "vmax": 20.0
            },
            "type": 1,
            "driving_direction": 1,
            "id": "1004_2",
            "lane_type": 1
        },
        {
            "pos": {
                "x": 566912.9074670236,
                "y": 4317928.551632203,
                "yaw": 1.798368758661327
            },
            "heading": 1.798368758661327,
            "speeds": {
                "vmax": 20.0
            },
            "type": 1,
            "driving_direction": 1,
            "id": "1004_2",
            "lane_type": 1
        },
        {
            "pos": {
                "x": 566912.7947059358,
                "y": 4317929.038544142,
                "yaw": 1.7983686870225994
            },
            "heading": 1.7983686870225994,
            "speeds": {
                "vmax": 20.0
            },
            "type": 1,
            "driving_direction": 1,
            "id": "1004_2",
            "lane_type": 1
        },
        {
            "pos": {
                "x": 566912.6819458904,
                "y": 4317929.525451578,
                "yaw": 1.7983685488166372
            },
            "heading": 1.7983685488166372,
            "speeds": {
                "vmax": 20.0
            },
            "type": 1,
            "driving_direction": 1,
            "id": "1004_2",
            "lane_type": 1
        },
        {
            "pos": {
                "x": 566912.5691847315,
                "y": 4317930.012363824,
                "yaw": 1.7983685488166372
            },
            "heading": 1.7983685488166372,
            "speeds": {
                "vmax": 20.0
            },
            "type": 1,
            "driving_direction": 1,
            "id": "1004_2",
            "lane_type": 1
        },
        {
            "pos": {
                "x": 566912.4564246552,
                "y": 4317930.499271395,
                "yaw": 1.7983689540306234
            },
            "heading": 1.7983689540306234,
            "speeds": {
                "vmax": 20.0
            },
            "type": 1,
            "driving_direction": 1,
            "id": "1004_2",
            "lane_type": 1
        },
        {
            "pos": {
                "x": 566912.3436630928,
                "y": 4317930.986185383,
                "yaw": 1.798368715973855
            },
            "heading": 1.798368715973855,
            "speeds": {
                "vmax": 20.0
            },
            "type": 1,
            "driving_direction": 1,
            "id": "1004_2",
            "lane_type": 1
        },
        {
            "pos": {
                "x": 566912.2309011342,
                "y": 4317931.47310108,
                "yaw": 1.7983690625584654
            },
            "heading": 1.7983690625584654,
            "speeds": {
                "vmax": 20.0
            },
            "type": 1,
            "driving_direction": 1,
            "id": "1004_2",
            "lane_type": 1
        },
        {
            "pos": {
                "x": 566912.118149539,
                "y": 4317931.95997203,
                "yaw": 1.7983687328640976
            },
            "heading": 1.7983687328640976,
            "speeds": {
                "vmax": 20.0
            },
            "type": 1,
            "driving_direction": 1,
            "id": "1005_2",
            "lane_type": 1
        },
        {
            "pos": {
                "x": 566912.004288601,
                "y": 4317932.451633211,
                "yaw": 1.7983687411291662
            },
            "heading": 1.7983687411291662,
            "speeds": {
                "vmax": 20.0
            },
            "type": 1,
            "driving_direction": 1,
            "id": "1005_2",
            "lane_type": 1
        },
        {
            "pos": {
                "x": 566911.8904194153,
                "y": 4317932.943330009,
                "yaw": 1.798368735059055
            },
            "heading": 1.798368735059055,
            "speeds": {
                "vmax": 20.0
            },
            "type": 1,
            "driving_direction": 1,
            "id": "1005_2",
            "lane_type": 1
        },
        {
            "pos": {
                "x": 566911.7765510753,
                "y": 4317933.435023155,
                "yaw": 1.798368570262453
            },
            "heading": 1.798368570262453,
            "speeds": {
                "vmax": 20.0
            },
            "type": 1,
            "driving_direction": 1,
            "id": "1005_2",
            "lane_type": 1
        },
        {
            "pos": {
                "x": 566911.6626789728,
                "y": 4317933.926732547,
                "yaw": 1.7983685541509133
            },
            "heading": 1.7983685541509133,
            "speeds": {
                "vmax": 20.0
            },
            "type": 1,
            "driving_direction": 1,
            "id": "1005_2",
            "lane_type": 1
        },
        {
            "pos": {
                "x": 566911.5488077148,
                "y": 4317934.418438293,
                "yaw": 1.7983690467618976
            },
            "heading": 1.7983690467618976,
            "speeds": {
                "vmax": 20.0
            },
            "type": 1,
            "driving_direction": 1,
            "id": "1005_2",
            "lane_type": 1
        },
        {
            "pos": {
                "x": 566911.4349401784,
                "y": 4317934.910127968,
                "yaw": 1.7983686218454202
            },
            "heading": 1.7983686218454202,
            "speeds": {
                "vmax": 20.0
            },
            "type": 1,
            "driving_direction": 1,
            "id": "1005_2",
            "lane_type": 1
        },
        {
            "pos": {
                "x": 566911.321069658,
                "y": 4317935.401830528,
                "yaw": 1.7983686859859713
            },
            "heading": 1.7983686859859713,
            "speeds": {
                "vmax": 20.0
            },
            "type": 1,
            "driving_direction": 1,
            "id": "1005_2",
            "lane_type": 1
        },
        {
            "pos": {
                "x": 566911.2071990769,
                "y": 4317935.893533351,
                "yaw": 1.7983688439813315
            },
            "heading": 1.7983688439813315,
            "speeds": {
                "vmax": 20.0
            },
            "type": 1,
            "driving_direction": 1,
            "id": "1005_2",
            "lane_type": 1
        },
        {
            "pos": {
                "x": 566911.0933295485,
                "y": 4317936.385231629,
                "yaw": 1.7983688558047233
            },
            "heading": 1.7983688558047233,
            "speeds": {
                "vmax": 20.0
            },
            "type": 1,
            "driving_direction": 1,
            "id": "1005_2",
            "lane_type": 1
        },
        {
            "pos": {
                "x": 566910.9794588955,
                "y": 4317936.876934761,
                "yaw": 1.7983686952982263
            },
            "heading": 1.7983686952982263,
            "speeds": {
                "vmax": 20.0
            },
            "type": 1,
            "driving_direction": 1,
            "id": "1005_2",
            "lane_type": 1
        },
        {
            "pos": {
                "x": 566910.8655893358,
                "y": 4317937.368633173,
                "yaw": 1.7983687991983208
            },
            "heading": 1.7983687991983208,
            "speeds": {
                "vmax": 20.0
            },
            "type": 1,
            "driving_direction": 1,
            "id": "1005_2",
            "lane_type": 1
        },
        {
            "pos": {
                "x": 566910.7517182754,
                "y": 4317937.860338066,
                "yaw": 1.7983690213305201
            },
            "heading": 1.7983690213305201,
            "speeds": {
                "vmax": 20.0
            },
            "type": 1,
            "driving_direction": 1,
            "id": "1005_2",
            "lane_type": 1
        },
        {
            "pos": {
                "x": 566910.637846815,
                "y": 4317938.352044685,
                "yaw": 1.798368689543131
            },
            "heading": 1.798368689543131,
            "speeds": {
                "vmax": 20.0
            },
            "type": 1,
            "driving_direction": 1,
            "id": "1005_2",
            "lane_type": 1
        },
        {
            "pos": {
                "x": 566910.5239858199,
                "y": 4317938.843706116,
                "yaw": 1.7983661653953904
            },
            "heading": 1.7983661653953904,
            "speeds": {
                "vmax": 20.0
            },
            "type": 1,
            "driving_direction": 1,
            "id": "1003_2",
            "lane_type": 1
        },
        {
            "pos": {
                "x": 566910.4112187434,
                "y": 4317939.330823747,
                "yaw": 1.7983661653953904
            },
            "heading": 1.7983661653953904,
            "speeds": {
                "vmax": 20.0
            },
            "type": 1,
            "driving_direction": 1,
            "id": "1003_2",
            "lane_type": 1
        },
        {
            "pos": {
                "x": 566910.298451667,
                "y": 4317939.817941378,
                "yaw": 1.7983661653953904
            },
            "heading": 1.7983661653953904,
            "speeds": {
                "vmax": 20.0
            },
            "type": 1,
            "driving_direction": 1,
            "id": "1003_2",
            "lane_type": 1
        },
        {
            "pos": {
                "x": 566910.1856845905,
                "y": 4317940.305059009,
                "yaw": 1.7983661653953904
            },
            "heading": 1.7983661653953904,
            "speeds": {
                "vmax": 20.0
            },
            "type": 1,
            "driving_direction": 1,
            "id": "1003_2",
            "lane_type": 1
        },
        {
            "pos": {
                "x": 566910.072917514,
                "y": 4317940.792176641,
                "yaw": 1.7983661653953904
            },
            "heading": 1.7983661653953904,
            "speeds": {
                "vmax": 20.0
            },
            "type": 1,
            "driving_direction": 1,
            "id": "1003_2",
            "lane_type": 1
        },
        {
            "pos": {
                "x": 566909.9601504375,
                "y": 4317941.279294271,
                "yaw": 1.7983661653953904
            },
            "heading": 1.7983661653953904,
            "speeds": {
                "vmax": 20.0
            },
            "type": 1,
            "driving_direction": 1,
            "id": "1003_2",
            "lane_type": 1
        },
        {
            "pos": {
                "x": 566909.847383361,
                "y": 4317941.766411902,
                "yaw": 1.7983661653953904
            },
            "heading": 1.7983661653953904,
            "speeds": {
                "vmax": 20.0
            },
            "type": 1,
            "driving_direction": 1,
            "id": "1003_2",
            "lane_type": 1
        },
        {
            "pos": {
                "x": 566909.7346162845,
                "y": 4317942.253529534,
                "yaw": 1.7983661653953904
            },
            "heading": 1.7983661653953904,
            "speeds": {
                "vmax": 20.0
            },
            "type": 1,
            "driving_direction": 1,
            "id": "1003_2",
            "lane_type": 1
        },
        {
            "pos": {
                "x": 566909.621849208,
                "y": 4317942.740647164,
                "yaw": 1.7983661653953904
            },
            "heading": 1.7983661653953904,
            "speeds": {
                "vmax": 20.0
            },
            "type": 1,
            "driving_direction": 1,
            "id": "1003_2",
            "lane_type": 1
        },
        {
            "pos": {
                "x": 566909.5090821316,
                "y": 4317943.2277647955,
                "yaw": 1.7983661653953904
            },
            "heading": 1.7983661653953904,
            "speeds": {
                "vmax": 20.0
            },
            "type": 1,
            "driving_direction": 1,
            "id": "1003_2",
            "lane_type": 1
        },
        {
            "pos": {
                "x": 566909.3963150551,
                "y": 4317943.714882426,
                "yaw": 1.7983661653953904
            },
            "heading": 1.7983661653953904,
            "speeds": {
                "vmax": 20.0
            },
            "type": 1,
            "driving_direction": 1,
            "id": "1003_2",
            "lane_type": 1
        },
        {
            "pos": {
                "x": 566909.2835479786,
                "y": 4317944.202000057,
                "yaw": 1.7983661653953904
            },
            "heading": 1.7983661653953904,
            "speeds": {
                "vmax": 20.0
            },
            "type": 1,
            "driving_direction": 1,
            "id": "1003_2",
            "lane_type": 1
        },
        {
            "pos": {
                "x": 566909.1707809021,
                "y": 4317944.689117689,
                "yaw": 1.7983661653953904
            },
            "heading": 1.7983661653953904,
            "speeds": {
                "vmax": 20.0
            },
            "type": 1,
            "driving_direction": 1,
            "id": "1003_2",
            "lane_type": 1
        },
        {
            "pos": {
                "x": 566909.0580138257,
                "y": 4317945.176235319,
                "yaw": 1.7983661653953904
            },
            "heading": 1.7983661653953904,
            "speeds": {
                "vmax": 20.0
            },
            "type": 1,
            "driving_direction": 1,
            "id": "1003_2",
            "lane_type": 1
        },
        {
            "pos": {
                "x": 566908.9452467492,
                "y": 4317945.6633529505,
                "yaw": 1.7983661653953904
            },
            "heading": 1.7983661653953904,
            "speeds": {
                "vmax": 20.0
            },
            "type": 1,
            "driving_direction": 1,
            "id": "1003_2",
            "lane_type": 1
        },
        {
            "pos": {
                "x": 566908.8324796727,
                "y": 4317946.150470582,
                "yaw": 1.7983661653953904
            },
            "heading": 1.7983661653953904,
            "speeds": {
                "vmax": 20.0
            },
            "type": 1,
            "driving_direction": 1,
            "id": "1003_2",
            "lane_type": 1
        },
        {
            "pos": {
                "x": 566908.7197125963,
                "y": 4317946.637588212,
                "yaw": 1.7983661653953904
            },
            "heading": 1.7983661653953904,
            "speeds": {
                "vmax": 20.0
            },
            "type": 1,
            "driving_direction": 1,
            "id": "1003_2",
            "lane_type": 1
        },
        {
            "pos": {
                "x": 566908.6069455197,
                "y": 4317947.124705844,
                "yaw": 1.7983661653953904
            },
            "heading": 1.7983661653953904,
            "speeds": {
                "vmax": 20.0
            },
            "type": 1,
            "driving_direction": 1,
            "id": "1003_2",
            "lane_type": 1
        },
        {
            "pos": {
                "x": 566908.4941784432,
                "y": 4317947.611823475,
                "yaw": 1.7983661653953904
            },
            "heading": 1.7983661653953904,
            "speeds": {
                "vmax": 20.0
            },
            "type": 1,
            "driving_direction": 1,
            "id": "1003_2",
            "lane_type": 1
        },
        {
            "pos": {
                "x": 566908.3814113667,
                "y": 4317948.098941105,
                "yaw": 1.7983661653953904
            },
            "heading": 1.7983661653953904,
            "speeds": {
                "vmax": 20.0
            },
            "type": 1,
            "driving_direction": 1,
            "id": "1003_2",
            "lane_type": 1
        },
        {
            "pos": {
                "x": 566908.2686442903,
                "y": 4317948.586058737,
                "yaw": 1.7983661653953904
            },
            "heading": 1.7983661653953904,
            "speeds": {
                "vmax": 20.0
            },
            "type": 1,
            "driving_direction": 1,
            "id": "1003_2",
            "lane_type": 1
        },
        {
            "pos": {
                "x": 566908.1558772138,
                "y": 4317949.073176368,
                "yaw": 1.7983661653953904
            },
            "heading": 1.7983661653953904,
            "speeds": {
                "vmax": 20.0
            },
            "type": 1,
            "driving_direction": 1,
            "id": "1003_2",
            "lane_type": 1
        },
        {
            "pos": {
                "x": 566908.0431101373,
                "y": 4317949.560293999,
                "yaw": 1.7983661653953904
            },
            "heading": 1.7983661653953904,
            "speeds": {
                "vmax": 20.0
            },
            "type": 1,
            "driving_direction": 1,
            "id": "1003_2",
            "lane_type": 1
        },
        {
            "pos": {
                "x": 566907.9303430609,
                "y": 4317950.04741163,
                "yaw": 1.7983661653953904
            },
            "heading": 1.7983661653953904,
            "speeds": {
                "vmax": 20.0
            },
            "type": 1,
            "driving_direction": 1,
            "id": "1003_2",
            "lane_type": 1
        },
        {
            "pos": {
                "x": 566907.8175759844,
                "y": 4317950.534529261,
                "yaw": 1.7983661653953904
            },
            "heading": 1.7983661653953904,
            "speeds": {
                "vmax": 20.0
            },
            "type": 1,
            "driving_direction": 1,
            "id": "1003_2",
            "lane_type": 1
        },
        {
            "pos": {
                "x": 566907.7048089079,
                "y": 4317951.021646892,
                "yaw": 1.7983661653953904
            },
            "heading": 1.7983661653953904,
            "speeds": {
                "vmax": 20.0
            },
            "type": 1,
            "driving_direction": 1,
            "id": "1003_2",
            "lane_type": 1
        },
        {
            "pos": {
                "x": 566907.5920418315,
                "y": 4317951.508764523,
                "yaw": 1.7983661653953904
            },
            "heading": 1.7983661653953904,
            "speeds": {
                "vmax": 20.0
            },
            "type": 1,
            "driving_direction": 1,
            "id": "1003_2",
            "lane_type": 1
        },
        {
            "pos": {
                "x": 566907.4792747549,
                "y": 4317951.9958821535,
                "yaw": 1.7983661653953904
            },
            "heading": 1.7983661653953904,
            "speeds": {
                "vmax": 20.0
            },
            "type": 1,
            "driving_direction": 1,
            "id": "1003_2",
            "lane_type": 1
        },
        {
            "pos": {
                "x": 566907.3665076784,
                "y": 4317952.482999785,
                "yaw": 1.7983661653953904
            },
            "heading": 1.7983661653953904,
            "speeds": {
                "vmax": 20.0
            },
            "type": 1,
            "driving_direction": 1,
            "id": "1003_2",
            "lane_type": 1
        },
        {
            "pos": {
                "x": 566907.2537406019,
                "y": 4317952.970117416,
                "yaw": 1.7983661653953904
            },
            "heading": 1.7983661653953904,
            "speeds": {
                "vmax": 20.0
            },
            "type": 1,
            "driving_direction": 1,
            "id": "1003_2",
            "lane_type": 1
        },
        {
            "pos": {
                "x": 566907.1409735255,
                "y": 4317953.457235047,
                "yaw": 1.7983661653953904
            },
            "heading": 1.7983661653953904,
            "speeds": {
                "vmax": 20.0
            },
            "type": 1,
            "driving_direction": 1,
            "id": "1003_2",
            "lane_type": 1
        },
        {
            "pos": {
                "x": 566907.028206449,
                "y": 4317953.944352678,
                "yaw": 1.7983661653953904
            },
            "heading": 1.7983661653953904,
            "speeds": {
                "vmax": 20.0
            },
            "type": 1,
            "driving_direction": 1,
            "id": "1003_2",
            "lane_type": 1
        },
        {
            "pos": {
                "x": 566906.9154393725,
                "y": 4317954.431470309,
                "yaw": 1.7983661653953904
            },
            "heading": 1.7983661653953904,
            "speeds": {
                "vmax": 20.0
            },
            "type": 1,
            "driving_direction": 1,
            "id": "1003_2",
            "lane_type": 1
        },
        {
            "pos": {
                "x": 566906.8026722961,
                "y": 4317954.91858794,
                "yaw": 1.7983661653953904
            },
            "heading": 1.7983661653953904,
            "speeds": {
                "vmax": 20.0
            },
            "type": 1,
            "driving_direction": 1,
            "id": "1003_2",
            "lane_type": 1
        },
        {
            "pos": {
                "x": 566906.6899052196,
                "y": 4317955.405705571,
                "yaw": 1.7983661653953904
            },
            "heading": 1.7983661653953904,
            "speeds": {
                "vmax": 20.0
            },
            "type": 1,
            "driving_direction": 1,
            "id": "1003_2",
            "lane_type": 1
        },
        {
            "pos": {
                "x": 566906.5771381431,
                "y": 4317955.892823203,
                "yaw": 1.7983661653953904
            },
            "heading": 1.7983661653953904,
            "speeds": {
                "vmax": 20.0
            },
            "type": 1,
            "driving_direction": 1,
            "id": "1003_2",
            "lane_type": 1
        },
        {
            "pos": {
                "x": 566906.4643710667,
                "y": 4317956.379940833,
                "yaw": 1.7983661653953904
            },
            "heading": 1.7983661653953904,
            "speeds": {
                "vmax": 20.0
            },
            "type": 1,
            "driving_direction": 1,
            "id": "1003_2",
            "lane_type": 1
        },
        {
            "pos": {
                "x": 566906.3516039902,
                "y": 4317956.867058464,
                "yaw": 1.7983661653953904
            },
            "heading": 1.7983661653953904,
            "speeds": {
                "vmax": 20.0
            },
            "type": 1,
            "driving_direction": 1,
            "id": "1003_2",
            "lane_type": 1
        },
        {
            "pos": {
                "x": 566906.2388369136,
                "y": 4317957.354176096,
                "yaw": 1.7983661653953904
            },
            "heading": 1.7983661653953904,
            "speeds": {
                "vmax": 20.0
            },
            "type": 1,
            "driving_direction": 1,
            "id": "1003_2",
            "lane_type": 1
        },
        {
            "pos": {
                "x": 566906.1260698371,
                "y": 4317957.841293726,
                "yaw": 1.7983661653953904
            },
            "heading": 1.7983661653953904,
            "speeds": {
                "vmax": 20.0
            },
            "type": 1,
            "driving_direction": 1,
            "id": "1003_2",
            "lane_type": 1
        },
        {
            "pos": {
                "x": 566906.0133027607,
                "y": 4317958.3284113575,
                "yaw": 1.7983661653953904
            },
            "heading": 1.7983661653953904,
            "speeds": {
                "vmax": 20.0
            },
            "type": 1,
            "driving_direction": 1,
            "id": "1003_2",
            "lane_type": 1
        },
        {
            "pos": {
                "x": 566905.9005356842,
                "y": 4317958.815528989,
                "yaw": 1.7983661653953904
            },
            "heading": 1.7983661653953904,
            "speeds": {
                "vmax": 20.0
            },
            "type": 1,
            "driving_direction": 1,
            "id": "1003_2",
            "lane_type": 1
        },
        {
            "pos": {
                "x": 566905.7877686077,
                "y": 4317959.302646619,
                "yaw": 1.7983661653953904
            },
            "heading": 1.7983661653953904,
            "speeds": {
                "vmax": 20.0
            },
            "type": 1,
            "driving_direction": 1,
            "id": "1003_2",
            "lane_type": 1
        },
        {
            "pos": {
                "x": 566905.6750015313,
                "y": 4317959.789764251,
                "yaw": 1.7983661653953904
            },
            "heading": 1.7983661653953904,
            "speeds": {
                "vmax": 20.0
            },
            "type": 1,
            "driving_direction": 1,
            "id": "1003_2",
            "lane_type": 1
        },
        {
            "pos": {
                "x": 566905.5622344548,
                "y": 4317960.276881881,
                "yaw": 1.7983661653953904
            },
            "heading": 1.7983661653953904,
            "speeds": {
                "vmax": 20.0
            },
            "type": 1,
            "driving_direction": 1,
            "id": "1003_2",
            "lane_type": 1
        },
        {
            "pos": {
                "x": 566905.4494673783,
                "y": 4317960.763999512,
                "yaw": 1.7983661653953904
            },
            "heading": 1.7983661653953904,
            "speeds": {
                "vmax": 20.0
            },
            "type": 1,
            "driving_direction": 1,
            "id": "1003_2",
            "lane_type": 1
        },
        {
            "pos": {
                "x": 566905.3367003019,
                "y": 4317961.251117144,
                "yaw": 1.7983661653953904
            },
            "heading": 1.7983661653953904,
            "speeds": {
                "vmax": 20.0
            },
            "type": 1,
            "driving_direction": 1,
            "id": "1003_2",
            "lane_type": 1
        },
        {
            "pos": {
                "x": 566905.2239332254,
                "y": 4317961.738234774,
                "yaw": 1.7983661653953904
            },
            "heading": 1.7983661653953904,
            "speeds": {
                "vmax": 20.0
            },
            "type": 1,
            "driving_direction": 1,
            "id": "1003_2",
            "lane_type": 1
        },
        {
            "pos": {
                "x": 566905.1111661489,
                "y": 4317962.225352406,
                "yaw": 1.7983661653953904
            },
            "heading": 1.7983661653953904,
            "speeds": {
                "vmax": 20.0
            },
            "type": 1,
            "driving_direction": 1,
            "id": "1003_2",
            "lane_type": 1
        },
        {
            "pos": {
                "x": 566904.9983990723,
                "y": 4317962.712470037,
                "yaw": 1.7983661653953904
            },
            "heading": 1.7983661653953904,
            "speeds": {
                "vmax": 20.0
            },
            "type": 1,
            "driving_direction": 1,
            "id": "1003_2",
            "lane_type": 1
        },
        {
            "pos": {
                "x": 566904.8856319959,
                "y": 4317963.199587667,
                "yaw": 1.7983661653953904
            },
            "heading": 1.7983661653953904,
            "speeds": {
                "vmax": 20.0
            },
            "type": 1,
            "driving_direction": 1,
            "id": "1003_2",
            "lane_type": 1
        },
        {
            "pos": {
                "x": 566904.7728649194,
                "y": 4317963.686705299,
                "yaw": 1.7983661653953904
            },
            "heading": 1.7983661653953904,
            "speeds": {
                "vmax": 20.0
            },
            "type": 1,
            "driving_direction": 1,
            "id": "1003_2",
            "lane_type": 1
        },
        {
            "pos": {
                "x": 566904.6600978429,
                "y": 4317964.17382293,
                "yaw": 1.7983661653953904
            },
            "heading": 1.7983661653953904,
            "speeds": {
                "vmax": 20.0
            },
            "type": 1,
            "driving_direction": 1,
            "id": "1003_2",
            "lane_type": 1
        },
        {
            "pos": {
                "x": 566904.5473307665,
                "y": 4317964.6609405605,
                "yaw": 1.7983661653953904
            },
            "heading": 1.7983661653953904,
            "speeds": {
                "vmax": 20.0
            },
            "type": 1,
            "driving_direction": 1,
            "id": "1003_2",
            "lane_type": 1
        },
        {
            "pos": {
                "x": 566904.43456369,
                "y": 4317965.148058192,
                "yaw": 1.7983661653953904
            },
            "heading": 1.7983661653953904,
            "speeds": {
                "vmax": 20.0
            },
            "type": 1,
            "driving_direction": 1,
            "id": "1003_2",
            "lane_type": 1
        },
        {
            "pos": {
                "x": 566904.3217966135,
                "y": 4317965.635175823,
                "yaw": 1.7983661653953904
            },
            "heading": 1.7983661653953904,
            "speeds": {
                "vmax": 20.0
            },
            "type": 1,
            "driving_direction": 1,
            "id": "1003_2",
            "lane_type": 1
        },
        {
            "pos": {
                "x": 566904.209029537,
                "y": 4317966.122293454,
                "yaw": 1.7983661653953904
            },
            "heading": 1.7983661653953904,
            "speeds": {
                "vmax": 20.0
            },
            "type": 1,
            "driving_direction": 1,
            "id": "1003_2",
            "lane_type": 1
        },
        {
            "pos": {
                "x": 566904.0962624606,
                "y": 4317966.609411085,
                "yaw": 1.7983661653953904
            },
            "heading": 1.7983661653953904,
            "speeds": {
                "vmax": 20.0
            },
            "type": 1,
            "driving_direction": 1,
            "id": "1003_2",
            "lane_type": 1
        },
        {
            "pos": {
                "x": 566903.9834953841,
                "y": 4317967.096528716,
                "yaw": 1.7983661653953904
            },
            "heading": 1.7983661653953904,
            "speeds": {
                "vmax": 20.0
            },
            "type": 1,
            "driving_direction": 1,
            "id": "1003_2",
            "lane_type": 1
        },
        {
            "pos": {
                "x": 566903.8707283075,
                "y": 4317967.583646347,
                "yaw": 1.7983661653953904
            },
            "heading": 1.7983661653953904,
            "speeds": {
                "vmax": 20.0
            },
            "type": 1,
            "driving_direction": 1,
            "id": "1003_2",
            "lane_type": 1
        },
        {
            "pos": {
                "x": 566903.757961231,
                "y": 4317968.070763978,
                "yaw": 1.7983661653953904
            },
            "heading": 1.7983661653953904,
            "speeds": {
                "vmax": 20.0
            },
            "type": 1,
            "driving_direction": 1,
            "id": "1003_2",
            "lane_type": 1
        },
        {
            "pos": {
                "x": 566903.6627883193,
                "y": 4317968.481880456,
                "yaw": 1.7983661653953904
            },
            "heading": 1.7983661653953904,
            "speeds": {
                "vmax": 20.0
            },
            "type": 1,
            "driving_direction": 1,
            "id": "1003_2",
            "lane_type": 1
        }
    ],
    "is_final_navi": true
}