{
    "header": {
        "trace_id": "26067cacf82e4de19a3f19893f6a0903",
        "trans_id": "961202cd-5100-49c6-b4b1-003c05487836",
        "che_id": "A537",
        "timestamp": "2025-02-19T03:43:15.725527Z"
    },
    "task_id": "26067cacf82e4de19a3f19893f6a0903",
    "navi_id": "A537_26067cacf82e4de19a3f19893f6a0903_10",
    "seq_num": 10,
    "dest_type": 6,
    "mode": 2,
    "waypoints": [
        {
            "pos": {
                "x": 566923.9518449788,
                "y": 4317880.927692125,
                "yaw": 1.7988126983242052
            },
            "heading": 1.7988126983242052,
            "speeds": {
                "vmax": 20.0
            },
            "type": 1,
            "driving_direction": 1,
            "id": "1012_2",
            "lane_type": 1
        },
        {
            "pos": {
                "x": 566923.8374620532,
                "y": 4317881.420612209,
                "yaw": 1.798812332200744
            },
            "heading": 1.798812332200744,
            "speeds": {
                "vmax": 20.0
            },
            "type": 1,
            "driving_direction": 1,
            "id": "1012_2",
            "lane_type": 1
        },
        {
            "pos": {
                "x": 566923.7230801854,
                "y": 4317881.913527735,
                "yaw": 1.7988126408627279
            },
            "heading": 1.7988126408627279,
            "speeds": {
                "vmax": 20.0
            },
            "type": 1,
            "driving_direction": 1,
            "id": "1012_2",
            "lane_type": 1
        },
        {
            "pos": {
                "x": 566923.6086971876,
                "y": 4317882.406448129,
                "yaw": 1.7988121836162088
            },
            "heading": 1.7988121836162088,
            "speeds": {
                "vmax": 20.0
            },
            "type": 1,
            "driving_direction": 1,
            "id": "1012_2",
            "lane_type": 1
        },
        {
            "pos": {
                "x": 566923.4943152883,
                "y": 4317882.899363791,
                "yaw": 1.7988127323936245
            },
            "heading": 1.7988127323936245,
            "speeds": {
                "vmax": 20.0
            },
            "type": 1,
            "driving_direction": 1,
            "id": "1012_2",
            "lane_type": 1
        },
        {
            "pos": {
                "x": 566923.3799318814,
                "y": 4317883.392285949,
                "yaw": 1.7988123445115014
            },
            "heading": 1.7988123445115014,
            "speeds": {
                "vmax": 20.0
            },
            "type": 1,
            "driving_direction": 1,
            "id": "1012_2",
            "lane_type": 1
        },
        {
            "pos": {
                "x": 566923.2655480728,
                "y": 4317883.885209838,
                "yaw": 1.7988126380086285
            },
            "heading": 1.7988126380086285,
            "speeds": {
                "vmax": 20.0
            },
            "type": 1,
            "driving_direction": 1,
            "id": "1012_2",
            "lane_type": 1
        },
        {
            "pos": {
                "x": 566923.1511747763,
                "y": 4317884.378088426,
                "yaw": 1.7988123798407407
            },
            "heading": 1.7988123798407407,
            "speeds": {
                "vmax": 20.0
            },
            "type": 1,
            "driving_direction": 1,
            "id": "1011_2",
            "lane_type": 1
        },
        {
            "pos": {
                "x": 566923.0384213233,
                "y": 4317884.863986484,
                "yaw": 1.798812127925786
            },
            "heading": 1.798812127925786,
            "speeds": {
                "vmax": 20.0
            },
            "type": 1,
            "driving_direction": 1,
            "id": "1011_2",
            "lane_type": 1
        },
        {
            "pos": {
                "x": 566922.9256597029,
                "y": 4317885.34991974,
                "yaw": 1.7988124784954835
            },
            "heading": 1.7988124784954835,
            "speeds": {
                "vmax": 20.0
            },
            "type": 1,
            "driving_direction": 1,
            "id": "1011_2",
            "lane_type": 1
        },
        {
            "pos": {
                "x": 566922.8128989197,
                "y": 4317885.835849387,
                "yaw": 1.7988126188001694
            },
            "heading": 1.7988126188001694,
            "speeds": {
                "vmax": 20.0
            },
            "type": 1,
            "driving_direction": 1,
            "id": "1011_2",
            "lane_type": 1
        },
        {
            "pos": {
                "x": 566922.700134411,
                "y": 4317886.321795088,
                "yaw": 1.798812283634956
            },
            "heading": 1.798812283634956,
            "speeds": {
                "vmax": 20.0
            },
            "type": 1,
            "driving_direction": 1,
            "id": "1011_2",
            "lane_type": 1
        },
        {
            "pos": {
                "x": 566922.5873707382,
                "y": 4317886.807737188,
                "yaw": 1.7988124210361465
            },
            "heading": 1.7988124210361465,
            "speeds": {
                "vmax": 20.0
            },
            "type": 1,
            "driving_direction": 1,
            "id": "1011_2",
            "lane_type": 1
        },
        {
            "pos": {
                "x": 566922.474610751,
                "y": 4317887.293663405,
                "yaw": 1.798812594657687
            },
            "heading": 1.798812594657687,
            "speeds": {
                "vmax": 20.0
            },
            "type": 1,
            "driving_direction": 1,
            "id": "1011_2",
            "lane_type": 1
        },
        {
            "pos": {
                "x": 566922.3618478088,
                "y": 4317887.779602356,
                "yaw": 1.7988125030535216
            },
            "heading": 1.7988125030535216,
            "speeds": {
                "vmax": 20.0
            },
            "type": 1,
            "driving_direction": 1,
            "id": "1011_2",
            "lane_type": 1
        },
        {
            "pos": {
                "x": 566922.2490848064,
                "y": 4317888.265541567,
                "yaw": 1.7988122012006917
            },
            "heading": 1.7988122012006917,
            "speeds": {
                "vmax": 20.0
            },
            "type": 1,
            "driving_direction": 1,
            "id": "1011_2",
            "lane_type": 1
        },
        {
            "pos": {
                "x": 566922.1363228466,
                "y": 4317888.751476285,
                "yaw": 1.7988126766737285
            },
            "heading": 1.7988126766737285,
            "speeds": {
                "vmax": 20.0
            },
            "type": 1,
            "driving_direction": 1,
            "id": "1011_2",
            "lane_type": 1
        },
        {
            "pos": {
                "x": 566922.0235597731,
                "y": 4317889.237415802,
                "yaw": 1.7988123752351237
            },
            "heading": 1.7988123752351237,
            "speeds": {
                "vmax": 20.0
            },
            "type": 1,
            "driving_direction": 1,
            "id": "1011_2",
            "lane_type": 1
        },
        {
            "pos": {
                "x": 566921.9107977822,
                "y": 4317889.723350653,
                "yaw": 1.798812468081011
            },
            "heading": 1.798812468081011,
            "speeds": {
                "vmax": 20.0
            },
            "type": 1,
            "driving_direction": 1,
            "id": "1011_2",
            "lane_type": 1
        },
        {
            "pos": {
                "x": 566921.7980343051,
                "y": 4317890.209291909,
                "yaw": 1.798812294877228
            },
            "heading": 1.798812294877228,
            "speeds": {
                "vmax": 20.0
            },
            "type": 1,
            "driving_direction": 1,
            "id": "1011_2",
            "lane_type": 1
        },
        {
            "pos": {
                "x": 566921.6852704323,
                "y": 4317890.6952348715,
                "yaw": 1.7988124535221905
            },
            "heading": 1.7988124535221905,
            "speeds": {
                "vmax": 20.0
            },
            "type": 1,
            "driving_direction": 1,
            "id": "1011_2",
            "lane_type": 1
        },
        {
            "pos": {
                "x": 566921.5725169226,
                "y": 4317891.181133173,
                "yaw": 1.7988123644592124
            },
            "heading": 1.7988123644592124,
            "speeds": {
                "vmax": 20.0
            },
            "type": 1,
            "driving_direction": 1,
            "id": "1010_2",
            "lane_type": 1
        },
        {
            "pos": {
                "x": 566921.4602365592,
                "y": 4317891.664992509,
                "yaw": 1.7988124259120595
            },
            "heading": 1.7988124259120595,
            "speeds": {
                "vmax": 20.0
            },
            "type": 1,
            "driving_direction": 1,
            "id": "1010_2",
            "lane_type": 1
        },
        {
            "pos": {
                "x": 566921.3479480625,
                "y": 4317892.148886892,
                "yaw": 1.7988122423500925
            },
            "heading": 1.7988122423500925,
            "speeds": {
                "vmax": 20.0
            },
            "type": 1,
            "driving_direction": 1,
            "id": "1010_2",
            "lane_type": 1
        },
        {
            "pos": {
                "x": 566921.2356603995,
                "y": 4317892.6327776825,
                "yaw": 1.798812604426758
            },
            "heading": 1.798812604426758,
            "speeds": {
                "vmax": 20.0
            },
            "type": 1,
            "driving_direction": 1,
            "id": "1010_2",
            "lane_type": 1
        },
        {
            "pos": {
                "x": 566921.1233690267,
                "y": 4317893.11668446,
                "yaw": 1.79881265208339
            },
            "heading": 1.79881265208339,
            "speeds": {
                "vmax": 20.0
            },
            "type": 1,
            "driving_direction": 1,
            "id": "1010_2",
            "lane_type": 1
        },
        {
            "pos": {
                "x": 566921.0110784862,
                "y": 4317893.600587651,
                "yaw": 1.798812254474211
            },
            "heading": 1.798812254474211,
            "speeds": {
                "vmax": 20.0
            },
            "type": 1,
            "driving_direction": 1,
            "id": "1010_2",
            "lane_type": 1
        },
        {
            "pos": {
                "x": 566920.8987916159,
                "y": 4317894.084475026,
                "yaw": 1.798812277470865
            },
            "heading": 1.798812277470865,
            "speeds": {
                "vmax": 20.0
            },
            "type": 1,
            "driving_direction": 1,
            "id": "1010_2",
            "lane_type": 1
        },
        {
            "pos": {
                "x": 566920.786501803,
                "y": 4317894.568375081,
                "yaw": 1.7988122670153093
            },
            "heading": 1.7988122670153093,
            "speeds": {
                "vmax": 20.0
            },
            "type": 1,
            "driving_direction": 1,
            "id": "1010_2",
            "lane_type": 1
        },
        {
            "pos": {
                "x": 566920.67421193,
                "y": 4317895.052275395,
                "yaw": 1.7988124296591987
            },
            "heading": 1.7988124296591987,
            "speeds": {
                "vmax": 20.0
            },
            "type": 1,
            "driving_direction": 1,
            "id": "1010_2",
            "lane_type": 1
        },
        {
            "pos": {
                "x": 566920.5619230955,
                "y": 4317895.536171235,
                "yaw": 1.7988124296591987
            },
            "heading": 1.7988124296591987,
            "speeds": {
                "vmax": 20.0
            },
            "type": 1,
            "driving_direction": 1,
            "id": "1010_2",
            "lane_type": 1
        },
        {
            "pos": {
                "x": 566920.4496331518,
                "y": 4317896.020071855,
                "yaw": 1.7988124296591987
            },
            "heading": 1.7988124296591987,
            "speeds": {
                "vmax": 20.0
            },
            "type": 1,
            "driving_direction": 1,
            "id": "1010_2",
            "lane_type": 1
        },
        {
            "pos": {
                "x": 566920.3373442863,
                "y": 4317896.503967827,
                "yaw": 1.79881253460293
            },
            "heading": 1.79881253460293,
            "speeds": {
                "vmax": 20.0
            },
            "type": 1,
            "driving_direction": 1,
            "id": "1010_2",
            "lane_type": 1
        },
        {
            "pos": {
                "x": 566920.2250539407,
                "y": 4317896.987870178,
                "yaw": 1.7988122908457653
            },
            "heading": 1.7988122908457653,
            "speeds": {
                "vmax": 20.0
            },
            "type": 1,
            "driving_direction": 1,
            "id": "1010_2",
            "lane_type": 1
        },
        {
            "pos": {
                "x": 566920.1127632009,
                "y": 4317897.471774228,
                "yaw": 1.7988125898112681
            },
            "heading": 1.7988125898112681,
            "speeds": {
                "vmax": 20.0
            },
            "type": 1,
            "driving_direction": 1,
            "id": "1010_2",
            "lane_type": 1
        },
        {
            "pos": {
                "x": 566920.0004827809,
                "y": 4317897.955633806,
                "yaw": 1.798812292310005
            },
            "heading": 1.798812292310005,
            "speeds": {
                "vmax": 20.0
            },
            "type": 1,
            "driving_direction": 1,
            "id": "1009_2",
            "lane_type": 1
        },
        {
            "pos": {
                "x": 566919.886062457,
                "y": 4317898.4487150535,
                "yaw": 1.7988125126344843
            },
            "heading": 1.7988125126344843,
            "speeds": {
                "vmax": 20.0
            },
            "type": 1,
            "driving_direction": 1,
            "id": "1009_2",
            "lane_type": 1
        },
        {
            "pos": {
                "x": 566919.771633845,
                "y": 4317898.941832019,
                "yaw": 1.7988124925159361
            },
            "heading": 1.7988124925159361,
            "speeds": {
                "vmax": 20.0
            },
            "type": 1,
            "driving_direction": 1,
            "id": "1009_2",
            "lane_type": 1
        },
        {
            "pos": {
                "x": 566919.657206083,
                "y": 4317899.43494532,
                "yaw": 1.7988124022474536
            },
            "heading": 1.7988124022474536,
            "speeds": {
                "vmax": 20.0
            },
            "type": 1,
            "driving_direction": 1,
            "id": "1009_2",
            "lane_type": 1
        },
        {
            "pos": {
                "x": 566919.5427745399,
                "y": 4317899.928074915,
                "yaw": 1.7988122319769362
            },
            "heading": 1.7988122319769362,
            "speeds": {
                "vmax": 20.0
            },
            "type": 1,
            "driving_direction": 1,
            "id": "1009_2",
            "lane_type": 1
        },
        {
            "pos": {
                "x": 566919.4283438451,
                "y": 4317900.421200854,
                "yaw": 1.798812652936659
            },
            "heading": 1.798812652936659,
            "speeds": {
                "vmax": 20.0
            },
            "type": 1,
            "driving_direction": 1,
            "id": "1009_2",
            "lane_type": 1
        },
        {
            "pos": {
                "x": 566919.3139168909,
                "y": 4317900.914310675,
                "yaw": 1.7988124584607645
            },
            "heading": 1.7988124584607645,
            "speeds": {
                "vmax": 20.0
            },
            "type": 1,
            "driving_direction": 1,
            "id": "1009_2",
            "lane_type": 1
        },
        {
            "pos": {
                "x": 566919.1994869376,
                "y": 4317901.407433419,
                "yaw": 1.7988125167159945
            },
            "heading": 1.7988125167159945,
            "speeds": {
                "vmax": 20.0
            },
            "type": 1,
            "driving_direction": 1,
            "id": "1009_2",
            "lane_type": 1
        },
        {
            "pos": {
                "x": 566919.0850569231,
                "y": 4317901.9005564265,
                "yaw": 1.7988123792719326
            },
            "heading": 1.7988123792719326,
            "speeds": {
                "vmax": 20.0
            },
            "type": 1,
            "driving_direction": 1,
            "id": "1009_2",
            "lane_type": 1
        },
        {
            "pos": {
                "x": 566918.9706279668,
                "y": 4317902.393674875,
                "yaw": 1.7988125277955513
            },
            "heading": 1.7988125277955513,
            "speeds": {
                "vmax": 20.0
            },
            "type": 1,
            "driving_direction": 1,
            "id": "1009_2",
            "lane_type": 1
        },
        {
            "pos": {
                "x": 566918.8561978803,
                "y": 4317902.886798193,
                "yaw": 1.798812607801248
            },
            "heading": 1.798812607801248,
            "speeds": {
                "vmax": 20.0
            },
            "type": 1,
            "driving_direction": 1,
            "id": "1009_2",
            "lane_type": 1
        },
        {
            "pos": {
                "x": 566918.7417688926,
                "y": 4317903.379916776,
                "yaw": 1.7988121052011594
            },
            "heading": 1.7988121052011594,
            "speeds": {
                "vmax": 20.0
            },
            "type": 1,
            "driving_direction": 1,
            "id": "1009_2",
            "lane_type": 1
        },
        {
            "pos": {
                "x": 566918.6273383966,
                "y": 4317903.873041859,
                "yaw": 1.7988125400992718
            },
            "heading": 1.7988125400992718,
            "speeds": {
                "vmax": 20.0
            },
            "type": 1,
            "driving_direction": 1,
            "id": "1009_2",
            "lane_type": 1
        },
        {
            "pos": {
                "x": 566918.5129074987,
                "y": 4317904.366168674,
                "yaw": 1.7988123764103632
            },
            "heading": 1.7988123764103632,
            "speeds": {
                "vmax": 20.0
            },
            "type": 1,
            "driving_direction": 1,
            "id": "1009_2",
            "lane_type": 1
        },
        {
            "pos": {
                "x": 566918.3984871174,
                "y": 4317904.859250168,
                "yaw": 1.7988123594064136
            },
            "heading": 1.7988123594064136,
            "speeds": {
                "vmax": 20.0
            },
            "type": 1,
            "driving_direction": 1,
            "id": "1008_2",
            "lane_type": 1
        },
        {
            "pos": {
                "x": 566918.2874517462,
                "y": 4317905.3377443515,
                "yaw": 1.7988124097099882
            },
            "heading": 1.7988124097099882,
            "speeds": {
                "vmax": 20.0
            },
            "type": 1,
            "driving_direction": 1,
            "id": "1008_2",
            "lane_type": 1
        },
        {
            "pos": {
                "x": 566918.176408332,
                "y": 4317905.816273194,
                "yaw": 1.7988123065359483
            },
            "heading": 1.7988123065359483,
            "speeds": {
                "vmax": 20.0
            },
            "type": 1,
            "driving_direction": 1,
            "id": "1008_2",
            "lane_type": 1
        },
        {
            "pos": {
                "x": 566918.0653657422,
                "y": 4317906.294798484,
                "yaw": 1.798812354731213
            },
            "heading": 1.798812354731213,
            "speeds": {
                "vmax": 20.0
            },
            "type": 1,
            "driving_direction": 1,
            "id": "1008_2",
            "lane_type": 1
        },
        {
            "pos": {
                "x": 566917.9543194838,
                "y": 4317906.7733395845,
                "yaw": 1.798812555974552
            },
            "heading": 1.798812555974552,
            "speeds": {
                "vmax": 20.0
            },
            "type": 1,
            "driving_direction": 1,
            "id": "1008_2",
            "lane_type": 1
        },
        {
            "pos": {
                "x": 566917.8432740483,
                "y": 4317907.251877138,
                "yaw": 1.798812389402704
            },
            "heading": 1.798812389402704,
            "speeds": {
                "vmax": 20.0
            },
            "type": 1,
            "driving_direction": 1,
            "id": "1008_2",
            "lane_type": 1
        },
        {
            "pos": {
                "x": 566917.7322322425,
                "y": 4317907.73039905,
                "yaw": 1.79881257754856
            },
            "heading": 1.79881257754856,
            "speeds": {
                "vmax": 20.0
            },
            "type": 1,
            "driving_direction": 1,
            "id": "1008_2",
            "lane_type": 1
        },
        {
            "pos": {
                "x": 566917.6211875267,
                "y": 4317908.208933502,
                "yaw": 1.7988123078007374
            },
            "heading": 1.7988123078007374,
            "speeds": {
                "vmax": 20.0
            },
            "type": 1,
            "driving_direction": 1,
            "id": "1008_2",
            "lane_type": 1
        },
        {
            "pos": {
                "x": 566917.5101427514,
                "y": 4317908.68746821,
                "yaw": 1.798812319217187
            },
            "heading": 1.798812319217187,
            "speeds": {
                "vmax": 20.0
            },
            "type": 1,
            "driving_direction": 1,
            "id": "1008_2",
            "lane_type": 1
        },
        {
            "pos": {
                "x": 566917.399099003,
                "y": 4317909.165998493,
                "yaw": 1.7988125665512664
            },
            "heading": 1.7988125665512664,
            "speeds": {
                "vmax": 20.0
            },
            "type": 1,
            "driving_direction": 1,
            "id": "1008_2",
            "lane_type": 1
        },
        {
            "pos": {
                "x": 566917.2880541579,
                "y": 4317909.644533504,
                "yaw": 1.7988121780040498
            },
            "heading": 1.7988121780040498,
            "speeds": {
                "vmax": 20.0
            },
            "type": 1,
            "driving_direction": 1,
            "id": "1008_2",
            "lane_type": 1
        },
        {
            "pos": {
                "x": 566917.1770103788,
                "y": 4317910.123063918,
                "yaw": 1.7988122841247203
            },
            "heading": 1.7988122841247203,
            "speeds": {
                "vmax": 20.0
            },
            "type": 1,
            "driving_direction": 1,
            "id": "1008_2",
            "lane_type": 1
        },
        {
            "pos": {
                "x": 566917.0659651364,
                "y": 4317910.6016006395,
                "yaw": 1.798812331898161
            },
            "heading": 1.798812331898161,
            "speeds": {
                "vmax": 20.0
            },
            "type": 1,
            "driving_direction": 1,
            "id": "1008_2",
            "lane_type": 1
        },
        {
            "pos": {
                "x": 566916.9549195038,
                "y": 4317911.080139043,
                "yaw": 1.7988125048379506
            },
            "heading": 1.7988125048379506,
            "speeds": {
                "vmax": 20.0
            },
            "type": 1,
            "driving_direction": 1,
            "id": "1008_2",
            "lane_type": 1
        },
        {
            "pos": {
                "x": 566916.8438840768,
                "y": 4317911.558633465,
                "yaw": 1.798856121513827
            },
            "heading": 1.798856121513827,
            "speeds": {
                "vmax": 20.0
            },
            "type": 1,
            "driving_direction": 1,
            "id": "1007_2",
            "lane_type": 1
        },
        {
            "pos": {
                "x": 566916.7308911285,
                "y": 4317912.04546671,
                "yaw": 1.7988776196704972
            },
            "heading": 1.7988776196704972,
            "speeds": {
                "vmax": 20.0
            },
            "type": 1,
            "driving_direction": 1,
            "id": "1007_2",
            "lane_type": 1
        },
        {
            "pos": {
                "x": 566916.617873729,
                "y": 4317912.532310592,
                "yaw": 1.7988826325170197
            },
            "heading": 1.7988826325170197,
            "speeds": {
                "vmax": 20.0
            },
            "type": 1,
            "driving_direction": 1,
            "id": "1007_2",
            "lane_type": 1
        },
        {
            "pos": {
                "x": 566916.5048725086,
                "y": 4317913.019158032,
                "yaw": 1.798817944862502
            },
            "heading": 1.798817944862502,
            "speeds": {
                "vmax": 20.0
            },
            "type": 1,
            "driving_direction": 1,
            "id": "1007_2",
            "lane_type": 1
        },
        {
            "pos": {
                "x": 566916.3919164229,
                "y": 4317913.506023961,
                "yaw": 1.7987047749937979
            },
            "heading": 1.7987047749937979,
            "speeds": {
                "vmax": 20.0
            },
            "type": 1,
            "driving_direction": 1,
            "id": "1007_2",
            "lane_type": 1
        },
        {
            "pos": {
                "x": 566916.2790263784,
                "y": 4317913.99289053,
                "yaw": 1.7985792889253678
            },
            "heading": 1.7985792889253678,
            "speeds": {
                "vmax": 20.0
            },
            "type": 1,
            "driving_direction": 1,
            "id": "1007_2",
            "lane_type": 1
        },
        {
            "pos": {
                "x": 566916.16619214,
                "y": 4317914.4797883835,
                "yaw": 1.7984753009690475
            },
            "heading": 1.7984753009690475,
            "speeds": {
                "vmax": 20.0
            },
            "type": 1,
            "driving_direction": 1,
            "id": "1007_2",
            "lane_type": 1
        },
        {
            "pos": {
                "x": 566916.0534024783,
                "y": 4317914.966679759,
                "yaw": 1.7984058187515972
            },
            "heading": 1.7984058187515972,
            "speeds": {
                "vmax": 20.0
            },
            "type": 1,
            "driving_direction": 1,
            "id": "1007_2",
            "lane_type": 1
        },
        {
            "pos": {
                "x": 566915.9406369802,
                "y": 4317915.453589985,
                "yaw": 1.7983599130566976
            },
            "heading": 1.7983599130566976,
            "speeds": {
                "vmax": 20.0
            },
            "type": 1,
            "driving_direction": 1,
            "id": "1007_2",
            "lane_type": 1
        },
        {
            "pos": {
                "x": 566915.8278896061,
                "y": 4317915.940502375,
                "yaw": 1.7983311692598567
            },
            "heading": 1.7983311692598567,
            "speeds": {
                "vmax": 20.0
            },
            "type": 1,
            "driving_direction": 1,
            "id": "1007_2",
            "lane_type": 1
        },
        {
            "pos": {
                "x": 566915.71515238,
                "y": 4317916.427419034,
                "yaw": 1.7983156327959688
            },
            "heading": 1.7983156327959688,
            "speeds": {
                "vmax": 20.0
            },
            "type": 1,
            "driving_direction": 1,
            "id": "1007_2",
            "lane_type": 1
        },
        {
            "pos": {
                "x": 566915.6024205626,
                "y": 4317916.914333465,
                "yaw": 1.7983112352668529
            },
            "heading": 1.7983112352668529,
            "speeds": {
                "vmax": 20.0
            },
            "type": 1,
            "driving_direction": 1,
            "id": "1007_2",
            "lane_type": 1
        },
        {
            "pos": {
                "x": 566915.4896870358,
                "y": 4317917.401251592,
                "yaw": 1.7983187843108053
            },
            "heading": 1.7983187843108053,
            "speeds": {
                "vmax": 20.0
            },
            "type": 1,
            "driving_direction": 1,
            "id": "1007_2",
            "lane_type": 1
        },
        {
            "pos": {
                "x": 566915.3769472628,
                "y": 4317917.888167832,
                "yaw": 1.7983379966930555
            },
            "heading": 1.7983379966930555,
            "speeds": {
                "vmax": 20.0
            },
            "type": 1,
            "driving_direction": 1,
            "id": "1007_2",
            "lane_type": 1
        },
        {
            "pos": {
                "x": 566915.2642013323,
                "y": 4317918.375053658,
                "yaw": 1.7983686414937174
            },
            "heading": 1.7983686414937174,
            "speeds": {
                "vmax": 20.0
            },
            "type": 1,
            "driving_direction": 1,
            "id": "1006_2",
            "lane_type": 1
        },
        {
            "pos": {
                "x": 566915.1522504743,
                "y": 4317918.858466953,
                "yaw": 1.7983689403303023
            },
            "heading": 1.7983689403303023,
            "speeds": {
                "vmax": 20.0
            },
            "type": 1,
            "driving_direction": 1,
            "id": "1006_2",
            "lane_type": 1
        },
        {
            "pos": {
                "x": 566915.0402915071,
                "y": 4317919.341915265,
                "yaw": 1.7983688405014633
            },
            "heading": 1.7983688405014633,
            "speeds": {
                "vmax": 20.0
            },
            "type": 1,
            "driving_direction": 1,
            "id": "1006_2",
            "lane_type": 1
        },
        {
            "pos": {
                "x": 566914.9283333714,
                "y": 4317919.825359985,
                "yaw": 1.798368987356161
            },
            "heading": 1.798368987356161,
            "speeds": {
                "vmax": 20.0
            },
            "type": 1,
            "driving_direction": 1,
            "id": "1006_2",
            "lane_type": 1
        },
        {
            "pos": {
                "x": 566914.8163715365,
                "y": 4317920.30882068,
                "yaw": 1.7983686565038182
            },
            "heading": 1.7983686565038182,
            "speeds": {
                "vmax": 20.0
            },
            "type": 1,
            "driving_direction": 1,
            "id": "1006_2",
            "lane_type": 1
        },
        {
            "pos": {
                "x": 566914.7044105313,
                "y": 4317920.792277791,
                "yaw": 1.7983686222361774
            },
            "heading": 1.7983686222361774,
            "speeds": {
                "vmax": 20.0
            },
            "type": 1,
            "driving_direction": 1,
            "id": "1006_2",
            "lane_type": 1
        },
        {
            "pos": {
                "x": 566914.5924531859,
                "y": 4317921.2757191,
                "yaw": 1.7983688886024118
            },
            "heading": 1.7983688886024118,
            "speeds": {
                "vmax": 20.0
            },
            "type": 1,
            "driving_direction": 1,
            "id": "1006_2",
            "lane_type": 1
        },
        {
            "pos": {
                "x": 566914.4804929064,
                "y": 4317921.7591730775,
                "yaw": 1.7983687209923478
            },
            "heading": 1.7983687209923478,
            "speeds": {
                "vmax": 20.0
            },
            "type": 1,
            "driving_direction": 1,
            "id": "1006_2",
            "lane_type": 1
        },
        {
            "pos": {
                "x": 566914.368532567,
                "y": 4317922.242627313,
                "yaw": 1.7983686488411206
            },
            "heading": 1.7983686488411206,
            "speeds": {
                "vmax": 20.0
            },
            "type": 1,
            "driving_direction": 1,
            "id": "1006_2",
            "lane_type": 1
        },
        {
            "pos": {
                "x": 566914.2565732629,
                "y": 4317922.72607708,
                "yaw": 1.7983688120861372
            },
            "heading": 1.7983688120861372,
            "speeds": {
                "vmax": 20.0
            },
            "type": 1,
            "driving_direction": 1,
            "id": "1006_2",
            "lane_type": 1
        },
        {
            "pos": {
                "x": 566914.144612853,
                "y": 4317923.209531621,
                "yaw": 1.798368963306105
            },
            "heading": 1.798368963306105,
            "speeds": {
                "vmax": 20.0
            },
            "type": 1,
            "driving_direction": 1,
            "id": "1006_2",
            "lane_type": 1
        },
        {
            "pos": {
                "x": 566914.032653518,
                "y": 4317923.692981521,
                "yaw": 1.798368684916809
            },
            "heading": 1.798368684916809,
            "speeds": {
                "vmax": 20.0
            },
            "type": 1,
            "driving_direction": 1,
            "id": "1006_2",
            "lane_type": 1
        },
        {
            "pos": {
                "x": 566913.9206927074,
                "y": 4317924.176437792,
                "yaw": 1.7983688988147712
            },
            "heading": 1.7983688988147712,
            "speeds": {
                "vmax": 20.0
            },
            "type": 1,
            "driving_direction": 1,
            "id": "1006_2",
            "lane_type": 1
        },
        {
            "pos": {
                "x": 566913.8087315038,
                "y": 4317924.659895761,
                "yaw": 1.798368422162278
            },
            "heading": 1.798368422162278,
            "speeds": {
                "vmax": 20.0
            },
            "type": 1,
            "driving_direction": 1,
            "id": "1006_2",
            "lane_type": 1
        },
        {
            "pos": {
                "x": 566913.6967805895,
                "y": 4317925.143309298,
                "yaw": 1.7983687488389912
            },
            "heading": 1.7983687488389912,
            "speeds": {
                "vmax": 20.0
            },
            "type": 1,
            "driving_direction": 1,
            "id": "1004_2",
            "lane_type": 1
        },
        {
            "pos": {
                "x": 566913.5840290509,
                "y": 4317925.630180003,
                "yaw": 1.798368883456829
            },
            "heading": 1.798368883456829,
            "speeds": {
                "vmax": 20.0
            },
            "type": 1,
            "driving_direction": 1,
            "id": "1004_2",
            "lane_type": 1
        },
        {
            "pos": {
                "x": 566913.4712693449,
                "y": 4317926.117085975,
                "yaw": 1.7983688892622607
            },
            "heading": 1.7983688892622607,
            "speeds": {
                "vmax": 20.0
            },
            "type": 1,
            "driving_direction": 1,
            "id": "1004_2",
            "lane_type": 1
        },
        {
            "pos": {
                "x": 566913.3585104763,
                "y": 4317926.603988329,
                "yaw": 1.7983687919450382
            },
            "heading": 1.7983687919450382,
            "speeds": {
                "vmax": 20.0
            },
            "type": 1,
            "driving_direction": 1,
            "id": "1004_2",
            "lane_type": 1
        },
        {
            "pos": {
                "x": 566913.2457478822,
                "y": 4317927.090906773,
                "yaw": 1.7983685444866002
            },
            "heading": 1.7983685444866002,
            "speeds": {
                "vmax": 20.0
            },
            "type": 1,
            "driving_direction": 1,
            "id": "1004_2",
            "lane_type": 1
        },
        {
            "pos": {
                "x": 566913.1329861238,
                "y": 4317927.577821606,
                "yaw": 1.798368903737029
            },
            "heading": 1.798368903737029,
            "speeds": {
                "vmax": 20.0
            },
            "type": 1,
            "driving_direction": 1,
            "id": "1004_2",
            "lane_type": 1
        },
        {
            "pos": {
                "x": 566913.0202280512,
                "y": 4317928.0647205245,
                "yaw": 1.7983687749342279
            },
            "heading": 1.7983687749342279,
            "speeds": {
                "vmax": 20.0
            },
            "type": 1,
            "driving_direction": 1,
            "id": "1004_2",
            "lane_type": 1
        },
        {
            "pos": {
                "x": 566912.9074670236,
                "y": 4317928.551632203,
                "yaw": 1.798368758661327
            },
            "heading": 1.798368758661327,
            "speeds": {
                "vmax": 20.0
            },
            "type": 1,
            "driving_direction": 1,
            "id": "1004_2",
            "lane_type": 1
        },
        {
            "pos": {
                "x": 566912.7947059358,
                "y": 4317929.038544142,
                "yaw": 1.7983686870225994
            },
            "heading": 1.7983686870225994,
            "speeds": {
                "vmax": 20.0
            },
            "type": 1,
            "driving_direction": 1,
            "id": "1004_2",
            "lane_type": 1
        },
        {
            "pos": {
                "x": 566912.6819458904,
                "y": 4317929.525451578,
                "yaw": 1.7983685488166372
            },
            "heading": 1.7983685488166372,
            "speeds": {
                "vmax": 20.0
            },
            "type": 1,
            "driving_direction": 1,
            "id": "1004_2",
            "lane_type": 1
        },
        {
            "pos": {
                "x": 566912.5691847315,
                "y": 4317930.012363824,
                "yaw": 1.7983685488166372
            },
            "heading": 1.7983685488166372,
            "speeds": {
                "vmax": 20.0
            },
            "type": 1,
            "driving_direction": 1,
            "id": "1004_2",
            "lane_type": 1
        },
        {
            "pos": {
                "x": 566912.4564246552,
                "y": 4317930.499271395,
                "yaw": 1.7983689540306234
            },
            "heading": 1.7983689540306234,
            "speeds": {
                "vmax": 20.0
            },
            "type": 1,
            "driving_direction": 1,
            "id": "1004_2",
            "lane_type": 1
        },
        {
            "pos": {
                "x": 566912.3436630928,
                "y": 4317930.986185383,
                "yaw": 1.798368715973855
            },
            "heading": 1.798368715973855,
            "speeds": {
                "vmax": 20.0
            },
            "type": 1,
            "driving_direction": 1,
            "id": "1004_2",
            "lane_type": 1
        },
        {
            "pos": {
                "x": 566912.2309011342,
                "y": 4317931.47310108,
                "yaw": 1.7983690625584654
            },
            "heading": 1.7983690625584654,
            "speeds": {
                "vmax": 20.0
            },
            "type": 1,
            "driving_direction": 1,
            "id": "1004_2",
            "lane_type": 1
        },
        {
            "pos": {
                "x": 566912.118149539,
                "y": 4317931.95997203,
                "yaw": 1.7983687328640976
            },
            "heading": 1.7983687328640976,
            "speeds": {
                "vmax": 20.0
            },
            "type": 1,
            "driving_direction": 1,
            "id": "1005_2",
            "lane_type": 1
        },
        {
            "pos": {
                "x": 566912.004288601,
                "y": 4317932.451633211,
                "yaw": 1.7983687411291662
            },
            "heading": 1.7983687411291662,
            "speeds": {
                "vmax": 20.0
            },
            "type": 1,
            "driving_direction": 1,
            "id": "1005_2",
            "lane_type": 1
        },
        {
            "pos": {
                "x": 566911.8904194153,
                "y": 4317932.943330009,
                "yaw": 1.798368735059055
            },
            "heading": 1.798368735059055,
            "speeds": {
                "vmax": 20.0
            },
            "type": 1,
            "driving_direction": 1,
            "id": "1005_2",
            "lane_type": 1
        },
        {
            "pos": {
                "x": 566911.7765510753,
                "y": 4317933.435023155,
                "yaw": 1.798368570262453
            },
            "heading": 1.798368570262453,
            "speeds": {
                "vmax": 20.0
            },
            "type": 1,
            "driving_direction": 1,
            "id": "1005_2",
            "lane_type": 1
        },
        {
            "pos": {
                "x": 566911.6626789728,
                "y": 4317933.926732547,
                "yaw": 1.7983685541509133
            },
            "heading": 1.7983685541509133,
            "speeds": {
                "vmax": 20.0
            },
            "type": 1,
            "driving_direction": 1,
            "id": "1005_2",
            "lane_type": 1
        },
        {
            "pos": {
                "x": 566911.5488077148,
                "y": 4317934.418438293,
                "yaw": 1.7983690467618976
            },
            "heading": 1.7983690467618976,
            "speeds": {
                "vmax": 20.0
            },
            "type": 1,
            "driving_direction": 1,
            "id": "1005_2",
            "lane_type": 1
        },
        {
            "pos": {
                "x": 566911.4349401784,
                "y": 4317934.910127968,
                "yaw": 1.7983686218454202
            },
            "heading": 1.7983686218454202,
            "speeds": {
                "vmax": 20.0
            },
            "type": 1,
            "driving_direction": 1,
            "id": "1005_2",
            "lane_type": 1
        },
        {
            "pos": {
                "x": 566911.321069658,
                "y": 4317935.401830528,
                "yaw": 1.7983686859859713
            },
            "heading": 1.7983686859859713,
            "speeds": {
                "vmax": 20.0
            },
            "type": 1,
            "driving_direction": 1,
            "id": "1005_2",
            "lane_type": 1
        },
        {
            "pos": {
                "x": 566911.2071990769,
                "y": 4317935.893533351,
                "yaw": 1.7983688439813315
            },
            "heading": 1.7983688439813315,
            "speeds": {
                "vmax": 20.0
            },
            "type": 1,
            "driving_direction": 1,
            "id": "1005_2",
            "lane_type": 1
        },
        {
            "pos": {
                "x": 566911.0933295485,
                "y": 4317936.385231629,
                "yaw": 1.7983688558047233
            },
            "heading": 1.7983688558047233,
            "speeds": {
                "vmax": 20.0
            },
            "type": 1,
            "driving_direction": 1,
            "id": "1005_2",
            "lane_type": 1
        },
        {
            "pos": {
                "x": 566910.9794588955,
                "y": 4317936.876934761,
                "yaw": 1.7983686952982263
            },
            "heading": 1.7983686952982263,
            "speeds": {
                "vmax": 20.0
            },
            "type": 1,
            "driving_direction": 1,
            "id": "1005_2",
            "lane_type": 1
        },
        {
            "pos": {
                "x": 566910.8655893358,
                "y": 4317937.368633173,
                "yaw": 1.7983687991983208
            },
            "heading": 1.7983687991983208,
            "speeds": {
                "vmax": 20.0
            },
            "type": 1,
            "driving_direction": 1,
            "id": "1005_2",
            "lane_type": 1
        },
        {
            "pos": {
                "x": 566910.7517182754,
                "y": 4317937.860338066,
                "yaw": 1.7983690213305201
            },
            "heading": 1.7983690213305201,
            "speeds": {
                "vmax": 20.0
            },
            "type": 1,
            "driving_direction": 1,
            "id": "1005_2",
            "lane_type": 1
        },
        {
            "pos": {
                "x": 566910.637846815,
                "y": 4317938.352044685,
                "yaw": 1.798368689543131
            },
            "heading": 1.798368689543131,
            "speeds": {
                "vmax": 20.0
            },
            "type": 1,
            "driving_direction": 1,
            "id": "1005_2",
            "lane_type": 1
        },
        {
            "pos": {
                "x": 566910.5239858199,
                "y": 4317938.843706116,
                "yaw": 1.7983661653953904
            },
            "heading": 1.7983661653953904,
            "speeds": {
                "vmax": 20.0
            },
            "type": 1,
            "driving_direction": 1,
            "id": "1003_2",
            "lane_type": 1
        },
        {
            "pos": {
                "x": 566910.4112187434,
                "y": 4317939.330823747,
                "yaw": 1.7983661653953904
            },
            "heading": 1.7983661653953904,
            "speeds": {
                "vmax": 20.0
            },
            "type": 1,
            "driving_direction": 1,
            "id": "1003_2",
            "lane_type": 1
        },
        {
            "pos": {
                "x": 566910.298451667,
                "y": 4317939.817941378,
                "yaw": 1.7983661653953904
            },
            "heading": 1.7983661653953904,
            "speeds": {
                "vmax": 20.0
            },
            "type": 1,
            "driving_direction": 1,
            "id": "1003_2",
            "lane_type": 1
        },
        {
            "pos": {
                "x": 566910.1856845905,
                "y": 4317940.305059009,
                "yaw": 1.7983661653953904
            },
            "heading": 1.7983661653953904,
            "speeds": {
                "vmax": 20.0
            },
            "type": 1,
            "driving_direction": 1,
            "id": "1003_2",
            "lane_type": 1
        },
        {
            "pos": {
                "x": 566910.072917514,
                "y": 4317940.792176641,
                "yaw": 1.7983661653953904
            },
            "heading": 1.7983661653953904,
            "speeds": {
                "vmax": 20.0
            },
            "type": 1,
            "driving_direction": 1,
            "id": "1003_2",
            "lane_type": 1
        },
        {
            "pos": {
                "x": 566909.9601504375,
                "y": 4317941.279294271,
                "yaw": 1.7983661653953904
            },
            "heading": 1.7983661653953904,
            "speeds": {
                "vmax": 20.0
            },
            "type": 1,
            "driving_direction": 1,
            "id": "1003_2",
            "lane_type": 1
        },
        {
            "pos": {
                "x": 566909.847383361,
                "y": 4317941.766411902,
                "yaw": 1.7983661653953904
            },
            "heading": 1.7983661653953904,
            "speeds": {
                "vmax": 20.0
            },
            "type": 1,
            "driving_direction": 1,
            "id": "1003_2",
            "lane_type": 1
        },
        {
            "pos": {
                "x": 566909.7346162845,
                "y": 4317942.253529534,
                "yaw": 1.7983661653953904
            },
            "heading": 1.7983661653953904,
            "speeds": {
                "vmax": 20.0
            },
            "type": 1,
            "driving_direction": 1,
            "id": "1003_2",
            "lane_type": 1
        },
        {
            "pos": {
                "x": 566909.621849208,
                "y": 4317942.740647164,
                "yaw": 1.7983661653953904
            },
            "heading": 1.7983661653953904,
            "speeds": {
                "vmax": 20.0
            },
            "type": 1,
            "driving_direction": 1,
            "id": "1003_2",
            "lane_type": 1
        },
        {
            "pos": {
                "x": 566909.5090821316,
                "y": 4317943.2277647955,
                "yaw": 1.7983661653953904
            },
            "heading": 1.7983661653953904,
            "speeds": {
                "vmax": 20.0
            },
            "type": 1,
            "driving_direction": 1,
            "id": "1003_2",
            "lane_type": 1
        },
        {
            "pos": {
                "x": 566909.3963150551,
                "y": 4317943.714882426,
                "yaw": 1.7983661653953904
            },
            "heading": 1.7983661653953904,
            "speeds": {
                "vmax": 20.0
            },
            "type": 1,
            "driving_direction": 1,
            "id": "1003_2",
            "lane_type": 1
        },
        {
            "pos": {
                "x": 566909.2835479786,
                "y": 4317944.202000057,
                "yaw": 1.7983661653953904
            },
            "heading": 1.7983661653953904,
            "speeds": {
                "vmax": 20.0
            },
            "type": 1,
            "driving_direction": 1,
            "id": "1003_2",
            "lane_type": 1
        },
        {
            "pos": {
                "x": 566909.1707809021,
                "y": 4317944.689117689,
                "yaw": 1.7983661653953904
            },
            "heading": 1.7983661653953904,
            "speeds": {
                "vmax": 20.0
            },
            "type": 1,
            "driving_direction": 1,
            "id": "1003_2",
            "lane_type": 1
        },
        {
            "pos": {
                "x": 566909.0580138257,
                "y": 4317945.176235319,
                "yaw": 1.7983661653953904
            },
            "heading": 1.7983661653953904,
            "speeds": {
                "vmax": 20.0
            },
            "type": 1,
            "driving_direction": 1,
            "id": "1003_2",
            "lane_type": 1
        },
        {
            "pos": {
                "x": 566908.9452467492,
                "y": 4317945.6633529505,
                "yaw": 1.7983661653953904
            },
            "heading": 1.7983661653953904,
            "speeds": {
                "vmax": 20.0
            },
            "type": 1,
            "driving_direction": 1,
            "id": "1003_2",
            "lane_type": 1
        },
        {
            "pos": {
                "x": 566908.8324796727,
                "y": 4317946.150470582,
                "yaw": 1.7983661653953904
            },
            "heading": 1.7983661653953904,
            "speeds": {
                "vmax": 20.0
            },
            "type": 1,
            "driving_direction": 1,
            "id": "1003_2",
            "lane_type": 1
        },
        {
            "pos": {
                "x": 566908.7197125963,
                "y": 4317946.637588212,
                "yaw": 1.7983661653953904
            },
            "heading": 1.7983661653953904,
            "speeds": {
                "vmax": 20.0
            },
            "type": 1,
            "driving_direction": 1,
            "id": "1003_2",
            "lane_type": 1
        },
        {
            "pos": {
                "x": 566908.6069455197,
                "y": 4317947.124705844,
                "yaw": 1.7983661653953904
            },
            "heading": 1.7983661653953904,
            "speeds": {
                "vmax": 20.0
            },
            "type": 1,
            "driving_direction": 1,
            "id": "1003_2",
            "lane_type": 1
        },
        {
            "pos": {
                "x": 566908.4941784432,
                "y": 4317947.611823475,
                "yaw": 1.7983661653953904
            },
            "heading": 1.7983661653953904,
            "speeds": {
                "vmax": 20.0
            },
            "type": 1,
            "driving_direction": 1,
            "id": "1003_2",
            "lane_type": 1
        },
        {
            "pos": {
                "x": 566908.3814113667,
                "y": 4317948.098941105,
                "yaw": 1.7983661653953904
            },
            "heading": 1.7983661653953904,
            "speeds": {
                "vmax": 20.0
            },
            "type": 1,
            "driving_direction": 1,
            "id": "1003_2",
            "lane_type": 1
        },
        {
            "pos": {
                "x": 566908.2686442903,
                "y": 4317948.586058737,
                "yaw": 1.7983661653953904
            },
            "heading": 1.7983661653953904,
            "speeds": {
                "vmax": 20.0
            },
            "type": 1,
            "driving_direction": 1,
            "id": "1003_2",
            "lane_type": 1
        },
        {
            "pos": {
                "x": 566908.1558772138,
                "y": 4317949.073176368,
                "yaw": 1.7983661653953904
            },
            "heading": 1.7983661653953904,
            "speeds": {
                "vmax": 20.0
            },
            "type": 1,
            "driving_direction": 1,
            "id": "1003_2",
            "lane_type": 1
        },
        {
            "pos": {
                "x": 566908.0431101373,
                "y": 4317949.560293999,
                "yaw": 1.7983661653953904
            },
            "heading": 1.7983661653953904,
            "speeds": {
                "vmax": 20.0
            },
            "type": 1,
            "driving_direction": 1,
            "id": "1003_2",
            "lane_type": 1
        },
        {
            "pos": {
                "x": 566907.9303430609,
                "y": 4317950.04741163,
                "yaw": 1.7983661653953904
            },
            "heading": 1.7983661653953904,
            "speeds": {
                "vmax": 20.0
            },
            "type": 1,
            "driving_direction": 1,
            "id": "1003_2",
            "lane_type": 1
        },
        {
            "pos": {
                "x": 566907.8175759844,
                "y": 4317950.534529261,
                "yaw": 1.7983661653953904
            },
            "heading": 1.7983661653953904,
            "speeds": {
                "vmax": 20.0
            },
            "type": 1,
            "driving_direction": 1,
            "id": "1003_2",
            "lane_type": 1
        },
        {
            "pos": {
                "x": 566907.7048089079,
                "y": 4317951.021646892,
                "yaw": 1.7983661653953904
            },
            "heading": 1.7983661653953904,
            "speeds": {
                "vmax": 20.0
            },
            "type": 1,
            "driving_direction": 1,
            "id": "1003_2",
            "lane_type": 1
        },
        {
            "pos": {
                "x": 566907.5920418315,
                "y": 4317951.508764523,
                "yaw": 1.7983661653953904
            },
            "heading": 1.7983661653953904,
            "speeds": {
                "vmax": 20.0
            },
            "type": 1,
            "driving_direction": 1,
            "id": "1003_2",
            "lane_type": 1
        },
        {
            "pos": {
                "x": 566907.4792747549,
                "y": 4317951.9958821535,
                "yaw": 1.7983661653953904
            },
            "heading": 1.7983661653953904,
            "speeds": {
                "vmax": 20.0
            },
            "type": 1,
            "driving_direction": 1,
            "id": "1003_2",
            "lane_type": 1
        },
        {
            "pos": {
                "x": 566907.3665076784,
                "y": 4317952.482999785,
                "yaw": 1.7983661653953904
            },
            "heading": 1.7983661653953904,
            "speeds": {
                "vmax": 20.0
            },
            "type": 1,
            "driving_direction": 1,
            "id": "1003_2",
            "lane_type": 1
        },
        {
            "pos": {
                "x": 566907.2537406019,
                "y": 4317952.970117416,
                "yaw": 1.7983661653953904
            },
            "heading": 1.7983661653953904,
            "speeds": {
                "vmax": 20.0
            },
            "type": 1,
            "driving_direction": 1,
            "id": "1003_2",
            "lane_type": 1
        },
        {
            "pos": {
                "x": 566907.1409735255,
                "y": 4317953.457235047,
                "yaw": 1.7983661653953904
            },
            "heading": 1.7983661653953904,
            "speeds": {
                "vmax": 20.0
            },
            "type": 1,
            "driving_direction": 1,
            "id": "1003_2",
            "lane_type": 1
        },
        {
            "pos": {
                "x": 566907.028206449,
                "y": 4317953.944352678,
                "yaw": 1.7983661653953904
            },
            "heading": 1.7983661653953904,
            "speeds": {
                "vmax": 20.0
            },
            "type": 1,
            "driving_direction": 1,
            "id": "1003_2",
            "lane_type": 1
        },
        {
            "pos": {
                "x": 566906.9154393725,
                "y": 4317954.431470309,
                "yaw": 1.7983661653953904
            },
            "heading": 1.7983661653953904,
            "speeds": {
                "vmax": 20.0
            },
            "type": 1,
            "driving_direction": 1,
            "id": "1003_2",
            "lane_type": 1
        },
        {
            "pos": {
                "x": 566906.8026722961,
                "y": 4317954.91858794,
                "yaw": 1.7983661653953904
            },
            "heading": 1.7983661653953904,
            "speeds": {
                "vmax": 20.0
            },
            "type": 1,
            "driving_direction": 1,
            "id": "1003_2",
            "lane_type": 1
        },
        {
            "pos": {
                "x": 566906.6899052196,
                "y": 4317955.405705571,
                "yaw": 1.7983661653953904
            },
            "heading": 1.7983661653953904,
            "speeds": {
                "vmax": 20.0
            },
            "type": 1,
            "driving_direction": 1,
            "id": "1003_2",
            "lane_type": 1
        },
        {
            "pos": {
                "x": 566906.5771381431,
                "y": 4317955.892823203,
                "yaw": 1.7983661653953904
            },
            "heading": 1.7983661653953904,
            "speeds": {
                "vmax": 20.0
            },
            "type": 1,
            "driving_direction": 1,
            "id": "1003_2",
            "lane_type": 1
        },
        {
            "pos": {
                "x": 566906.4643710667,
                "y": 4317956.379940833,
                "yaw": 1.7983661653953904
            },
            "heading": 1.7983661653953904,
            "speeds": {
                "vmax": 20.0
            },
            "type": 1,
            "driving_direction": 1,
            "id": "1003_2",
            "lane_type": 1
        },
        {
            "pos": {
                "x": 566906.3516039902,
                "y": 4317956.867058464,
                "yaw": 1.7983661653953904
            },
            "heading": 1.7983661653953904,
            "speeds": {
                "vmax": 20.0
            },
            "type": 1,
            "driving_direction": 1,
            "id": "1003_2",
            "lane_type": 1
        },
        {
            "pos": {
                "x": 566906.2388369136,
                "y": 4317957.354176096,
                "yaw": 1.7983661653953904
            },
            "heading": 1.7983661653953904,
            "speeds": {
                "vmax": 20.0
            },
            "type": 1,
            "driving_direction": 1,
            "id": "1003_2",
            "lane_type": 1
        },
        {
            "pos": {
                "x": 566906.1260698371,
                "y": 4317957.841293726,
                "yaw": 1.7983661653953904
            },
            "heading": 1.7983661653953904,
            "speeds": {
                "vmax": 20.0
            },
            "type": 1,
            "driving_direction": 1,
            "id": "1003_2",
            "lane_type": 1
        },
        {
            "pos": {
                "x": 566906.0133027607,
                "y": 4317958.3284113575,
                "yaw": 1.7983661653953904
            },
            "heading": 1.7983661653953904,
            "speeds": {
                "vmax": 20.0
            },
            "type": 1,
            "driving_direction": 1,
            "id": "1003_2",
            "lane_type": 1
        },
        {
            "pos": {
                "x": 566905.9005356842,
                "y": 4317958.815528989,
                "yaw": 1.7983661653953904
            },
            "heading": 1.7983661653953904,
            "speeds": {
                "vmax": 20.0
            },
            "type": 1,
            "driving_direction": 1,
            "id": "1003_2",
            "lane_type": 1
        }
    ]
}