{
    "header": {
        "trans_id": "d5f80d99-9d5c-40b8-828d-2e1f341f6d4d"
    },
    "body": [
        {
            "self_che": {
                "che_id": "A525",
                "dist": 14.528598401084075,
                "che_x": 566899.0487351303,
                "che_y": 4318007.79887025,
                "che_yaw": 1.7988718742379732,
                "stop_x": 566895.7767033494,
                "stop_y": 4318021.895510708,
                "navi_id": "A525_41b6fa37-5318-418a-9e7d-fb04e9dd7cf1_1"
            },
            "other_che": {
                "che_id": "A534",
                "dist": 0,
                "che_x": 566890.8607548424,
                "che_y": 4318025.905934776,
                "che_yaw": 1.6575431013387232,
                "stop_x": 566890.8607548424,
                "stop_y": 4318025.905934776,
                "navi_id": "A534_4ff79132-dac8-4a92-a770-b00c1812a337_1020"
            }
        },
        {
            "self_che": {
                "che_id": "A525",
                "dist": 0,
                "che_x": 566899.0487351303,
                "che_y": 4318007.79887025,
                "che_yaw": 1.7988718742379732,
                "stop_x": 566899.0487351303,
                "stop_y": 4318007.79887025,
                "navi_id": "A525_41b6fa37-5318-418a-9e7d-fb04e9dd7cf1_1"
            },
            "other_che": {
                "che_id": "A523",
                "dist": 18.60691438381317,
                "che_x": 566906.9332842262,
                "che_y": 4317973.83047972,
                "che_yaw": 1.79887187339709,
                "stop_x": 566902.7261993163,
                "stop_y": 4317991.955536947,
                "navi_id": "A523_155bbbb3-aa60-44e4-a63e-65eb6ca3ec4c_7"
            }
        },
        {
            "self_che": {
                "che_id": "A525",
                "dist": 0,
                "che_x": 566899.0487351303,
                "che_y": 4318007.79887025,
                "che_yaw": 1.7988718742379732,
                "stop_x": 566899.0487351303,
                "stop_y": 4318007.79887025,
                "navi_id": "A525_41b6fa37-5318-418a-9e7d-fb04e9dd7cf1_1"
            },
            "other_che": {
                "che_id": "A522",
                "dist": 53.12190463239793,
                "che_x": 566914.7372377458,
                "che_y": 4317940.209312856,
                "che_yaw": 1.7988718624554458,
                "stop_x": 566902.7261993163,
                "stop_y": 4317991.955536947,
                "navi_id": "A522_7f88f53f-60b7-47c9-8205-f4db89831930_5"
            }
        },
        {
            "self_che": {
                "che_id": "A525",
                "dist": 31.687505144746524,
                "che_x": 566899.0487351303,
                "che_y": 4318007.79887025,
                "che_yaw": 1.7988718742379732,
                "stop_x": 566891.9865271376,
                "stop_y": 4318038.630258154,
                "navi_id": "A525_41b6fa37-5318-418a-9e7d-fb04e9dd7cf1_1"
            },
            "other_che": {
                "che_id": "A527",
                "dist": 20.3493858813115,
                "che_x": 566887.4213634066,
                "che_y": 4318018.990709226,
                "che_yaw": 1.7776481452003206,
                "stop_x": 566885.9157852707,
                "stop_y": 4318039.217867643,
                "navi_id": "A527_0a36155e-a35e-4403-a160-f6302236c5da_10"
            }
        },
        {
            "self_che": {
                "che_id": "A534",
                "dist": 11.329257855553195,
                "che_x": 566890.8607548424,
                "che_y": 4318025.905934776,
                "che_yaw": 1.6575431013387232,
                "stop_x": 566890.5377975532,
                "stop_y": 4318037.2213167865,
                "navi_id": "A534_4ff79132-dac8-4a92-a770-b00c1812a337_1020"
            },
            "other_che": {
                "che_id": "A525",
                "dist": 14.528598401084075,
                "che_x": 566899.0487351303,
                "che_y": 4318007.79887025,
                "che_yaw": 1.7988718742379732,
                "stop_x": 566895.7767033494,
                "stop_y": 4318021.895510708,
                "navi_id": "A525_41b6fa37-5318-418a-9e7d-fb04e9dd7cf1_1"
            }
        },
        {
            "self_che": {
                "che_id": "A534",
                "dist": 16.144378795024444,
                "che_x": 566890.8607548424,
                "che_y": 4318025.905934776,
                "che_yaw": 1.6575431013387232,
                "stop_x": 566889.524096526,
                "stop_y": 4318041.8903087545,
                "navi_id": "A534_4ff79132-dac8-4a92-a770-b00c1812a337_1020"
            },
            "other_che": {
                "che_id": "A527",
                "dist": 16.095935431064046,
                "che_x": 566887.4213634066,
                "che_y": 4318018.990709226,
                "che_yaw": 1.7776481452003206,
                "stop_x": 566885.7127450944,
                "stop_y": 4318034.974730583,
                "navi_id": "A527_0a36155e-a35e-4403-a160-f6302236c5da_10"
            }
        },
        {
            "self_che": {
                "che_id": "A532",
                "dist": 0.22026879576241384,
                "che_x": 566902.9968025365,
                "che_y": 4317971.355160597,
                "che_yaw": 1.7982937127314693,
                "stop_x": 566903.046528034,
                "stop_y": 4317971.140577938,
                "navi_id": "A532_426614d6-040e-4f9f-8b51-4a756ba6c0ee_3"
            },
            "other_che": {
                "che_id": "A537",
                "dist": 12.19841242055832,
                "che_x": 566909.3515631343,
                "che_y": 4317943.908182074,
                "che_yaw": 1.7983627575060486,
                "stop_x": 566906.6899052196,
                "stop_y": 4317955.40570557,
                "navi_id": "A537_fb893711741d4d44a77a550c9678d1a6_28"
            }
        },
        {
            "self_che": {
                "che_id": "A532",
                "dist": 0.22026879576241384,
                "che_x": 566902.9968025365,
                "che_y": 4317971.355160597,
                "che_yaw": 1.7982937127314693,
                "stop_x": 566903.046528034,
                "stop_y": 4317971.140577938,
                "navi_id": "A532_426614d6-040e-4f9f-8b51-4a756ba6c0ee_3"
            },
            "other_che": {
                "che_id": "A535",
                "dist": 40.60612677159882,
                "che_x": 566915.8061301536,
                "che_y": 4317916.034831773,
                "che_yaw": 1.7984073740023736,
                "stop_x": 566906.6899052196,
                "stop_y": 4317955.40570557,
                "navi_id": "A535_7a80486c36184a479b310a1f12d7a83d_26"
            }
        },
        {
            "self_che": {
                "che_id": "A532",
                "dist": 0.22026879576241384,
                "che_x": 566902.9968025365,
                "che_y": 4317971.355160597,
                "che_yaw": 1.7982937127314693,
                "stop_x": 566903.046528034,
                "stop_y": 4317971.140577938,
                "navi_id": "A532_426614d6-040e-4f9f-8b51-4a756ba6c0ee_3"
            },
            "other_che": {
                "che_id": "A536",
                "dist": 68.0448146561186,
                "che_x": 566922.0513784812,
                "che_y": 4317889.11753402,
                "che_yaw": 1.7988124192556691,
                "stop_x": 566906.6899052196,
                "stop_y": 4317955.40570557,
                "navi_id": "A536_9fc466ada4a94058954264c4d172540a_16"
            }
        },
        {
            "self_che": {
                "che_id": "A532",
                "dist": 8.72026879523785,
                "che_x": 566902.9968025365,
                "che_y": 4317971.355160597,
                "che_yaw": 1.7982937127314693,
                "stop_x": 566901.1275682017,
                "stop_y": 4317979.421133062,
                "navi_id": "A532_426614d6-040e-4f9f-8b51-4a756ba6c0ee_3"
            },
            "other_che": {
                "che_id": "A533",
                "dist": 0,
                "che_x": 566895.0883246653,
                "che_y": 4318005.481550263,
                "che_yaw": 1.7982777889292245,
                "stop_x": 566895.0883246653,
                "stop_y": 4318005.481550263,
                "navi_id": "A533_54b59fc0-c6f0-455f-b18f-d771e9a50d51_1082"
            }
        },
        {
            "self_che": {
                "che_id": "A537",
                "dist": 12.698412420876334,
                "che_x": 566909.3515631343,
                "che_y": 4317943.908182074,
                "che_yaw": 1.7983627575060486,
                "stop_x": 566906.577138143,
                "stop_y": 4317955.892823203,
                "navi_id": "A537_fb893711741d4d44a77a550c9678d1a6_28"
            },
            "other_che": {
                "che_id": "A532",
                "dist": 0,
                "che_x": 566902.9968025365,
                "che_y": 4317971.355160597,
                "che_yaw": 1.7982937127314693,
                "stop_x": 566902.9968025365,
                "stop_y": 4317971.355160597,
                "navi_id": "A532_426614d6-040e-4f9f-8b51-4a756ba6c0ee_3"
            }
        },
        {
            "self_che": {
                "che_id": "A537",
                "dist": 0,
                "che_x": 566909.3515631343,
                "che_y": 4317943.908182074,
                "che_yaw": 1.7983627575060486,
                "stop_x": 566909.3515631343,
                "stop_y": 4317943.908182074,
                "navi_id": "A537_fb893711741d4d44a77a550c9678d1a6_28"
            },
            "other_che": {
                "che_id": "A535",
                "dist": 12.541871005320052,
                "che_x": 566915.8061301536,
                "che_y": 4317916.034831773,
                "che_yaw": 1.7984073740023736,
                "stop_x": 566913.0202280512,
                "stop_y": 4317928.0647205245,
                "navi_id": "A535_7a80486c36184a479b310a1f12d7a83d_26"
            }
        },
        {
            "self_che": {
                "che_id": "A537",
                "dist": 0,
                "che_x": 566909.3515631343,
                "che_y": 4317943.908182074,
                "che_yaw": 1.7983627575060486,
                "stop_x": 566909.3515631343,
                "stop_y": 4317943.908182074,
                "navi_id": "A537_fb893711741d4d44a77a550c9678d1a6_28"
            },
            "other_che": {
                "che_id": "A536",
                "dist": 39.980558889839855,
                "che_x": 566922.0513784812,
                "che_y": 4317889.11753402,
                "che_yaw": 1.7988124192556691,
                "stop_x": 566913.0202280512,
                "stop_y": 4317928.0647205245,
                "navi_id": "A536_9fc466ada4a94058954264c4d172540a_16"
            }
        },
        {
            "self_che": {
                "che_id": "A530",
                "dist": 36.19078986149097,
                "che_x": 566924.8058996778,
                "che_y": 4317857.838816618,
                "che_yaw": 1.7987997955575938,
                "stop_x": 566916.6255737026,
                "stop_y": 4317893.092972936,
                "navi_id": "A530_9e47c88cdbdf41e89a8510c2bcf4de39_11"
            },
            "other_che": {
                "che_id": "A526",
                "dist": 0,
                "che_x": 566912.0238388684,
                "che_y": 4317912.92471623,
                "che_yaw": 1.7988004344910271,
                "stop_x": 566912.0238388684,
                "stop_y": 4317912.92471623,
                "navi_id": "A526_2434366c-1401-4bd3-b490-281fed9d0e83_3"
            }
        },
        {
            "self_che": {
                "che_id": "A530",
                "dist": 1.1887398182976843,
                "che_x": 566924.8058996778,
                "che_y": 4317857.838816618,
                "che_yaw": 1.7987997955575938,
                "stop_x": 566924.5372117832,
                "stop_y": 4317858.996792943,
                "navi_id": "A530_9e47c88cdbdf41e89a8510c2bcf4de39_11"
            },
            "other_che": {
                "che_id": "A528",
                "dist": 0,
                "che_x": 566918.411735292,
                "che_y": 4317885.395283283,
                "che_yaw": 1.798800117056209,
                "stop_x": 566918.411735292,
                "stop_y": 4317885.395283283,
                "navi_id": "A528_218c90528bc94717912c65160e22dda7_15"
            }
        },
        {
            "self_che": {
                "che_id": "A523",
                "dist": 18.60691438381317,
                "che_x": 566906.9332842262,
                "che_y": 4317973.83047972,
                "che_yaw": 1.79887187339709,
                "stop_x": 566902.7261993163,
                "stop_y": 4317991.955536947,
                "navi_id": "A523_155bbbb3-aa60-44e4-a63e-65eb6ca3ec4c_7"
            },
            "other_che": {
                "che_id": "A525",
                "dist": 0,
                "che_x": 566899.0487351303,
                "che_y": 4318007.79887025,
                "che_yaw": 1.7988718742379732,
                "stop_x": 566899.0487351303,
                "stop_y": 4318007.79887025,
                "navi_id": "A525_41b6fa37-5318-418a-9e7d-fb04e9dd7cf1_1"
            }
        },
        {
            "self_che": {
                "che_id": "A523",
                "dist": 0,
                "che_x": 566906.9332842262,
                "che_y": 4317973.83047972,
                "che_yaw": 1.79887187339709,
                "stop_x": 566906.9332842262,
                "stop_y": 4317973.83047972,
                "navi_id": "A523_155bbbb3-aa60-44e4-a63e-65eb6ca3ec4c_7"
            },
            "other_che": {
                "che_id": "A522",
                "dist": 18.621904632381355,
                "che_x": 566914.7372377458,
                "che_y": 4317940.209312856,
                "che_yaw": 1.7988718624554458,
                "stop_x": 566910.5267634875,
                "stop_y": 4317958.348972132,
                "navi_id": "A522_7f88f53f-60b7-47c9-8205-f4db89831930_5"
            }
        },
        {
            "self_che": {
                "che_id": "A523",
                "dist": 0,
                "che_x": 566906.9332842262,
                "che_y": 4317973.83047972,
                "che_yaw": 1.79887187339709,
                "stop_x": 566906.9332842262,
                "stop_y": 4317973.83047972,
                "navi_id": "A523_155bbbb3-aa60-44e4-a63e-65eb6ca3ec4c_7"
            },
            "other_che": {
                "che_id": "A521",
                "dist": 53.468432180660834,
                "che_x": 566922.616152882,
                "che_y": 4317906.26519439,
                "che_yaw": 1.7988718298663022,
                "stop_x": 566910.5267634875,
                "stop_y": 4317958.348972132,
                "navi_id": "A521_f0a9510b-aace-43a5-a3b9-ad96acd2d27a_4"
            }
        },
        {
            "self_che": {
                "che_id": "A520",
                "dist": 8.05935935535205,
                "che_x": 566935.72001544,
                "che_y": 4317849.8108421685,
                "che_yaw": 1.7988718756818707,
                "stop_x": 566933.9078955636,
                "stop_y": 4317857.61785605,
                "navi_id": "A520_687324bdf4ea42f58f09c56184df80ec_12"
            },
            "other_che": {
                "che_id": "A524",
                "dist": 0,
                "che_x": 566929.389781185,
                "che_y": 4317877.082897022,
                "che_yaw": 1.7988718694020036,
                "stop_x": 566929.389781185,
                "stop_y": 4317877.082897022,
                "navi_id": "A524_3801f992-4dbb-44f3-863b-3f27a3ff3684_1"
            }
        },
        {
            "self_che": {
                "che_id": "A531",
                "dist": 0,
                "che_x": 566898.4002086668,
                "che_y": 4317971.660963653,
                "che_yaw": 1.7987956387118222,
                "stop_x": 566898.4002086668,
                "stop_y": 4317971.660963653,
                "navi_id": "A531_dc71e47d-b156-44fc-916f-3efbfdcb6f2a_7"
            },
            "other_che": {
                "che_id": "A526",
                "dist": 44.08737792428732,
                "che_x": 566912.0238388684,
                "che_y": 4317912.92471623,
                "che_yaw": 1.7988004344910271,
                "stop_x": 566902.061392537,
                "stop_y": 4317955.87173643,
                "navi_id": "A526_2434366c-1401-4bd3-b490-281fed9d0e83_3"
            }
        },
        {
            "self_che": {
                "che_id": "A531",
                "dist": 0,
                "che_x": 566898.4002086668,
                "che_y": 4317971.660963653,
                "che_yaw": 1.7987956387118222,
                "stop_x": 566898.4002086668,
                "stop_y": 4317971.660963653,
                "navi_id": "A531_dc71e47d-b156-44fc-916f-3efbfdcb6f2a_7"
            },
            "other_che": {
                "che_id": "A529",
                "dist": 18.6793064899037,
                "che_x": 566906.1998400296,
                "che_y": 4317938.02457799,
                "che_yaw": 1.7988001208321938,
                "stop_x": 566902.061392537,
                "stop_y": 4317955.87173643,
                "navi_id": "A529_01474ea7-670a-4b1c-ad9e-795638caa8e2_5"
            }
        },
        {
            "self_che": {
                "che_id": "A531",
                "dist": 32.70814498102765,
                "che_x": 566898.4002086668,
                "che_y": 4317971.660963653,
                "che_yaw": 1.7987956387118222,
                "stop_x": 566891.1060546124,
                "stop_y": 4318003.118223822,
                "navi_id": "A531_dc71e47d-b156-44fc-916f-3efbfdcb6f2a_7"
            },
            "other_che": {
                "che_id": "A527",
                "dist": 0,
                "che_x": 566887.4213634066,
                "che_y": 4318018.990709226,
                "che_yaw": 1.7776481452003206,
                "stop_x": 566887.4213634066,
                "stop_y": 4318018.990709226,
                "navi_id": "A527_0a36155e-a35e-4403-a160-f6302236c5da_10"
            }
        },
        {
            "self_che": {
                "che_id": "A522",
                "dist": 53.12190463239793,
                "che_x": 566914.7372377458,
                "che_y": 4317940.209312856,
                "che_yaw": 1.7988718624554458,
                "stop_x": 566902.7261993163,
                "stop_y": 4317991.955536947,
                "navi_id": "A522_7f88f53f-60b7-47c9-8205-f4db89831930_5"
            },
            "other_che": {
                "che_id": "A525",
                "dist": 0,
                "che_x": 566899.0487351303,
                "che_y": 4318007.79887025,
                "che_yaw": 1.7988718742379732,
                "stop_x": 566899.0487351303,
                "stop_y": 4318007.79887025,
                "navi_id": "A525_41b6fa37-5318-418a-9e7d-fb04e9dd7cf1_1"
            }
        },
        {
            "self_che": {
                "che_id": "A522",
                "dist": 18.621904632381355,
                "che_x": 566914.7372377458,
                "che_y": 4317940.209312856,
                "che_yaw": 1.7988718624554458,
                "stop_x": 566910.5267634875,
                "stop_y": 4317958.348972132,
                "navi_id": "A522_7f88f53f-60b7-47c9-8205-f4db89831930_5"
            },
            "other_che": {
                "che_id": "A523",
                "dist": 0,
                "che_x": 566906.9332842262,
                "che_y": 4317973.83047972,
                "che_yaw": 1.79887187339709,
                "stop_x": 566906.9332842262,
                "stop_y": 4317973.83047972,
                "navi_id": "A523_155bbbb3-aa60-44e4-a63e-65eb6ca3ec4c_7"
            }
        },
        {
            "self_che": {
                "che_id": "A522",
                "dist": 0,
                "che_x": 566914.7372377458,
                "che_y": 4317940.209312856,
                "che_yaw": 1.7988718624554458,
                "stop_x": 566914.7372377458,
                "stop_y": 4317940.209312856,
                "navi_id": "A522_7f88f53f-60b7-47c9-8205-f4db89831930_5"
            },
            "other_che": {
                "che_id": "A521",
                "dist": 18.916706087012443,
                "che_x": 566922.616152882,
                "che_y": 4317906.26519439,
                "che_yaw": 1.7988718298663022,
                "stop_x": 566918.3390230787,
                "stop_y": 4317924.692020753,
                "navi_id": "A521_f0a9510b-aace-43a5-a3b9-ad96acd2d27a_4"
            }
        },
        {
            "self_che": {
                "che_id": "A522",
                "dist": 0,
                "che_x": 566914.7372377458,
                "che_y": 4317940.209312856,
                "che_yaw": 1.7988718624554458,
                "stop_x": 566914.7372377458,
                "stop_y": 4317940.209312856,
                "navi_id": "A522_7f88f53f-60b7-47c9-8205-f4db89831930_5"
            },
            "other_che": {
                "che_id": "A524",
                "dist": 48.87481884529433,
                "che_x": 566929.389781185,
                "che_y": 4317877.082897022,
                "che_yaw": 1.7988718694020036,
                "stop_x": 566918.3390230787,
                "stop_y": 4317924.692020753,
                "navi_id": "A524_3801f992-4dbb-44f3-863b-3f27a3ff3684_1"
            }
        },
        {
            "self_che": {
                "che_id": "A521",
                "dist": 53.468432180660834,
                "che_x": 566922.616152882,
                "che_y": 4317906.26519439,
                "che_yaw": 1.7988718298663022,
                "stop_x": 566910.5267634875,
                "stop_y": 4317958.348972132,
                "navi_id": "A521_f0a9510b-aace-43a5-a3b9-ad96acd2d27a_4"
            },
            "other_che": {
                "che_id": "A523",
                "dist": 0,
                "che_x": 566906.9332842262,
                "che_y": 4317973.83047972,
                "che_yaw": 1.79887187339709,
                "stop_x": 566906.9332842262,
                "stop_y": 4317973.83047972,
                "navi_id": "A523_155bbbb3-aa60-44e4-a63e-65eb6ca3ec4c_7"
            }
        },
        {
            "self_che": {
                "che_id": "A521",
                "dist": 18.916706087012443,
                "che_x": 566922.616152882,
                "che_y": 4317906.26519439,
                "che_yaw": 1.7988718298663022,
                "stop_x": 566918.3390230787,
                "stop_y": 4317924.692020753,
                "navi_id": "A521_f0a9510b-aace-43a5-a3b9-ad96acd2d27a_4"
            },
            "other_che": {
                "che_id": "A522",
                "dist": 0,
                "che_x": 566914.7372377458,
                "che_y": 4317940.209312856,
                "che_yaw": 1.7988718624554458,
                "stop_x": 566914.7372377458,
                "stop_y": 4317940.209312856,
                "navi_id": "A522_7f88f53f-60b7-47c9-8205-f4db89831930_5"
            }
        },
        {
            "self_che": {
                "che_id": "A521",
                "dist": 0,
                "che_x": 566922.616152882,
                "che_y": 4317906.26519439,
                "che_yaw": 1.7988718298663022,
                "stop_x": 566922.616152882,
                "stop_y": 4317906.26519439,
                "navi_id": "A521_f0a9510b-aace-43a5-a3b9-ad96acd2d27a_4"
            },
            "other_che": {
                "che_id": "A524",
                "dist": 14.003764265042436,
                "che_x": 566929.389781185,
                "che_y": 4317877.082897022,
                "che_yaw": 1.7988718694020036,
                "stop_x": 566926.2234838622,
                "stop_y": 4317890.724010425,
                "navi_id": "A524_3801f992-4dbb-44f3-863b-3f27a3ff3684_1"
            }
        },
        {
            "self_che": {
                "che_id": "A526",
                "dist": 0,
                "che_x": 566912.0238388684,
                "che_y": 4317912.92471623,
                "che_yaw": 1.7988004344910271,
                "stop_x": 566912.0238388684,
                "stop_y": 4317912.92471623,
                "navi_id": "A526_2434366c-1401-4bd3-b490-281fed9d0e83_3"
            },
            "other_che": {
                "che_id": "A530",
                "dist": 40.670992017909825,
                "che_x": 566924.8058996778,
                "che_y": 4317857.838816618,
                "che_yaw": 1.7987997955575938,
                "stop_x": 566915.612897647,
                "stop_y": 4317897.4572252855,
                "navi_id": "A530_9e47c88cdbdf41e89a8510c2bcf4de39_11"
            }
        },
        {
            "self_che": {
                "che_id": "A526",
                "dist": 44.08737792428732,
                "che_x": 566912.0238388684,
                "che_y": 4317912.92471623,
                "che_yaw": 1.7988004344910271,
                "stop_x": 566902.061392537,
                "stop_y": 4317955.87173643,
                "navi_id": "A526_2434366c-1401-4bd3-b490-281fed9d0e83_3"
            },
            "other_che": {
                "che_id": "A531",
                "dist": 0,
                "che_x": 566898.4002086668,
                "che_y": 4317971.660963653,
                "che_yaw": 1.7987956387118222,
                "stop_x": 566898.4002086668,
                "stop_y": 4317971.660963653,
                "navi_id": "A531_dc71e47d-b156-44fc-916f-3efbfdcb6f2a_7"
            }
        },
        {
            "self_che": {
                "che_id": "A526",
                "dist": 9.5394715944774,
                "che_x": 566912.0238388684,
                "che_y": 4317912.92471623,
                "che_yaw": 1.7988004344910271,
                "stop_x": 566909.8675982215,
                "stop_y": 4317922.21730169,
                "navi_id": "A526_2434366c-1401-4bd3-b490-281fed9d0e83_3"
            },
            "other_che": {
                "che_id": "A529",
                "dist": 0,
                "che_x": 566906.1998400296,
                "che_y": 4317938.02457799,
                "che_yaw": 1.7988001208321938,
                "stop_x": 566906.1998400296,
                "stop_y": 4317938.02457799,
                "navi_id": "A529_01474ea7-670a-4b1c-ad9e-795638caa8e2_5"
            }
        },
        {
            "self_che": {
                "che_id": "A526",
                "dist": 0,
                "che_x": 566912.0238388684,
                "che_y": 4317912.92471623,
                "che_yaw": 1.7988004344910271,
                "stop_x": 566912.0238388684,
                "stop_y": 4317912.92471623,
                "navi_id": "A526_2434366c-1401-4bd3-b490-281fed9d0e83_3"
            },
            "other_che": {
                "che_id": "A528",
                "dist": 1.5632823989502729,
                "che_x": 566918.411735292,
                "che_y": 4317885.395283283,
                "che_yaw": 1.798800117056209,
                "stop_x": 566918.0885531786,
                "stop_y": 4317886.7880824655,
                "navi_id": "A528_218c90528bc94717912c65160e22dda7_15"
            }
        },
        {
            "self_che": {
                "che_id": "A529",
                "dist": 18.6793064899037,
                "che_x": 566906.1998400296,
                "che_y": 4317938.02457799,
                "che_yaw": 1.7988001208321938,
                "stop_x": 566902.061392537,
                "stop_y": 4317955.87173643,
                "navi_id": "A529_01474ea7-670a-4b1c-ad9e-795638caa8e2_5"
            },
            "other_che": {
                "che_id": "A531",
                "dist": 0,
                "che_x": 566898.4002086668,
                "che_y": 4317971.660963653,
                "che_yaw": 1.7987956387118222,
                "stop_x": 566898.4002086668,
                "stop_y": 4317971.660963653,
                "navi_id": "A531_dc71e47d-b156-44fc-916f-3efbfdcb6f2a_7"
            }
        },
        {
            "self_che": {
                "che_id": "A529",
                "dist": 0,
                "che_x": 566906.1998400296,
                "che_y": 4317938.02457799,
                "che_yaw": 1.7988001208321938,
                "stop_x": 566906.1998400296,
                "stop_y": 4317938.02457799,
                "navi_id": "A529_01474ea7-670a-4b1c-ad9e-795638caa8e2_5"
            },
            "other_che": {
                "che_id": "A526",
                "dist": 9.5394715944774,
                "che_x": 566912.0238388684,
                "che_y": 4317912.92471623,
                "che_yaw": 1.7988004344910271,
                "stop_x": 566909.8675982215,
                "stop_y": 4317922.21730169,
                "navi_id": "A526_2434366c-1401-4bd3-b490-281fed9d0e83_3"
            }
        },
        {
            "self_che": {
                "che_id": "A529",
                "dist": 67.1793064901547,
                "che_x": 566906.1998400296,
                "che_y": 4317938.02457799,
                "che_yaw": 1.7988001208321938,
                "stop_x": 566891.1060546124,
                "stop_y": 4318003.118223822,
                "navi_id": "A529_01474ea7-670a-4b1c-ad9e-795638caa8e2_5"
            },
            "other_che": {
                "che_id": "A527",
                "dist": 0,
                "che_x": 566887.4213634066,
                "che_y": 4318018.990709226,
                "che_yaw": 1.7776481452003206,
                "stop_x": 566887.4213634066,
                "stop_y": 4318018.990709226,
                "navi_id": "A527_0a36155e-a35e-4403-a160-f6302236c5da_10"
            }
        },
        {
            "self_che": {
                "che_id": "A527",
                "dist": 28.80558771707195,
                "che_x": 566887.4213634066,
                "che_y": 4318018.990709226,
                "che_yaw": 1.7776481452003206,
                "stop_x": 566886.4762980256,
                "stop_y": 4318047.596624112,
                "navi_id": "A527_0a36155e-a35e-4403-a160-f6302236c5da_10"
            },
            "other_che": {
                "che_id": "A525",
                "dist": 25.77439648223659,
                "che_x": 566899.0487351303,
                "che_y": 4318007.79887025,
                "che_yaw": 1.7988718742379732,
                "stop_x": 566893.252909029,
                "stop_y": 4318032.854348628,
                "navi_id": "A525_41b6fa37-5318-418a-9e7d-fb04e9dd7cf1_1"
            }
        },
        {
            "self_che": {
                "che_id": "A527",
                "dist": 26.71710029908112,
                "che_x": 566887.4213634066,
                "che_y": 4318018.990709226,
                "che_yaw": 1.7776481452003206,
                "stop_x": 566886.7134621207,
                "stop_y": 4318045.52638409,
                "navi_id": "A527_0a36155e-a35e-4403-a160-f6302236c5da_10"
            },
            "other_che": {
                "che_id": "A534",
                "dist": 3.7945965455491626,
                "che_x": 566890.8607548424,
                "che_y": 4318025.905934776,
                "che_yaw": 1.6575431013387232,
                "stop_x": 566890.589475235,
                "stop_y": 4318029.6890696455,
                "navi_id": "A534_4ff79132-dac8-4a92-a770-b00c1812a337_1020"
            }
        },
        {
            "self_che": {
                "che_id": "A527",
                "dist": 0,
                "che_x": 566887.4213634066,
                "che_y": 4318018.990709226,
                "che_yaw": 1.7776481452003206,
                "stop_x": 566887.4213634066,
                "stop_y": 4318018.990709226,
                "navi_id": "A527_0a36155e-a35e-4403-a160-f6302236c5da_10"
            },
            "other_che": {
                "che_id": "A531",
                "dist": 32.70814498102765,
                "che_x": 566898.4002086668,
                "che_y": 4317971.660963653,
                "che_yaw": 1.7987956387118222,
                "stop_x": 566891.1060546124,
                "stop_y": 4318003.118223822,
                "navi_id": "A531_dc71e47d-b156-44fc-916f-3efbfdcb6f2a_7"
            }
        },
        {
            "self_che": {
                "che_id": "A527",
                "dist": 0,
                "che_x": 566887.4213634066,
                "che_y": 4318018.990709226,
                "che_yaw": 1.7776481452003206,
                "stop_x": 566887.4213634066,
                "stop_y": 4318018.990709226,
                "navi_id": "A527_0a36155e-a35e-4403-a160-f6302236c5da_10"
            },
            "other_che": {
                "che_id": "A529",
                "dist": 67.1793064901547,
                "che_x": 566906.1998400296,
                "che_y": 4317938.02457799,
                "che_yaw": 1.7988001208321938,
                "stop_x": 566891.1060546124,
                "stop_y": 4318003.118223822,
                "navi_id": "A529_01474ea7-670a-4b1c-ad9e-795638caa8e2_5"
            }
        },
        {
            "self_che": {
                "che_id": "A535",
                "dist": 41.10612677191683,
                "che_x": 566915.8061301536,
                "che_y": 4317916.034831773,
                "che_yaw": 1.7984073740023736,
                "stop_x": 566906.577138143,
                "stop_y": 4317955.892823203,
                "navi_id": "A535_7a80486c36184a479b310a1f12d7a83d_26"
            },
            "other_che": {
                "che_id": "A532",
                "dist": 0,
                "che_x": 566902.9968025365,
                "che_y": 4317971.355160597,
                "che_yaw": 1.7982937127314693,
                "stop_x": 566902.9968025365,
                "stop_y": 4317971.355160597,
                "navi_id": "A532_426614d6-040e-4f9f-8b51-4a756ba6c0ee_3"
            }
        },
        {
            "self_che": {
                "che_id": "A535",
                "dist": 12.541871005320052,
                "che_x": 566915.8061301536,
                "che_y": 4317916.034831773,
                "che_yaw": 1.7984073740023736,
                "stop_x": 566913.0202280512,
                "stop_y": 4317928.0647205245,
                "navi_id": "A535_7a80486c36184a479b310a1f12d7a83d_26"
            },
            "other_che": {
                "che_id": "A537",
                "dist": 0,
                "che_x": 566909.3515631343,
                "che_y": 4317943.908182074,
                "che_yaw": 1.7983627575060486,
                "stop_x": 566909.3515631343,
                "stop_y": 4317943.908182074,
                "navi_id": "A537_fb893711741d4d44a77a550c9678d1a6_28"
            }
        },
        {
            "self_che": {
                "che_id": "A535",
                "dist": 0,
                "che_x": 566915.8061301536,
                "che_y": 4317916.034831773,
                "che_yaw": 1.7984073740023736,
                "stop_x": 566915.8061301536,
                "stop_y": 4317916.034831773,
                "navi_id": "A535_7a80486c36184a479b310a1f12d7a83d_26"
            },
            "other_che": {
                "che_id": "A536",
                "dist": 11.604016313877352,
                "che_x": 566922.0513784812,
                "che_y": 4317889.11753402,
                "che_yaw": 1.7988124192556691,
                "stop_x": 566919.428343845,
                "stop_y": 4317900.421200854,
                "navi_id": "A536_9fc466ada4a94058954264c4d172540a_16"
            }
        },
        {
            "self_che": {
                "che_id": "A536",
                "dist": 68.5448146564366,
                "che_x": 566922.0513784812,
                "che_y": 4317889.11753402,
                "che_yaw": 1.7988124192556691,
                "stop_x": 566906.577138143,
                "stop_y": 4317955.892823203,
                "navi_id": "A536_9fc466ada4a94058954264c4d172540a_16"
            },
            "other_che": {
                "che_id": "A532",
                "dist": 0,
                "che_x": 566902.9968025365,
                "che_y": 4317971.355160597,
                "che_yaw": 1.7982937127314693,
                "stop_x": 566902.9968025365,
                "stop_y": 4317971.355160597,
                "navi_id": "A532_426614d6-040e-4f9f-8b51-4a756ba6c0ee_3"
            }
        },
        {
            "self_che": {
                "che_id": "A536",
                "dist": 39.980558889839855,
                "che_x": 566922.0513784812,
                "che_y": 4317889.11753402,
                "che_yaw": 1.7988124192556691,
                "stop_x": 566913.0202280512,
                "stop_y": 4317928.0647205245,
                "navi_id": "A536_9fc466ada4a94058954264c4d172540a_16"
            },
            "other_che": {
                "che_id": "A537",
                "dist": 0,
                "che_x": 566909.3515631343,
                "che_y": 4317943.908182074,
                "che_yaw": 1.7983627575060486,
                "stop_x": 566909.3515631343,
                "stop_y": 4317943.908182074,
                "navi_id": "A537_fb893711741d4d44a77a550c9678d1a6_28"
            }
        },
        {
            "self_che": {
                "che_id": "A536",
                "dist": 7.582698571310856,
                "che_x": 566922.0513784812,
                "che_y": 4317889.11753402,
                "che_yaw": 1.7988124192556691,
                "stop_x": 566920.3373442863,
                "stop_y": 4317896.503967827,
                "navi_id": "A536_9fc466ada4a94058954264c4d172540a_16"
            },
            "other_che": {
                "che_id": "A535",
                "dist": 0,
                "che_x": 566915.8061301536,
                "che_y": 4317916.034831773,
                "che_yaw": 1.7984073740023736,
                "stop_x": 566915.8061301536,
                "stop_y": 4317916.034831773,
                "navi_id": "A535_7a80486c36184a479b310a1f12d7a83d_26"
            }
        },
        {
            "self_che": {
                "che_id": "A524",
                "dist": 0,
                "che_x": 566929.389781185,
                "che_y": 4317877.082897022,
                "che_yaw": 1.7988718694020036,
                "stop_x": 566929.389781185,
                "stop_y": 4317877.082897022,
                "navi_id": "A524_3801f992-4dbb-44f3-863b-3f27a3ff3684_1"
            },
            "other_che": {
                "che_id": "A520",
                "dist": 12.013639400789547,
                "che_x": 566935.72001544,
                "che_y": 4317849.8108421685,
                "che_yaw": 1.7988718756818707,
                "stop_x": 566933.013819765,
                "stop_y": 4317861.469733403,
                "navi_id": "A520_687324bdf4ea42f58f09c56184df80ec_12"
            }
        },
        {
            "self_che": {
                "che_id": "A524",
                "dist": 44.40860709493619,
                "che_x": 566929.389781185,
                "che_y": 4317877.082897022,
                "che_yaw": 1.7988718694020036,
                "stop_x": 566919.3488483286,
                "stop_y": 4317920.341469022,
                "navi_id": "A524_3801f992-4dbb-44f3-863b-3f27a3ff3684_1"
            },
            "other_che": {
                "che_id": "A522",
                "dist": 0,
                "che_x": 566914.7372377458,
                "che_y": 4317940.209312856,
                "che_yaw": 1.7988718624554458,
                "stop_x": 566914.7372377458,
                "stop_y": 4317940.209312856,
                "navi_id": "A522_7f88f53f-60b7-47c9-8205-f4db89831930_5"
            }
        },
        {
            "self_che": {
                "che_id": "A524",
                "dist": 10.012968272487242,
                "che_x": 566929.389781185,
                "che_y": 4317877.082897022,
                "che_yaw": 1.7988718694020036,
                "stop_x": 566927.125816037,
                "stop_y": 4317886.836562766,
                "navi_id": "A524_3801f992-4dbb-44f3-863b-3f27a3ff3684_1"
            },
            "other_che": {
                "che_id": "A521",
                "dist": 0,
                "che_x": 566922.616152882,
                "che_y": 4317906.26519439,
                "che_yaw": 1.7988718298663022,
                "stop_x": 566922.616152882,
                "stop_y": 4317906.26519439,
                "navi_id": "A521_f0a9510b-aace-43a5-a3b9-ad96acd2d27a_4"
            }
        },
        {
            "self_che": {
                "che_id": "A533",
                "dist": 0,
                "che_x": 566895.0883246653,
                "che_y": 4318005.481550263,
                "che_yaw": 1.7982777889292245,
                "stop_x": 566895.0883246653,
                "stop_y": 4318005.481550263,
                "navi_id": "A533_54b59fc0-c6f0-455f-b18f-d771e9a50d51_1082"
            },
            "other_che": {
                "che_id": "A532",
                "dist": 19.220268794984342,
                "che_x": 566902.9968025365,
                "che_y": 4317971.355160597,
                "che_yaw": 1.7982937127314693,
                "stop_x": 566898.757088409,
                "stop_y": 4317989.650054097,
                "navi_id": "A532_426614d6-040e-4f9f-8b51-4a756ba6c0ee_3"
            }
        },
        {
            "self_che": {
                "che_id": "A528",
                "dist": 0,
                "che_x": 566918.411735292,
                "che_y": 4317885.395283283,
                "che_yaw": 1.798800117056209,
                "stop_x": 566918.411735292,
                "stop_y": 4317885.395283283,
                "navi_id": "A528_218c90528bc94717912c65160e22dda7_15"
            },
            "other_che": {
                "che_id": "A530",
                "dist": 12.180497542758214,
                "che_x": 566924.8058996778,
                "che_y": 4317857.838816618,
                "che_yaw": 1.7987997955575938,
                "stop_x": 566922.0527056223,
                "stop_y": 4317869.70407864,
                "navi_id": "A530_9e47c88cdbdf41e89a8510c2bcf4de39_11"
            }
        },
        {
            "self_che": {
                "che_id": "A528",
                "dist": 8.035681706247656,
                "che_x": 566918.411735292,
                "che_y": 4317885.395283283,
                "che_yaw": 1.798800117056209,
                "stop_x": 566916.6255737026,
                "stop_y": 4317893.092972936,
                "navi_id": "A528_218c90528bc94717912c65160e22dda7_15"
            },
            "other_che": {
                "che_id": "A526",
                "dist": 0,
                "che_x": 566912.0238388684,
                "che_y": 4317912.92471623,
                "che_yaw": 1.7988004344910271,
                "stop_x": 566912.0238388684,
                "stop_y": 4317912.92471623,
                "navi_id": "A526_2434366c-1401-4bd3-b490-281fed9d0e83_3"
            }
        }
    ]
}