{
    "header": {
        "trace_id": "COMMAND&jGP8CzKNiL",
        "trans_id": "8d12806f-c13d-4504-b809-d435bd607bf4",
        "che_id": "A523",
        "timestamp": "2025-02-19T18:20:20.655382Z"
    },
    "task_id": "COMMAND&jGP8CzKNiL",
    "navi_id": "A523_COMMAND&jGP8CzKNiL_2",
    "seq_num": 2,
    "dest_type": 3,
    "mode": 2,
    "waypoints": [
        {
            "pos": {
                "x": 566939.9287500838,
                "y": 4317729.299941344,
                "yaw": 0.22808949922197344
            },
            "heading": 0.22808949922197344,
            "speeds": {
                "vmax": 15.0
            },
            "type": 1,
            "driving_direction": 1,
            "id": "1451_0",
            "lane_type": 61
        },
        {
            "pos": {
                "x": 566940.415797292,
                "y": 4317729.4130121935,
                "yaw": 0.22808949922197344
            },
            "heading": 0.22808949922197344,
            "speeds": {
                "vmax": 15.0
            },
            "type": 1,
            "driving_direction": 1,
            "id": "1451_0",
            "lane_type": 61
        },
        {
            "pos": {
                "x": 566940.9028445004,
                "y": 4317729.526083042,
                "yaw": 0.22808949922197344
            },
            "heading": 0.22808949922197344,
            "speeds": {
                "vmax": 15.0
            },
            "type": 1,
            "driving_direction": 1,
            "id": "1451_0",
            "lane_type": 61
        },
        {
            "pos": {
                "x": 566941.3898917087,
                "y": 4317729.639153891,
                "yaw": 0.22808949922197344
            },
            "heading": 0.22808949922197344,
            "speeds": {
                "vmax": 15.0
            },
            "type": 1,
            "driving_direction": 1,
            "id": "1451_0",
            "lane_type": 61
        },
        {
            "pos": {
                "x": 566941.876938917,
                "y": 4317729.75222474,
                "yaw": 0.22808949922197344
            },
            "heading": 0.22808949922197344,
            "speeds": {
                "vmax": 15.0
            },
            "type": 1,
            "driving_direction": 1,
            "id": "1451_0",
            "lane_type": 61
        },
        {
            "pos": {
                "x": 566942.3639861253,
                "y": 4317729.865295589,
                "yaw": 0.22808949922197344
            },
            "heading": 0.22808949922197344,
            "speeds": {
                "vmax": 15.0
            },
            "type": 1,
            "driving_direction": 1,
            "id": "1451_0",
            "lane_type": 61
        },
        {
            "pos": {
                "x": 566942.8510333336,
                "y": 4317729.978366437,
                "yaw": 0.22808949922197344
            },
            "heading": 0.22808949922197344,
            "speeds": {
                "vmax": 15.0
            },
            "type": 1,
            "driving_direction": 1,
            "id": "1451_0",
            "lane_type": 61
        },
        {
            "pos": {
                "x": 566943.3380805419,
                "y": 4317730.091437287,
                "yaw": 0.22808949922197344
            },
            "heading": 0.22808949922197344,
            "speeds": {
                "vmax": 15.0
            },
            "type": 1,
            "driving_direction": 1,
            "id": "1451_0",
            "lane_type": 61
        },
        {
            "pos": {
                "x": 566943.8251277503,
                "y": 4317730.204508136,
                "yaw": 0.22808949922197344
            },
            "heading": 0.22808949922197344,
            "speeds": {
                "vmax": 15.0
            },
            "type": 1,
            "driving_direction": 1,
            "id": "1451_0",
            "lane_type": 61
        },
        {
            "pos": {
                "x": 566944.3121749585,
                "y": 4317730.317578984,
                "yaw": 0.22808949922197344
            },
            "heading": 0.22808949922197344,
            "speeds": {
                "vmax": 15.0
            },
            "type": 1,
            "driving_direction": 1,
            "id": "1451_0",
            "lane_type": 61
        },
        {
            "pos": {
                "x": 566944.7992221669,
                "y": 4317730.430649834,
                "yaw": 0.22808949922197344
            },
            "heading": 0.22808949922197344,
            "speeds": {
                "vmax": 15.0
            },
            "type": 1,
            "driving_direction": 1,
            "id": "1451_0",
            "lane_type": 61
        },
        {
            "pos": {
                "x": 566945.2862693752,
                "y": 4317730.543720682,
                "yaw": 0.22808949922197344
            },
            "heading": 0.22808949922197344,
            "speeds": {
                "vmax": 15.0
            },
            "type": 1,
            "driving_direction": 1,
            "id": "1451_0",
            "lane_type": 61
        },
        {
            "pos": {
                "x": 566945.7733165835,
                "y": 4317730.6567915315,
                "yaw": 0.22808949922197344
            },
            "heading": 0.22808949922197344,
            "speeds": {
                "vmax": 15.0
            },
            "type": 1,
            "driving_direction": 1,
            "id": "1451_0",
            "lane_type": 61
        },
        {
            "pos": {
                "x": 566946.0662462756,
                "y": 4317730.724796867,
                "yaw": 0.22808949922197344
            },
            "heading": 0.22808949922197344,
            "speeds": {
                "vmax": 15.0
            },
            "type": 1,
            "driving_direction": 1,
            "id": "1451_0",
            "lane_type": 61
        },
        {
            "pos": {
                "x": 566946.5541487646,
                "y": 4317730.838046759,
                "yaw": 0.2299221692948048
            },
            "heading": 0.2299221692948048,
            "speeds": {
                "vmax": 15.0
            },
            "type": 2,
            "driving_direction": 1,
            "id": "1790_0",
            "lane_type": 4
        },
        {
            "pos": {
                "x": 566947.0793675256,
                "y": 4317730.960980771,
                "yaw": 0.23012115203282796
            },
            "heading": 0.23012115203282796,
            "speeds": {
                "vmax": 15.0
            },
            "type": 2,
            "driving_direction": 1,
            "id": "1790_0",
            "lane_type": 4
        },
        {
            "pos": {
                "x": 566947.6080059252,
                "y": 4317731.084933201,
                "yaw": 0.23046008858572822
            },
            "heading": 0.23046008858572822,
            "speeds": {
                "vmax": 15.0
            },
            "type": 2,
            "driving_direction": 1,
            "id": "1790_0",
            "lane_type": 4
        },
        {
            "pos": {
                "x": 566948.1375570362,
                "y": 4317731.209261144,
                "yaw": 0.23070261721137975
            },
            "heading": 0.23070261721137975,
            "speeds": {
                "vmax": 15.0
            },
            "type": 2,
            "driving_direction": 1,
            "id": "1790_0",
            "lane_type": 4
        },
        {
            "pos": {
                "x": 566948.6657382448,
                "y": 4317731.3333779825,
                "yaw": 0.23083867621178847
            },
            "heading": 0.23083867621178847,
            "speeds": {
                "vmax": 15.0
            },
            "type": 2,
            "driving_direction": 1,
            "id": "1790_0",
            "lane_type": 4
        },
        {
            "pos": {
                "x": 566949.1942843015,
                "y": 4317731.4576212745,
                "yaw": 0.23088560990421267
            },
            "heading": 0.23088560990421267,
            "speeds": {
                "vmax": 15.0
            },
            "type": 2,
            "driving_direction": 1,
            "id": "1790_0",
            "lane_type": 4
        },
        {
            "pos": {
                "x": 566949.7228577918,
                "y": 4317731.581883291,
                "yaw": 0.23085459996604765
            },
            "heading": 0.23085459996604765,
            "speeds": {
                "vmax": 15.0
            },
            "type": 2,
            "driving_direction": 1,
            "id": "1790_0",
            "lane_type": 4
        },
        {
            "pos": {
                "x": 566950.2514629737,
                "y": 4317731.706105053,
                "yaw": 0.23073405675653605
            },
            "heading": 0.23073405675653605,
            "speeds": {
                "vmax": 15.0
            },
            "type": 2,
            "driving_direction": 1,
            "id": "1790_0",
            "lane_type": 4
        },
        {
            "pos": {
                "x": 566950.7789941088,
                "y": 4317731.829987174,
                "yaw": 0.23052372004285412
            },
            "heading": 0.23052372004285412,
            "speeds": {
                "vmax": 15.0
            },
            "type": 2,
            "driving_direction": 1,
            "id": "1790_0",
            "lane_type": 4
        },
        {
            "pos": {
                "x": 566951.3090160734,
                "y": 4317731.954305787,
                "yaw": 0.23020291493678785
            },
            "heading": 0.23020291493678785,
            "speeds": {
                "vmax": 15.0
            },
            "type": 2,
            "driving_direction": 1,
            "id": "1790_0",
            "lane_type": 4
        },
        {
            "pos": {
                "x": 566951.8381613554,
                "y": 4317732.078205939,
                "yaw": 0.2297525108472241
            },
            "heading": 0.2297525108472241,
            "speeds": {
                "vmax": 15.0
            },
            "type": 2,
            "driving_direction": 1,
            "id": "1790_0",
            "lane_type": 4
        },
        {
            "pos": {
                "x": 566952.3652964033,
                "y": 4317732.201342931,
                "yaw": 0.22910755633221785
            },
            "heading": 0.22910755633221785,
            "speeds": {
                "vmax": 15.0
            },
            "type": 2,
            "driving_direction": 1,
            "id": "1790_0",
            "lane_type": 4
        },
        {
            "pos": {
                "x": 566952.8943501238,
                "y": 4317732.32449893,
                "yaw": 0.22822415750468905
            },
            "heading": 0.22822415750468905,
            "speeds": {
                "vmax": 15.0
            },
            "type": 2,
            "driving_direction": 1,
            "id": "1790_0",
            "lane_type": 4
        },
        {
            "pos": {
                "x": 566953.4221059943,
                "y": 4317732.446792465,
                "yaw": 0.22698906139207192
            },
            "heading": 0.22698906139207192,
            "speeds": {
                "vmax": 15.0
            },
            "type": 2,
            "driving_direction": 1,
            "id": "1790_0",
            "lane_type": 4
        },
        {
            "pos": {
                "x": 566953.9487732552,
                "y": 4317732.568014243,
                "yaw": 0.22471707918694334
            },
            "heading": 0.22471707918694334,
            "speeds": {
                "vmax": 15.0
            },
            "type": 2,
            "driving_direction": 1,
            "id": "1790_0",
            "lane_type": 4
        },
        {
            "pos": {
                "x": 566954.4802099399,
                "y": 4317732.688596466,
                "yaw": 0.22109255038898787
            },
            "heading": 0.22109255038898787,
            "speeds": {
                "vmax": 15.0
            },
            "type": 2,
            "driving_direction": 1,
            "id": "1790_0",
            "lane_type": 4
        },
        {
            "pos": {
                "x": 566955.0109709025,
                "y": 4317732.8066819385,
                "yaw": 0.21758139398766235
            },
            "heading": 0.21758139398766235,
            "speeds": {
                "vmax": 15.0
            },
            "type": 2,
            "driving_direction": 1,
            "id": "1790_0",
            "lane_type": 4
        },
        {
            "pos": {
                "x": 566955.5398124098,
                "y": 4317732.922834152,
                "yaw": 0.21594621479889703
            },
            "heading": 0.21594621479889703,
            "speeds": {
                "vmax": 15.0
            },
            "type": 2,
            "driving_direction": 1,
            "id": "1790_0",
            "lane_type": 4
        },
        {
            "pos": {
                "x": 566956.0674751047,
                "y": 4317733.038474325,
                "yaw": 0.2183712828576078
            },
            "heading": 0.2183712828576078,
            "speeds": {
                "vmax": 15.0
            },
            "type": 2,
            "driving_direction": 1,
            "id": "1790_0",
            "lane_type": 4
        },
        {
            "pos": {
                "x": 566956.6000122597,
                "y": 4317733.158273253,
                "yaw": 0.22468854410473818
            },
            "heading": 0.22468854410473818,
            "speeds": {
                "vmax": 15.0
            },
            "type": 2,
            "driving_direction": 1,
            "id": "1790_0",
            "lane_type": 4
        },
        {
            "pos": {
                "x": 566957.124329895,
                "y": 4317733.280168504,
                "yaw": 0.2343873980544702
            },
            "heading": 0.2343873980544702,
            "speeds": {
                "vmax": 15.0
            },
            "type": 2,
            "driving_direction": 1,
            "id": "1790_0",
            "lane_type": 4
        },
        {
            "pos": {
                "x": 566957.650781194,
                "y": 4317733.409434108,
                "yaw": 0.2518133404542386
            },
            "heading": 0.2518133404542386,
            "speeds": {
                "vmax": 15.0
            },
            "type": 2,
            "driving_direction": 1,
            "id": "1790_0",
            "lane_type": 4
        },
        {
            "pos": {
                "x": 566958.1740021737,
                "y": 4317733.55066767,
                "yaw": 0.27340995766726645
            },
            "heading": 0.27340995766726645,
            "speeds": {
                "vmax": 15.0
            },
            "type": 2,
            "driving_direction": 1,
            "id": "1790_0",
            "lane_type": 4
        },
        {
            "pos": {
                "x": 566958.6943509278,
                "y": 4317733.702311056,
                "yaw": 0.29739153486241676
            },
            "heading": 0.29739153486241676,
            "speeds": {
                "vmax": 15.0
            },
            "type": 2,
            "driving_direction": 1,
            "id": "1790_0",
            "lane_type": 4
        },
        {
            "pos": {
                "x": 566959.2095462594,
                "y": 4317733.868514635,
                "yaw": 0.3350957893014409
            },
            "heading": 0.3350957893014409,
            "speeds": {
                "vmax": 15.0
            },
            "type": 2,
            "driving_direction": 1,
            "id": "1790_0",
            "lane_type": 4
        },
        {
            "pos": {
                "x": 566959.7160670324,
                "y": 4317734.058866843,
                "yaw": 0.381670889707493
            },
            "heading": 0.381670889707493,
            "speeds": {
                "vmax": 15.0
            },
            "type": 2,
            "driving_direction": 1,
            "id": "1790_0",
            "lane_type": 4
        },
        {
            "pos": {
                "x": 566960.2130298389,
                "y": 4317734.271671333,
                "yaw": 0.42627449724417577
            },
            "heading": 0.42627449724417577,
            "speeds": {
                "vmax": 15.0
            },
            "type": 2,
            "driving_direction": 1,
            "id": "1790_0",
            "lane_type": 4
        },
        {
            "pos": {
                "x": 566960.700169939,
                "y": 4317734.506057566,
                "yaw": 0.4772934849719997
            },
            "heading": 0.4772934849719997,
            "speeds": {
                "vmax": 15.0
            },
            "type": 2,
            "driving_direction": 1,
            "id": "1790_0",
            "lane_type": 4
        },
        {
            "pos": {
                "x": 566961.1728875244,
                "y": 4317734.768364441,
                "yaw": 0.5413258301201282
            },
            "heading": 0.5413258301201282,
            "speeds": {
                "vmax": 15.0
            },
            "type": 2,
            "driving_direction": 1,
            "id": "1790_0",
            "lane_type": 4
        },
        {
            "pos": {
                "x": 566961.626302996,
                "y": 4317735.062931787,
                "yaw": 0.6078301771807031
            },
            "heading": 0.6078301771807031,
            "speeds": {
                "vmax": 15.0
            },
            "type": 2,
            "driving_direction": 1,
            "id": "1790_0",
            "lane_type": 4
        },
        {
            "pos": {
                "x": 566962.0601576328,
                "y": 4317735.38546382,
                "yaw": 0.6724629102498652
            },
            "heading": 0.6724629102498652,
            "speeds": {
                "vmax": 15.0
            },
            "type": 2,
            "driving_direction": 1,
            "id": "1790_0",
            "lane_type": 4
        },
        {
            "pos": {
                "x": 566962.4721263163,
                "y": 4317735.736056101,
                "yaw": 0.7406981327825384
            },
            "heading": 0.7406981327825384,
            "speeds": {
                "vmax": 15.0
            },
            "type": 2,
            "driving_direction": 1,
            "id": "1790_0",
            "lane_type": 4
        },
        {
            "pos": {
                "x": 566962.8589107894,
                "y": 4317736.11511334,
                "yaw": 0.8079706489317408
            },
            "heading": 0.8079706489317408,
            "speeds": {
                "vmax": 15.0
            },
            "type": 2,
            "driving_direction": 1,
            "id": "1790_0",
            "lane_type": 4
        },
        {
            "pos": {
                "x": 566963.2205826628,
                "y": 4317736.5183693655,
                "yaw": 0.8736911643016542
            },
            "heading": 0.8736911643016542,
            "speeds": {
                "vmax": 15.0
            },
            "type": 2,
            "driving_direction": 1,
            "id": "1790_0",
            "lane_type": 4
        },
        {
            "pos": {
                "x": 566963.5545399317,
                "y": 4317736.945030458,
                "yaw": 0.9436124377937999
            },
            "heading": 0.9436124377937999,
            "speeds": {
                "vmax": 15.0
            },
            "type": 2,
            "driving_direction": 1,
            "id": "1790_0",
            "lane_type": 4
        },
        {
            "pos": {
                "x": 566963.8566398679,
                "y": 4317737.394906124,
                "yaw": 1.0203707715268782
            },
            "heading": 1.0203707715268782,
            "speeds": {
                "vmax": 15.0
            },
            "type": 2,
            "driving_direction": 1,
            "id": "1790_0",
            "lane_type": 4
        },
        {
            "pos": {
                "x": 566964.1217330403,
                "y": 4317737.86765461,
                "yaw": 1.095459571207938
            },
            "heading": 1.095459571207938,
            "speeds": {
                "vmax": 15.0
            },
            "type": 2,
            "driving_direction": 1,
            "id": "1790_0",
            "lane_type": 4
        },
        {
            "pos": {
                "x": 566964.3531890688,
                "y": 4317738.35804349,
                "yaw": 1.1604543088608366
            },
            "heading": 1.1604543088608366,
            "speeds": {
                "vmax": 15.0
            },
            "type": 2,
            "driving_direction": 1,
            "id": "1790_0",
            "lane_type": 4
        },
        {
            "pos": {
                "x": 566964.5546806832,
                "y": 4317738.861610241,
                "yaw": 1.222851991024956
            },
            "heading": 1.222851991024956,
            "speeds": {
                "vmax": 15.0
            },
            "type": 2,
            "driving_direction": 1,
            "id": "1790_0",
            "lane_type": 4
        },
        {
            "pos": {
                "x": 566964.7231101159,
                "y": 4317739.376492988,
                "yaw": 1.2907049561242123
            },
            "heading": 1.2907049561242123,
            "speeds": {
                "vmax": 15.0
            },
            "type": 2,
            "driving_direction": 1,
            "id": "1790_0",
            "lane_type": 4
        },
        {
            "pos": {
                "x": 566964.854872213,
                "y": 4317739.902908976,
                "yaw": 1.3582845011391984
            },
            "heading": 1.3582845011391984,
            "speeds": {
                "vmax": 15.0
            },
            "type": 2,
            "driving_direction": 1,
            "id": "1790_0",
            "lane_type": 4
        },
        {
            "pos": {
                "x": 566964.9522643982,
                "y": 4317740.436415765,
                "yaw": 1.4264773512770694
            },
            "heading": 1.4264773512770694,
            "speeds": {
                "vmax": 15.0
            },
            "type": 2,
            "driving_direction": 1,
            "id": "1790_0",
            "lane_type": 4
        },
        {
            "pos": {
                "x": 566965.0112432758,
                "y": 4317740.975148544,
                "yaw": 1.4952675610122363
            },
            "heading": 1.4952675610122363,
            "speeds": {
                "vmax": 15.0
            },
            "type": 2,
            "driving_direction": 1,
            "id": "1790_0",
            "lane_type": 4
        },
        {
            "pos": {
                "x": 566965.0345095835,
                "y": 4317741.517015105,
                "yaw": 1.5591884137972771
            },
            "heading": 1.5591884137972771,
            "speeds": {
                "vmax": 15.0
            },
            "type": 2,
            "driving_direction": 1,
            "id": "1790_0",
            "lane_type": 4
        },
        {
            "pos": {
                "x": 566965.0242058951,
                "y": 4317742.060495591,
                "yaw": 1.6196711429684323
            },
            "heading": 1.6196711429684323,
            "speeds": {
                "vmax": 15.0
            },
            "type": 2,
            "driving_direction": 1,
            "id": "1790_0",
            "lane_type": 4
        },
        {
            "pos": {
                "x": 566964.9822329091,
                "y": 4317742.595011411,
                "yaw": 1.6768519389418322
            },
            "heading": 1.6768519389418322,
            "speeds": {
                "vmax": 15.0
            },
            "type": 2,
            "driving_direction": 1,
            "id": "1790_0",
            "lane_type": 4
        },
        {
            "pos": {
                "x": 566964.9108685716,
                "y": 4317743.132129256,
                "yaw": 1.726648049494325
            },
            "heading": 1.726648049494325,
            "speeds": {
                "vmax": 15.0
            },
            "type": 2,
            "driving_direction": 1,
            "id": "1790_0",
            "lane_type": 4
        },
        {
            "pos": {
                "x": 566964.8160731039,
                "y": 4317743.659779435,
                "yaw": 1.762563101201199
            },
            "heading": 1.762563101201199,
            "speeds": {
                "vmax": 15.0
            },
            "type": 2,
            "driving_direction": 1,
            "id": "1790_0",
            "lane_type": 4
        },
        {
            "pos": {
                "x": 566964.705658972,
                "y": 4317744.1942751575,
                "yaw": 1.7794306832558842
            },
            "heading": 1.7794306832558842,
            "speeds": {
                "vmax": 15.0
            },
            "type": 2,
            "driving_direction": 1,
            "id": "1790_0",
            "lane_type": 4
        },
        {
            "pos": {
                "x": 566964.5904647142,
                "y": 4317744.7267686585,
                "yaw": 1.7862830443194153
            },
            "heading": 1.7862830443194153,
            "speeds": {
                "vmax": 15.0
            },
            "type": 2,
            "driving_direction": 1,
            "id": "1790_0",
            "lane_type": 4
        },
        {
            "pos": {
                "x": 566964.4735752358,
                "y": 4317745.2550687315,
                "yaw": 1.7899894522341446
            },
            "heading": 1.7899894522341446,
            "speeds": {
                "vmax": 15.0
            },
            "type": 2,
            "driving_direction": 1,
            "id": "1790_0",
            "lane_type": 4
        },
        {
            "pos": {
                "x": 566964.3546951071,
                "y": 4317745.785382488,
                "yaw": 1.7922247623969212
            },
            "heading": 1.7922247623969212,
            "speeds": {
                "vmax": 15.0
            },
            "type": 2,
            "driving_direction": 1,
            "id": "1790_0",
            "lane_type": 4
        },
        {
            "pos": {
                "x": 566964.2345678248,
                "y": 4317746.316905029,
                "yaw": 1.7936229017419925
            },
            "heading": 1.7936229017419925,
            "speeds": {
                "vmax": 15.0
            },
            "type": 2,
            "driving_direction": 1,
            "id": "1790_0",
            "lane_type": 4
        },
        {
            "pos": {
                "x": 566964.114198999,
                "y": 4317746.846823674,
                "yaw": 1.794417302636661
            },
            "heading": 1.794417302636661,
            "speeds": {
                "vmax": 15.0
            },
            "type": 2,
            "driving_direction": 1,
            "id": "1790_0",
            "lane_type": 4
        },
        {
            "pos": {
                "x": 566963.993517573,
                "y": 4317747.376841784,
                "yaw": 1.794722375444126
            },
            "heading": 1.794722375444126,
            "speeds": {
                "vmax": 15.0
            },
            "type": 2,
            "driving_direction": 1,
            "id": "1790_0",
            "lane_type": 4
        },
        {
            "pos": {
                "x": 566963.8729117087,
                "y": 4317747.906292979,
                "yaw": 1.794602207816879
            },
            "heading": 1.794602207816879,
            "speeds": {
                "vmax": 15.0
            },
            "type": 2,
            "driving_direction": 1,
            "id": "1790_0",
            "lane_type": 4
        },
        {
            "pos": {
                "x": 566963.7523114716,
                "y": 4317748.436540006,
                "yaw": 1.7940190648730183
            },
            "heading": 1.7940190648730183,
            "speeds": {
                "vmax": 15.0
            },
            "type": 2,
            "driving_direction": 1,
            "id": "1790_0",
            "lane_type": 4
        },
        {
            "pos": {
                "x": 566963.6319946877,
                "y": 4317748.9675934445,
                "yaw": 1.7929104441065948
            },
            "heading": 1.7929104441065948,
            "speeds": {
                "vmax": 15.0
            },
            "type": 2,
            "driving_direction": 1,
            "id": "1790_0",
            "lane_type": 4
        },
        {
            "pos": {
                "x": 566963.5129626583,
                "y": 4317749.496409381,
                "yaw": 1.7911172367140737
            },
            "heading": 1.7911172367140737,
            "speeds": {
                "vmax": 15.0
            },
            "type": 2,
            "driving_direction": 1,
            "id": "1790_0",
            "lane_type": 4
        },
        {
            "pos": {
                "x": 566963.395876027,
                "y": 4317750.02209959,
                "yaw": 1.7987662234690125
            },
            "heading": 1.7987662234690125,
            "speeds": {
                "vmax": 20.0
            },
            "type": 1,
            "driving_direction": 1,
            "id": "1031_4",
            "lane_type": 1
        },
        {
            "pos": {
                "x": 566963.2837885015,
                "y": 4317750.505229408,
                "yaw": 1.798766286731327
            },
            "heading": 1.798766286731327,
            "speeds": {
                "vmax": 20.0
            },
            "type": 1,
            "driving_direction": 1,
            "id": "1031_4",
            "lane_type": 1
        },
        {
            "pos": {
                "x": 566963.1716928568,
                "y": 4317750.988394223,
                "yaw": 1.798766104381042
            },
            "heading": 1.798766104381042,
            "speeds": {
                "vmax": 20.0
            },
            "type": 1,
            "driving_direction": 1,
            "id": "1031_4",
            "lane_type": 1
        },
        {
            "pos": {
                "x": 566963.0595980445,
                "y": 4317751.47155545,
                "yaw": 1.7987663159979934
            },
            "heading": 1.7987663159979934,
            "speeds": {
                "vmax": 20.0
            },
            "type": 1,
            "driving_direction": 1,
            "id": "1031_4",
            "lane_type": 1
        },
        {
            "pos": {
                "x": 566962.9474995288,
                "y": 4317751.95473264,
                "yaw": 1.7987660494404922
            },
            "heading": 1.7987660494404922,
            "speeds": {
                "vmax": 20.0
            },
            "type": 1,
            "driving_direction": 1,
            "id": "1031_4",
            "lane_type": 1
        },
        {
            "pos": {
                "x": 566962.8354018438,
                "y": 4317752.4379062485,
                "yaw": 1.7987662683330439
            },
            "heading": 1.7987662683330439,
            "speeds": {
                "vmax": 20.0
            },
            "type": 1,
            "driving_direction": 1,
            "id": "1031_4",
            "lane_type": 1
        },
        {
            "pos": {
                "x": 566962.7233078227,
                "y": 4317752.921064066,
                "yaw": 1.7987659064392718
            },
            "heading": 1.7987659064392718,
            "speeds": {
                "vmax": 20.0
            },
            "type": 1,
            "driving_direction": 1,
            "id": "1031_4",
            "lane_type": 1
        },
        {
            "pos": {
                "x": 566962.611210864,
                "y": 4317753.404234543,
                "yaw": 1.7987661997131676
            },
            "heading": 1.7987661997131676,
            "speeds": {
                "vmax": 20.0
            },
            "type": 1,
            "driving_direction": 1,
            "id": "1031_4",
            "lane_type": 1
        },
        {
            "pos": {
                "x": 566962.4991138456,
                "y": 4317753.88740528,
                "yaw": 1.798766129174479
            },
            "heading": 1.798766129174479,
            "speeds": {
                "vmax": 20.0
            },
            "type": 1,
            "driving_direction": 1,
            "id": "1031_4",
            "lane_type": 1
        },
        {
            "pos": {
                "x": 566962.3870178636,
                "y": 4317754.370571548,
                "yaw": 1.7987661409309676
            },
            "heading": 1.7987661409309676,
            "speeds": {
                "vmax": 20.0
            },
            "type": 1,
            "driving_direction": 1,
            "id": "1031_4",
            "lane_type": 1
        },
        {
            "pos": {
                "x": 566962.2749207744,
                "y": 4317754.853742589,
                "yaw": 1.7987662108298703
            },
            "heading": 1.7987662108298703,
            "speeds": {
                "vmax": 20.0
            },
            "type": 1,
            "driving_direction": 1,
            "id": "1031_4",
            "lane_type": 1
        },
        {
            "pos": {
                "x": 566962.1628247616,
                "y": 4317755.336908991,
                "yaw": 1.7987658613362962
            },
            "heading": 1.7987658613362962,
            "speeds": {
                "vmax": 20.0
            },
            "type": 1,
            "driving_direction": 1,
            "id": "1031_4",
            "lane_type": 1
        },
        {
            "pos": {
                "x": 566962.0507272712,
                "y": 4317755.820081761,
                "yaw": 1.798766223865559
            },
            "heading": 1.798766223865559,
            "speeds": {
                "vmax": 20.0
            },
            "type": 1,
            "driving_direction": 1,
            "id": "1031_4",
            "lane_type": 1
        },
        {
            "pos": {
                "x": 566961.9386293872,
                "y": 4317756.303256228,
                "yaw": 1.7987659966483873
            },
            "heading": 1.7987659966483873,
            "speeds": {
                "vmax": 20.0
            },
            "type": 1,
            "driving_direction": 1,
            "id": "1031_4",
            "lane_type": 1
        },
        {
            "pos": {
                "x": 566961.8265418054,
                "y": 4317756.78638629,
                "yaw": 1.7987660769000027
            },
            "heading": 1.7987660769000027,
            "speeds": {
                "vmax": 20.0
            },
            "type": 1,
            "driving_direction": 1,
            "id": "1030_4",
            "lane_type": 1
        },
        {
            "pos": {
                "x": 566961.714007254,
                "y": 4317757.271442931,
                "yaw": 1.7987661399164112
            },
            "heading": 1.7987661399164112,
            "speeds": {
                "vmax": 20.0
            },
            "type": 1,
            "driving_direction": 1,
            "id": "1030_4",
            "lane_type": 1
        },
        {
            "pos": {
                "x": 566961.6014645512,
                "y": 4317757.756534709,
                "yaw": 1.7987660396271807
            },
            "heading": 1.7987660396271807,
            "speeds": {
                "vmax": 20.0
            },
            "type": 1,
            "driving_direction": 1,
            "id": "1030_4",
            "lane_type": 1
        },
        {
            "pos": {
                "x": 566961.4889226838,
                "y": 4317758.241622884,
                "yaw": 1.7987660181214349
            },
            "heading": 1.7987660181214349,
            "speeds": {
                "vmax": 20.0
            },
            "type": 1,
            "driving_direction": 1,
            "id": "1030_4",
            "lane_type": 1
        },
        {
            "pos": {
                "x": 566961.3763770983,
                "y": 4317758.726727087,
                "yaw": 1.7987660662363631
            },
            "heading": 1.7987660662363631,
            "speeds": {
                "vmax": 20.0
            },
            "type": 1,
            "driving_direction": 1,
            "id": "1030_4",
            "lane_type": 1
        },
        {
            "pos": {
                "x": 566961.2638323468,
                "y": 4317759.2118276935,
                "yaw": 1.7987662725498799
            },
            "heading": 1.7987662725498799,
            "speeds": {
                "vmax": 20.0
            },
            "type": 1,
            "driving_direction": 1,
            "id": "1030_4",
            "lane_type": 1
        },
        {
            "pos": {
                "x": 566961.151291274,
                "y": 4317759.696912445,
                "yaw": 1.7987660747570524
            },
            "heading": 1.7987660747570524,
            "speeds": {
                "vmax": 20.0
            },
            "type": 1,
            "driving_direction": 1,
            "id": "1030_4",
            "lane_type": 1
        },
        {
            "pos": {
                "x": 566961.0387472517,
                "y": 4317760.182009909,
                "yaw": 1.798766366863944
            },
            "heading": 1.798766366863944,
            "speeds": {
                "vmax": 20.0
            },
            "type": 1,
            "driving_direction": 1,
            "id": "1030_4",
            "lane_type": 1
        },
        {
            "pos": {
                "x": 566960.9262031695,
                "y": 4317760.667107631,
                "yaw": 1.7987664475586382
            },
            "heading": 1.7987664475586382,
            "speeds": {
                "vmax": 20.0
            },
            "type": 1,
            "driving_direction": 1,
            "id": "1030_4",
            "lane_type": 1
        },
        {
            "pos": {
                "x": 566960.8136601278,
                "y": 4317761.152200868,
                "yaw": 1.7987658320398203
            },
            "heading": 1.7987658320398203,
            "speeds": {
                "vmax": 20.0
            },
            "type": 1,
            "driving_direction": 1,
            "id": "1030_4",
            "lane_type": 1
        },
        {
            "pos": {
                "x": 566960.7011159746,
                "y": 4317761.637298897,
                "yaw": 1.7987662966061342
            },
            "heading": 1.7987662966061342,
            "speeds": {
                "vmax": 20.0
            },
            "type": 1,
            "driving_direction": 1,
            "id": "1030_4",
            "lane_type": 1
        },
        {
            "pos": {
                "x": 566960.5885729019,
                "y": 4317762.122392269,
                "yaw": 1.7987663317351117
            },
            "heading": 1.7987663317351117,
            "speeds": {
                "vmax": 20.0
            },
            "type": 1,
            "driving_direction": 1,
            "id": "1030_4",
            "lane_type": 1
        },
        {
            "pos": {
                "x": 566960.476028346,
                "y": 4317762.6074920315,
                "yaw": 1.7987661586383987
            },
            "heading": 1.7987661586383987,
            "speeds": {
                "vmax": 20.0
            },
            "type": 1,
            "driving_direction": 1,
            "id": "1030_4",
            "lane_type": 1
        },
        {
            "pos": {
                "x": 566960.3634833948,
                "y": 4317763.0925935,
                "yaw": 1.7987661529016032
            },
            "heading": 1.7987661529016032,
            "speeds": {
                "vmax": 20.0
            },
            "type": 1,
            "driving_direction": 1,
            "id": "1030_4",
            "lane_type": 1
        },
        {
            "pos": {
                "x": 566960.250948787,
                "y": 4317763.577650385,
                "yaw": 1.7987663416632313
            },
            "heading": 1.7987663416632313,
            "speeds": {
                "vmax": 20.0
            },
            "type": 1,
            "driving_direction": 1,
            "id": "1029_4",
            "lane_type": 1
        },
        {
            "pos": {
                "x": 566960.1373415114,
                "y": 4317764.0673307795,
                "yaw": 1.7987661050080501
            },
            "heading": 1.7987661050080501,
            "speeds": {
                "vmax": 20.0
            },
            "type": 1,
            "driving_direction": 1,
            "id": "1029_4",
            "lane_type": 1
        },
        {
            "pos": {
                "x": 566960.0237260066,
                "y": 4317764.557046644,
                "yaw": 1.7987662357594014
            },
            "heading": 1.7987662357594014,
            "speeds": {
                "vmax": 20.0
            },
            "type": 1,
            "driving_direction": 1,
            "id": "1029_4",
            "lane_type": 1
        },
        {
            "pos": {
                "x": 566959.9101113454,
                "y": 4317765.046758873,
                "yaw": 1.7987661338912297
            },
            "heading": 1.7987661338912297,
            "speeds": {
                "vmax": 20.0
            },
            "type": 1,
            "driving_direction": 1,
            "id": "1029_4",
            "lane_type": 1
        },
        {
            "pos": {
                "x": 566959.7964929305,
                "y": 4317765.536487281,
                "yaw": 1.7987661931494934
            },
            "heading": 1.7987661931494934,
            "speeds": {
                "vmax": 20.0
            },
            "type": 1,
            "driving_direction": 1,
            "id": "1029_4",
            "lane_type": 1
        },
        {
            "pos": {
                "x": 566959.682875358,
                "y": 4317766.026212059,
                "yaw": 1.798766086862554
            },
            "heading": 1.798766086862554,
            "speeds": {
                "vmax": 20.0
            },
            "type": 1,
            "driving_direction": 1,
            "id": "1029_4",
            "lane_type": 1
        },
        {
            "pos": {
                "x": 566959.5692614987,
                "y": 4317766.515920832,
                "yaw": 1.7987659715007924
            },
            "heading": 1.7987659715007924,
            "speeds": {
                "vmax": 20.0
            },
            "type": 1,
            "driving_direction": 1,
            "id": "1029_4",
            "lane_type": 1
        },
        {
            "pos": {
                "x": 566959.4556446623,
                "y": 4317767.005642437,
                "yaw": 1.7987665599037437
            },
            "heading": 1.7987665599037437,
            "speeds": {
                "vmax": 20.0
            },
            "type": 1,
            "driving_direction": 1,
            "id": "1029_4",
            "lane_type": 1
        },
        {
            "pos": {
                "x": 566959.342027765,
                "y": 4317767.495364304,
                "yaw": 1.7987658922023828
            },
            "heading": 1.7987658922023828,
            "speeds": {
                "vmax": 20.0
            },
            "type": 1,
            "driving_direction": 1,
            "id": "1029_4",
            "lane_type": 1
        },
        {
            "pos": {
                "x": 566959.2284119183,
                "y": 4317767.985081643,
                "yaw": 1.7987664213459553
            },
            "heading": 1.7987664213459553,
            "speeds": {
                "vmax": 20.0
            },
            "type": 1,
            "driving_direction": 1,
            "id": "1029_4",
            "lane_type": 1
        },
        {
            "pos": {
                "x": 566959.1147949493,
                "y": 4317768.474803818,
                "yaw": 1.7987661106927857
            },
            "heading": 1.7987661106927857,
            "speeds": {
                "vmax": 20.0
            },
            "type": 1,
            "driving_direction": 1,
            "id": "1029_4",
            "lane_type": 1
        },
        {
            "pos": {
                "x": 566959.0011790713,
                "y": 4317768.964521293,
                "yaw": 1.7987663755800496
            },
            "heading": 1.7987663755800496,
            "speeds": {
                "vmax": 20.0
            },
            "type": 1,
            "driving_direction": 1,
            "id": "1029_4",
            "lane_type": 1
        },
        {
            "pos": {
                "x": 566958.8875616959,
                "y": 4317769.454245221,
                "yaw": 1.798766204117345
            },
            "heading": 1.798766204117345,
            "speeds": {
                "vmax": 20.0
            },
            "type": 1,
            "driving_direction": 1,
            "id": "1029_4",
            "lane_type": 1
        },
        {
            "pos": {
                "x": 566958.7739439214,
                "y": 4317769.943970868,
                "yaw": 1.7987661868371014
            },
            "heading": 1.7987661868371014,
            "speeds": {
                "vmax": 20.0
            },
            "type": 1,
            "driving_direction": 1,
            "id": "1029_4",
            "lane_type": 1
        },
        {
            "pos": {
                "x": 566958.6603365887,
                "y": 4317770.433651509,
                "yaw": 1.7987663622694194
            },
            "heading": 1.7987663622694194,
            "speeds": {
                "vmax": 20.0
            },
            "type": 1,
            "driving_direction": 1,
            "id": "1028_4",
            "lane_type": 1
        },
        {
            "pos": {
                "x": 566958.5480133786,
                "y": 4317770.917797208,
                "yaw": 1.7987661926633416
            },
            "heading": 1.7987661926633416,
            "speeds": {
                "vmax": 20.0
            },
            "type": 1,
            "driving_direction": 1,
            "id": "1028_4",
            "lane_type": 1
        },
        {
            "pos": {
                "x": 566958.4356820323,
                "y": 4317771.401977977,
                "yaw": 1.7987661619366975
            },
            "heading": 1.7987661619366975,
            "speeds": {
                "vmax": 20.0
            },
            "type": 1,
            "driving_direction": 1,
            "id": "1028_4",
            "lane_type": 1
        },
        {
            "pos": {
                "x": 566958.3233515201,
                "y": 4317771.886155151,
                "yaw": 1.7987661403888768
            },
            "heading": 1.7987661403888768,
            "speeds": {
                "vmax": 20.0
            },
            "type": 1,
            "driving_direction": 1,
            "id": "1028_4",
            "lane_type": 1
        },
        {
            "pos": {
                "x": 566958.2110172964,
                "y": 4317772.370348321,
                "yaw": 1.7987661885928545
            },
            "heading": 1.7987661885928545,
            "speeds": {
                "vmax": 20.0
            },
            "type": 1,
            "driving_direction": 1,
            "id": "1028_4",
            "lane_type": 1
        },
        {
            "pos": {
                "x": 566958.0986839056,
                "y": 4317772.854537902,
                "yaw": 1.7987660928226297
            },
            "heading": 1.7987660928226297,
            "speeds": {
                "vmax": 20.0
            },
            "type": 1,
            "driving_direction": 1,
            "id": "1028_4",
            "lane_type": 1
        },
        {
            "pos": {
                "x": 566957.9863541863,
                "y": 4317773.3387116585,
                "yaw": 1.7987662088643213
            },
            "heading": 1.7987662088643213,
            "speeds": {
                "vmax": 20.0
            },
            "type": 1,
            "driving_direction": 1,
            "id": "1028_4",
            "lane_type": 1
        },
        {
            "pos": {
                "x": 566957.8740215232,
                "y": 4317773.822898103,
                "yaw": 1.7987661058322584
            },
            "heading": 1.7987661058322584,
            "speeds": {
                "vmax": 20.0
            },
            "type": 1,
            "driving_direction": 1,
            "id": "1028_4",
            "lane_type": 1
        },
        {
            "pos": {
                "x": 566957.7616888002,
                "y": 4317774.307084804,
                "yaw": 1.7987661169252445
            },
            "heading": 1.7987661169252445,
            "speeds": {
                "vmax": 20.0
            },
            "type": 1,
            "driving_direction": 1,
            "id": "1028_4",
            "lane_type": 1
        },
        {
            "pos": {
                "x": 566957.6493571156,
                "y": 4317774.791267032,
                "yaw": 1.7987661169252445
            },
            "heading": 1.7987661169252445,
            "speeds": {
                "vmax": 20.0
            },
            "type": 1,
            "driving_direction": 1,
            "id": "1028_4",
            "lane_type": 1
        },
        {
            "pos": {
                "x": 566957.5370243218,
                "y": 4317775.27545404,
                "yaw": 1.7987661169252445
            },
            "heading": 1.7987661169252445,
            "speeds": {
                "vmax": 20.0
            },
            "type": 1,
            "driving_direction": 1,
            "id": "1028_4",
            "lane_type": 1
        },
        {
            "pos": {
                "x": 566957.4246926066,
                "y": 4317775.759636398,
                "yaw": 1.798766536076881
            },
            "heading": 1.798766536076881,
            "speeds": {
                "vmax": 20.0
            },
            "type": 1,
            "driving_direction": 1,
            "id": "1028_4",
            "lane_type": 1
        },
        {
            "pos": {
                "x": 566957.3123594107,
                "y": 4317776.2438251395,
                "yaw": 1.7987660484513561
            },
            "heading": 1.7987660484513561,
            "speeds": {
                "vmax": 20.0
            },
            "type": 1,
            "driving_direction": 1,
            "id": "1028_4",
            "lane_type": 1
        },
        {
            "pos": {
                "x": 566957.2000258202,
                "y": 4317776.728015581,
                "yaw": 1.7987662056724234
            },
            "heading": 1.7987662056724234,
            "speeds": {
                "vmax": 20.0
            },
            "type": 1,
            "driving_direction": 1,
            "id": "1028_4",
            "lane_type": 1
        },
        {
            "pos": {
                "x": 566957.0877025537,
                "y": 4317777.212161524,
                "yaw": 1.798766303592703
            },
            "heading": 1.798766303592703,
            "speeds": {
                "vmax": 20.0
            },
            "type": 1,
            "driving_direction": 1,
            "id": "1027_4",
            "lane_type": 1
        },
        {
            "pos": {
                "x": 566956.974522188,
                "y": 4317777.7000018135,
                "yaw": 1.7987664471117073
            },
            "heading": 1.7987664471117073,
            "speeds": {
                "vmax": 20.0
            },
            "type": 1,
            "driving_direction": 1,
            "id": "1027_4",
            "lane_type": 1
        },
        {
            "pos": {
                "x": 566956.8613336238,
                "y": 4317778.18787744,
                "yaw": 1.7987662548738894
            },
            "heading": 1.7987662548738894,
            "speeds": {
                "vmax": 20.0
            },
            "type": 1,
            "driving_direction": 1,
            "id": "1027_4",
            "lane_type": 1
        },
        {
            "pos": {
                "x": 566956.7481459002,
                "y": 4317778.6757494435,
                "yaw": 1.7987659449497342
            },
            "heading": 1.7987659449497342,
            "speeds": {
                "vmax": 20.0
            },
            "type": 1,
            "driving_direction": 1,
            "id": "1027_4",
            "lane_type": 1
        },
        {
            "pos": {
                "x": 566956.634954437,
                "y": 4317779.163637566,
                "yaw": 1.7987660620138983
            },
            "heading": 1.7987660620138983,
            "speeds": {
                "vmax": 20.0
            },
            "type": 1,
            "driving_direction": 1,
            "id": "1027_4",
            "lane_type": 1
        },
        {
            "pos": {
                "x": 566956.5217638128,
                "y": 4317779.651522073,
                "yaw": 1.7987662787931264
            },
            "heading": 1.7987662787931264,
            "speeds": {
                "vmax": 20.0
            },
            "type": 1,
            "driving_direction": 1,
            "id": "1027_4",
            "lane_type": 1
        },
        {
            "pos": {
                "x": 566956.4085768883,
                "y": 4317780.1393906325,
                "yaw": 1.7987663823136202
            },
            "heading": 1.7987663823136202,
            "speeds": {
                "vmax": 20.0
            },
            "type": 1,
            "driving_direction": 1,
            "id": "1027_4",
            "lane_type": 1
        },
        {
            "pos": {
                "x": 566956.2953869973,
                "y": 4317780.627271978,
                "yaw": 1.7987660607454543
            },
            "heading": 1.7987660607454543,
            "speeds": {
                "vmax": 20.0
            },
            "type": 1,
            "driving_direction": 1,
            "id": "1027_4",
            "lane_type": 1
        },
        {
            "pos": {
                "x": 566956.182197046,
                "y": 4317781.115153583,
                "yaw": 1.798766140978175
            },
            "heading": 1.798766140978175,
            "speeds": {
                "vmax": 20.0
            },
            "type": 1,
            "driving_direction": 1,
            "id": "1027_4",
            "lane_type": 1
        },
        {
            "pos": {
                "x": 566956.0690081413,
                "y": 4317781.603030679,
                "yaw": 1.7987663719362004
            },
            "heading": 1.7987663719362004,
            "speeds": {
                "vmax": 20.0
            },
            "type": 1,
            "driving_direction": 1,
            "id": "1027_4",
            "lane_type": 1
        },
        {
            "pos": {
                "x": 566955.9558181188,
                "y": 4317782.090912592,
                "yaw": 1.7987660025304009
            },
            "heading": 1.7987660025304009,
            "speeds": {
                "vmax": 20.0
            },
            "type": 1,
            "driving_direction": 1,
            "id": "1027_4",
            "lane_type": 1
        },
        {
            "pos": {
                "x": 566955.8426291829,
                "y": 4317782.578789821,
                "yaw": 1.7987662567737994
            },
            "heading": 1.7987662567737994,
            "speeds": {
                "vmax": 20.0
            },
            "type": 1,
            "driving_direction": 1,
            "id": "1027_4",
            "lane_type": 1
        },
        {
            "pos": {
                "x": 566955.7294387552,
                "y": 4317783.06667348,
                "yaw": 1.7987660846654772
            },
            "heading": 1.7987660846654772,
            "speeds": {
                "vmax": 20.0
            },
            "type": 1,
            "driving_direction": 1,
            "id": "1027_4",
            "lane_type": 1
        },
        {
            "pos": {
                "x": 566955.6162479299,
                "y": 4317783.554558853,
                "yaw": 1.7987660789582411
            },
            "heading": 1.7987660789582411,
            "speeds": {
                "vmax": 20.0
            },
            "type": 1,
            "driving_direction": 1,
            "id": "1027_4",
            "lane_type": 1
        },
        {
            "pos": {
                "x": 566955.5030675074,
                "y": 4317784.042399388,
                "yaw": 1.7987662086956755
            },
            "heading": 1.7987662086956755,
            "speeds": {
                "vmax": 20.0
            },
            "type": 1,
            "driving_direction": 1,
            "id": "1026_4",
            "lane_type": 1
        },
        {
            "pos": {
                "x": 566955.3898696026,
                "y": 4317784.530315274,
                "yaw": 1.7987662713379697
            },
            "heading": 1.7987662713379697,
            "speeds": {
                "vmax": 20.0
            },
            "type": 1,
            "driving_direction": 1,
            "id": "1026_4",
            "lane_type": 1
        },
        {
            "pos": {
                "x": 566955.276663498,
                "y": 4317785.0182665065,
                "yaw": 1.7987662408462726
            },
            "heading": 1.7987662408462726,
            "speeds": {
                "vmax": 20.0
            },
            "type": 1,
            "driving_direction": 1,
            "id": "1026_4",
            "lane_type": 1
        },
        {
            "pos": {
                "x": 566955.1634582342,
                "y": 4317785.506214114,
                "yaw": 1.7987660001834345
            },
            "heading": 1.7987660001834345,
            "speeds": {
                "vmax": 20.0
            },
            "type": 1,
            "driving_direction": 1,
            "id": "1026_4",
            "lane_type": 1
        },
        {
            "pos": {
                "x": 566955.0502492301,
                "y": 4317785.9941778425,
                "yaw": 1.7987661980821217
            },
            "heading": 1.7987661980821217,
            "speeds": {
                "vmax": 20.0
            },
            "type": 1,
            "driving_direction": 1,
            "id": "1026_4",
            "lane_type": 1
        },
        {
            "pos": {
                "x": 566954.9370410652,
                "y": 4317786.482137954,
                "yaw": 1.7987662531207225
            },
            "heading": 1.7987662531207225,
            "speeds": {
                "vmax": 20.0
            },
            "type": 1,
            "driving_direction": 1,
            "id": "1026_4",
            "lane_type": 1
        },
        {
            "pos": {
                "x": 566954.8238366006,
                "y": 4317786.970082117,
                "yaw": 1.7987662065559387
            },
            "heading": 1.7987662065559387,
            "speeds": {
                "vmax": 20.0
            },
            "type": 1,
            "driving_direction": 1,
            "id": "1026_4",
            "lane_type": 1
        },
        {
            "pos": {
                "x": 566954.7106291691,
                "y": 4317787.458039068,
                "yaw": 1.7987661851740886
            },
            "heading": 1.7987661851740886,
            "speeds": {
                "vmax": 20.0
            },
            "type": 1,
            "driving_direction": 1,
            "id": "1026_4",
            "lane_type": 1
        },
        {
            "pos": {
                "x": 566954.5974216773,
                "y": 4317787.945996277,
                "yaw": 1.7987660461140464
            },
            "heading": 1.7987660461140464,
            "speeds": {
                "vmax": 20.0
            },
            "type": 1,
            "driving_direction": 1,
            "id": "1026_4",
            "lane_type": 1
        },
        {
            "pos": {
                "x": 566954.4842152321,
                "y": 4317788.433948978,
                "yaw": 1.798766126968431
            },
            "heading": 1.798766126968431,
            "speeds": {
                "vmax": 20.0
            },
            "type": 1,
            "driving_direction": 1,
            "id": "1026_4",
            "lane_type": 1
        },
        {
            "pos": {
                "x": 566954.3710076689,
                "y": 4317788.9219064955,
                "yaw": 1.7987664387449813
            },
            "heading": 1.7987664387449813,
            "speeds": {
                "vmax": 20.0
            },
            "type": 1,
            "driving_direction": 1,
            "id": "1026_4",
            "lane_type": 1
        },
        {
            "pos": {
                "x": 566954.2578011926,
                "y": 4317789.4098593285,
                "yaw": 1.798765769262147
            },
            "heading": 1.798765769262147,
            "speeds": {
                "vmax": 20.0
            },
            "type": 1,
            "driving_direction": 1,
            "id": "1026_4",
            "lane_type": 1
        },
        {
            "pos": {
                "x": 566954.1445932243,
                "y": 4317789.897818593,
                "yaw": 1.7987662090896617
            },
            "heading": 1.7987662090896617,
            "speeds": {
                "vmax": 20.0
            },
            "type": 1,
            "driving_direction": 1,
            "id": "1026_4",
            "lane_type": 1
        },
        {
            "pos": {
                "x": 566954.0313848584,
                "y": 4317790.385779571,
                "yaw": 1.7987661458146613
            },
            "heading": 1.7987661458146613,
            "speeds": {
                "vmax": 20.0
            },
            "type": 1,
            "driving_direction": 1,
            "id": "1026_4",
            "lane_type": 1
        },
        {
            "pos": {
                "x": 566953.9181868967,
                "y": 4317790.873695704,
                "yaw": 1.798766236655874
            },
            "heading": 1.798766236655874,
            "speeds": {
                "vmax": 20.0
            },
            "type": 1,
            "driving_direction": 1,
            "id": "1025_4",
            "lane_type": 1
        },
        {
            "pos": {
                "x": 566953.8055365207,
                "y": 4317791.359251583,
                "yaw": 1.7987661487980016
            },
            "heading": 1.7987661487980016,
            "speeds": {
                "vmax": 20.0
            },
            "type": 1,
            "driving_direction": 1,
            "id": "1025_4",
            "lane_type": 1
        },
        {
            "pos": {
                "x": 566953.6928779844,
                "y": 4317791.844842637,
                "yaw": 1.7987661181619776
            },
            "heading": 1.7987661181619776,
            "speeds": {
                "vmax": 20.0
            },
            "type": 1,
            "driving_direction": 1,
            "id": "1025_4",
            "lane_type": 1
        },
        {
            "pos": {
                "x": 566953.5802202848,
                "y": 4317792.330430081,
                "yaw": 1.7987659458806307
            },
            "heading": 1.7987659458806307,
            "speeds": {
                "vmax": 20.0
            },
            "type": 1,
            "driving_direction": 1,
            "id": "1025_4",
            "lane_type": 1
        }
    ]
}