{
    "header": {
        "trace_id": "8de5b22f0cf34906ae4ff4b844fca9af",
        "trans_id": "b4490c08-d1b4-439f-ad6e-7009d3cb92bd",
        "che_id": "A531",
        "timestamp": "2025-02-19T18:19:26.490284Z"
    },
    "task_id": "8de5b22f0cf34906ae4ff4b844fca9af",
    "navi_id": "A531_8de5b22f0cf34906ae4ff4b844fca9af_11",
    "seq_num": 11,
    "dest_type": 6,
    "mode": 2,
    "waypoints": [
        {
            "pos": {
                "x": 566916.8501393375,
                "y": 4317892.125179638,
                "yaw": 1.798800387964539
            },
            "heading": 1.798800387964539,
            "speeds": {
                "vmax": 20.0
            },
            "type": 1,
            "driving_direction": 1,
            "id": "1010_1",
            "lane_type": 1
        },
        {
            "pos": {
                "x": 566916.7378546849,
                "y": 4317892.609084196,
                "yaw": 1.798800234720146
            },
            "heading": 1.798800234720146,
            "speeds": {
                "vmax": 20.0
            },
            "type": 1,
            "driving_direction": 1,
            "id": "1010_1",
            "lane_type": 1
        },
        {
            "pos": {
                "x": 566916.6255737026,
                "y": 4317893.092972936,
                "yaw": 1.7988002576755548
            },
            "heading": 1.7988002576755548,
            "speeds": {
                "vmax": 20.0
            },
            "type": 1,
            "driving_direction": 1,
            "id": "1010_1",
            "lane_type": 1
        },
        {
            "pos": {
                "x": 566916.5132897777,
                "y": 4317893.576874358,
                "yaw": 1.7988004685464474
            },
            "heading": 1.7988004685464474,
            "speeds": {
                "vmax": 20.0
            },
            "type": 1,
            "driving_direction": 1,
            "id": "1010_1",
            "lane_type": 1
        },
        {
            "pos": {
                "x": 566916.4010057929,
                "y": 4317894.060776038,
                "yaw": 1.7987999325026114
            },
            "heading": 1.7987999325026114,
            "speeds": {
                "vmax": 20.0
            },
            "type": 1,
            "driving_direction": 1,
            "id": "1010_1",
            "lane_type": 1
        },
        {
            "pos": {
                "x": 566916.2887228461,
                "y": 4317894.544673245,
                "yaw": 1.7988002469102609
            },
            "heading": 1.7988002469102609,
            "speeds": {
                "vmax": 20.0
            },
            "type": 1,
            "driving_direction": 1,
            "id": "1010_1",
            "lane_type": 1
        },
        {
            "pos": {
                "x": 566916.1764387904,
                "y": 4317895.02857523,
                "yaw": 1.7988005730331769
            },
            "heading": 1.7988005730331769,
            "speeds": {
                "vmax": 20.0
            },
            "type": 1,
            "driving_direction": 1,
            "id": "1010_1",
            "lane_type": 1
        },
        {
            "pos": {
                "x": 566916.0641558128,
                "y": 4317895.512472568,
                "yaw": 1.7988000491789815
            },
            "heading": 1.7988000491789815,
            "speeds": {
                "vmax": 20.0
            },
            "type": 1,
            "driving_direction": 1,
            "id": "1010_1",
            "lane_type": 1
        },
        {
            "pos": {
                "x": 566915.9518713554,
                "y": 4317895.996376285,
                "yaw": 1.7988001780452327
            },
            "heading": 1.7988001780452327,
            "speeds": {
                "vmax": 20.0
            },
            "type": 1,
            "driving_direction": 1,
            "id": "1010_1",
            "lane_type": 1
        },
        {
            "pos": {
                "x": 566915.8395865036,
                "y": 4317896.480281702,
                "yaw": 1.7988000341319605
            },
            "heading": 1.7988000341319605,
            "speeds": {
                "vmax": 20.0
            },
            "type": 1,
            "driving_direction": 1,
            "id": "1010_1",
            "lane_type": 1
        },
        {
            "pos": {
                "x": 566915.7273119711,
                "y": 4317896.964142646,
                "yaw": 1.79880017642821
            },
            "heading": 1.79880017642821,
            "speeds": {
                "vmax": 20.0
            },
            "type": 1,
            "driving_direction": 1,
            "id": "1009_1",
            "lane_type": 1
        },
        {
            "pos": {
                "x": 566915.6128976471,
                "y": 4317897.4572252855,
                "yaw": 1.7988004657076935
            },
            "heading": 1.7988004657076935,
            "speeds": {
                "vmax": 20.0
            },
            "type": 1,
            "driving_direction": 1,
            "id": "1009_1",
            "lane_type": 1
        },
        {
            "pos": {
                "x": 566915.4984750354,
                "y": 4317897.9503436405,
                "yaw": 1.798800148935771
            },
            "heading": 1.798800148935771,
            "speeds": {
                "vmax": 20.0
            },
            "type": 1,
            "driving_direction": 1,
            "id": "1009_1",
            "lane_type": 1
        },
        {
            "pos": {
                "x": 566915.3840532734,
                "y": 4317898.4434583355,
                "yaw": 1.7988002873548259
            },
            "heading": 1.7988002873548259,
            "speeds": {
                "vmax": 20.0
            },
            "type": 1,
            "driving_direction": 1,
            "id": "1009_1",
            "lane_type": 1
        },
        {
            "pos": {
                "x": 566915.2696277308,
                "y": 4317898.936589322,
                "yaw": 1.798800037242537
            },
            "heading": 1.798800037242537,
            "speeds": {
                "vmax": 20.0
            },
            "type": 1,
            "driving_direction": 1,
            "id": "1009_1",
            "lane_type": 1
        },
        {
            "pos": {
                "x": 566915.1552030365,
                "y": 4317899.429716654,
                "yaw": 1.7988005379385326
            },
            "heading": 1.7988005379385326,
            "speeds": {
                "vmax": 20.0
            },
            "type": 1,
            "driving_direction": 1,
            "id": "1009_1",
            "lane_type": 1
        },
        {
            "pos": {
                "x": 566915.0407820822,
                "y": 4317899.922827867,
                "yaw": 1.7988004119481995
            },
            "heading": 1.7988004119481995,
            "speeds": {
                "vmax": 20.0
            },
            "type": 1,
            "driving_direction": 1,
            "id": "1009_1",
            "lane_type": 1
        },
        {
            "pos": {
                "x": 566914.9263581291,
                "y": 4317900.4159520045,
                "yaw": 1.7988002533329426
            },
            "heading": 1.7988002533329426,
            "speeds": {
                "vmax": 20.0
            },
            "type": 1,
            "driving_direction": 1,
            "id": "1009_1",
            "lane_type": 1
        },
        {
            "pos": {
                "x": 566914.8119341151,
                "y": 4317900.909076403,
                "yaw": 1.798800104351121
            },
            "heading": 1.798800104351121,
            "speeds": {
                "vmax": 20.0
            },
            "type": 1,
            "driving_direction": 1,
            "id": "1009_1",
            "lane_type": 1
        },
        {
            "pos": {
                "x": 566914.6975111591,
                "y": 4317901.402196243,
                "yaw": 1.7988001843570094
            },
            "heading": 1.7988001843570094,
            "speeds": {
                "vmax": 20.0
            },
            "type": 1,
            "driving_direction": 1,
            "id": "1009_1",
            "lane_type": 1
        },
        {
            "pos": {
                "x": 566914.5830870727,
                "y": 4317901.895320955,
                "yaw": 1.7988001158472031
            },
            "heading": 1.7988001158472031,
            "speeds": {
                "vmax": 20.0
            },
            "type": 1,
            "driving_direction": 1,
            "id": "1009_1",
            "lane_type": 1
        },
        {
            "pos": {
                "x": 566914.4686640853,
                "y": 4317902.388440929,
                "yaw": 1.7988005158763427
            },
            "heading": 1.7988005158763427,
            "speeds": {
                "vmax": 20.0
            },
            "type": 1,
            "driving_direction": 1,
            "id": "1009_1",
            "lane_type": 1
        },
        {
            "pos": {
                "x": 566914.3542395897,
                "y": 4317902.881567405,
                "yaw": 1.7988004253051058
            },
            "heading": 1.7988004253051058,
            "speeds": {
                "vmax": 20.0
            },
            "type": 1,
            "driving_direction": 1,
            "id": "1009_1",
            "lane_type": 1
        },
        {
            "pos": {
                "x": 566914.2398146922,
                "y": 4317903.374695612,
                "yaw": 1.7988000325718143
            },
            "heading": 1.7988000325718143,
            "speeds": {
                "vmax": 20.0
            },
            "type": 1,
            "driving_direction": 1,
            "id": "1009_1",
            "lane_type": 1
        },
        {
            "pos": {
                "x": 566914.1254003106,
                "y": 4317903.867778499,
                "yaw": 1.7988002039712667
            },
            "heading": 1.7988002039712667,
            "speeds": {
                "vmax": 20.0
            },
            "type": 1,
            "driving_direction": 1,
            "id": "1008_1",
            "lane_type": 1
        },
        {
            "pos": {
                "x": 566914.0143707617,
                "y": 4317904.346274033,
                "yaw": 1.7988003253243654
            },
            "heading": 1.7988003253243654,
            "speeds": {
                "vmax": 20.0
            },
            "type": 1,
            "driving_direction": 1,
            "id": "1008_1",
            "lane_type": 1
        },
        {
            "pos": {
                "x": 566913.9033331701,
                "y": 4317904.824804228,
                "yaw": 1.7988003755899353
            },
            "heading": 1.7988003755899353,
            "speeds": {
                "vmax": 20.0
            },
            "type": 1,
            "driving_direction": 1,
            "id": "1008_1",
            "lane_type": 1
        },
        {
            "pos": {
                "x": 566913.7922964031,
                "y": 4317905.3033308685,
                "yaw": 1.7987999648053588
            },
            "heading": 1.7987999648053588,
            "speeds": {
                "vmax": 20.0
            },
            "type": 1,
            "driving_direction": 1,
            "id": "1008_1",
            "lane_type": 1
        },
        {
            "pos": {
                "x": 566913.6812559674,
                "y": 4317905.781873319,
                "yaw": 1.7988000837518239
            },
            "heading": 1.7988000837518239,
            "speeds": {
                "vmax": 20.0
            },
            "type": 1,
            "driving_direction": 1,
            "id": "1008_1",
            "lane_type": 1
        },
        {
            "pos": {
                "x": 566913.5702163549,
                "y": 4317906.260412224,
                "yaw": 1.798800069980897
            },
            "heading": 1.798800069980897,
            "speeds": {
                "vmax": 20.0
            },
            "type": 1,
            "driving_direction": 1,
            "id": "1008_1",
            "lane_type": 1
        },
        {
            "pos": {
                "x": 566913.4591803717,
                "y": 4317906.7389354855,
                "yaw": 1.7988002580844906
            },
            "heading": 1.7988002580844906,
            "speeds": {
                "vmax": 20.0
            },
            "type": 1,
            "driving_direction": 1,
            "id": "1008_1",
            "lane_type": 1
        },
        {
            "pos": {
                "x": 566913.3481414786,
                "y": 4317907.217471289,
                "yaw": 1.7988002476787548
            },
            "heading": 1.7988002476787548,
            "speeds": {
                "vmax": 20.0
            },
            "type": 1,
            "driving_direction": 1,
            "id": "1008_1",
            "lane_type": 1
        },
        {
            "pos": {
                "x": 566913.237102526,
                "y": 4317907.696007349,
                "yaw": 1.798800400241987
            },
            "heading": 1.798800400241987,
            "speeds": {
                "vmax": 20.0
            },
            "type": 1,
            "driving_direction": 1,
            "id": "1008_1",
            "lane_type": 1
        },
        {
            "pos": {
                "x": 566913.1260646004,
                "y": 4317908.174538983,
                "yaw": 1.7988000941551807
            },
            "heading": 1.7988000941551807,
            "speeds": {
                "vmax": 20.0
            },
            "type": 1,
            "driving_direction": 1,
            "id": "1008_1",
            "lane_type": 1
        },
        {
            "pos": {
                "x": 566913.0150255782,
                "y": 4317908.653075343,
                "yaw": 1.7988002590449323
            },
            "heading": 1.7988002590449323,
            "speeds": {
                "vmax": 20.0
            },
            "type": 1,
            "driving_direction": 1,
            "id": "1008_1",
            "lane_type": 1
        },
        {
            "pos": {
                "x": 566912.9039876217,
                "y": 4317909.13160711,
                "yaw": 1.7988004357809892
            },
            "heading": 1.7988004357809892,
            "speeds": {
                "vmax": 20.0
            },
            "type": 1,
            "driving_direction": 1,
            "id": "1008_1",
            "lane_type": 1
        },
        {
            "pos": {
                "x": 566912.792948202,
                "y": 4317909.610145183,
                "yaw": 1.7988001069636408
            },
            "heading": 1.7988001069636408,
            "speeds": {
                "vmax": 20.0
            },
            "type": 1,
            "driving_direction": 1,
            "id": "1008_1",
            "lane_type": 1
        },
        {
            "pos": {
                "x": 566912.6819083922,
                "y": 4317910.088684937,
                "yaw": 1.7988000320342552
            },
            "heading": 1.7988000320342552,
            "speeds": {
                "vmax": 20.0
            },
            "type": 1,
            "driving_direction": 1,
            "id": "1008_1",
            "lane_type": 1
        },
        {
            "pos": {
                "x": 566912.5708787877,
                "y": 4317910.56718071,
                "yaw": 1.798800459361594
            },
            "heading": 1.798800459361594,
            "speeds": {
                "vmax": 20.0
            },
            "type": 1,
            "driving_direction": 1,
            "id": "1007_1",
            "lane_type": 1
        },
        {
            "pos": {
                "x": 566912.4579148769,
                "y": 4317911.054012615,
                "yaw": 1.7988002894127688
            },
            "heading": 1.7988002894127688,
            "speeds": {
                "vmax": 20.0
            },
            "type": 1,
            "driving_direction": 1,
            "id": "1007_1",
            "lane_type": 1
        },
        {
            "pos": {
                "x": 566912.3449427835,
                "y": 4317911.540879783,
                "yaw": 1.7988004082092106
            },
            "heading": 1.7988004082092106,
            "speeds": {
                "vmax": 20.0
            },
            "type": 1,
            "driving_direction": 1,
            "id": "1007_1",
            "lane_type": 1
        },
        {
            "pos": {
                "x": 566912.2319715288,
                "y": 4317912.027743338,
                "yaw": 1.798800016101743
            },
            "heading": 1.798800016101743,
            "speeds": {
                "vmax": 20.0
            },
            "type": 1,
            "driving_direction": 1,
            "id": "1007_1",
            "lane_type": 1
        },
        {
            "pos": {
                "x": 566912.118996542,
                "y": 4317912.514622976,
                "yaw": 1.798800445495579
            },
            "heading": 1.798800445495579,
            "speeds": {
                "vmax": 20.0
            },
            "type": 1,
            "driving_direction": 1,
            "id": "1007_1",
            "lane_type": 1
        },
        {
            "pos": {
                "x": 566912.0060223923,
                "y": 4317913.0014990065,
                "yaw": 1.7987998996636378
            },
            "heading": 1.7987998996636378,
            "speeds": {
                "vmax": 20.0
            },
            "type": 1,
            "driving_direction": 1,
            "id": "1007_1",
            "lane_type": 1
        },
        {
            "pos": {
                "x": 566911.8930519354,
                "y": 4317913.4883591235,
                "yaw": 1.7988004547836256
            },
            "heading": 1.7988004547836256,
            "speeds": {
                "vmax": 20.0
            },
            "type": 1,
            "driving_direction": 1,
            "id": "1007_1",
            "lane_type": 1
        },
        {
            "pos": {
                "x": 566911.7800785177,
                "y": 4317913.975231999,
                "yaw": 1.798800363520544
            },
            "heading": 1.798800363520544,
            "speeds": {
                "vmax": 20.0
            },
            "type": 1,
            "driving_direction": 1,
            "id": "1007_1",
            "lane_type": 1
        },
        {
            "pos": {
                "x": 566911.6671050398,
                "y": 4317914.4621051345,
                "yaw": 1.798800143236729
            },
            "heading": 1.798800143236729,
            "speeds": {
                "vmax": 20.0
            },
            "type": 1,
            "driving_direction": 1,
            "id": "1007_1",
            "lane_type": 1
        },
        {
            "pos": {
                "x": 566911.5541326066,
                "y": 4317914.948973767,
                "yaw": 1.798800143236729
            },
            "heading": 1.798800143236729,
            "speeds": {
                "vmax": 20.0
            },
            "type": 1,
            "driving_direction": 1,
            "id": "1007_1",
            "lane_type": 1
        },
        {
            "pos": {
                "x": 566911.4411590572,
                "y": 4317915.435847211,
                "yaw": 1.7988003053029666
            },
            "heading": 1.7988003053029666,
            "speeds": {
                "vmax": 20.0
            },
            "type": 1,
            "driving_direction": 1,
            "id": "1007_1",
            "lane_type": 1
        },
        {
            "pos": {
                "x": 566911.3281865929,
                "y": 4317915.922715979,
                "yaw": 1.7988005484023002
            },
            "heading": 1.7988005484023002,
            "speeds": {
                "vmax": 20.0
            },
            "type": 1,
            "driving_direction": 1,
            "id": "1007_1",
            "lane_type": 1
        },
        {
            "pos": {
                "x": 566911.2152126394,
                "y": 4317916.4095911635,
                "yaw": 1.7988000864366553
            },
            "heading": 1.7988000864366553,
            "speeds": {
                "vmax": 20.0
            },
            "type": 1,
            "driving_direction": 1,
            "id": "1007_1",
            "lane_type": 1
        },
        {
            "pos": {
                "x": 566911.1022382893,
                "y": 4317916.896468058,
                "yaw": 1.7988005334641366
            },
            "heading": 1.7988005334641366,
            "speeds": {
                "vmax": 20.0
            },
            "type": 1,
            "driving_direction": 1,
            "id": "1007_1",
            "lane_type": 1
        },
        {
            "pos": {
                "x": 566910.9892743218,
                "y": 4317917.383300206,
                "yaw": 1.798800196191288
            },
            "heading": 1.798800196191288,
            "speeds": {
                "vmax": 20.0
            },
            "type": 1,
            "driving_direction": 1,
            "id": "1006_1",
            "lane_type": 1
        },
        {
            "pos": {
                "x": 566910.8762575404,
                "y": 4317917.870359963,
                "yaw": 1.798800196191288
            },
            "heading": 1.798800196191288,
            "speeds": {
                "vmax": 20.0
            },
            "type": 1,
            "driving_direction": 1,
            "id": "1006_1",
            "lane_type": 1
        },
        {
            "pos": {
                "x": 566910.763240759,
                "y": 4317918.35741972,
                "yaw": 1.798800196191288
            },
            "heading": 1.798800196191288,
            "speeds": {
                "vmax": 20.0
            },
            "type": 1,
            "driving_direction": 1,
            "id": "1006_1",
            "lane_type": 1
        },
        {
            "pos": {
                "x": 566910.6502239775,
                "y": 4317918.844479477,
                "yaw": 1.798800196191288
            },
            "heading": 1.798800196191288,
            "speeds": {
                "vmax": 20.0
            },
            "type": 1,
            "driving_direction": 1,
            "id": "1006_1",
            "lane_type": 1
        },
        {
            "pos": {
                "x": 566910.5372071961,
                "y": 4317919.331539235,
                "yaw": 1.798800196191288
            },
            "heading": 1.798800196191288,
            "speeds": {
                "vmax": 20.0
            },
            "type": 1,
            "driving_direction": 1,
            "id": "1006_1",
            "lane_type": 1
        },
        {
            "pos": {
                "x": 566910.4241904147,
                "y": 4317919.818598992,
                "yaw": 1.798800196191288
            },
            "heading": 1.798800196191288,
            "speeds": {
                "vmax": 20.0
            },
            "type": 1,
            "driving_direction": 1,
            "id": "1006_1",
            "lane_type": 1
        },
        {
            "pos": {
                "x": 566910.3111736333,
                "y": 4317920.305658749,
                "yaw": 1.798800196191288
            },
            "heading": 1.798800196191288,
            "speeds": {
                "vmax": 20.0
            },
            "type": 1,
            "driving_direction": 1,
            "id": "1006_1",
            "lane_type": 1
        },
        {
            "pos": {
                "x": 566910.2130204353,
                "y": 4317920.728662061,
                "yaw": 1.798800196191288
            },
            "heading": 1.798800196191288,
            "speeds": {
                "vmax": 20.0
            },
            "type": 1,
            "driving_direction": 1,
            "id": "1006_1",
            "lane_type": 1
        }
    ],
    "is_final_navi": true
}