{
    "header": {
        "trace_id": "COMMAND&RV37yQ23ln",
        "trans_id": "3df3def7-1bbd-45dd-9254-1d4f61beba47",
        "che_id": "A532",
        "timestamp": "2025-02-19T18:20:24.866531Z"
    },
    "task_id": "COMMAND&RV37yQ23ln",
    "navi_id": "A532_COMMAND&RV37yQ23ln_2",
    "seq_num": 2,
    "dest_type": 3,
    "mode": 2,
    "waypoints": [
        {
            "pos": {
                "x": 566936.2620180161,
                "y": 4317742.821074288,
                "yaw": 0.22808950672716716
            },
            "heading": 0.22808950672716716,
            "speeds": {
                "vmax": 15.0
            },
            "type": 1,
            "driving_direction": 1,
            "id": "1449_0",
            "lane_type": 61
        },
        {
            "pos": {
                "x": 566936.7490662385,
                "y": 4317742.934140769,
                "yaw": 0.22808950672716716
            },
            "heading": 0.22808950672716716,
            "speeds": {
                "vmax": 15.0
            },
            "type": 1,
            "driving_direction": 1,
            "id": "1449_0",
            "lane_type": 61
        },
        {
            "pos": {
                "x": 566937.236114461,
                "y": 4317743.047207249,
                "yaw": 0.22808950672716716
            },
            "heading": 0.22808950672716716,
            "speeds": {
                "vmax": 15.0
            },
            "type": 1,
            "driving_direction": 1,
            "id": "1449_0",
            "lane_type": 61
        },
        {
            "pos": {
                "x": 566937.7231626834,
                "y": 4317743.16027373,
                "yaw": 0.22808950672716716
            },
            "heading": 0.22808950672716716,
            "speeds": {
                "vmax": 15.0
            },
            "type": 1,
            "driving_direction": 1,
            "id": "1449_0",
            "lane_type": 61
        },
        {
            "pos": {
                "x": 566938.2102109059,
                "y": 4317743.27334021,
                "yaw": 0.22808950672716716
            },
            "heading": 0.22808950672716716,
            "speeds": {
                "vmax": 15.0
            },
            "type": 1,
            "driving_direction": 1,
            "id": "1449_0",
            "lane_type": 61
        },
        {
            "pos": {
                "x": 566938.6972591283,
                "y": 4317743.386406691,
                "yaw": 0.22808950672716716
            },
            "heading": 0.22808950672716716,
            "speeds": {
                "vmax": 15.0
            },
            "type": 1,
            "driving_direction": 1,
            "id": "1449_0",
            "lane_type": 61
        },
        {
            "pos": {
                "x": 566939.1843073508,
                "y": 4317743.499473171,
                "yaw": 0.22808950672716716
            },
            "heading": 0.22808950672716716,
            "speeds": {
                "vmax": 15.0
            },
            "type": 1,
            "driving_direction": 1,
            "id": "1449_0",
            "lane_type": 61
        },
        {
            "pos": {
                "x": 566939.6713555732,
                "y": 4317743.612539652,
                "yaw": 0.22808950672716716
            },
            "heading": 0.22808950672716716,
            "speeds": {
                "vmax": 15.0
            },
            "type": 1,
            "driving_direction": 1,
            "id": "1449_0",
            "lane_type": 61
        },
        {
            "pos": {
                "x": 566940.1584037958,
                "y": 4317743.725606132,
                "yaw": 0.22808950672716716
            },
            "heading": 0.22808950672716716,
            "speeds": {
                "vmax": 15.0
            },
            "type": 1,
            "driving_direction": 1,
            "id": "1449_0",
            "lane_type": 61
        },
        {
            "pos": {
                "x": 566940.6454520182,
                "y": 4317743.838672612,
                "yaw": 0.22808950672716716
            },
            "heading": 0.22808950672716716,
            "speeds": {
                "vmax": 15.0
            },
            "type": 1,
            "driving_direction": 1,
            "id": "1449_0",
            "lane_type": 61
        },
        {
            "pos": {
                "x": 566941.1325002407,
                "y": 4317743.951739092,
                "yaw": 0.22808950672716716
            },
            "heading": 0.22808950672716716,
            "speeds": {
                "vmax": 15.0
            },
            "type": 1,
            "driving_direction": 1,
            "id": "1449_0",
            "lane_type": 61
        },
        {
            "pos": {
                "x": 566941.6195484631,
                "y": 4317744.064805573,
                "yaw": 0.22808950672716716
            },
            "heading": 0.22808950672716716,
            "speeds": {
                "vmax": 15.0
            },
            "type": 1,
            "driving_direction": 1,
            "id": "1449_0",
            "lane_type": 61
        },
        {
            "pos": {
                "x": 566942.1065966856,
                "y": 4317744.177872053,
                "yaw": 0.22808950672716716
            },
            "heading": 0.22808950672716716,
            "speeds": {
                "vmax": 15.0
            },
            "type": 1,
            "driving_direction": 1,
            "id": "1449_0",
            "lane_type": 61
        },
        {
            "pos": {
                "x": 566942.593644908,
                "y": 4317744.290938534,
                "yaw": 0.22808950672716716
            },
            "heading": 0.22808950672716716,
            "speeds": {
                "vmax": 15.0
            },
            "type": 1,
            "driving_direction": 1,
            "id": "1449_0",
            "lane_type": 61
        },
        {
            "pos": {
                "x": 566942.9006108774,
                "y": 4317744.362199572,
                "yaw": 0.22808950672716716
            },
            "heading": 0.22808950672716716,
            "speeds": {
                "vmax": 15.0
            },
            "type": 1,
            "driving_direction": 1,
            "id": "1449_0",
            "lane_type": 61
        },
        {
            "pos": {
                "x": 566943.3885487637,
                "y": 4317744.475496758,
                "yaw": 0.22991937886543737
            },
            "heading": 0.22991937886543737,
            "speeds": {
                "vmax": 15.0
            },
            "type": 2,
            "driving_direction": 1,
            "id": "1694_0",
            "lane_type": 4
        },
        {
            "pos": {
                "x": 566943.9123626209,
                "y": 4317744.598100372,
                "yaw": 0.23011777749520823
            },
            "heading": 0.23011777749520823,
            "speeds": {
                "vmax": 15.0
            },
            "type": 2,
            "driving_direction": 1,
            "id": "1694_0",
            "lane_type": 4
        },
        {
            "pos": {
                "x": 566944.439625975,
                "y": 4317744.72172841,
                "yaw": 0.23045695527095295
            },
            "heading": 0.23045695527095295,
            "speeds": {
                "vmax": 15.0
            },
            "type": 2,
            "driving_direction": 1,
            "id": "1694_0",
            "lane_type": 4
        },
        {
            "pos": {
                "x": 566944.967761753,
                "y": 4317744.845722355,
                "yaw": 0.23069921322348766
            },
            "heading": 0.23069921322348766,
            "speeds": {
                "vmax": 15.0
            },
            "type": 2,
            "driving_direction": 1,
            "id": "1694_0",
            "lane_type": 4
        },
        {
            "pos": {
                "x": 566945.4945472019,
                "y": 4317744.969509105,
                "yaw": 0.23083543002186263
            },
            "heading": 0.23083543002186263,
            "speeds": {
                "vmax": 15.0
            },
            "type": 2,
            "driving_direction": 1,
            "id": "1694_0",
            "lane_type": 4
        },
        {
            "pos": {
                "x": 566946.0217210911,
                "y": 4317745.093428379,
                "yaw": 0.23088358621829874
            },
            "heading": 0.23088358621829874,
            "speeds": {
                "vmax": 15.0
            },
            "type": 2,
            "driving_direction": 1,
            "id": "1694_0",
            "lane_type": 4
        },
        {
            "pos": {
                "x": 566946.5488936501,
                "y": 4317745.21736015,
                "yaw": 0.23085362680742846
            },
            "heading": 0.23085362680742846,
            "speeds": {
                "vmax": 15.0
            },
            "type": 2,
            "driving_direction": 1,
            "id": "1694_0",
            "lane_type": 4
        },
        {
            "pos": {
                "x": 566947.0760734302,
                "y": 4317745.3412466,
                "yaw": 0.2307353489846101
            },
            "heading": 0.2307353489846101,
            "speeds": {
                "vmax": 15.0
            },
            "type": 2,
            "driving_direction": 1,
            "id": "1694_0",
            "lane_type": 4
        },
        {
            "pos": {
                "x": 566947.602245962,
                "y": 4317745.464811424,
                "yaw": 0.23052665607327782
            },
            "heading": 0.23052665607327782,
            "speeds": {
                "vmax": 15.0
            },
            "type": 2,
            "driving_direction": 1,
            "id": "1694_0",
            "lane_type": 4
        },
        {
            "pos": {
                "x": 566948.1309275718,
                "y": 4317745.588817336,
                "yaw": 0.2302084757279272
            },
            "heading": 0.2302084757279272,
            "speeds": {
                "vmax": 15.0
            },
            "type": 2,
            "driving_direction": 1,
            "id": "1694_0",
            "lane_type": 4
        },
        {
            "pos": {
                "x": 566948.6585496803,
                "y": 4317745.71236538,
                "yaw": 0.22976174994532592
            },
            "heading": 0.22976174994532592,
            "speeds": {
                "vmax": 15.0
            },
            "type": 2,
            "driving_direction": 1,
            "id": "1694_0",
            "lane_type": 4
        },
        {
            "pos": {
                "x": 566949.1843623032,
                "y": 4317745.83519911,
                "yaw": 0.22912276607062018
            },
            "heading": 0.22912276607062018,
            "speeds": {
                "vmax": 15.0
            },
            "type": 2,
            "driving_direction": 1,
            "id": "1694_0",
            "lane_type": 4
        },
        {
            "pos": {
                "x": 566949.7117798207,
                "y": 4317745.957985736,
                "yaw": 0.2282533424383411
            },
            "heading": 0.2282533424383411,
            "speeds": {
                "vmax": 15.0
            },
            "type": 2,
            "driving_direction": 1,
            "id": "1694_0",
            "lane_type": 4
        },
        {
            "pos": {
                "x": 566950.2386091066,
                "y": 4317746.08008658,
                "yaw": 0.22703642138432853
            },
            "heading": 0.22703642138432853,
            "speeds": {
                "vmax": 15.0
            },
            "type": 2,
            "driving_direction": 1,
            "id": "1694_0",
            "lane_type": 4
        },
        {
            "pos": {
                "x": 566950.7641764672,
                "y": 4317746.201084514,
                "yaw": 0.2248169006082963
            },
            "heading": 0.2248169006082963,
            "speeds": {
                "vmax": 15.0
            },
            "type": 2,
            "driving_direction": 1,
            "id": "1694_0",
            "lane_type": 4
        },
        {
            "pos": {
                "x": 566951.2940130468,
                "y": 4317746.321381774,
                "yaw": 0.22123054991490657
            },
            "heading": 0.22123054991490657,
            "speeds": {
                "vmax": 15.0
            },
            "type": 2,
            "driving_direction": 1,
            "id": "1694_0",
            "lane_type": 4
        },
        {
            "pos": {
                "x": 566951.823239415,
                "y": 4317746.439195223,
                "yaw": 0.21768616135843824
            },
            "heading": 0.21768616135843824,
            "speeds": {
                "vmax": 15.0
            },
            "type": 2,
            "driving_direction": 1,
            "id": "1694_0",
            "lane_type": 4
        },
        {
            "pos": {
                "x": 566952.3516349702,
                "y": 4317746.55529421,
                "yaw": 0.21595024290265566
            },
            "heading": 0.21595024290265566,
            "speeds": {
                "vmax": 15.0
            },
            "type": 2,
            "driving_direction": 1,
            "id": "1694_0",
            "lane_type": 4
        },
        {
            "pos": {
                "x": 566952.8766420922,
                "y": 4317746.670311291,
                "yaw": 0.21808091448608677
            },
            "heading": 0.21808091448608677,
            "speeds": {
                "vmax": 15.0
            },
            "type": 2,
            "driving_direction": 1,
            "id": "1694_0",
            "lane_type": 4
        },
        {
            "pos": {
                "x": 566953.4037186231,
                "y": 4317746.788591893,
                "yaw": 0.22438466047171352
            },
            "heading": 0.22438466047171352,
            "speeds": {
                "vmax": 15.0
            },
            "type": 2,
            "driving_direction": 1,
            "id": "1694_0",
            "lane_type": 4
        },
        {
            "pos": {
                "x": 566953.9305768893,
                "y": 4317746.910974503,
                "yaw": 0.23384444589386938
            },
            "heading": 0.23384444589386938,
            "speeds": {
                "vmax": 15.0
            },
            "type": 2,
            "driving_direction": 1,
            "id": "1694_0",
            "lane_type": 4
        },
        {
            "pos": {
                "x": 566954.4559717503,
                "y": 4317747.03944162,
                "yaw": 0.2507255666530043
            },
            "heading": 0.2507255666530043,
            "speeds": {
                "vmax": 15.0
            },
            "type": 2,
            "driving_direction": 1,
            "id": "1694_0",
            "lane_type": 4
        },
        {
            "pos": {
                "x": 566954.9781550721,
                "y": 4317747.179720143,
                "yaw": 0.27222823371552285
            },
            "heading": 0.27222823371552285,
            "speeds": {
                "vmax": 15.0
            },
            "type": 2,
            "driving_direction": 1,
            "id": "1694_0",
            "lane_type": 4
        },
        {
            "pos": {
                "x": 566955.4970917667,
                "y": 4317747.330309749,
                "yaw": 0.2956759004294011
            },
            "heading": 0.2956759004294011,
            "speeds": {
                "vmax": 15.0
            },
            "type": 2,
            "driving_direction": 1,
            "id": "1694_0",
            "lane_type": 4
        },
        {
            "pos": {
                "x": 566956.0116115095,
                "y": 4317747.494958932,
                "yaw": 0.3323718576456702
            },
            "heading": 0.3323718576456702,
            "speeds": {
                "vmax": 15.0
            },
            "type": 2,
            "driving_direction": 1,
            "id": "1694_0",
            "lane_type": 4
        },
        {
            "pos": {
                "x": 566956.517289609,
                "y": 4317747.683242094,
                "yaw": 0.37874085013816533
            },
            "heading": 0.37874085013816533,
            "speeds": {
                "vmax": 15.0
            },
            "type": 2,
            "driving_direction": 1,
            "id": "1694_0",
            "lane_type": 4
        },
        {
            "pos": {
                "x": 566957.0135696087,
                "y": 4317747.894128322,
                "yaw": 0.4232080966035186
            },
            "heading": 0.4232080966035186,
            "speeds": {
                "vmax": 15.0
            },
            "type": 2,
            "driving_direction": 1,
            "id": "1694_0",
            "lane_type": 4
        },
        {
            "pos": {
                "x": 566957.5001675803,
                "y": 4317748.126252766,
                "yaw": 0.47317629313736015
            },
            "heading": 0.47317629313736015,
            "speeds": {
                "vmax": 15.0
            },
            "type": 2,
            "driving_direction": 1,
            "id": "1694_0",
            "lane_type": 4
        },
        {
            "pos": {
                "x": 566957.9728651674,
                "y": 4317748.385550271,
                "yaw": 0.5363504093368416
            },
            "heading": 0.5363504093368416,
            "speeds": {
                "vmax": 15.0
            },
            "type": 2,
            "driving_direction": 1,
            "id": "1694_0",
            "lane_type": 4
        },
        {
            "pos": {
                "x": 566958.4265610552,
                "y": 4317748.677056683,
                "yaw": 0.6029134784476192
            },
            "heading": 0.6029134784476192,
            "speeds": {
                "vmax": 15.0
            },
            "type": 2,
            "driving_direction": 1,
            "id": "1694_0",
            "lane_type": 4
        },
        {
            "pos": {
                "x": 566958.8607554672,
                "y": 4317748.996638896,
                "yaw": 0.6671908735819376
            },
            "heading": 0.6671908735819376,
            "speeds": {
                "vmax": 15.0
            },
            "type": 2,
            "driving_direction": 1,
            "id": "1694_0",
            "lane_type": 4
        },
        {
            "pos": {
                "x": 566959.2735863016,
                "y": 4317749.343899123,
                "yaw": 0.734999569931098
            },
            "heading": 0.734999569931098,
            "speeds": {
                "vmax": 15.0
            },
            "type": 2,
            "driving_direction": 1,
            "id": "1694_0",
            "lane_type": 4
        },
        {
            "pos": {
                "x": 566959.6614098011,
                "y": 4317749.719699721,
                "yaw": 0.8023619424832038
            },
            "heading": 0.8023619424832038,
            "speeds": {
                "vmax": 15.0
            },
            "type": 2,
            "driving_direction": 1,
            "id": "1694_0",
            "lane_type": 4
        },
        {
            "pos": {
                "x": 566960.0243903582,
                "y": 4317750.11989329,
                "yaw": 0.8679149286119667
            },
            "heading": 0.8679149286119667,
            "speeds": {
                "vmax": 15.0
            },
            "type": 2,
            "driving_direction": 1,
            "id": "1694_0",
            "lane_type": 4
        },
        {
            "pos": {
                "x": 566960.3601046656,
                "y": 4317750.543554595,
                "yaw": 0.937006578954083
            },
            "heading": 0.937006578954083,
            "speeds": {
                "vmax": 15.0
            },
            "type": 2,
            "driving_direction": 1,
            "id": "1694_0",
            "lane_type": 4
        },
        {
            "pos": {
                "x": 566960.6645032016,
                "y": 4317750.989900619,
                "yaw": 1.0129687305794606
            },
            "heading": 1.0129687305794606,
            "speeds": {
                "vmax": 15.0
            },
            "type": 2,
            "driving_direction": 1,
            "id": "1694_0",
            "lane_type": 4
        },
        {
            "pos": {
                "x": 566960.9324672964,
                "y": 4317751.45935143,
                "yaw": 1.0885910347257688
            },
            "heading": 1.0885910347257688,
            "speeds": {
                "vmax": 15.0
            },
            "type": 2,
            "driving_direction": 1,
            "id": "1694_0",
            "lane_type": 4
        },
        {
            "pos": {
                "x": 566961.1663293277,
                "y": 4317751.946995056,
                "yaw": 1.154672879347727
            },
            "heading": 1.154672879347727,
            "speeds": {
                "vmax": 15.0
            },
            "type": 2,
            "driving_direction": 1,
            "id": "1694_0",
            "lane_type": 4
        },
        {
            "pos": {
                "x": 566961.3701055334,
                "y": 4317752.448320864,
                "yaw": 1.2161767777670567
            },
            "heading": 1.2161767777670567,
            "speeds": {
                "vmax": 15.0
            },
            "type": 2,
            "driving_direction": 1,
            "id": "1694_0",
            "lane_type": 4
        },
        {
            "pos": {
                "x": 566961.5420977037,
                "y": 4317752.960551956,
                "yaw": 1.2833459173629098
            },
            "heading": 1.2833459173629098,
            "speeds": {
                "vmax": 15.0
            },
            "type": 2,
            "driving_direction": 1,
            "id": "1694_0",
            "lane_type": 4
        },
        {
            "pos": {
                "x": 566961.6771151457,
                "y": 4317753.484555611,
                "yaw": 1.351345471315485
            },
            "heading": 1.351345471315485,
            "speeds": {
                "vmax": 15.0
            },
            "type": 2,
            "driving_direction": 1,
            "id": "1694_0",
            "lane_type": 4
        },
        {
            "pos": {
                "x": 566961.7779378707,
                "y": 4317754.015865393,
                "yaw": 1.4188618712930465
            },
            "heading": 1.4188618712930465,
            "speeds": {
                "vmax": 15.0
            },
            "type": 2,
            "driving_direction": 1,
            "id": "1694_0",
            "lane_type": 4
        },
        {
            "pos": {
                "x": 566961.8411904984,
                "y": 4317754.55275895,
                "yaw": 1.4878570362073806
            },
            "heading": 1.4878570362073806,
            "speeds": {
                "vmax": 15.0
            },
            "type": 2,
            "driving_direction": 1,
            "id": "1694_0",
            "lane_type": 4
        },
        {
            "pos": {
                "x": 566961.8680364985,
                "y": 4317755.094345856,
                "yaw": 1.5522743289209746
            },
            "heading": 1.5522743289209746,
            "speeds": {
                "vmax": 15.0
            },
            "type": 2,
            "driving_direction": 1,
            "id": "1694_0",
            "lane_type": 4
        },
        {
            "pos": {
                "x": 566961.8615524028,
                "y": 4317755.63347664,
                "yaw": 1.6123933554717231
            },
            "heading": 1.6123933554717231,
            "speeds": {
                "vmax": 15.0
            },
            "type": 2,
            "driving_direction": 1,
            "id": "1694_0",
            "lane_type": 4
        },
        {
            "pos": {
                "x": 566961.8235422941,
                "y": 4317756.172017262,
                "yaw": 1.670525712123922
            },
            "heading": 1.670525712123922,
            "speeds": {
                "vmax": 15.0
            },
            "type": 2,
            "driving_direction": 1,
            "id": "1694_0",
            "lane_type": 4
        },
        {
            "pos": {
                "x": 566961.7546706637,
                "y": 4317756.707308365,
                "yaw": 1.7214440951870307
            },
            "heading": 1.7214440951870307,
            "speeds": {
                "vmax": 15.0
            },
            "type": 2,
            "driving_direction": 1,
            "id": "1694_0",
            "lane_type": 4
        },
        {
            "pos": {
                "x": 566961.662908817,
                "y": 4317757.234704394,
                "yaw": 1.7587114569643398
            },
            "heading": 1.7587114569643398,
            "speeds": {
                "vmax": 15.0
            },
            "type": 2,
            "driving_direction": 1,
            "id": "1694_0",
            "lane_type": 4
        },
        {
            "pos": {
                "x": 566961.5544188597,
                "y": 4317757.7650547875,
                "yaw": 1.777967948213014
            },
            "heading": 1.777967948213014,
            "speeds": {
                "vmax": 15.0
            },
            "type": 2,
            "driving_direction": 1,
            "id": "1694_0",
            "lane_type": 4
        },
        {
            "pos": {
                "x": 566961.440540114,
                "y": 4317758.294088037,
                "yaw": 1.7854455068838158
            },
            "heading": 1.7854455068838158,
            "speeds": {
                "vmax": 15.0
            },
            "type": 2,
            "driving_direction": 1,
            "id": "1694_0",
            "lane_type": 4
        },
        {
            "pos": {
                "x": 566961.3240796519,
                "y": 4317758.822222576,
                "yaw": 1.7893700953885645
            },
            "heading": 1.7893700953885645,
            "speeds": {
                "vmax": 15.0
            },
            "type": 2,
            "driving_direction": 1,
            "id": "1694_0",
            "lane_type": 4
        },
        {
            "pos": {
                "x": 566961.2056578672,
                "y": 4317759.351847611,
                "yaw": 1.7917245806798507
            },
            "heading": 1.7917245806798507,
            "speeds": {
                "vmax": 15.0
            },
            "type": 2,
            "driving_direction": 1,
            "id": "1694_0",
            "lane_type": 4
        },
        {
            "pos": {
                "x": 566961.0860471578,
                "y": 4317759.8822102845,
                "yaw": 1.7931943052283141
            },
            "heading": 1.7931943052283141,
            "speeds": {
                "vmax": 15.0
            },
            "type": 2,
            "driving_direction": 1,
            "id": "1694_0",
            "lane_type": 4
        },
        {
            "pos": {
                "x": 566960.9662589951,
                "y": 4317760.410552044,
                "yaw": 1.7940314379147975
            },
            "heading": 1.7940314379147975,
            "speeds": {
                "vmax": 15.0
            },
            "type": 2,
            "driving_direction": 1,
            "id": "1694_0",
            "lane_type": 4
        },
        {
            "pos": {
                "x": 566960.8461255643,
                "y": 4317760.939070301,
                "yaw": 1.794364802856724
            },
            "heading": 1.794364802856724,
            "speeds": {
                "vmax": 15.0
            },
            "type": 2,
            "driving_direction": 1,
            "id": "1694_0",
            "lane_type": 4
        },
        {
            "pos": {
                "x": 566960.7260192267,
                "y": 4317761.4671673365,
                "yaw": 1.7942627860875886
            },
            "heading": 1.7942627860875886,
            "speeds": {
                "vmax": 15.0
            },
            "type": 2,
            "driving_direction": 1,
            "id": "1694_0",
            "lane_type": 4
        },
        {
            "pos": {
                "x": 566960.6058858063,
                "y": 4317761.996181078,
                "yaw": 1.793688044557587
            },
            "heading": 1.793688044557587,
            "speeds": {
                "vmax": 15.0
            },
            "type": 2,
            "driving_direction": 1,
            "id": "1694_0",
            "lane_type": 4
        },
        {
            "pos": {
                "x": 566960.4860911472,
                "y": 4317762.525733618,
                "yaw": 1.7925815727152377
            },
            "heading": 1.7925815727152377,
            "speeds": {
                "vmax": 15.0
            },
            "type": 2,
            "driving_direction": 1,
            "id": "1694_0",
            "lane_type": 4
        },
        {
            "pos": {
                "x": 566960.367561188,
                "y": 4317763.0531313345,
                "yaw": 1.7907785513702454
            },
            "heading": 1.7907785513702454,
            "speeds": {
                "vmax": 15.0
            },
            "type": 2,
            "driving_direction": 1,
            "id": "1694_0",
            "lane_type": 4
        },
        {
            "pos": {
                "x": 566960.250948787,
                "y": 4317763.577650385,
                "yaw": 1.7987663416632313
            },
            "heading": 1.7987663416632313,
            "speeds": {
                "vmax": 20.0
            },
            "type": 1,
            "driving_direction": 1,
            "id": "1029_4",
            "lane_type": 1
        },
        {
            "pos": {
                "x": 566960.1373415114,
                "y": 4317764.0673307795,
                "yaw": 1.7987661050080501
            },
            "heading": 1.7987661050080501,
            "speeds": {
                "vmax": 20.0
            },
            "type": 1,
            "driving_direction": 1,
            "id": "1029_4",
            "lane_type": 1
        },
        {
            "pos": {
                "x": 566960.0237260066,
                "y": 4317764.557046644,
                "yaw": 1.7987662357594014
            },
            "heading": 1.7987662357594014,
            "speeds": {
                "vmax": 20.0
            },
            "type": 1,
            "driving_direction": 1,
            "id": "1029_4",
            "lane_type": 1
        },
        {
            "pos": {
                "x": 566959.9101113454,
                "y": 4317765.046758873,
                "yaw": 1.7987661338912297
            },
            "heading": 1.7987661338912297,
            "speeds": {
                "vmax": 20.0
            },
            "type": 1,
            "driving_direction": 1,
            "id": "1029_4",
            "lane_type": 1
        },
        {
            "pos": {
                "x": 566959.7964929305,
                "y": 4317765.536487281,
                "yaw": 1.7987661931494934
            },
            "heading": 1.7987661931494934,
            "speeds": {
                "vmax": 20.0
            },
            "type": 1,
            "driving_direction": 1,
            "id": "1029_4",
            "lane_type": 1
        },
        {
            "pos": {
                "x": 566959.682875358,
                "y": 4317766.026212059,
                "yaw": 1.798766086862554
            },
            "heading": 1.798766086862554,
            "speeds": {
                "vmax": 20.0
            },
            "type": 1,
            "driving_direction": 1,
            "id": "1029_4",
            "lane_type": 1
        },
        {
            "pos": {
                "x": 566959.5692614987,
                "y": 4317766.515920832,
                "yaw": 1.7987659715007924
            },
            "heading": 1.7987659715007924,
            "speeds": {
                "vmax": 20.0
            },
            "type": 1,
            "driving_direction": 1,
            "id": "1029_4",
            "lane_type": 1
        },
        {
            "pos": {
                "x": 566959.4556446623,
                "y": 4317767.005642437,
                "yaw": 1.7987665599037437
            },
            "heading": 1.7987665599037437,
            "speeds": {
                "vmax": 20.0
            },
            "type": 1,
            "driving_direction": 1,
            "id": "1029_4",
            "lane_type": 1
        },
        {
            "pos": {
                "x": 566959.342027765,
                "y": 4317767.495364304,
                "yaw": 1.7987658922023828
            },
            "heading": 1.7987658922023828,
            "speeds": {
                "vmax": 20.0
            },
            "type": 1,
            "driving_direction": 1,
            "id": "1029_4",
            "lane_type": 1
        },
        {
            "pos": {
                "x": 566959.2284119183,
                "y": 4317767.985081643,
                "yaw": 1.7987664213459553
            },
            "heading": 1.7987664213459553,
            "speeds": {
                "vmax": 20.0
            },
            "type": 1,
            "driving_direction": 1,
            "id": "1029_4",
            "lane_type": 1
        },
        {
            "pos": {
                "x": 566959.1147949493,
                "y": 4317768.474803818,
                "yaw": 1.7987661106927857
            },
            "heading": 1.7987661106927857,
            "speeds": {
                "vmax": 20.0
            },
            "type": 1,
            "driving_direction": 1,
            "id": "1029_4",
            "lane_type": 1
        },
        {
            "pos": {
                "x": 566959.0011790713,
                "y": 4317768.964521293,
                "yaw": 1.7987663755800496
            },
            "heading": 1.7987663755800496,
            "speeds": {
                "vmax": 20.0
            },
            "type": 1,
            "driving_direction": 1,
            "id": "1029_4",
            "lane_type": 1
        },
        {
            "pos": {
                "x": 566958.8875616959,
                "y": 4317769.454245221,
                "yaw": 1.798766204117345
            },
            "heading": 1.798766204117345,
            "speeds": {
                "vmax": 20.0
            },
            "type": 1,
            "driving_direction": 1,
            "id": "1029_4",
            "lane_type": 1
        },
        {
            "pos": {
                "x": 566958.7739439214,
                "y": 4317769.943970868,
                "yaw": 1.7987661868371014
            },
            "heading": 1.7987661868371014,
            "speeds": {
                "vmax": 20.0
            },
            "type": 1,
            "driving_direction": 1,
            "id": "1029_4",
            "lane_type": 1
        },
        {
            "pos": {
                "x": 566958.6603365887,
                "y": 4317770.433651509,
                "yaw": 1.7987663622694194
            },
            "heading": 1.7987663622694194,
            "speeds": {
                "vmax": 20.0
            },
            "type": 1,
            "driving_direction": 1,
            "id": "1028_4",
            "lane_type": 1
        },
        {
            "pos": {
                "x": 566958.5480133786,
                "y": 4317770.917797208,
                "yaw": 1.7987661926633416
            },
            "heading": 1.7987661926633416,
            "speeds": {
                "vmax": 20.0
            },
            "type": 1,
            "driving_direction": 1,
            "id": "1028_4",
            "lane_type": 1
        },
        {
            "pos": {
                "x": 566958.4356820323,
                "y": 4317771.401977977,
                "yaw": 1.7987661619366975
            },
            "heading": 1.7987661619366975,
            "speeds": {
                "vmax": 20.0
            },
            "type": 1,
            "driving_direction": 1,
            "id": "1028_4",
            "lane_type": 1
        },
        {
            "pos": {
                "x": 566958.3233515201,
                "y": 4317771.886155151,
                "yaw": 1.7987661403888768
            },
            "heading": 1.7987661403888768,
            "speeds": {
                "vmax": 20.0
            },
            "type": 1,
            "driving_direction": 1,
            "id": "1028_4",
            "lane_type": 1
        },
        {
            "pos": {
                "x": 566958.2110172964,
                "y": 4317772.370348321,
                "yaw": 1.7987661885928545
            },
            "heading": 1.7987661885928545,
            "speeds": {
                "vmax": 20.0
            },
            "type": 1,
            "driving_direction": 1,
            "id": "1028_4",
            "lane_type": 1
        },
        {
            "pos": {
                "x": 566958.0986839056,
                "y": 4317772.854537902,
                "yaw": 1.7987660928226297
            },
            "heading": 1.7987660928226297,
            "speeds": {
                "vmax": 20.0
            },
            "type": 1,
            "driving_direction": 1,
            "id": "1028_4",
            "lane_type": 1
        },
        {
            "pos": {
                "x": 566957.9863541863,
                "y": 4317773.3387116585,
                "yaw": 1.7987662088643213
            },
            "heading": 1.7987662088643213,
            "speeds": {
                "vmax": 20.0
            },
            "type": 1,
            "driving_direction": 1,
            "id": "1028_4",
            "lane_type": 1
        },
        {
            "pos": {
                "x": 566957.8740215232,
                "y": 4317773.822898103,
                "yaw": 1.7987661058322584
            },
            "heading": 1.7987661058322584,
            "speeds": {
                "vmax": 20.0
            },
            "type": 1,
            "driving_direction": 1,
            "id": "1028_4",
            "lane_type": 1
        },
        {
            "pos": {
                "x": 566957.7616888002,
                "y": 4317774.307084804,
                "yaw": 1.7987661169252445
            },
            "heading": 1.7987661169252445,
            "speeds": {
                "vmax": 20.0
            },
            "type": 1,
            "driving_direction": 1,
            "id": "1028_4",
            "lane_type": 1
        },
        {
            "pos": {
                "x": 566957.6493571156,
                "y": 4317774.791267032,
                "yaw": 1.7987661169252445
            },
            "heading": 1.7987661169252445,
            "speeds": {
                "vmax": 20.0
            },
            "type": 1,
            "driving_direction": 1,
            "id": "1028_4",
            "lane_type": 1
        },
        {
            "pos": {
                "x": 566957.5370243218,
                "y": 4317775.27545404,
                "yaw": 1.7987661169252445
            },
            "heading": 1.7987661169252445,
            "speeds": {
                "vmax": 20.0
            },
            "type": 1,
            "driving_direction": 1,
            "id": "1028_4",
            "lane_type": 1
        },
        {
            "pos": {
                "x": 566957.4246926066,
                "y": 4317775.759636398,
                "yaw": 1.798766536076881
            },
            "heading": 1.798766536076881,
            "speeds": {
                "vmax": 20.0
            },
            "type": 1,
            "driving_direction": 1,
            "id": "1028_4",
            "lane_type": 1
        },
        {
            "pos": {
                "x": 566957.3123594107,
                "y": 4317776.2438251395,
                "yaw": 1.7987660484513561
            },
            "heading": 1.7987660484513561,
            "speeds": {
                "vmax": 20.0
            },
            "type": 1,
            "driving_direction": 1,
            "id": "1028_4",
            "lane_type": 1
        },
        {
            "pos": {
                "x": 566957.2000258202,
                "y": 4317776.728015581,
                "yaw": 1.7987662056724234
            },
            "heading": 1.7987662056724234,
            "speeds": {
                "vmax": 20.0
            },
            "type": 1,
            "driving_direction": 1,
            "id": "1028_4",
            "lane_type": 1
        },
        {
            "pos": {
                "x": 566957.0877025537,
                "y": 4317777.212161524,
                "yaw": 1.798766303592703
            },
            "heading": 1.798766303592703,
            "speeds": {
                "vmax": 20.0
            },
            "type": 1,
            "driving_direction": 1,
            "id": "1027_4",
            "lane_type": 1
        },
        {
            "pos": {
                "x": 566956.974522188,
                "y": 4317777.7000018135,
                "yaw": 1.7987664471117073
            },
            "heading": 1.7987664471117073,
            "speeds": {
                "vmax": 20.0
            },
            "type": 1,
            "driving_direction": 1,
            "id": "1027_4",
            "lane_type": 1
        },
        {
            "pos": {
                "x": 566956.8613336238,
                "y": 4317778.18787744,
                "yaw": 1.7987662548738894
            },
            "heading": 1.7987662548738894,
            "speeds": {
                "vmax": 20.0
            },
            "type": 1,
            "driving_direction": 1,
            "id": "1027_4",
            "lane_type": 1
        },
        {
            "pos": {
                "x": 566956.7481459002,
                "y": 4317778.6757494435,
                "yaw": 1.7987659449497342
            },
            "heading": 1.7987659449497342,
            "speeds": {
                "vmax": 20.0
            },
            "type": 1,
            "driving_direction": 1,
            "id": "1027_4",
            "lane_type": 1
        },
        {
            "pos": {
                "x": 566956.634954437,
                "y": 4317779.163637566,
                "yaw": 1.7987660620138983
            },
            "heading": 1.7987660620138983,
            "speeds": {
                "vmax": 20.0
            },
            "type": 1,
            "driving_direction": 1,
            "id": "1027_4",
            "lane_type": 1
        },
        {
            "pos": {
                "x": 566956.5217638128,
                "y": 4317779.651522073,
                "yaw": 1.7987662787931264
            },
            "heading": 1.7987662787931264,
            "speeds": {
                "vmax": 20.0
            },
            "type": 1,
            "driving_direction": 1,
            "id": "1027_4",
            "lane_type": 1
        },
        {
            "pos": {
                "x": 566956.4085768883,
                "y": 4317780.1393906325,
                "yaw": 1.7987663823136202
            },
            "heading": 1.7987663823136202,
            "speeds": {
                "vmax": 20.0
            },
            "type": 1,
            "driving_direction": 1,
            "id": "1027_4",
            "lane_type": 1
        },
        {
            "pos": {
                "x": 566956.2953869973,
                "y": 4317780.627271978,
                "yaw": 1.7987660607454543
            },
            "heading": 1.7987660607454543,
            "speeds": {
                "vmax": 20.0
            },
            "type": 1,
            "driving_direction": 1,
            "id": "1027_4",
            "lane_type": 1
        },
        {
            "pos": {
                "x": 566956.182197046,
                "y": 4317781.115153583,
                "yaw": 1.798766140978175
            },
            "heading": 1.798766140978175,
            "speeds": {
                "vmax": 20.0
            },
            "type": 1,
            "driving_direction": 1,
            "id": "1027_4",
            "lane_type": 1
        },
        {
            "pos": {
                "x": 566956.0690081413,
                "y": 4317781.603030679,
                "yaw": 1.7987663719362004
            },
            "heading": 1.7987663719362004,
            "speeds": {
                "vmax": 20.0
            },
            "type": 1,
            "driving_direction": 1,
            "id": "1027_4",
            "lane_type": 1
        },
        {
            "pos": {
                "x": 566955.9558181188,
                "y": 4317782.090912592,
                "yaw": 1.7987660025304009
            },
            "heading": 1.7987660025304009,
            "speeds": {
                "vmax": 20.0
            },
            "type": 1,
            "driving_direction": 1,
            "id": "1027_4",
            "lane_type": 1
        },
        {
            "pos": {
                "x": 566955.8426291829,
                "y": 4317782.578789821,
                "yaw": 1.7987662567737994
            },
            "heading": 1.7987662567737994,
            "speeds": {
                "vmax": 20.0
            },
            "type": 1,
            "driving_direction": 1,
            "id": "1027_4",
            "lane_type": 1
        },
        {
            "pos": {
                "x": 566955.7294387552,
                "y": 4317783.06667348,
                "yaw": 1.7987660846654772
            },
            "heading": 1.7987660846654772,
            "speeds": {
                "vmax": 20.0
            },
            "type": 1,
            "driving_direction": 1,
            "id": "1027_4",
            "lane_type": 1
        },
        {
            "pos": {
                "x": 566955.6162479299,
                "y": 4317783.554558853,
                "yaw": 1.7987660789582411
            },
            "heading": 1.7987660789582411,
            "speeds": {
                "vmax": 20.0
            },
            "type": 1,
            "driving_direction": 1,
            "id": "1027_4",
            "lane_type": 1
        },
        {
            "pos": {
                "x": 566955.5030675074,
                "y": 4317784.042399388,
                "yaw": 1.7987662086956755
            },
            "heading": 1.7987662086956755,
            "speeds": {
                "vmax": 20.0
            },
            "type": 1,
            "driving_direction": 1,
            "id": "1026_4",
            "lane_type": 1
        },
        {
            "pos": {
                "x": 566955.3898696026,
                "y": 4317784.530315274,
                "yaw": 1.7987662713379697
            },
            "heading": 1.7987662713379697,
            "speeds": {
                "vmax": 20.0
            },
            "type": 1,
            "driving_direction": 1,
            "id": "1026_4",
            "lane_type": 1
        },
        {
            "pos": {
                "x": 566955.276663498,
                "y": 4317785.0182665065,
                "yaw": 1.7987662408462726
            },
            "heading": 1.7987662408462726,
            "speeds": {
                "vmax": 20.0
            },
            "type": 1,
            "driving_direction": 1,
            "id": "1026_4",
            "lane_type": 1
        },
        {
            "pos": {
                "x": 566955.1634582342,
                "y": 4317785.506214114,
                "yaw": 1.7987660001834345
            },
            "heading": 1.7987660001834345,
            "speeds": {
                "vmax": 20.0
            },
            "type": 1,
            "driving_direction": 1,
            "id": "1026_4",
            "lane_type": 1
        },
        {
            "pos": {
                "x": 566955.0502492301,
                "y": 4317785.9941778425,
                "yaw": 1.7987661980821217
            },
            "heading": 1.7987661980821217,
            "speeds": {
                "vmax": 20.0
            },
            "type": 1,
            "driving_direction": 1,
            "id": "1026_4",
            "lane_type": 1
        },
        {
            "pos": {
                "x": 566954.9370410652,
                "y": 4317786.482137954,
                "yaw": 1.7987662531207225
            },
            "heading": 1.7987662531207225,
            "speeds": {
                "vmax": 20.0
            },
            "type": 1,
            "driving_direction": 1,
            "id": "1026_4",
            "lane_type": 1
        },
        {
            "pos": {
                "x": 566954.8238366006,
                "y": 4317786.970082117,
                "yaw": 1.7987662065559387
            },
            "heading": 1.7987662065559387,
            "speeds": {
                "vmax": 20.0
            },
            "type": 1,
            "driving_direction": 1,
            "id": "1026_4",
            "lane_type": 1
        },
        {
            "pos": {
                "x": 566954.7106291691,
                "y": 4317787.458039068,
                "yaw": 1.7987661851740886
            },
            "heading": 1.7987661851740886,
            "speeds": {
                "vmax": 20.0
            },
            "type": 1,
            "driving_direction": 1,
            "id": "1026_4",
            "lane_type": 1
        },
        {
            "pos": {
                "x": 566954.5974216773,
                "y": 4317787.945996277,
                "yaw": 1.7987660461140464
            },
            "heading": 1.7987660461140464,
            "speeds": {
                "vmax": 20.0
            },
            "type": 1,
            "driving_direction": 1,
            "id": "1026_4",
            "lane_type": 1
        },
        {
            "pos": {
                "x": 566954.4842152321,
                "y": 4317788.433948978,
                "yaw": 1.798766126968431
            },
            "heading": 1.798766126968431,
            "speeds": {
                "vmax": 20.0
            },
            "type": 1,
            "driving_direction": 1,
            "id": "1026_4",
            "lane_type": 1
        },
        {
            "pos": {
                "x": 566954.3710076689,
                "y": 4317788.9219064955,
                "yaw": 1.7987664387449813
            },
            "heading": 1.7987664387449813,
            "speeds": {
                "vmax": 20.0
            },
            "type": 1,
            "driving_direction": 1,
            "id": "1026_4",
            "lane_type": 1
        },
        {
            "pos": {
                "x": 566954.2578011926,
                "y": 4317789.4098593285,
                "yaw": 1.798765769262147
            },
            "heading": 1.798765769262147,
            "speeds": {
                "vmax": 20.0
            },
            "type": 1,
            "driving_direction": 1,
            "id": "1026_4",
            "lane_type": 1
        },
        {
            "pos": {
                "x": 566954.1445932243,
                "y": 4317789.897818593,
                "yaw": 1.7987662090896617
            },
            "heading": 1.7987662090896617,
            "speeds": {
                "vmax": 20.0
            },
            "type": 1,
            "driving_direction": 1,
            "id": "1026_4",
            "lane_type": 1
        },
        {
            "pos": {
                "x": 566954.0313848584,
                "y": 4317790.385779571,
                "yaw": 1.7987661458146613
            },
            "heading": 1.7987661458146613,
            "speeds": {
                "vmax": 20.0
            },
            "type": 1,
            "driving_direction": 1,
            "id": "1026_4",
            "lane_type": 1
        },
        {
            "pos": {
                "x": 566953.9181868967,
                "y": 4317790.873695704,
                "yaw": 1.798766236655874
            },
            "heading": 1.798766236655874,
            "speeds": {
                "vmax": 20.0
            },
            "type": 1,
            "driving_direction": 1,
            "id": "1025_4",
            "lane_type": 1
        },
        {
            "pos": {
                "x": 566953.8055365207,
                "y": 4317791.359251583,
                "yaw": 1.7987661487980016
            },
            "heading": 1.7987661487980016,
            "speeds": {
                "vmax": 20.0
            },
            "type": 1,
            "driving_direction": 1,
            "id": "1025_4",
            "lane_type": 1
        },
        {
            "pos": {
                "x": 566953.6928779844,
                "y": 4317791.844842637,
                "yaw": 1.7987661181619776
            },
            "heading": 1.7987661181619776,
            "speeds": {
                "vmax": 20.0
            },
            "type": 1,
            "driving_direction": 1,
            "id": "1025_4",
            "lane_type": 1
        },
        {
            "pos": {
                "x": 566953.5802202848,
                "y": 4317792.330430081,
                "yaw": 1.7987659458806307
            },
            "heading": 1.7987659458806307,
            "speeds": {
                "vmax": 20.0
            },
            "type": 1,
            "driving_direction": 1,
            "id": "1025_4",
            "lane_type": 1
        },
        {
            "pos": {
                "x": 566953.4675588631,
                "y": 4317792.816033571,
                "yaw": 1.7987661564394024
            },
            "heading": 1.7987661564394024,
            "speeds": {
                "vmax": 20.0
            },
            "type": 1,
            "driving_direction": 1,
            "id": "1025_4",
            "lane_type": 1
        },
        {
            "pos": {
                "x": 566953.3548982765,
                "y": 4317793.30163346,
                "yaw": 1.7987662812947816
            },
            "heading": 1.7987662812947816,
            "speeds": {
                "vmax": 20.0
            },
            "type": 1,
            "driving_direction": 1,
            "id": "1025_4",
            "lane_type": 1
        },
        {
            "pos": {
                "x": 566953.2422413721,
                "y": 4317793.787217479,
                "yaw": 1.7987661649534317
            },
            "heading": 1.7987661649534317,
            "speeds": {
                "vmax": 20.0
            },
            "type": 1,
            "driving_direction": 1,
            "id": "1025_4",
            "lane_type": 1
        },
        {
            "pos": {
                "x": 566953.1295815154,
                "y": 4317794.272814224,
                "yaw": 1.7987660622211676
            },
            "heading": 1.7987660622211676,
            "speeds": {
                "vmax": 20.0
            },
            "type": 1,
            "driving_direction": 1,
            "id": "1025_4",
            "lane_type": 1
        },
        {
            "pos": {
                "x": 566953.0169215985,
                "y": 4317794.758411227,
                "yaw": 1.798766224078822
            },
            "heading": 1.798766224078822,
            "speeds": {
                "vmax": 20.0
            },
            "type": 1,
            "driving_direction": 1,
            "id": "1025_4",
            "lane_type": 1
        },
        {
            "pos": {
                "x": 566952.9042627234,
                "y": 4317795.244003739,
                "yaw": 1.7987661545291347
            },
            "heading": 1.7987661545291347,
            "speeds": {
                "vmax": 20.0
            },
            "type": 1,
            "driving_direction": 1,
            "id": "1025_4",
            "lane_type": 1
        },
        {
            "pos": {
                "x": 566952.7916027354,
                "y": 4317795.729601048,
                "yaw": 1.7987661545291347
            },
            "heading": 1.7987661545291347,
            "speeds": {
                "vmax": 20.0
            },
            "type": 1,
            "driving_direction": 1,
            "id": "1025_4",
            "lane_type": 1
        },
        {
            "pos": {
                "x": 566952.6789438294,
                "y": 4317796.215193694,
                "yaw": 1.7987662591718327
            },
            "heading": 1.7987662591718327,
            "speeds": {
                "vmax": 20.0
            },
            "type": 1,
            "driving_direction": 1,
            "id": "1025_4",
            "lane_type": 1
        },
        {
            "pos": {
                "x": 566952.5662834384,
                "y": 4317796.700792741,
                "yaw": 1.7987659354583976
            },
            "heading": 1.7987659354583976,
            "speeds": {
                "vmax": 20.0
            },
            "type": 1,
            "driving_direction": 1,
            "id": "1025_4",
            "lane_type": 1
        },
        {
            "pos": {
                "x": 566952.4536226515,
                "y": 4317797.186393494,
                "yaw": 1.7987660805197037
            },
            "heading": 1.7987660805197037,
            "speeds": {
                "vmax": 20.0
            },
            "type": 1,
            "driving_direction": 1,
            "id": "1025_4",
            "lane_type": 1
        },
        {
            "pos": {
                "x": 566952.3409722188,
                "y": 4317797.671949618,
                "yaw": 1.7987661302173519
            },
            "heading": 1.7987661302173519,
            "speeds": {
                "vmax": 20.0
            },
            "type": 1,
            "driving_direction": 1,
            "id": "1024_4",
            "lane_type": 1
        },
        {
            "pos": {
                "x": 566952.2355547283,
                "y": 4317798.126329735,
                "yaw": 1.798766157073741
            },
            "heading": 1.798766157073741,
            "speeds": {
                "vmax": 20.0
            },
            "type": 1,
            "driving_direction": 1,
            "id": "1024_4",
            "lane_type": 1
        },
        {
            "pos": {
                "x": 566952.1301258868,
                "y": 4317798.580758778,
                "yaw": 1.7987660456972887
            },
            "heading": 1.7987660456972887,
            "speeds": {
                "vmax": 20.0
            },
            "type": 1,
            "driving_direction": 1,
            "id": "1024_4",
            "lane_type": 1
        },
        {
            "pos": {
                "x": 566952.0247007005,
                "y": 4317799.035172066,
                "yaw": 1.798766140804152
            },
            "heading": 1.798766140804152,
            "speeds": {
                "vmax": 20.0
            },
            "type": 1,
            "driving_direction": 1,
            "id": "1024_4",
            "lane_type": 1
        },
        {
            "pos": {
                "x": 566951.9192741861,
                "y": 4317799.489591079,
                "yaw": 1.7987661213591244
            },
            "heading": 1.7987661213591244,
            "speeds": {
                "vmax": 20.0
            },
            "type": 1,
            "driving_direction": 1,
            "id": "1024_4",
            "lane_type": 1
        },
        {
            "pos": {
                "x": 566951.8138491203,
                "y": 4317799.944003847,
                "yaw": 1.7987663525827333
            },
            "heading": 1.7987663525827333,
            "speeds": {
                "vmax": 20.0
            },
            "type": 1,
            "driving_direction": 1,
            "id": "1024_4",
            "lane_type": 1
        },
        {
            "pos": {
                "x": 566951.7084230836,
                "y": 4317800.398420802,
                "yaw": 1.7987658134163131
            },
            "heading": 1.7987658134163131,
            "speeds": {
                "vmax": 20.0
            },
            "type": 1,
            "driving_direction": 1,
            "id": "1024_4",
            "lane_type": 1
        },
        {
            "pos": {
                "x": 566951.6029968853,
                "y": 4317800.852838451,
                "yaw": 1.7987664303616928
            },
            "heading": 1.7987664303616928,
            "speeds": {
                "vmax": 20.0
            },
            "type": 1,
            "driving_direction": 1,
            "id": "1024_4",
            "lane_type": 1
        },
        {
            "pos": {
                "x": 566951.4975709028,
                "y": 4317801.307255171,
                "yaw": 1.7987660414597824
            },
            "heading": 1.7987660414597824,
            "speeds": {
                "vmax": 20.0
            },
            "type": 1,
            "driving_direction": 1,
            "id": "1024_4",
            "lane_type": 1
        },
        {
            "pos": {
                "x": 566951.3921281942,
                "y": 4317801.761627508,
                "yaw": 1.7987627484084043
            },
            "heading": 1.7987627484084043,
            "speeds": {
                "vmax": 20.0
            },
            "type": 1,
            "driving_direction": 1,
            "id": "1000_4",
            "lane_type": 1
        },
        {
            "pos": {
                "x": 566951.2653651517,
                "y": 4317802.30802119,
                "yaw": 1.7987628390008705
            },
            "heading": 1.7987628390008705,
            "speeds": {
                "vmax": 20.0
            },
            "type": 1,
            "driving_direction": 1,
            "id": "1000_4",
            "lane_type": 1
        },
        {
            "pos": {
                "x": 566951.1385949606,
                "y": 4317802.854445687,
                "yaw": 1.7987630719089178
            },
            "heading": 1.7987630719089178,
            "speeds": {
                "vmax": 20.0
            },
            "type": 1,
            "driving_direction": 1,
            "id": "1000_4",
            "lane_type": 1
        },
        {
            "pos": {
                "x": 566951.0118279653,
                "y": 4317803.4008564055,
                "yaw": 1.798762492883295
            },
            "heading": 1.798762492883295,
            "speeds": {
                "vmax": 20.0
            },
            "type": 1,
            "driving_direction": 1,
            "id": "1000_4",
            "lane_type": 1
        },
        {
            "pos": {
                "x": 566950.8850610037,
                "y": 4317803.94726698,
                "yaw": 1.7987624637688455
            },
            "heading": 1.7987624637688455,
            "speeds": {
                "vmax": 20.0
            },
            "type": 1,
            "driving_direction": 1,
            "id": "1000_4",
            "lane_type": 1
        },
        {
            "pos": {
                "x": 566950.7582945916,
                "y": 4317804.493675187,
                "yaw": 1.798762931919148
            },
            "heading": 1.798762931919148,
            "speeds": {
                "vmax": 20.0
            },
            "type": 1,
            "driving_direction": 1,
            "id": "1023_4",
            "lane_type": 1
        },
        {
            "pos": {
                "x": 566950.645325833,
                "y": 4317804.980610717,
                "yaw": 1.7987628444342214
            },
            "heading": 1.7987628444342214,
            "speeds": {
                "vmax": 20.0
            },
            "type": 1,
            "driving_direction": 1,
            "id": "1023_4",
            "lane_type": 1
        },
        {
            "pos": {
                "x": 566950.5323488915,
                "y": 4317805.467581519,
                "yaw": 1.7987629643583463
            },
            "heading": 1.7987629643583463,
            "speeds": {
                "vmax": 20.0
            },
            "type": 1,
            "driving_direction": 1,
            "id": "1023_4",
            "lane_type": 1
        }
    ]
}