{
    "header": {
        "trace_id": "COMMAND&ngSRKhTV87",
        "trans_id": "5a98a232-79b0-4d3b-91b3-10e76e5a5a6f",
        "che_id": "A535",
        "timestamp": "2025-02-19T17:24:35.713026Z"
    },
    "task_id": "COMMAND&ngSRKhTV87",
    "navi_id": "A535_COMMAND&ngSRKhTV87_22",
    "seq_num": 22,
    "dest_type": 3,
    "mode": 2,
    "waypoints": [
        {
            "pos": {
                "x": 566700.9142632792,
                "y": 4317846.9526269175,
                "yaw": -1.3431950919564868
            },
            "heading": -1.3431950919564868,
            "speeds": {
                "vmax": 15.0
            },
            "type": 1,
            "driving_direction": 1,
            "id": "1282_2",
            "lane_type": 22
        },
        {
            "pos": {
                "x": 566701.027162776,
                "y": 4317846.465539961,
                "yaw": -1.3431950919564868
            },
            "heading": -1.3431950919564868,
            "speeds": {
                "vmax": 15.0
            },
            "type": 1,
            "driving_direction": 1,
            "id": "1282_2",
            "lane_type": 22
        },
        {
            "pos": {
                "x": 566701.1400622729,
                "y": 4317845.978453004,
                "yaw": -1.3431950919564868
            },
            "heading": -1.3431950919564868,
            "speeds": {
                "vmax": 15.0
            },
            "type": 1,
            "driving_direction": 1,
            "id": "1282_2",
            "lane_type": 22
        },
        {
            "pos": {
                "x": 566701.2529617697,
                "y": 4317845.4913660465,
                "yaw": -1.3431950919564868
            },
            "heading": -1.3431950919564868,
            "speeds": {
                "vmax": 15.0
            },
            "type": 1,
            "driving_direction": 1,
            "id": "1282_2",
            "lane_type": 22
        },
        {
            "pos": {
                "x": 566701.3658612666,
                "y": 4317845.00427909,
                "yaw": -1.3431950919564868
            },
            "heading": -1.3431950919564868,
            "speeds": {
                "vmax": 15.0
            },
            "type": 1,
            "driving_direction": 1,
            "id": "1282_2",
            "lane_type": 22
        },
        {
            "pos": {
                "x": 566701.4787607634,
                "y": 4317844.517192133,
                "yaw": -1.3431950919564868
            },
            "heading": -1.3431950919564868,
            "speeds": {
                "vmax": 15.0
            },
            "type": 1,
            "driving_direction": 1,
            "id": "1282_2",
            "lane_type": 22
        },
        {
            "pos": {
                "x": 566701.5916602603,
                "y": 4317844.030105176,
                "yaw": -1.3431950919564868
            },
            "heading": -1.3431950919564868,
            "speeds": {
                "vmax": 15.0
            },
            "type": 1,
            "driving_direction": 1,
            "id": "1282_2",
            "lane_type": 22
        },
        {
            "pos": {
                "x": 566701.7045597573,
                "y": 4317843.543018219,
                "yaw": -1.3431950919564868
            },
            "heading": -1.3431950919564868,
            "speeds": {
                "vmax": 15.0
            },
            "type": 1,
            "driving_direction": 1,
            "id": "1282_2",
            "lane_type": 22
        },
        {
            "pos": {
                "x": 566701.8174592541,
                "y": 4317843.055931263,
                "yaw": -1.3431950919564868
            },
            "heading": -1.3431950919564868,
            "speeds": {
                "vmax": 15.0
            },
            "type": 1,
            "driving_direction": 1,
            "id": "1282_2",
            "lane_type": 22
        },
        {
            "pos": {
                "x": 566701.930358751,
                "y": 4317842.568844305,
                "yaw": -1.3431950919564868
            },
            "heading": -1.3431950919564868,
            "speeds": {
                "vmax": 15.0
            },
            "type": 1,
            "driving_direction": 1,
            "id": "1282_2",
            "lane_type": 22
        },
        {
            "pos": {
                "x": 566702.0432582478,
                "y": 4317842.081757348,
                "yaw": -1.3431950919564868
            },
            "heading": -1.3431950919564868,
            "speeds": {
                "vmax": 15.0
            },
            "type": 1,
            "driving_direction": 1,
            "id": "1282_2",
            "lane_type": 22
        },
        {
            "pos": {
                "x": 566702.1561577447,
                "y": 4317841.594670392,
                "yaw": -1.3431950919564868
            },
            "heading": -1.3431950919564868,
            "speeds": {
                "vmax": 15.0
            },
            "type": 1,
            "driving_direction": 1,
            "id": "1282_2",
            "lane_type": 22
        },
        {
            "pos": {
                "x": 566702.2690572415,
                "y": 4317841.107583434,
                "yaw": -1.3431950919564868
            },
            "heading": -1.3431950919564868,
            "speeds": {
                "vmax": 15.0
            },
            "type": 1,
            "driving_direction": 1,
            "id": "1282_2",
            "lane_type": 22
        },
        {
            "pos": {
                "x": 566702.3819567384,
                "y": 4317840.620496478,
                "yaw": -1.3431950919564868
            },
            "heading": -1.3431950919564868,
            "speeds": {
                "vmax": 15.0
            },
            "type": 1,
            "driving_direction": 1,
            "id": "1282_2",
            "lane_type": 22
        },
        {
            "pos": {
                "x": 566702.4948562353,
                "y": 4317840.133409521,
                "yaw": -1.3431950919564868
            },
            "heading": -1.3431950919564868,
            "speeds": {
                "vmax": 15.0
            },
            "type": 1,
            "driving_direction": 1,
            "id": "1282_2",
            "lane_type": 22
        },
        {
            "pos": {
                "x": 566702.6077557321,
                "y": 4317839.646322564,
                "yaw": -1.3431950919564868
            },
            "heading": -1.3431950919564868,
            "speeds": {
                "vmax": 15.0
            },
            "type": 1,
            "driving_direction": 1,
            "id": "1282_2",
            "lane_type": 22
        },
        {
            "pos": {
                "x": 566702.7206552291,
                "y": 4317839.159235607,
                "yaw": -1.3431950919564868
            },
            "heading": -1.3431950919564868,
            "speeds": {
                "vmax": 15.0
            },
            "type": 1,
            "driving_direction": 1,
            "id": "1282_2",
            "lane_type": 22
        },
        {
            "pos": {
                "x": 566702.8335547259,
                "y": 4317838.67214865,
                "yaw": -1.3431950919564868
            },
            "heading": -1.3431950919564868,
            "speeds": {
                "vmax": 15.0
            },
            "type": 1,
            "driving_direction": 1,
            "id": "1282_2",
            "lane_type": 22
        },
        {
            "pos": {
                "x": 566702.9464542228,
                "y": 4317838.185061693,
                "yaw": -1.3431950919564868
            },
            "heading": -1.3431950919564868,
            "speeds": {
                "vmax": 15.0
            },
            "type": 1,
            "driving_direction": 1,
            "id": "1282_2",
            "lane_type": 22
        },
        {
            "pos": {
                "x": 566703.0593537196,
                "y": 4317837.697974736,
                "yaw": -1.3431950919564868
            },
            "heading": -1.3431950919564868,
            "speeds": {
                "vmax": 15.0
            },
            "type": 1,
            "driving_direction": 1,
            "id": "1282_2",
            "lane_type": 22
        },
        {
            "pos": {
                "x": 566703.1722532165,
                "y": 4317837.2108877795,
                "yaw": -1.3431950919564868
            },
            "heading": -1.3431950919564868,
            "speeds": {
                "vmax": 15.0
            },
            "type": 1,
            "driving_direction": 1,
            "id": "1282_2",
            "lane_type": 22
        },
        {
            "pos": {
                "x": 566703.2851527134,
                "y": 4317836.723800822,
                "yaw": -1.3431950919564868
            },
            "heading": -1.3431950919564868,
            "speeds": {
                "vmax": 15.0
            },
            "type": 1,
            "driving_direction": 1,
            "id": "1282_2",
            "lane_type": 22
        },
        {
            "pos": {
                "x": 566703.3980522102,
                "y": 4317836.236713865,
                "yaw": -1.3431950919564868
            },
            "heading": -1.3431950919564868,
            "speeds": {
                "vmax": 15.0
            },
            "type": 1,
            "driving_direction": 1,
            "id": "1282_2",
            "lane_type": 22
        },
        {
            "pos": {
                "x": 566703.5109517071,
                "y": 4317835.749626908,
                "yaw": -1.3431950919564868
            },
            "heading": -1.3431950919564868,
            "speeds": {
                "vmax": 15.0
            },
            "type": 1,
            "driving_direction": 1,
            "id": "1282_2",
            "lane_type": 22
        },
        {
            "pos": {
                "x": 566703.6238512039,
                "y": 4317835.262539951,
                "yaw": -1.3431950919564868
            },
            "heading": -1.3431950919564868,
            "speeds": {
                "vmax": 15.0
            },
            "type": 1,
            "driving_direction": 1,
            "id": "1282_2",
            "lane_type": 22
        },
        {
            "pos": {
                "x": 566703.7367507009,
                "y": 4317834.775452995,
                "yaw": -1.3431950919564868
            },
            "heading": -1.3431950919564868,
            "speeds": {
                "vmax": 15.0
            },
            "type": 1,
            "driving_direction": 1,
            "id": "1282_2",
            "lane_type": 22
        },
        {
            "pos": {
                "x": 566703.8496501977,
                "y": 4317834.288366037,
                "yaw": -1.3431950919564868
            },
            "heading": -1.3431950919564868,
            "speeds": {
                "vmax": 15.0
            },
            "type": 1,
            "driving_direction": 1,
            "id": "1282_2",
            "lane_type": 22
        },
        {
            "pos": {
                "x": 566703.9625496946,
                "y": 4317833.801279081,
                "yaw": -1.3431950919564868
            },
            "heading": -1.3431950919564868,
            "speeds": {
                "vmax": 15.0
            },
            "type": 1,
            "driving_direction": 1,
            "id": "1282_2",
            "lane_type": 22
        },
        {
            "pos": {
                "x": 566704.0754491915,
                "y": 4317833.314192124,
                "yaw": -1.3431950919564868
            },
            "heading": -1.3431950919564868,
            "speeds": {
                "vmax": 15.0
            },
            "type": 1,
            "driving_direction": 1,
            "id": "1282_2",
            "lane_type": 22
        },
        {
            "pos": {
                "x": 566704.1883486883,
                "y": 4317832.827105166,
                "yaw": -1.3431950919564868
            },
            "heading": -1.3431950919564868,
            "speeds": {
                "vmax": 15.0
            },
            "type": 1,
            "driving_direction": 1,
            "id": "1282_2",
            "lane_type": 22
        },
        {
            "pos": {
                "x": 566704.3012481852,
                "y": 4317832.34001821,
                "yaw": -1.3431950919564868
            },
            "heading": -1.3431950919564868,
            "speeds": {
                "vmax": 15.0
            },
            "type": 1,
            "driving_direction": 1,
            "id": "1282_2",
            "lane_type": 22
        },
        {
            "pos": {
                "x": 566704.414147682,
                "y": 4317831.852931253,
                "yaw": -1.3431950919564868
            },
            "heading": -1.3431950919564868,
            "speeds": {
                "vmax": 15.0
            },
            "type": 1,
            "driving_direction": 1,
            "id": "1282_2",
            "lane_type": 22
        },
        {
            "pos": {
                "x": 566704.5270471789,
                "y": 4317831.365844296,
                "yaw": -1.3431950919564868
            },
            "heading": -1.3431950919564868,
            "speeds": {
                "vmax": 15.0
            },
            "type": 1,
            "driving_direction": 1,
            "id": "1282_2",
            "lane_type": 22
        },
        {
            "pos": {
                "x": 566704.6399466757,
                "y": 4317830.878757339,
                "yaw": -1.3431950919564868
            },
            "heading": -1.3431950919564868,
            "speeds": {
                "vmax": 15.0
            },
            "type": 1,
            "driving_direction": 1,
            "id": "1282_2",
            "lane_type": 22
        },
        {
            "pos": {
                "x": 566704.7528461727,
                "y": 4317830.391670383,
                "yaw": -1.3431950919564868
            },
            "heading": -1.3431950919564868,
            "speeds": {
                "vmax": 15.0
            },
            "type": 1,
            "driving_direction": 1,
            "id": "1282_2",
            "lane_type": 22
        },
        {
            "pos": {
                "x": 566704.8657456696,
                "y": 4317829.904583425,
                "yaw": -1.3431950919564868
            },
            "heading": -1.3431950919564868,
            "speeds": {
                "vmax": 15.0
            },
            "type": 1,
            "driving_direction": 1,
            "id": "1282_2",
            "lane_type": 22
        },
        {
            "pos": {
                "x": 566704.9786451664,
                "y": 4317829.417496468,
                "yaw": -1.3431950919564868
            },
            "heading": -1.3431950919564868,
            "speeds": {
                "vmax": 15.0
            },
            "type": 1,
            "driving_direction": 1,
            "id": "1282_2",
            "lane_type": 22
        },
        {
            "pos": {
                "x": 566705.0915446633,
                "y": 4317828.930409512,
                "yaw": -1.3431950919564868
            },
            "heading": -1.3431950919564868,
            "speeds": {
                "vmax": 15.0
            },
            "type": 1,
            "driving_direction": 1,
            "id": "1282_2",
            "lane_type": 22
        },
        {
            "pos": {
                "x": 566705.2044441601,
                "y": 4317828.443322554,
                "yaw": -1.3431950919564868
            },
            "heading": -1.3431950919564868,
            "speeds": {
                "vmax": 15.0
            },
            "type": 1,
            "driving_direction": 1,
            "id": "1282_2",
            "lane_type": 22
        },
        {
            "pos": {
                "x": 566705.317343657,
                "y": 4317827.956235598,
                "yaw": -1.3431950919564868
            },
            "heading": -1.3431950919564868,
            "speeds": {
                "vmax": 15.0
            },
            "type": 1,
            "driving_direction": 1,
            "id": "1282_2",
            "lane_type": 22
        },
        {
            "pos": {
                "x": 566705.4302431538,
                "y": 4317827.4691486405,
                "yaw": -1.3431950919564868
            },
            "heading": -1.3431950919564868,
            "speeds": {
                "vmax": 15.0
            },
            "type": 1,
            "driving_direction": 1,
            "id": "1282_2",
            "lane_type": 22
        },
        {
            "pos": {
                "x": 566705.5431426507,
                "y": 4317826.982061684,
                "yaw": -1.3431950919564868
            },
            "heading": -1.3431950919564868,
            "speeds": {
                "vmax": 15.0
            },
            "type": 1,
            "driving_direction": 1,
            "id": "1282_2",
            "lane_type": 22
        },
        {
            "pos": {
                "x": 566705.6560421477,
                "y": 4317826.494974727,
                "yaw": -1.3431950919564868
            },
            "heading": -1.3431950919564868,
            "speeds": {
                "vmax": 15.0
            },
            "type": 1,
            "driving_direction": 1,
            "id": "1282_2",
            "lane_type": 22
        },
        {
            "pos": {
                "x": 566705.7689416445,
                "y": 4317826.0078877695,
                "yaw": -1.3431950919564868
            },
            "heading": -1.3431950919564868,
            "speeds": {
                "vmax": 15.0
            },
            "type": 1,
            "driving_direction": 1,
            "id": "1282_2",
            "lane_type": 22
        },
        {
            "pos": {
                "x": 566705.8818411414,
                "y": 4317825.520800813,
                "yaw": -1.3431950919564868
            },
            "heading": -1.3431950919564868,
            "speeds": {
                "vmax": 15.0
            },
            "type": 1,
            "driving_direction": 1,
            "id": "1282_2",
            "lane_type": 22
        },
        {
            "pos": {
                "x": 566705.9947406382,
                "y": 4317825.033713856,
                "yaw": -1.3431950919564868
            },
            "heading": -1.3431950919564868,
            "speeds": {
                "vmax": 15.0
            },
            "type": 1,
            "driving_direction": 1,
            "id": "1282_2",
            "lane_type": 22
        },
        {
            "pos": {
                "x": 566706.1076401351,
                "y": 4317824.546626899,
                "yaw": -1.3431950919564868
            },
            "heading": -1.3431950919564868,
            "speeds": {
                "vmax": 15.0
            },
            "type": 1,
            "driving_direction": 1,
            "id": "1282_2",
            "lane_type": 22
        },
        {
            "pos": {
                "x": 566706.2205396319,
                "y": 4317824.059539942,
                "yaw": -1.3431950919564868
            },
            "heading": -1.3431950919564868,
            "speeds": {
                "vmax": 15.0
            },
            "type": 1,
            "driving_direction": 1,
            "id": "1282_2",
            "lane_type": 22
        },
        {
            "pos": {
                "x": 566706.3334391288,
                "y": 4317823.572452986,
                "yaw": -1.3431950919564868
            },
            "heading": -1.3431950919564868,
            "speeds": {
                "vmax": 15.0
            },
            "type": 1,
            "driving_direction": 1,
            "id": "1282_2",
            "lane_type": 22
        },
        {
            "pos": {
                "x": 566706.4463386257,
                "y": 4317823.085366028,
                "yaw": -1.3431950919564868
            },
            "heading": -1.3431950919564868,
            "speeds": {
                "vmax": 15.0
            },
            "type": 1,
            "driving_direction": 1,
            "id": "1282_2",
            "lane_type": 22
        },
        {
            "pos": {
                "x": 566706.5592381225,
                "y": 4317822.598279071,
                "yaw": -1.3431950919564868
            },
            "heading": -1.3431950919564868,
            "speeds": {
                "vmax": 15.0
            },
            "type": 1,
            "driving_direction": 1,
            "id": "1282_2",
            "lane_type": 22
        },
        {
            "pos": {
                "x": 566706.6721376195,
                "y": 4317822.111192115,
                "yaw": -1.3431950919564868
            },
            "heading": -1.3431950919564868,
            "speeds": {
                "vmax": 15.0
            },
            "type": 1,
            "driving_direction": 1,
            "id": "1282_2",
            "lane_type": 22
        },
        {
            "pos": {
                "x": 566706.7850371163,
                "y": 4317821.624105157,
                "yaw": -1.3431950919564868
            },
            "heading": -1.3431950919564868,
            "speeds": {
                "vmax": 15.0
            },
            "type": 1,
            "driving_direction": 1,
            "id": "1282_2",
            "lane_type": 22
        },
        {
            "pos": {
                "x": 566706.8979366132,
                "y": 4317821.137018201,
                "yaw": -1.3431950919564868
            },
            "heading": -1.3431950919564868,
            "speeds": {
                "vmax": 15.0
            },
            "type": 1,
            "driving_direction": 1,
            "id": "1282_2",
            "lane_type": 22
        },
        {
            "pos": {
                "x": 566707.01083611,
                "y": 4317820.649931244,
                "yaw": -1.3431950919564868
            },
            "heading": -1.3431950919564868,
            "speeds": {
                "vmax": 15.0
            },
            "type": 1,
            "driving_direction": 1,
            "id": "1282_2",
            "lane_type": 22
        },
        {
            "pos": {
                "x": 566707.1237356069,
                "y": 4317820.162844286,
                "yaw": -1.3431950919564868
            },
            "heading": -1.3431950919564868,
            "speeds": {
                "vmax": 15.0
            },
            "type": 1,
            "driving_direction": 1,
            "id": "1282_2",
            "lane_type": 22
        },
        {
            "pos": {
                "x": 566707.2366351038,
                "y": 4317819.67575733,
                "yaw": -1.3431950919564868
            },
            "heading": -1.3431950919564868,
            "speeds": {
                "vmax": 15.0
            },
            "type": 1,
            "driving_direction": 1,
            "id": "1282_2",
            "lane_type": 22
        },
        {
            "pos": {
                "x": 566707.3495346006,
                "y": 4317819.188670373,
                "yaw": -1.3431950919564868
            },
            "heading": -1.3431950919564868,
            "speeds": {
                "vmax": 15.0
            },
            "type": 1,
            "driving_direction": 1,
            "id": "1282_2",
            "lane_type": 22
        },
        {
            "pos": {
                "x": 566707.4624340975,
                "y": 4317818.701583416,
                "yaw": -1.3431950919564868
            },
            "heading": -1.3431950919564868,
            "speeds": {
                "vmax": 15.0
            },
            "type": 1,
            "driving_direction": 1,
            "id": "1282_2",
            "lane_type": 22
        },
        {
            "pos": {
                "x": 566707.5753335943,
                "y": 4317818.214496459,
                "yaw": -1.3431950919564868
            },
            "heading": -1.3431950919564868,
            "speeds": {
                "vmax": 15.0
            },
            "type": 1,
            "driving_direction": 1,
            "id": "1282_2",
            "lane_type": 22
        },
        {
            "pos": {
                "x": 566707.6882330913,
                "y": 4317817.7274095025,
                "yaw": -1.3431950919564868
            },
            "heading": -1.3431950919564868,
            "speeds": {
                "vmax": 15.0
            },
            "type": 1,
            "driving_direction": 1,
            "id": "1282_2",
            "lane_type": 22
        },
        {
            "pos": {
                "x": 566707.8011325881,
                "y": 4317817.240322545,
                "yaw": -1.3431950919564868
            },
            "heading": -1.3431950919564868,
            "speeds": {
                "vmax": 15.0
            },
            "type": 1,
            "driving_direction": 1,
            "id": "1282_2",
            "lane_type": 22
        },
        {
            "pos": {
                "x": 566707.914032085,
                "y": 4317816.753235588,
                "yaw": -1.3431950919564868
            },
            "heading": -1.3431950919564868,
            "speeds": {
                "vmax": 15.0
            },
            "type": 1,
            "driving_direction": 1,
            "id": "1282_2",
            "lane_type": 22
        },
        {
            "pos": {
                "x": 566708.0269315818,
                "y": 4317816.266148631,
                "yaw": -1.3431950919564868
            },
            "heading": -1.3431950919564868,
            "speeds": {
                "vmax": 15.0
            },
            "type": 1,
            "driving_direction": 1,
            "id": "1282_2",
            "lane_type": 22
        },
        {
            "pos": {
                "x": 566708.1398310787,
                "y": 4317815.779061674,
                "yaw": -1.3431950919564868
            },
            "heading": -1.3431950919564868,
            "speeds": {
                "vmax": 15.0
            },
            "type": 1,
            "driving_direction": 1,
            "id": "1282_2",
            "lane_type": 22
        },
        {
            "pos": {
                "x": 566708.2527305756,
                "y": 4317815.291974718,
                "yaw": -1.3431950919564868
            },
            "heading": -1.3431950919564868,
            "speeds": {
                "vmax": 15.0
            },
            "type": 1,
            "driving_direction": 1,
            "id": "1282_2",
            "lane_type": 22
        },
        {
            "pos": {
                "x": 566708.3656300724,
                "y": 4317814.80488776,
                "yaw": -1.3431950919564868
            },
            "heading": -1.3431950919564868,
            "speeds": {
                "vmax": 15.0
            },
            "type": 1,
            "driving_direction": 1,
            "id": "1282_2",
            "lane_type": 22
        },
        {
            "pos": {
                "x": 566708.4785295693,
                "y": 4317814.317800804,
                "yaw": -1.3431950919564868
            },
            "heading": -1.3431950919564868,
            "speeds": {
                "vmax": 15.0
            },
            "type": 1,
            "driving_direction": 1,
            "id": "1282_2",
            "lane_type": 22
        },
        {
            "pos": {
                "x": 566708.5914290661,
                "y": 4317813.830713847,
                "yaw": -1.3431950919564868
            },
            "heading": -1.3431950919564868,
            "speeds": {
                "vmax": 15.0
            },
            "type": 1,
            "driving_direction": 1,
            "id": "1282_2",
            "lane_type": 22
        },
        {
            "pos": {
                "x": 566708.7043285631,
                "y": 4317813.343626889,
                "yaw": -1.3431950919564868
            },
            "heading": -1.3431950919564868,
            "speeds": {
                "vmax": 15.0
            },
            "type": 1,
            "driving_direction": 1,
            "id": "1282_2",
            "lane_type": 22
        },
        {
            "pos": {
                "x": 566708.8172280599,
                "y": 4317812.856539933,
                "yaw": -1.3431950919564868
            },
            "heading": -1.3431950919564868,
            "speeds": {
                "vmax": 15.0
            },
            "type": 1,
            "driving_direction": 1,
            "id": "1282_2",
            "lane_type": 22
        },
        {
            "pos": {
                "x": 566708.9301275568,
                "y": 4317812.369452976,
                "yaw": -1.3431950919564868
            },
            "heading": -1.3431950919564868,
            "speeds": {
                "vmax": 15.0
            },
            "type": 1,
            "driving_direction": 1,
            "id": "1282_2",
            "lane_type": 22
        },
        {
            "pos": {
                "x": 566709.0430270537,
                "y": 4317811.882366019,
                "yaw": -1.3431950919564868
            },
            "heading": -1.3431950919564868,
            "speeds": {
                "vmax": 15.0
            },
            "type": 1,
            "driving_direction": 1,
            "id": "1282_2",
            "lane_type": 22
        },
        {
            "pos": {
                "x": 566709.1559265505,
                "y": 4317811.395279062,
                "yaw": -1.3431950919564868
            },
            "heading": -1.3431950919564868,
            "speeds": {
                "vmax": 15.0
            },
            "type": 1,
            "driving_direction": 1,
            "id": "1282_2",
            "lane_type": 22
        },
        {
            "pos": {
                "x": 566709.2688260474,
                "y": 4317810.908192106,
                "yaw": -1.3431950919564868
            },
            "heading": -1.3431950919564868,
            "speeds": {
                "vmax": 15.0
            },
            "type": 1,
            "driving_direction": 1,
            "id": "1282_2",
            "lane_type": 22
        },
        {
            "pos": {
                "x": 566709.3817255442,
                "y": 4317810.421105148,
                "yaw": -1.3431950919564868
            },
            "heading": -1.3431950919564868,
            "speeds": {
                "vmax": 15.0
            },
            "type": 1,
            "driving_direction": 1,
            "id": "1282_2",
            "lane_type": 22
        },
        {
            "pos": {
                "x": 566709.4946250411,
                "y": 4317809.934018191,
                "yaw": -1.3431950919564868
            },
            "heading": -1.3431950919564868,
            "speeds": {
                "vmax": 15.0
            },
            "type": 1,
            "driving_direction": 1,
            "id": "1282_2",
            "lane_type": 22
        },
        {
            "pos": {
                "x": 566709.607524538,
                "y": 4317809.446931235,
                "yaw": -1.3431950919564868
            },
            "heading": -1.3431950919564868,
            "speeds": {
                "vmax": 15.0
            },
            "type": 1,
            "driving_direction": 1,
            "id": "1282_2",
            "lane_type": 22
        },
        {
            "pos": {
                "x": 566709.7204240349,
                "y": 4317808.959844277,
                "yaw": -1.3431950919564868
            },
            "heading": -1.3431950919564868,
            "speeds": {
                "vmax": 15.0
            },
            "type": 1,
            "driving_direction": 1,
            "id": "1282_2",
            "lane_type": 22
        },
        {
            "pos": {
                "x": 566709.8333235318,
                "y": 4317808.472757321,
                "yaw": -1.3431950919564868
            },
            "heading": -1.3431950919564868,
            "speeds": {
                "vmax": 15.0
            },
            "type": 1,
            "driving_direction": 1,
            "id": "1282_2",
            "lane_type": 22
        },
        {
            "pos": {
                "x": 566709.9462230286,
                "y": 4317807.9856703635,
                "yaw": -1.3431950919564868
            },
            "heading": -1.3431950919564868,
            "speeds": {
                "vmax": 15.0
            },
            "type": 1,
            "driving_direction": 1,
            "id": "1282_2",
            "lane_type": 22
        },
        {
            "pos": {
                "x": 566710.0591225255,
                "y": 4317807.498583407,
                "yaw": -1.3431950919564868
            },
            "heading": -1.3431950919564868,
            "speeds": {
                "vmax": 15.0
            },
            "type": 1,
            "driving_direction": 1,
            "id": "1282_2",
            "lane_type": 22
        },
        {
            "pos": {
                "x": 566710.1720220223,
                "y": 4317807.01149645,
                "yaw": -1.3431950919564868
            },
            "heading": -1.3431950919564868,
            "speeds": {
                "vmax": 15.0
            },
            "type": 1,
            "driving_direction": 1,
            "id": "1282_2",
            "lane_type": 22
        },
        {
            "pos": {
                "x": 566710.2849215192,
                "y": 4317806.5244094925,
                "yaw": -1.3431950919564868
            },
            "heading": -1.3431950919564868,
            "speeds": {
                "vmax": 15.0
            },
            "type": 1,
            "driving_direction": 1,
            "id": "1282_2",
            "lane_type": 22
        },
        {
            "pos": {
                "x": 566710.397821016,
                "y": 4317806.037322536,
                "yaw": -1.3431950919564868
            },
            "heading": -1.3431950919564868,
            "speeds": {
                "vmax": 15.0
            },
            "type": 1,
            "driving_direction": 1,
            "id": "1282_2",
            "lane_type": 22
        },
        {
            "pos": {
                "x": 566710.510720513,
                "y": 4317805.550235579,
                "yaw": -1.3431950919564868
            },
            "heading": -1.3431950919564868,
            "speeds": {
                "vmax": 15.0
            },
            "type": 1,
            "driving_direction": 1,
            "id": "1282_2",
            "lane_type": 22
        },
        {
            "pos": {
                "x": 566710.6236200099,
                "y": 4317805.063148622,
                "yaw": -1.3431950919564868
            },
            "heading": -1.3431950919564868,
            "speeds": {
                "vmax": 15.0
            },
            "type": 1,
            "driving_direction": 1,
            "id": "1282_2",
            "lane_type": 22
        },
        {
            "pos": {
                "x": 566710.7365195067,
                "y": 4317804.576061665,
                "yaw": -1.3431950919564868
            },
            "heading": -1.3431950919564868,
            "speeds": {
                "vmax": 15.0
            },
            "type": 1,
            "driving_direction": 1,
            "id": "1282_2",
            "lane_type": 22
        },
        {
            "pos": {
                "x": 566710.8494190036,
                "y": 4317804.088974708,
                "yaw": -1.3431950919564868
            },
            "heading": -1.3431950919564868,
            "speeds": {
                "vmax": 15.0
            },
            "type": 1,
            "driving_direction": 1,
            "id": "1282_2",
            "lane_type": 22
        },
        {
            "pos": {
                "x": 566710.9623185004,
                "y": 4317803.601887751,
                "yaw": -1.3431950919564868
            },
            "heading": -1.3431950919564868,
            "speeds": {
                "vmax": 15.0
            },
            "type": 1,
            "driving_direction": 1,
            "id": "1282_2",
            "lane_type": 22
        },
        {
            "pos": {
                "x": 566711.0752179973,
                "y": 4317803.114800794,
                "yaw": -1.3431950919564868
            },
            "heading": -1.3431950919564868,
            "speeds": {
                "vmax": 15.0
            },
            "type": 1,
            "driving_direction": 1,
            "id": "1282_2",
            "lane_type": 22
        },
        {
            "pos": {
                "x": 566711.1881174941,
                "y": 4317802.627713838,
                "yaw": -1.3431950919564868
            },
            "heading": -1.3431950919564868,
            "speeds": {
                "vmax": 15.0
            },
            "type": 1,
            "driving_direction": 1,
            "id": "1282_2",
            "lane_type": 22
        },
        {
            "pos": {
                "x": 566711.301016991,
                "y": 4317802.14062688,
                "yaw": -1.3431950919564868
            },
            "heading": -1.3431950919564868,
            "speeds": {
                "vmax": 15.0
            },
            "type": 1,
            "driving_direction": 1,
            "id": "1282_2",
            "lane_type": 22
        },
        {
            "pos": {
                "x": 566711.413916488,
                "y": 4317801.653539924,
                "yaw": -1.3431950919564868
            },
            "heading": -1.3431950919564868,
            "speeds": {
                "vmax": 15.0
            },
            "type": 1,
            "driving_direction": 1,
            "id": "1282_2",
            "lane_type": 22
        },
        {
            "pos": {
                "x": 566711.5268159847,
                "y": 4317801.166452967,
                "yaw": -1.3431950919564868
            },
            "heading": -1.3431950919564868,
            "speeds": {
                "vmax": 15.0
            },
            "type": 1,
            "driving_direction": 1,
            "id": "1282_2",
            "lane_type": 22
        },
        {
            "pos": {
                "x": 566711.6397154817,
                "y": 4317800.679366009,
                "yaw": -1.3431950919564868
            },
            "heading": -1.3431950919564868,
            "speeds": {
                "vmax": 15.0
            },
            "type": 1,
            "driving_direction": 1,
            "id": "1282_2",
            "lane_type": 22
        },
        {
            "pos": {
                "x": 566711.7526149785,
                "y": 4317800.192279053,
                "yaw": -1.3431950919564868
            },
            "heading": -1.3431950919564868,
            "speeds": {
                "vmax": 15.0
            },
            "type": 1,
            "driving_direction": 1,
            "id": "1282_2",
            "lane_type": 22
        },
        {
            "pos": {
                "x": 566711.8655144754,
                "y": 4317799.705192096,
                "yaw": -1.3431950919564868
            },
            "heading": -1.3431950919564868,
            "speeds": {
                "vmax": 15.0
            },
            "type": 1,
            "driving_direction": 1,
            "id": "1282_2",
            "lane_type": 22
        },
        {
            "pos": {
                "x": 566711.9784139722,
                "y": 4317799.218105139,
                "yaw": -1.3431950919564868
            },
            "heading": -1.3431950919564868,
            "speeds": {
                "vmax": 15.0
            },
            "type": 1,
            "driving_direction": 1,
            "id": "1282_2",
            "lane_type": 22
        },
        {
            "pos": {
                "x": 566712.0913134691,
                "y": 4317798.731018182,
                "yaw": -1.3431950919564868
            },
            "heading": -1.3431950919564868,
            "speeds": {
                "vmax": 15.0
            },
            "type": 1,
            "driving_direction": 1,
            "id": "1282_2",
            "lane_type": 22
        },
        {
            "pos": {
                "x": 566712.204212966,
                "y": 4317798.2439312255,
                "yaw": -1.3431950919564868
            },
            "heading": -1.3431950919564868,
            "speeds": {
                "vmax": 15.0
            },
            "type": 1,
            "driving_direction": 1,
            "id": "1282_2",
            "lane_type": 22
        },
        {
            "pos": {
                "x": 566712.3171124628,
                "y": 4317797.756844268,
                "yaw": -1.3431950919564868
            },
            "heading": -1.3431950919564868,
            "speeds": {
                "vmax": 15.0
            },
            "type": 1,
            "driving_direction": 1,
            "id": "1282_2",
            "lane_type": 22
        },
        {
            "pos": {
                "x": 566712.4300119597,
                "y": 4317797.269757311,
                "yaw": -1.3431950919564868
            },
            "heading": -1.3431950919564868,
            "speeds": {
                "vmax": 15.0
            },
            "type": 1,
            "driving_direction": 1,
            "id": "1282_2",
            "lane_type": 22
        },
        {
            "pos": {
                "x": 566712.5429114565,
                "y": 4317796.7826703545,
                "yaw": -1.3431950919564868
            },
            "heading": -1.3431950919564868,
            "speeds": {
                "vmax": 15.0
            },
            "type": 1,
            "driving_direction": 1,
            "id": "1282_2",
            "lane_type": 22
        },
        {
            "pos": {
                "x": 566712.6558109535,
                "y": 4317796.295583397,
                "yaw": -1.3431950919564868
            },
            "heading": -1.3431950919564868,
            "speeds": {
                "vmax": 15.0
            },
            "type": 1,
            "driving_direction": 1,
            "id": "1282_2",
            "lane_type": 22
        },
        {
            "pos": {
                "x": 566712.7687104503,
                "y": 4317795.808496441,
                "yaw": -1.3431950919564868
            },
            "heading": -1.3431950919564868,
            "speeds": {
                "vmax": 15.0
            },
            "type": 1,
            "driving_direction": 1,
            "id": "1282_2",
            "lane_type": 22
        },
        {
            "pos": {
                "x": 566712.8816099472,
                "y": 4317795.321409483,
                "yaw": -1.3431950919564868
            },
            "heading": -1.3431950919564868,
            "speeds": {
                "vmax": 15.0
            },
            "type": 1,
            "driving_direction": 1,
            "id": "1282_2",
            "lane_type": 22
        },
        {
            "pos": {
                "x": 566712.9945094441,
                "y": 4317794.834322527,
                "yaw": -1.3431950919564868
            },
            "heading": -1.3431950919564868,
            "speeds": {
                "vmax": 15.0
            },
            "type": 1,
            "driving_direction": 1,
            "id": "1282_2",
            "lane_type": 22
        },
        {
            "pos": {
                "x": 566713.1074089409,
                "y": 4317794.34723557,
                "yaw": -1.3431950919564868
            },
            "heading": -1.3431950919564868,
            "speeds": {
                "vmax": 15.0
            },
            "type": 1,
            "driving_direction": 1,
            "id": "1282_2",
            "lane_type": 22
        },
        {
            "pos": {
                "x": 566713.2203084378,
                "y": 4317793.860148612,
                "yaw": -1.3431950919564868
            },
            "heading": -1.3431950919564868,
            "speeds": {
                "vmax": 15.0
            },
            "type": 1,
            "driving_direction": 1,
            "id": "1282_2",
            "lane_type": 22
        },
        {
            "pos": {
                "x": 566713.3332079346,
                "y": 4317793.373061656,
                "yaw": -1.3431950919564868
            },
            "heading": -1.3431950919564868,
            "speeds": {
                "vmax": 15.0
            },
            "type": 1,
            "driving_direction": 1,
            "id": "1282_2",
            "lane_type": 22
        },
        {
            "pos": {
                "x": 566713.4461074315,
                "y": 4317792.885974699,
                "yaw": -1.3431950919564868
            },
            "heading": -1.3431950919564868,
            "speeds": {
                "vmax": 15.0
            },
            "type": 1,
            "driving_direction": 1,
            "id": "1282_2",
            "lane_type": 22
        },
        {
            "pos": {
                "x": 566713.5590069283,
                "y": 4317792.398887742,
                "yaw": -1.3431950919564868
            },
            "heading": -1.3431950919564868,
            "speeds": {
                "vmax": 15.0
            },
            "type": 1,
            "driving_direction": 1,
            "id": "1282_2",
            "lane_type": 22
        },
        {
            "pos": {
                "x": 566713.6719064253,
                "y": 4317791.911800785,
                "yaw": -1.3431950919564868
            },
            "heading": -1.3431950919564868,
            "speeds": {
                "vmax": 15.0
            },
            "type": 1,
            "driving_direction": 1,
            "id": "1282_2",
            "lane_type": 22
        },
        {
            "pos": {
                "x": 566713.7848059222,
                "y": 4317791.424713829,
                "yaw": -1.3431950919564868
            },
            "heading": -1.3431950919564868,
            "speeds": {
                "vmax": 15.0
            },
            "type": 1,
            "driving_direction": 1,
            "id": "1282_2",
            "lane_type": 22
        },
        {
            "pos": {
                "x": 566713.897705419,
                "y": 4317790.937626871,
                "yaw": -1.3431950919564868
            },
            "heading": -1.3431950919564868,
            "speeds": {
                "vmax": 15.0
            },
            "type": 1,
            "driving_direction": 1,
            "id": "1282_2",
            "lane_type": 22
        },
        {
            "pos": {
                "x": 566714.0106049159,
                "y": 4317790.450539914,
                "yaw": -1.3431950919564868
            },
            "heading": -1.3431950919564868,
            "speeds": {
                "vmax": 15.0
            },
            "type": 1,
            "driving_direction": 1,
            "id": "1282_2",
            "lane_type": 22
        },
        {
            "pos": {
                "x": 566714.1235044127,
                "y": 4317789.963452958,
                "yaw": -1.3431950919564868
            },
            "heading": -1.3431950919564868,
            "speeds": {
                "vmax": 15.0
            },
            "type": 1,
            "driving_direction": 1,
            "id": "1282_2",
            "lane_type": 22
        },
        {
            "pos": {
                "x": 566714.2364039096,
                "y": 4317789.476366,
                "yaw": -1.3431950919564868
            },
            "heading": -1.3431950919564868,
            "speeds": {
                "vmax": 15.0
            },
            "type": 1,
            "driving_direction": 1,
            "id": "1282_2",
            "lane_type": 22
        },
        {
            "pos": {
                "x": 566714.3493034064,
                "y": 4317788.989279044,
                "yaw": -1.3431950919564868
            },
            "heading": -1.3431950919564868,
            "speeds": {
                "vmax": 15.0
            },
            "type": 1,
            "driving_direction": 1,
            "id": "1282_2",
            "lane_type": 22
        },
        {
            "pos": {
                "x": 566714.4622029033,
                "y": 4317788.502192087,
                "yaw": -1.3431950919564868
            },
            "heading": -1.3431950919564868,
            "speeds": {
                "vmax": 15.0
            },
            "type": 1,
            "driving_direction": 1,
            "id": "1282_2",
            "lane_type": 22
        },
        {
            "pos": {
                "x": 566714.5751024003,
                "y": 4317788.015105129,
                "yaw": -1.3431950919564868
            },
            "heading": -1.3431950919564868,
            "speeds": {
                "vmax": 15.0
            },
            "type": 1,
            "driving_direction": 1,
            "id": "1282_2",
            "lane_type": 22
        },
        {
            "pos": {
                "x": 566714.6880018971,
                "y": 4317787.528018173,
                "yaw": -1.3431950919564868
            },
            "heading": -1.3431950919564868,
            "speeds": {
                "vmax": 15.0
            },
            "type": 1,
            "driving_direction": 1,
            "id": "1282_2",
            "lane_type": 22
        },
        {
            "pos": {
                "x": 566714.800901394,
                "y": 4317787.0409312155,
                "yaw": -1.3431950919564868
            },
            "heading": -1.3431950919564868,
            "speeds": {
                "vmax": 15.0
            },
            "type": 1,
            "driving_direction": 1,
            "id": "1282_2",
            "lane_type": 22
        },
        {
            "pos": {
                "x": 566714.9138008908,
                "y": 4317786.553844259,
                "yaw": -1.3431950919564868
            },
            "heading": -1.3431950919564868,
            "speeds": {
                "vmax": 15.0
            },
            "type": 1,
            "driving_direction": 1,
            "id": "1282_2",
            "lane_type": 22
        },
        {
            "pos": {
                "x": 566715.0267003877,
                "y": 4317786.066757302,
                "yaw": -1.3431950919564868
            },
            "heading": -1.3431950919564868,
            "speeds": {
                "vmax": 15.0
            },
            "type": 1,
            "driving_direction": 1,
            "id": "1282_2",
            "lane_type": 22
        },
        {
            "pos": {
                "x": 566715.1395998845,
                "y": 4317785.579670345,
                "yaw": -1.3431950919564868
            },
            "heading": -1.3431950919564868,
            "speeds": {
                "vmax": 15.0
            },
            "type": 1,
            "driving_direction": 1,
            "id": "1282_2",
            "lane_type": 22
        },
        {
            "pos": {
                "x": 566715.2524993814,
                "y": 4317785.092583388,
                "yaw": -1.3431950919564868
            },
            "heading": -1.3431950919564868,
            "speeds": {
                "vmax": 15.0
            },
            "type": 1,
            "driving_direction": 1,
            "id": "1282_2",
            "lane_type": 22
        },
        {
            "pos": {
                "x": 566715.3653988783,
                "y": 4317784.605496431,
                "yaw": -1.3431950919564868
            },
            "heading": -1.3431950919564868,
            "speeds": {
                "vmax": 15.0
            },
            "type": 1,
            "driving_direction": 1,
            "id": "1282_2",
            "lane_type": 22
        },
        {
            "pos": {
                "x": 566715.4782983752,
                "y": 4317784.118409474,
                "yaw": -1.3431950919564868
            },
            "heading": -1.3431950919564868,
            "speeds": {
                "vmax": 15.0
            },
            "type": 1,
            "driving_direction": 1,
            "id": "1282_2",
            "lane_type": 22
        },
        {
            "pos": {
                "x": 566715.5911978721,
                "y": 4317783.631322517,
                "yaw": -1.3431950919564868
            },
            "heading": -1.3431950919564868,
            "speeds": {
                "vmax": 15.0
            },
            "type": 1,
            "driving_direction": 1,
            "id": "1282_2",
            "lane_type": 22
        },
        {
            "pos": {
                "x": 566715.7040973689,
                "y": 4317783.144235561,
                "yaw": -1.3431950919564868
            },
            "heading": -1.3431950919564868,
            "speeds": {
                "vmax": 15.0
            },
            "type": 1,
            "driving_direction": 1,
            "id": "1282_2",
            "lane_type": 22
        },
        {
            "pos": {
                "x": 566715.8169968658,
                "y": 4317782.657148603,
                "yaw": -1.3431950919564868
            },
            "heading": -1.3431950919564868,
            "speeds": {
                "vmax": 15.0
            },
            "type": 1,
            "driving_direction": 1,
            "id": "1282_2",
            "lane_type": 22
        },
        {
            "pos": {
                "x": 566715.9298963626,
                "y": 4317782.170061647,
                "yaw": -1.3431950919564868
            },
            "heading": -1.3431950919564868,
            "speeds": {
                "vmax": 15.0
            },
            "type": 1,
            "driving_direction": 1,
            "id": "1282_2",
            "lane_type": 22
        },
        {
            "pos": {
                "x": 566716.0427958595,
                "y": 4317781.68297469,
                "yaw": -1.3431950919564868
            },
            "heading": -1.3431950919564868,
            "speeds": {
                "vmax": 15.0
            },
            "type": 1,
            "driving_direction": 1,
            "id": "1282_2",
            "lane_type": 22
        },
        {
            "pos": {
                "x": 566716.1556953564,
                "y": 4317781.195887732,
                "yaw": -1.3431950919564868
            },
            "heading": -1.3431950919564868,
            "speeds": {
                "vmax": 15.0
            },
            "type": 1,
            "driving_direction": 1,
            "id": "1282_2",
            "lane_type": 22
        },
        {
            "pos": {
                "x": 566716.2685948532,
                "y": 4317780.708800776,
                "yaw": -1.3431950919564868
            },
            "heading": -1.3431950919564868,
            "speeds": {
                "vmax": 15.0
            },
            "type": 1,
            "driving_direction": 1,
            "id": "1282_2",
            "lane_type": 22
        },
        {
            "pos": {
                "x": 566716.3814943501,
                "y": 4317780.221713819,
                "yaw": -1.3431950919564868
            },
            "heading": -1.3431950919564868,
            "speeds": {
                "vmax": 15.0
            },
            "type": 1,
            "driving_direction": 1,
            "id": "1282_2",
            "lane_type": 22
        },
        {
            "pos": {
                "x": 566716.494393847,
                "y": 4317779.734626862,
                "yaw": -1.3431950919564868
            },
            "heading": -1.3431950919564868,
            "speeds": {
                "vmax": 15.0
            },
            "type": 1,
            "driving_direction": 1,
            "id": "1282_2",
            "lane_type": 22
        },
        {
            "pos": {
                "x": 566716.6072933439,
                "y": 4317779.247539905,
                "yaw": -1.3431950919564868
            },
            "heading": -1.3431950919564868,
            "speeds": {
                "vmax": 15.0
            },
            "type": 1,
            "driving_direction": 1,
            "id": "1282_2",
            "lane_type": 22
        },
        {
            "pos": {
                "x": 566716.7201928407,
                "y": 4317778.7604529485,
                "yaw": -1.3431950919564868
            },
            "heading": -1.3431950919564868,
            "speeds": {
                "vmax": 15.0
            },
            "type": 1,
            "driving_direction": 1,
            "id": "1282_2",
            "lane_type": 22
        },
        {
            "pos": {
                "x": 566716.8330923376,
                "y": 4317778.273365991,
                "yaw": -1.3431950919564868
            },
            "heading": -1.3431950919564868,
            "speeds": {
                "vmax": 15.0
            },
            "type": 1,
            "driving_direction": 1,
            "id": "1282_2",
            "lane_type": 22
        },
        {
            "pos": {
                "x": 566716.8954779922,
                "y": 4317778.004212988,
                "yaw": -1.3431950919564868
            },
            "heading": -1.3431950919564868,
            "speeds": {
                "vmax": 15.0
            },
            "type": 1,
            "driving_direction": 1,
            "id": "1282_2",
            "lane_type": 22
        }
    ],
    "is_final_navi": true
}