{
    "header": {
        "trace_id": "3165af07754a49f59f13bf66fadf26d0",
        "trans_id": "ba20bf85-b477-4411-91ed-e9713752730b",
        "che_id": "A531",
        "timestamp": "2025-02-19T18:43:06.989273Z"
    },
    "task_id": "3165af07754a49f59f13bf66fadf26d0",
    "navi_id": "A531_3165af07754a49f59f13bf66fadf26d0_26",
    "seq_num": 26,
    "dest_type": 1,
    "mode": 2,
    "waypoints": [
        {
            "pos": {
                "x": 566766.2179433586,
                "y": 4317861.688063152,
                "yaw": -1.342334337384977
            },
            "heading": -1.342334337384977,
            "speeds": {
                "vmax": 15.0
            },
            "type": 1,
            "driving_direction": 1,
            "id": "1281_2",
            "lane_type": 22
        },
        {
            "pos": {
                "x": 566766.3309580394,
                "y": 4317861.201002907,
                "yaw": -1.342334337384977
            },
            "heading": -1.342334337384977,
            "speeds": {
                "vmax": 15.0
            },
            "type": 1,
            "driving_direction": 1,
            "id": "1281_2",
            "lane_type": 22
        },
        {
            "pos": {
                "x": 566766.4439727203,
                "y": 4317860.713942663,
                "yaw": -1.342334337384977
            },
            "heading": -1.342334337384977,
            "speeds": {
                "vmax": 15.0
            },
            "type": 1,
            "driving_direction": 1,
            "id": "1281_2",
            "lane_type": 22
        },
        {
            "pos": {
                "x": 566766.5569874012,
                "y": 4317860.226882418,
                "yaw": -1.342334337384977
            },
            "heading": -1.342334337384977,
            "speeds": {
                "vmax": 15.0
            },
            "type": 1,
            "driving_direction": 1,
            "id": "1281_2",
            "lane_type": 22
        },
        {
            "pos": {
                "x": 566766.6700020821,
                "y": 4317859.7398221735,
                "yaw": -1.342334337384977
            },
            "heading": -1.342334337384977,
            "speeds": {
                "vmax": 15.0
            },
            "type": 1,
            "driving_direction": 1,
            "id": "1281_2",
            "lane_type": 22
        },
        {
            "pos": {
                "x": 566766.7830167629,
                "y": 4317859.252761928,
                "yaw": -1.342334337384977
            },
            "heading": -1.342334337384977,
            "speeds": {
                "vmax": 15.0
            },
            "type": 1,
            "driving_direction": 1,
            "id": "1281_2",
            "lane_type": 22
        },
        {
            "pos": {
                "x": 566766.8960314438,
                "y": 4317858.765701684,
                "yaw": -1.342334337384977
            },
            "heading": -1.342334337384977,
            "speeds": {
                "vmax": 15.0
            },
            "type": 1,
            "driving_direction": 1,
            "id": "1281_2",
            "lane_type": 22
        },
        {
            "pos": {
                "x": 566767.0090461248,
                "y": 4317858.278641439,
                "yaw": -1.342334337384977
            },
            "heading": -1.342334337384977,
            "speeds": {
                "vmax": 15.0
            },
            "type": 1,
            "driving_direction": 1,
            "id": "1281_2",
            "lane_type": 22
        },
        {
            "pos": {
                "x": 566767.1220608057,
                "y": 4317857.791581195,
                "yaw": -1.342334337384977
            },
            "heading": -1.342334337384977,
            "speeds": {
                "vmax": 15.0
            },
            "type": 1,
            "driving_direction": 1,
            "id": "1281_2",
            "lane_type": 22
        },
        {
            "pos": {
                "x": 566767.2350754865,
                "y": 4317857.30452095,
                "yaw": -1.342334337384977
            },
            "heading": -1.342334337384977,
            "speeds": {
                "vmax": 15.0
            },
            "type": 1,
            "driving_direction": 1,
            "id": "1281_2",
            "lane_type": 22
        },
        {
            "pos": {
                "x": 566767.3480901674,
                "y": 4317856.8174607055,
                "yaw": -1.342334337384977
            },
            "heading": -1.342334337384977,
            "speeds": {
                "vmax": 15.0
            },
            "type": 1,
            "driving_direction": 1,
            "id": "1281_2",
            "lane_type": 22
        },
        {
            "pos": {
                "x": 566767.4611048483,
                "y": 4317856.33040046,
                "yaw": -1.342334337384977
            },
            "heading": -1.342334337384977,
            "speeds": {
                "vmax": 15.0
            },
            "type": 1,
            "driving_direction": 1,
            "id": "1281_2",
            "lane_type": 22
        },
        {
            "pos": {
                "x": 566767.5741195292,
                "y": 4317855.843340216,
                "yaw": -1.342334337384977
            },
            "heading": -1.342334337384977,
            "speeds": {
                "vmax": 15.0
            },
            "type": 1,
            "driving_direction": 1,
            "id": "1281_2",
            "lane_type": 22
        },
        {
            "pos": {
                "x": 566767.68713421,
                "y": 4317855.356279971,
                "yaw": -1.342334337384977
            },
            "heading": -1.342334337384977,
            "speeds": {
                "vmax": 15.0
            },
            "type": 1,
            "driving_direction": 1,
            "id": "1281_2",
            "lane_type": 22
        },
        {
            "pos": {
                "x": 566767.8001488909,
                "y": 4317854.869219727,
                "yaw": -1.342334337384977
            },
            "heading": -1.342334337384977,
            "speeds": {
                "vmax": 15.0
            },
            "type": 1,
            "driving_direction": 1,
            "id": "1281_2",
            "lane_type": 22
        },
        {
            "pos": {
                "x": 566767.9131635719,
                "y": 4317854.382159482,
                "yaw": -1.342334337384977
            },
            "heading": -1.342334337384977,
            "speeds": {
                "vmax": 15.0
            },
            "type": 1,
            "driving_direction": 1,
            "id": "1281_2",
            "lane_type": 22
        },
        {
            "pos": {
                "x": 566768.0261782528,
                "y": 4317853.895099238,
                "yaw": -1.342334337384977
            },
            "heading": -1.342334337384977,
            "speeds": {
                "vmax": 15.0
            },
            "type": 1,
            "driving_direction": 1,
            "id": "1281_2",
            "lane_type": 22
        },
        {
            "pos": {
                "x": 566768.1391929336,
                "y": 4317853.408038992,
                "yaw": -1.342334337384977
            },
            "heading": -1.342334337384977,
            "speeds": {
                "vmax": 15.0
            },
            "type": 1,
            "driving_direction": 1,
            "id": "1281_2",
            "lane_type": 22
        },
        {
            "pos": {
                "x": 566768.2522076145,
                "y": 4317852.920978748,
                "yaw": -1.342334337384977
            },
            "heading": -1.342334337384977,
            "speeds": {
                "vmax": 15.0
            },
            "type": 1,
            "driving_direction": 1,
            "id": "1281_2",
            "lane_type": 22
        },
        {
            "pos": {
                "x": 566768.3652222954,
                "y": 4317852.433918504,
                "yaw": -1.342334337384977
            },
            "heading": -1.342334337384977,
            "speeds": {
                "vmax": 15.0
            },
            "type": 1,
            "driving_direction": 1,
            "id": "1281_2",
            "lane_type": 22
        },
        {
            "pos": {
                "x": 566768.4782369763,
                "y": 4317851.946858259,
                "yaw": -1.342334337384977
            },
            "heading": -1.342334337384977,
            "speeds": {
                "vmax": 15.0
            },
            "type": 1,
            "driving_direction": 1,
            "id": "1281_2",
            "lane_type": 22
        },
        {
            "pos": {
                "x": 566768.5912516572,
                "y": 4317851.459798015,
                "yaw": -1.342334337384977
            },
            "heading": -1.342334337384977,
            "speeds": {
                "vmax": 15.0
            },
            "type": 1,
            "driving_direction": 1,
            "id": "1281_2",
            "lane_type": 22
        },
        {
            "pos": {
                "x": 566768.704266338,
                "y": 4317850.97273777,
                "yaw": -1.342334337384977
            },
            "heading": -1.342334337384977,
            "speeds": {
                "vmax": 15.0
            },
            "type": 1,
            "driving_direction": 1,
            "id": "1281_2",
            "lane_type": 22
        },
        {
            "pos": {
                "x": 566768.817281019,
                "y": 4317850.485677525,
                "yaw": -1.342334337384977
            },
            "heading": -1.342334337384977,
            "speeds": {
                "vmax": 15.0
            },
            "type": 1,
            "driving_direction": 1,
            "id": "1281_2",
            "lane_type": 22
        },
        {
            "pos": {
                "x": 566768.9302956999,
                "y": 4317849.99861728,
                "yaw": -1.342334337384977
            },
            "heading": -1.342334337384977,
            "speeds": {
                "vmax": 15.0
            },
            "type": 1,
            "driving_direction": 1,
            "id": "1281_2",
            "lane_type": 22
        },
        {
            "pos": {
                "x": 566769.0433103808,
                "y": 4317849.511557036,
                "yaw": -1.342334337384977
            },
            "heading": -1.342334337384977,
            "speeds": {
                "vmax": 15.0
            },
            "type": 1,
            "driving_direction": 1,
            "id": "1281_2",
            "lane_type": 22
        },
        {
            "pos": {
                "x": 566769.1563250616,
                "y": 4317849.024496791,
                "yaw": -1.342334337384977
            },
            "heading": -1.342334337384977,
            "speeds": {
                "vmax": 15.0
            },
            "type": 1,
            "driving_direction": 1,
            "id": "1281_2",
            "lane_type": 22
        },
        {
            "pos": {
                "x": 566769.2693397425,
                "y": 4317848.537436547,
                "yaw": -1.342334337384977
            },
            "heading": -1.342334337384977,
            "speeds": {
                "vmax": 15.0
            },
            "type": 1,
            "driving_direction": 1,
            "id": "1281_2",
            "lane_type": 22
        },
        {
            "pos": {
                "x": 566769.3823544234,
                "y": 4317848.050376302,
                "yaw": -1.342334337384977
            },
            "heading": -1.342334337384977,
            "speeds": {
                "vmax": 15.0
            },
            "type": 1,
            "driving_direction": 1,
            "id": "1281_2",
            "lane_type": 22
        },
        {
            "pos": {
                "x": 566769.4953691043,
                "y": 4317847.563316057,
                "yaw": -1.342334337384977
            },
            "heading": -1.342334337384977,
            "speeds": {
                "vmax": 15.0
            },
            "type": 1,
            "driving_direction": 1,
            "id": "1281_2",
            "lane_type": 22
        },
        {
            "pos": {
                "x": 566769.6083837851,
                "y": 4317847.076255812,
                "yaw": -1.342334337384977
            },
            "heading": -1.342334337384977,
            "speeds": {
                "vmax": 15.0
            },
            "type": 1,
            "driving_direction": 1,
            "id": "1281_2",
            "lane_type": 22
        },
        {
            "pos": {
                "x": 566769.721398466,
                "y": 4317846.589195568,
                "yaw": -1.342334337384977
            },
            "heading": -1.342334337384977,
            "speeds": {
                "vmax": 15.0
            },
            "type": 1,
            "driving_direction": 1,
            "id": "1281_2",
            "lane_type": 22
        },
        {
            "pos": {
                "x": 566769.834413147,
                "y": 4317846.102135323,
                "yaw": -1.342334337384977
            },
            "heading": -1.342334337384977,
            "speeds": {
                "vmax": 15.0
            },
            "type": 1,
            "driving_direction": 1,
            "id": "1281_2",
            "lane_type": 22
        },
        {
            "pos": {
                "x": 566769.9474278279,
                "y": 4317845.615075079,
                "yaw": -1.342334337384977
            },
            "heading": -1.342334337384977,
            "speeds": {
                "vmax": 15.0
            },
            "type": 1,
            "driving_direction": 1,
            "id": "1281_2",
            "lane_type": 22
        },
        {
            "pos": {
                "x": 566770.0604425087,
                "y": 4317845.128014834,
                "yaw": -1.342334337384977
            },
            "heading": -1.342334337384977,
            "speeds": {
                "vmax": 15.0
            },
            "type": 1,
            "driving_direction": 1,
            "id": "1281_2",
            "lane_type": 22
        },
        {
            "pos": {
                "x": 566770.1734571896,
                "y": 4317844.6409545895,
                "yaw": -1.342334337384977
            },
            "heading": -1.342334337384977,
            "speeds": {
                "vmax": 15.0
            },
            "type": 1,
            "driving_direction": 1,
            "id": "1281_2",
            "lane_type": 22
        },
        {
            "pos": {
                "x": 566770.2864718705,
                "y": 4317844.153894345,
                "yaw": -1.342334337384977
            },
            "heading": -1.342334337384977,
            "speeds": {
                "vmax": 15.0
            },
            "type": 1,
            "driving_direction": 1,
            "id": "1281_2",
            "lane_type": 22
        },
        {
            "pos": {
                "x": 566770.3994865514,
                "y": 4317843.6668341,
                "yaw": -1.342334337384977
            },
            "heading": -1.342334337384977,
            "speeds": {
                "vmax": 15.0
            },
            "type": 1,
            "driving_direction": 1,
            "id": "1281_2",
            "lane_type": 22
        },
        {
            "pos": {
                "x": 566770.5125012322,
                "y": 4317843.179773856,
                "yaw": -1.342334337384977
            },
            "heading": -1.342334337384977,
            "speeds": {
                "vmax": 15.0
            },
            "type": 1,
            "driving_direction": 1,
            "id": "1281_2",
            "lane_type": 22
        },
        {
            "pos": {
                "x": 566770.6255159131,
                "y": 4317842.692713611,
                "yaw": -1.342334337384977
            },
            "heading": -1.342334337384977,
            "speeds": {
                "vmax": 15.0
            },
            "type": 1,
            "driving_direction": 1,
            "id": "1281_2",
            "lane_type": 22
        },
        {
            "pos": {
                "x": 566770.738530594,
                "y": 4317842.205653367,
                "yaw": -1.342334337384977
            },
            "heading": -1.342334337384977,
            "speeds": {
                "vmax": 15.0
            },
            "type": 1,
            "driving_direction": 1,
            "id": "1281_2",
            "lane_type": 22
        },
        {
            "pos": {
                "x": 566770.851545275,
                "y": 4317841.7185931215,
                "yaw": -1.342334337384977
            },
            "heading": -1.342334337384977,
            "speeds": {
                "vmax": 15.0
            },
            "type": 1,
            "driving_direction": 1,
            "id": "1281_2",
            "lane_type": 22
        },
        {
            "pos": {
                "x": 566770.9645599559,
                "y": 4317841.231532877,
                "yaw": -1.342334337384977
            },
            "heading": -1.342334337384977,
            "speeds": {
                "vmax": 15.0
            },
            "type": 1,
            "driving_direction": 1,
            "id": "1281_2",
            "lane_type": 22
        },
        {
            "pos": {
                "x": 566771.0775746367,
                "y": 4317840.744472632,
                "yaw": -1.342334337384977
            },
            "heading": -1.342334337384977,
            "speeds": {
                "vmax": 15.0
            },
            "type": 1,
            "driving_direction": 1,
            "id": "1281_2",
            "lane_type": 22
        },
        {
            "pos": {
                "x": 566771.1905893176,
                "y": 4317840.257412388,
                "yaw": -1.342334337384977
            },
            "heading": -1.342334337384977,
            "speeds": {
                "vmax": 15.0
            },
            "type": 1,
            "driving_direction": 1,
            "id": "1281_2",
            "lane_type": 22
        },
        {
            "pos": {
                "x": 566771.3036039985,
                "y": 4317839.770352143,
                "yaw": -1.342334337384977
            },
            "heading": -1.342334337384977,
            "speeds": {
                "vmax": 15.0
            },
            "type": 1,
            "driving_direction": 1,
            "id": "1281_2",
            "lane_type": 22
        },
        {
            "pos": {
                "x": 566771.4166186794,
                "y": 4317839.283291899,
                "yaw": -1.342334337384977
            },
            "heading": -1.342334337384977,
            "speeds": {
                "vmax": 15.0
            },
            "type": 1,
            "driving_direction": 1,
            "id": "1281_2",
            "lane_type": 22
        },
        {
            "pos": {
                "x": 566771.5296333602,
                "y": 4317838.796231654,
                "yaw": -1.342334337384977
            },
            "heading": -1.342334337384977,
            "speeds": {
                "vmax": 15.0
            },
            "type": 1,
            "driving_direction": 1,
            "id": "1281_2",
            "lane_type": 22
        },
        {
            "pos": {
                "x": 566771.6426480411,
                "y": 4317838.309171409,
                "yaw": -1.342334337384977
            },
            "heading": -1.342334337384977,
            "speeds": {
                "vmax": 15.0
            },
            "type": 1,
            "driving_direction": 1,
            "id": "1281_2",
            "lane_type": 22
        },
        {
            "pos": {
                "x": 566771.755662722,
                "y": 4317837.822111164,
                "yaw": -1.342334337384977
            },
            "heading": -1.342334337384977,
            "speeds": {
                "vmax": 15.0
            },
            "type": 1,
            "driving_direction": 1,
            "id": "1281_2",
            "lane_type": 22
        },
        {
            "pos": {
                "x": 566771.868677403,
                "y": 4317837.33505092,
                "yaw": -1.342334337384977
            },
            "heading": -1.342334337384977,
            "speeds": {
                "vmax": 15.0
            },
            "type": 1,
            "driving_direction": 1,
            "id": "1281_2",
            "lane_type": 22
        },
        {
            "pos": {
                "x": 566771.9816920838,
                "y": 4317836.847990675,
                "yaw": -1.342334337384977
            },
            "heading": -1.342334337384977,
            "speeds": {
                "vmax": 15.0
            },
            "type": 1,
            "driving_direction": 1,
            "id": "1281_2",
            "lane_type": 22
        },
        {
            "pos": {
                "x": 566772.0947067647,
                "y": 4317836.360930431,
                "yaw": -1.342334337384977
            },
            "heading": -1.342334337384977,
            "speeds": {
                "vmax": 15.0
            },
            "type": 1,
            "driving_direction": 1,
            "id": "1281_2",
            "lane_type": 22
        },
        {
            "pos": {
                "x": 566772.2077214456,
                "y": 4317835.873870186,
                "yaw": -1.342334337384977
            },
            "heading": -1.342334337384977,
            "speeds": {
                "vmax": 15.0
            },
            "type": 1,
            "driving_direction": 1,
            "id": "1281_2",
            "lane_type": 22
        },
        {
            "pos": {
                "x": 566772.3207361265,
                "y": 4317835.386809941,
                "yaw": -1.342334337384977
            },
            "heading": -1.342334337384977,
            "speeds": {
                "vmax": 15.0
            },
            "type": 1,
            "driving_direction": 1,
            "id": "1281_2",
            "lane_type": 22
        },
        {
            "pos": {
                "x": 566772.4337508073,
                "y": 4317834.899749697,
                "yaw": -1.342334337384977
            },
            "heading": -1.342334337384977,
            "speeds": {
                "vmax": 15.0
            },
            "type": 1,
            "driving_direction": 1,
            "id": "1281_2",
            "lane_type": 22
        },
        {
            "pos": {
                "x": 566772.5467654882,
                "y": 4317834.412689452,
                "yaw": -1.342334337384977
            },
            "heading": -1.342334337384977,
            "speeds": {
                "vmax": 15.0
            },
            "type": 1,
            "driving_direction": 1,
            "id": "1281_2",
            "lane_type": 22
        },
        {
            "pos": {
                "x": 566772.6597801691,
                "y": 4317833.925629208,
                "yaw": -1.342334337384977
            },
            "heading": -1.342334337384977,
            "speeds": {
                "vmax": 15.0
            },
            "type": 1,
            "driving_direction": 1,
            "id": "1281_2",
            "lane_type": 22
        },
        {
            "pos": {
                "x": 566772.77279485,
                "y": 4317833.438568963,
                "yaw": -1.342334337384977
            },
            "heading": -1.342334337384977,
            "speeds": {
                "vmax": 15.0
            },
            "type": 1,
            "driving_direction": 1,
            "id": "1281_2",
            "lane_type": 22
        },
        {
            "pos": {
                "x": 566772.8858095309,
                "y": 4317832.951508719,
                "yaw": -1.342334337384977
            },
            "heading": -1.342334337384977,
            "speeds": {
                "vmax": 15.0
            },
            "type": 1,
            "driving_direction": 1,
            "id": "1281_2",
            "lane_type": 22
        },
        {
            "pos": {
                "x": 566772.9988242118,
                "y": 4317832.464448473,
                "yaw": -1.342334337384977
            },
            "heading": -1.342334337384977,
            "speeds": {
                "vmax": 15.0
            },
            "type": 1,
            "driving_direction": 1,
            "id": "1281_2",
            "lane_type": 22
        },
        {
            "pos": {
                "x": 566773.1118388927,
                "y": 4317831.977388229,
                "yaw": -1.342334337384977
            },
            "heading": -1.342334337384977,
            "speeds": {
                "vmax": 15.0
            },
            "type": 1,
            "driving_direction": 1,
            "id": "1281_2",
            "lane_type": 22
        },
        {
            "pos": {
                "x": 566773.2248535736,
                "y": 4317831.490327984,
                "yaw": -1.342334337384977
            },
            "heading": -1.342334337384977,
            "speeds": {
                "vmax": 15.0
            },
            "type": 1,
            "driving_direction": 1,
            "id": "1281_2",
            "lane_type": 22
        },
        {
            "pos": {
                "x": 566773.3378682544,
                "y": 4317831.00326774,
                "yaw": -1.342334337384977
            },
            "heading": -1.342334337384977,
            "speeds": {
                "vmax": 15.0
            },
            "type": 1,
            "driving_direction": 1,
            "id": "1281_2",
            "lane_type": 22
        },
        {
            "pos": {
                "x": 566773.4508829353,
                "y": 4317830.516207495,
                "yaw": -1.342334337384977
            },
            "heading": -1.342334337384977,
            "speeds": {
                "vmax": 15.0
            },
            "type": 1,
            "driving_direction": 1,
            "id": "1281_2",
            "lane_type": 22
        },
        {
            "pos": {
                "x": 566773.5638976162,
                "y": 4317830.029147251,
                "yaw": -1.342334337384977
            },
            "heading": -1.342334337384977,
            "speeds": {
                "vmax": 15.0
            },
            "type": 1,
            "driving_direction": 1,
            "id": "1281_2",
            "lane_type": 22
        },
        {
            "pos": {
                "x": 566773.6769122971,
                "y": 4317829.542087005,
                "yaw": -1.342334337384977
            },
            "heading": -1.342334337384977,
            "speeds": {
                "vmax": 15.0
            },
            "type": 1,
            "driving_direction": 1,
            "id": "1281_2",
            "lane_type": 22
        },
        {
            "pos": {
                "x": 566773.7899269781,
                "y": 4317829.055026761,
                "yaw": -1.342334337384977
            },
            "heading": -1.342334337384977,
            "speeds": {
                "vmax": 15.0
            },
            "type": 1,
            "driving_direction": 1,
            "id": "1281_2",
            "lane_type": 22
        },
        {
            "pos": {
                "x": 566773.9029416589,
                "y": 4317828.567966516,
                "yaw": -1.342334337384977
            },
            "heading": -1.342334337384977,
            "speeds": {
                "vmax": 15.0
            },
            "type": 1,
            "driving_direction": 1,
            "id": "1281_2",
            "lane_type": 22
        },
        {
            "pos": {
                "x": 566774.0159563398,
                "y": 4317828.080906272,
                "yaw": -1.342334337384977
            },
            "heading": -1.342334337384977,
            "speeds": {
                "vmax": 15.0
            },
            "type": 1,
            "driving_direction": 1,
            "id": "1281_2",
            "lane_type": 22
        },
        {
            "pos": {
                "x": 566774.1289710207,
                "y": 4317827.593846027,
                "yaw": -1.342334337384977
            },
            "heading": -1.342334337384977,
            "speeds": {
                "vmax": 15.0
            },
            "type": 1,
            "driving_direction": 1,
            "id": "1281_2",
            "lane_type": 22
        },
        {
            "pos": {
                "x": 566774.2419857016,
                "y": 4317827.106785783,
                "yaw": -1.342334337384977
            },
            "heading": -1.342334337384977,
            "speeds": {
                "vmax": 15.0
            },
            "type": 1,
            "driving_direction": 1,
            "id": "1281_2",
            "lane_type": 22
        },
        {
            "pos": {
                "x": 566774.3550003824,
                "y": 4317826.619725538,
                "yaw": -1.342334337384977
            },
            "heading": -1.342334337384977,
            "speeds": {
                "vmax": 15.0
            },
            "type": 1,
            "driving_direction": 1,
            "id": "1281_2",
            "lane_type": 22
        },
        {
            "pos": {
                "x": 566774.4680150633,
                "y": 4317826.132665293,
                "yaw": -1.342334337384977
            },
            "heading": -1.342334337384977,
            "speeds": {
                "vmax": 15.0
            },
            "type": 1,
            "driving_direction": 1,
            "id": "1281_2",
            "lane_type": 22
        },
        {
            "pos": {
                "x": 566774.5810297442,
                "y": 4317825.645605049,
                "yaw": -1.342334337384977
            },
            "heading": -1.342334337384977,
            "speeds": {
                "vmax": 15.0
            },
            "type": 1,
            "driving_direction": 1,
            "id": "1281_2",
            "lane_type": 22
        },
        {
            "pos": {
                "x": 566774.6727388166,
                "y": 4317825.25036575,
                "yaw": -1.342334337384977
            },
            "heading": -1.342334337384977,
            "speeds": {
                "vmax": 15.0
            },
            "type": 1,
            "driving_direction": 1,
            "id": "1281_2",
            "lane_type": 22
        }
    ],
    "is_final_navi": true
}