{
    "header": {
        "trans_id": "81660480-3fe1-4673-816d-dfe4c3a95a4b",
        "che_id": "A523",
        "timestamp": "2025-02-19T17:23:04.917840Z",
        "version": "v2"
    },
    "created": "2025-02-19T17:23:04.917915Z",
    "updated": "2025-02-19T17:23:04.928427Z",
    "task_mode": 1,
    "task_id": "COMMAND&G56HvLWVaT",
    "navi_id": "A523_COMMAND&G56HvLWVaT_24",
    "target": "PSTP",
    "sub_target": "227",
    "is_attendance_tos": true,
    "point": {
        "x": 566937.9805612505,
        "y": 4317728.847657949
    },
    "yaw": 0.22806748787671882,
    "soh": 100,
    "soc": 99,
    "empty": true,
    "faults": [
        {
            "code": "0",
            "desc": "7"
        }
    ],
    "mileage": 147.35324,
    "operational_status": 1,
    "host": "10.188.63.104",
    "port": "5523",
    "task_type": 7,
    "frame_ts": 541573680.200303,
    "model_type": {}
}