{
    "header": {
        "trace_id": "0f8e4c4e-8e98-442c-954f-171bf183ec53",
        "trans_id": "03eee69b-17c6-4a97-b698-f5a16909c1b8",
        "che_id": "A536",
        "timestamp": "2025-02-19T17:23:04.935966Z",
        "version": "v2"
    },
    "created": "2025-02-19T17:23:04.935992Z",
    "updated": "2025-02-19T17:23:04.939283Z",
    "task_mode": 1,
    "trace_id": "0f8e4c4e-8e98-442c-954f-171bf183ec53",
    "task_id": "49db07b3-7cbd-41fd-869d-5b376382c4de",
    "navi_id": "A536_49db07b3-7cbd-41fd-869d-5b376382c4de_46",
    "target": "PARK",
    "sub_target": "YCTP_1D_TAIL",
    "is_attendance_tos": true,
    "point": {
        "x": 566826.1979923052,
        "y": 4317947.136838555
    },
    "yaw": -1.3432793586128076,
    "soh": 100,
    "soc": 99,
    "empty": true,
    "faults": [
        {
            "code": "0",
            "desc": "7"
        }
    ],
    "mileage": 79.22181,
    "operational_status": 1,
    "host": "10.188.63.104",
    "port": "5536",
    "task_type": 7,
    "crane_id": "PARK",
    "frame_ts": 541573600.200303,
    "stop_infos": [
        {
            "created": "2025-02-19T17:02:51.065858Z",
            "sender": "ddtcs",
            "type": 2,
            "reason": "与A532冲突导致停车"
        }
    ],
    "model_type": {}
}