{
    "header": {
        "trace_id": "6ed113875b034276ae378be503e7fbca",
        "trans_id": "6682165a-1f4a-4b4e-8489-73cda82ba6f4",
        "che_id": "A520",
        "timestamp": "2025-02-19T09:12:01.787825Z",
        "version": "v2"
    },
    "created": "2025-02-19T09:12:01.787864Z",
    "updated": "2025-02-19T09:12:01.840853Z",
    "task_mode": 1,
    "trace_id": "6ed113875b034276ae378be503e7fbca",
    "task_id": "2863783d-717b-4ca8-8426-545cb2749926",
    "navi_id": "A520_2863783d-717b-4ca8-8426-545cb2749926_12",
    "target": "PARK",
    "sub_target": "LAT-UP_4D_2",
    "is_attendance_tos": true,
    "point": {
        "x": 566774.6577599294,
        "y": 4317771.363255247
    },
    "yaw": 0.22817294421085516,
    "soh": 100,
    "soc": 99,
    "faults": [
        {
            "code": "0",
            "desc": "7"
        }
    ],
    "mileage": 136.19676,
    "operational_status": 1,
    "host": "10.188.63.104",
    "port": "5520",
    "task_type": 7,
    "crane_id": "PARK",
    "frame_ts": 512110500.172863,
    "model_type": {}
}