{
    "header": {
        "trans_id": "d3125d88-6ab8-43d9-8a60-a09ac1fdd017"
    },
    "body": [
        {
            "self_che": {
                "che_id": "A534",
                "dist": 0,
                "che_x": 566916.3143034505,
                "che_y": 4317913.84154151,
                "che_yaw": 1.798569687532665,
                "stop_x": 566916.3143034505,
                "stop_y": 4317913.84154151,
                "navi_id": "A534_5f2a8f2a35964068b454b1211ed775fe_19"
            },
            "other_che": {
                "che_id": "A537",
                "dist": 12.570820676285317,
                "che_x": 566922.7276387183,
                "che_y": 4317886.203267866,
                "che_yaw": 1.7988124234481375,
                "stop_x": 566919.886062457,
                "stop_y": 4317898.4487150535,
                "navi_id": "A537_26067cacf82e4de19a3f19893f6a0903_10"
            }
        },
        {
            "self_che": {
                "che_id": "A534",
                "dist": 36.16390503704873,
                "che_x": 566916.3143034505,
                "che_y": 4317913.84154151,
                "che_yaw": 1.798569687532665,
                "stop_x": 566908.1558772138,
                "stop_y": 4317949.073176368,
                "navi_id": "A534_5f2a8f2a35964068b454b1211ed775fe_19"
            },
            "other_che": {
                "che_id": "A535",
                "dist": 0,
                "che_x": 566903.5668121836,
                "che_y": 4317968.89545676,
                "che_yaw": 1.79833832334423,
                "stop_x": 566903.5668121836,
                "stop_y": 4317968.89545676,
                "navi_id": "A535_564ccade1a6241faacc6c85b2210c94f_3803"
            }
        },
        {
            "self_che": {
                "che_id": "A534",
                "dist": 7.630974201193922,
                "che_x": 566916.3143034505,
                "che_y": 4317913.84154151,
                "che_yaw": 1.798569687532665,
                "stop_x": 566914.592453186,
                "stop_y": 4317921.2757191,
                "navi_id": "A534_5f2a8f2a35964068b454b1211ed775fe_19"
            },
            "other_che": {
                "che_id": "A536",
                "dist": 0,
                "che_x": 566910.078860336,
                "che_y": 4317940.766584537,
                "che_yaw": 1.7983637251907365,
                "stop_x": 566910.078860336,
                "stop_y": 4317940.766584537,
                "navi_id": "A536_e9d4e2195cda47d78793bfe697d3f2c5_19"
            }
        },
        {
            "self_che": {
                "che_id": "A532",
                "dist": 30.324102886817585,
                "che_x": 566898.0583353012,
                "che_y": 4317992.640942228,
                "che_yaw": 1.7984428328261775,
                "stop_x": 566891.2039149548,
                "stop_y": 4318022.180206442,
                "navi_id": "A532_a52567c80568439ea42e11396b018384_4247"
            },
            "other_che": {
                "che_id": "A530",
                "dist": 22.639832865078574,
                "che_x": 566895.4791754256,
                "che_y": 4317984.258428333,
                "che_yaw": 1.7987979480505019,
                "stop_x": 566890.428404844,
                "stop_y": 4318006.04068696,
                "navi_id": "A530_c4227210-2285-49cc-84e6-6a31162d9e47_9"
            }
        },
        {
            "self_che": {
                "che_id": "A532",
                "dist": 30.324102886817585,
                "che_x": 566898.0583353012,
                "che_y": 4317992.640942228,
                "che_yaw": 1.7984428328261775,
                "stop_x": 566891.2039149548,
                "stop_y": 4318022.180206442,
                "navi_id": "A532_a52567c80568439ea42e11396b018384_4247"
            },
            "other_che": {
                "che_id": "A529",
                "dist": 57.04336094574455,
                "che_x": 566903.3135291294,
                "che_y": 4317950.47164342,
                "che_yaw": 1.7987979621192285,
                "stop_x": 566890.428404844,
                "stop_y": 4318006.04068696,
                "navi_id": "A529_46508961-2dd1-4f56-8b10-15170393c4a2_5"
            }
        },
        {
            "self_che": {
                "che_id": "A532",
                "dist": 0,
                "che_x": 566898.0583353012,
                "che_y": 4317992.640942228,
                "che_yaw": 1.7984428328261775,
                "stop_x": 566898.0583353012,
                "stop_y": 4317992.640942228,
                "navi_id": "A532_a52567c80568439ea42e11396b018384_4247"
            },
            "other_che": {
                "che_id": "A535",
                "dist": 8.50000000020133,
                "che_x": 566903.5668121836,
                "che_y": 4317968.89545676,
                "che_yaw": 1.79833832334423,
                "stop_x": 566901.6457635097,
                "stop_y": 4317977.175527532,
                "navi_id": "A535_564ccade1a6241faacc6c85b2210c94f_3803"
            }
        },
        {
            "self_che": {
                "che_id": "A532",
                "dist": 45.39352085346719,
                "che_x": 566898.0583353012,
                "che_y": 4317992.640942228,
                "che_yaw": 1.7984428328261775,
                "stop_x": 566890.5377975532,
                "stop_y": 4318037.2213167865,
                "navi_id": "A532_a52567c80568439ea42e11396b018384_4247"
            },
            "other_che": {
                "che_id": "A524",
                "dist": 29.500000000287386,
                "che_x": 566902.5168521794,
                "che_y": 4317992.857450896,
                "che_yaw": 1.7988718718484364,
                "stop_x": 566895.846804568,
                "stop_y": 4318021.593499074,
                "navi_id": "A524_c19df847563a43ff9f97ebb4e6155c33_2007"
            }
        },
        {
            "self_che": {
                "che_id": "A532",
                "dist": 7.000000000145712,
                "che_x": 566898.0583353012,
                "che_y": 4317992.640942228,
                "che_yaw": 1.7984428328261775,
                "stop_x": 566896.4761431074,
                "stop_y": 4317999.459788748,
                "navi_id": "A532_a52567c80568439ea42e11396b018384_4247"
            },
            "other_che": {
                "che_id": "A533",
                "dist": 0,
                "che_x": 566890.852905611,
                "che_y": 4318025.996662847,
                "che_yaw": 1.65658617706489,
                "stop_x": 566890.852905611,
                "stop_y": 4318025.996662847,
                "navi_id": "A533_ba1086ac82614452a3489e6a9e96da00_9246"
            }
        },
        {
            "self_che": {
                "che_id": "A532",
                "dist": 35.705486127334765,
                "che_x": 566898.0583353012,
                "che_y": 4317992.640942228,
                "che_yaw": 1.7984428328261775,
                "stop_x": 566890.722767342,
                "stop_y": 4318027.539836172,
                "navi_id": "A532_a52567c80568439ea42e11396b018384_4247"
            },
            "other_che": {
                "che_id": "A528",
                "dist": 0,
                "che_x": 566887.737509145,
                "che_y": 4318017.6387317255,
                "che_yaw": 1.796228074358986,
                "stop_x": 566887.737509145,
                "stop_y": 4318017.6387317255,
                "navi_id": "A528_f2fb684d-fbbe-46a3-9e3b-8e1a1b6eaaf5_5"
            }
        },
        {
            "self_che": {
                "che_id": "A537",
                "dist": 12.570820676285317,
                "che_x": 566922.7276387183,
                "che_y": 4317886.203267866,
                "che_yaw": 1.7988124234481375,
                "stop_x": 566919.886062457,
                "stop_y": 4317898.4487150535,
                "navi_id": "A537_26067cacf82e4de19a3f19893f6a0903_10"
            },
            "other_che": {
                "che_id": "A534",
                "dist": 0,
                "che_x": 566916.3143034505,
                "che_y": 4317913.84154151,
                "che_yaw": 1.798569687532665,
                "stop_x": 566916.3143034505,
                "stop_y": 4317913.84154151,
                "navi_id": "A534_5f2a8f2a35964068b454b1211ed775fe_19"
            }
        },
        {
            "self_che": {
                "che_id": "A537",
                "dist": 64.53651569774505,
                "che_x": 566922.7276387183,
                "che_y": 4317886.203267866,
                "che_yaw": 1.7988124234481375,
                "stop_x": 566908.1558772138,
                "stop_y": 4317949.073176368,
                "navi_id": "A537_26067cacf82e4de19a3f19893f6a0903_10"
            },
            "other_che": {
                "che_id": "A535",
                "dist": 0,
                "che_x": 566903.5668121836,
                "che_y": 4317968.89545676,
                "che_yaw": 1.79833832334423,
                "stop_x": 566903.5668121836,
                "stop_y": 4317968.89545676,
                "navi_id": "A535_564ccade1a6241faacc6c85b2210c94f_3803"
            }
        },
        {
            "self_che": {
                "che_id": "A537",
                "dist": 36.003584861890275,
                "che_x": 566922.7276387183,
                "che_y": 4317886.203267866,
                "che_yaw": 1.7988124234481375,
                "stop_x": 566914.592453186,
                "stop_y": 4317921.2757191,
                "navi_id": "A537_26067cacf82e4de19a3f19893f6a0903_10"
            },
            "other_che": {
                "che_id": "A536",
                "dist": 0,
                "che_x": 566910.078860336,
                "che_y": 4317940.766584537,
                "che_yaw": 1.7983637251907365,
                "stop_x": 566910.078860336,
                "stop_y": 4317940.766584537,
                "navi_id": "A536_e9d4e2195cda47d78793bfe697d3f2c5_19"
            }
        },
        {
            "self_che": {
                "che_id": "A530",
                "dist": 22.639832865078574,
                "che_x": 566895.4791754256,
                "che_y": 4317984.258428333,
                "che_yaw": 1.7987979480505019,
                "stop_x": 566890.428404844,
                "stop_y": 4318006.04068696,
                "navi_id": "A530_c4227210-2285-49cc-84e6-6a31162d9e47_9"
            },
            "other_che": {
                "che_id": "A532",
                "dist": 30.324102886817585,
                "che_x": 566898.0583353012,
                "che_y": 4317992.640942228,
                "che_yaw": 1.7984428328261775,
                "stop_x": 566891.2039149548,
                "stop_y": 4318022.180206442,
                "navi_id": "A532_a52567c80568439ea42e11396b018384_4247"
            }
        },
        {
            "self_che": {
                "che_id": "A530",
                "dist": 0,
                "che_x": 566895.4791754256,
                "che_y": 4317984.258428333,
                "che_yaw": 1.7987979480505019,
                "stop_x": 566895.4791754256,
                "stop_y": 4317984.258428333,
                "navi_id": "A530_c4227210-2285-49cc-84e6-6a31162d9e47_9"
            },
            "other_che": {
                "che_id": "A529",
                "dist": 18.54336094535825,
                "che_x": 566903.3135291294,
                "che_y": 4317950.47164342,
                "che_yaw": 1.7987979621192285,
                "stop_x": 566899.1249102068,
                "stop_y": 4317968.535743359,
                "navi_id": "A529_46508961-2dd1-4f56-8b10-15170393c4a2_5"
            }
        },
        {
            "self_che": {
                "che_id": "A530",
                "dist": 7.63983286528161,
                "che_x": 566895.4791754256,
                "che_y": 4317984.258428333,
                "che_yaw": 1.7987979480505019,
                "stop_x": 566893.8166536866,
                "stop_y": 4317991.42837127,
                "navi_id": "A530_c4227210-2285-49cc-84e6-6a31162d9e47_9"
            },
            "other_che": {
                "che_id": "A528",
                "dist": 0,
                "che_x": 566887.737509145,
                "che_y": 4318017.6387317255,
                "che_yaw": 1.796228074358986,
                "stop_x": 566887.737509145,
                "stop_y": 4318017.6387317255,
                "navi_id": "A528_f2fb684d-fbbe-46a3-9e3b-8e1a1b6eaaf5_5"
            }
        },
        {
            "self_che": {
                "che_id": "A523",
                "dist": 7.708937607028012,
                "che_x": 566724.037978918,
                "che_y": 4317803.920856213,
                "che_yaw": -1.343036431946373,
                "stop_x": 566725.686011396,
                "stop_y": 4317796.818491833,
                "navi_id": "A523_fd705550-36e3-4a56-bb4a-4a7d2b4f7c64_2"
            },
            "other_che": {
                "che_id": "A522",
                "dist": 0,
                "che_x": 566729.307046444,
                "che_y": 4317781.212209038,
                "che_yaw": -1.343042748969847,
                "stop_x": 566729.307046444,
                "stop_y": 4317781.212209038,
                "navi_id": ""
            }
        },
        {
            "self_che": {
                "che_id": "A531",
                "dist": 7.98099788268239,
                "che_x": 566922.395426839,
                "che_y": 4317868.226938338,
                "che_yaw": 1.7988005160232363,
                "stop_x": 566920.591484506,
                "stop_y": 4317876.001391242,
                "navi_id": "A531_c7f03fc542f04c978e20438b4063a846_11"
            },
            "other_che": {
                "che_id": "A526",
                "dist": 0,
                "che_x": 566916.0712721227,
                "che_y": 4317895.481801982,
                "che_yaw": 1.79880016663801,
                "stop_x": 566916.0712721227,
                "stop_y": 4317895.481801982,
                "navi_id": "A526_daa55f3c4a344040845f075b43e8ecbf_14"
            }
        },
        {
            "self_che": {
                "che_id": "A531",
                "dist": 64.40676835698088,
                "che_x": 566922.395426839,
                "che_y": 4317868.226938338,
                "che_yaw": 1.7988005160232363,
                "stop_x": 566907.837366567,
                "stop_y": 4317930.96683538,
                "navi_id": "A531_c7f03fc542f04c978e20438b4063a846_11"
            },
            "other_che": {
                "che_id": "A529",
                "dist": 0,
                "che_x": 566903.3135291294,
                "che_y": 4317950.47164342,
                "che_yaw": 1.7987979621192285,
                "stop_x": 566903.3135291294,
                "stop_y": 4317950.47164342,
                "navi_id": "A529_46508961-2dd1-4f56-8b10-15170393c4a2_5"
            }
        },
        {
            "self_che": {
                "che_id": "A531",
                "dist": 36.08155840287856,
                "che_x": 566922.395426839,
                "che_y": 4317868.226938338,
                "che_yaw": 1.7988005160232363,
                "stop_x": 566914.2398146922,
                "stop_y": 4317903.374695612,
                "navi_id": "A531_c7f03fc542f04c978e20438b4063a846_11"
            },
            "other_che": {
                "che_id": "A527",
                "dist": 0,
                "che_x": 566909.6902206762,
                "che_y": 4317922.9817321375,
                "che_yaw": 1.7988002315707141,
                "stop_x": 566909.6902206762,
                "stop_y": 4317922.9817321375,
                "navi_id": "A527_1d12da86a62749d187021b1406da22d8_15"
            }
        },
        {
            "self_che": {
                "che_id": "A522",
                "dist": 0,
                "che_x": 566729.307046444,
                "che_y": 4317781.212209038,
                "che_yaw": -1.343042748969847,
                "stop_x": 566729.307046444,
                "stop_y": 4317781.212209038,
                "navi_id": ""
            },
            "other_che": {
                "che_id": "A523",
                "dist": 7.708937607028012,
                "che_x": 566724.037978918,
                "che_y": 4317803.920856213,
                "che_yaw": -1.343036431946373,
                "stop_x": 566725.686011396,
                "stop_y": 4317796.818491833,
                "navi_id": "A523_fd705550-36e3-4a56-bb4a-4a7d2b4f7c64_2"
            }
        },
        {
            "self_che": {
                "che_id": "A526",
                "dist": 0,
                "che_x": 566916.0712721227,
                "che_y": 4317895.481801982,
                "che_yaw": 1.79880016663801,
                "stop_x": 566916.0712721227,
                "stop_y": 4317895.481801982,
                "navi_id": "A526_daa55f3c4a344040845f075b43e8ecbf_14"
            },
            "other_che": {
                "che_id": "A531",
                "dist": 12.020298594378525,
                "che_x": 566922.395426839,
                "che_y": 4317868.226938338,
                "che_yaw": 1.7988005160232363,
                "stop_x": 566919.6784669748,
                "stop_y": 4317879.93615289,
                "navi_id": "A531_c7f03fc542f04c978e20438b4063a846_11"
            }
        },
        {
            "self_che": {
                "che_id": "A526",
                "dist": 36.427802513001545,
                "che_x": 566916.0712721227,
                "che_y": 4317895.481801982,
                "che_yaw": 1.79880016663801,
                "stop_x": 566907.837366567,
                "stop_y": 4317930.96683538,
                "navi_id": "A526_daa55f3c4a344040845f075b43e8ecbf_14"
            },
            "other_che": {
                "che_id": "A529",
                "dist": 0,
                "che_x": 566903.3135291294,
                "che_y": 4317950.47164342,
                "che_yaw": 1.7987979621192285,
                "stop_x": 566903.3135291294,
                "stop_y": 4317950.47164342,
                "navi_id": "A529_46508961-2dd1-4f56-8b10-15170393c4a2_5"
            }
        },
        {
            "self_che": {
                "che_id": "A526",
                "dist": 8.102592558899225,
                "che_x": 566916.0712721227,
                "che_y": 4317895.481801982,
                "che_yaw": 1.79880016663801,
                "stop_x": 566914.2398146922,
                "stop_y": 4317903.374695612,
                "navi_id": "A526_daa55f3c4a344040845f075b43e8ecbf_14"
            },
            "other_che": {
                "che_id": "A527",
                "dist": 0,
                "che_x": 566909.6902206762,
                "che_y": 4317922.9817321375,
                "che_yaw": 1.7988002315707141,
                "stop_x": 566909.6902206762,
                "stop_y": 4317922.9817321375,
                "navi_id": "A527_1d12da86a62749d187021b1406da22d8_15"
            }
        },
        {
            "self_che": {
                "che_id": "A529",
                "dist": 57.04336094574455,
                "che_x": 566903.3135291294,
                "che_y": 4317950.47164342,
                "che_yaw": 1.7987979621192285,
                "stop_x": 566890.428404844,
                "stop_y": 4318006.04068696,
                "navi_id": "A529_46508961-2dd1-4f56-8b10-15170393c4a2_5"
            },
            "other_che": {
                "che_id": "A532",
                "dist": 30.324102886817585,
                "che_x": 566898.0583353012,
                "che_y": 4317992.640942228,
                "che_yaw": 1.7984428328261775,
                "stop_x": 566891.2039149548,
                "stop_y": 4318022.180206442,
                "navi_id": "A532_a52567c80568439ea42e11396b018384_4247"
            }
        },
        {
            "self_che": {
                "che_id": "A529",
                "dist": 18.54336094535825,
                "che_x": 566903.3135291294,
                "che_y": 4317950.47164342,
                "che_yaw": 1.7987979621192285,
                "stop_x": 566899.1249102068,
                "stop_y": 4317968.535743359,
                "navi_id": "A529_46508961-2dd1-4f56-8b10-15170393c4a2_5"
            },
            "other_che": {
                "che_id": "A530",
                "dist": 0,
                "che_x": 566895.4791754256,
                "che_y": 4317984.258428333,
                "che_yaw": 1.7987979480505019,
                "stop_x": 566895.4791754256,
                "stop_y": 4317984.258428333,
                "navi_id": "A530_c4227210-2285-49cc-84e6-6a31162d9e47_9"
            }
        },
        {
            "self_che": {
                "che_id": "A529",
                "dist": 0,
                "che_x": 566903.3135291294,
                "che_y": 4317950.47164342,
                "che_yaw": 1.7987979621192285,
                "stop_x": 566903.3135291294,
                "stop_y": 4317950.47164342,
                "navi_id": "A529_46508961-2dd1-4f56-8b10-15170393c4a2_5"
            },
            "other_che": {
                "che_id": "A531",
                "dist": 68.40676835703403,
                "che_x": 566922.395426839,
                "che_y": 4317868.226938338,
                "che_yaw": 1.7988005160232363,
                "stop_x": 566906.9332323152,
                "stop_y": 4317934.863313437,
                "navi_id": "A531_c7f03fc542f04c978e20438b4063a846_11"
            }
        },
        {
            "self_che": {
                "che_id": "A529",
                "dist": 0,
                "che_x": 566903.3135291294,
                "che_y": 4317950.47164342,
                "che_yaw": 1.7987979621192285,
                "stop_x": 566903.3135291294,
                "stop_y": 4317950.47164342,
                "navi_id": "A529_46508961-2dd1-4f56-8b10-15170393c4a2_5"
            },
            "other_che": {
                "che_id": "A526",
                "dist": 40.4278025130547,
                "che_x": 566916.0712721227,
                "che_y": 4317895.481801982,
                "che_yaw": 1.79880016663801,
                "stop_x": 566906.9332323152,
                "stop_y": 4317934.863313437,
                "navi_id": "A526_daa55f3c4a344040845f075b43e8ecbf_14"
            }
        },
        {
            "self_che": {
                "che_id": "A529",
                "dist": 0,
                "che_x": 566903.3135291294,
                "che_y": 4317950.47164342,
                "che_yaw": 1.7987979621192285,
                "stop_x": 566903.3135291294,
                "stop_y": 4317950.47164342,
                "navi_id": "A529_46508961-2dd1-4f56-8b10-15170393c4a2_5"
            },
            "other_che": {
                "che_id": "A527",
                "dist": 12.19725210897107,
                "che_x": 566909.6902206762,
                "che_y": 4317922.9817321375,
                "che_yaw": 1.7988002315707141,
                "stop_x": 566906.9332323152,
                "stop_y": 4317934.863313437,
                "navi_id": "A527_1d12da86a62749d187021b1406da22d8_15"
            }
        },
        {
            "self_che": {
                "che_id": "A529",
                "dist": 42.043360945947484,
                "che_x": 566903.3135291294,
                "che_y": 4317950.47164342,
                "che_yaw": 1.7987979621192285,
                "stop_x": 566893.8166536866,
                "stop_y": 4317991.42837127,
                "navi_id": "A529_46508961-2dd1-4f56-8b10-15170393c4a2_5"
            },
            "other_che": {
                "che_id": "A528",
                "dist": 0,
                "che_x": 566887.737509145,
                "che_y": 4318017.6387317255,
                "che_yaw": 1.796228074358986,
                "stop_x": 566887.737509145,
                "stop_y": 4318017.6387317255,
                "navi_id": "A528_f2fb684d-fbbe-46a3-9e3b-8e1a1b6eaaf5_5"
            }
        },
        {
            "self_che": {
                "che_id": "A527",
                "dist": 0,
                "che_x": 566909.6902206762,
                "che_y": 4317922.9817321375,
                "che_yaw": 1.7988002315707141,
                "stop_x": 566909.6902206762,
                "stop_y": 4317922.9817321375,
                "navi_id": "A527_1d12da86a62749d187021b1406da22d8_15"
            },
            "other_che": {
                "che_id": "A531",
                "dist": 40.02642925324646,
                "che_x": 566922.395426839,
                "che_y": 4317868.226938338,
                "che_yaw": 1.7988005160232363,
                "stop_x": 566913.3481414786,
                "stop_y": 4317907.21747129,
                "navi_id": "A531_c7f03fc542f04c978e20438b4063a846_11"
            }
        },
        {
            "self_che": {
                "che_id": "A527",
                "dist": 0,
                "che_x": 566909.6902206762,
                "che_y": 4317922.9817321375,
                "che_yaw": 1.7988002315707141,
                "stop_x": 566909.6902206762,
                "stop_y": 4317922.9817321375,
                "navi_id": "A527_1d12da86a62749d187021b1406da22d8_15"
            },
            "other_che": {
                "che_id": "A526",
                "dist": 8.102592558899225,
                "che_x": 566916.0712721227,
                "che_y": 4317895.481801982,
                "che_yaw": 1.79880016663801,
                "stop_x": 566914.2398146922,
                "stop_y": 4317903.374695612,
                "navi_id": "A526_daa55f3c4a344040845f075b43e8ecbf_14"
            }
        },
        {
            "self_che": {
                "che_id": "A527",
                "dist": 8.197252108917935,
                "che_x": 566909.6902206762,
                "che_y": 4317922.9817321375,
                "che_yaw": 1.7988002315707141,
                "stop_x": 566907.837366567,
                "stop_y": 4317930.96683538,
                "navi_id": "A527_1d12da86a62749d187021b1406da22d8_15"
            },
            "other_che": {
                "che_id": "A529",
                "dist": 0,
                "che_x": 566903.3135291294,
                "che_y": 4317950.47164342,
                "che_yaw": 1.7987979621192285,
                "stop_x": 566903.3135291294,
                "stop_y": 4317950.47164342,
                "navi_id": "A529_46508961-2dd1-4f56-8b10-15170393c4a2_5"
            }
        },
        {
            "self_che": {
                "che_id": "A535",
                "dist": 0,
                "che_x": 566903.5668121836,
                "che_y": 4317968.89545676,
                "che_yaw": 1.79833832334423,
                "stop_x": 566903.5668121836,
                "stop_y": 4317968.89545676,
                "navi_id": "A535_564ccade1a6241faacc6c85b2210c94f_3803"
            },
            "other_che": {
                "che_id": "A534",
                "dist": 40.663905036307774,
                "che_x": 566916.3143034505,
                "che_y": 4317913.84154151,
                "che_yaw": 1.798569687532665,
                "stop_x": 566907.1409735255,
                "stop_y": 4317953.457235047,
                "navi_id": "A534_5f2a8f2a35964068b454b1211ed775fe_19"
            }
        },
        {
            "self_che": {
                "che_id": "A535",
                "dist": 8.50000000020133,
                "che_x": 566903.5668121836,
                "che_y": 4317968.89545676,
                "che_yaw": 1.79833832334423,
                "stop_x": 566901.6457635097,
                "stop_y": 4317977.175527532,
                "navi_id": "A535_564ccade1a6241faacc6c85b2210c94f_3803"
            },
            "other_che": {
                "che_id": "A532",
                "dist": 0,
                "che_x": 566898.0583353012,
                "che_y": 4317992.640942228,
                "che_yaw": 1.7984428328261775,
                "stop_x": 566898.0583353012,
                "stop_y": 4317992.640942228,
                "navi_id": "A532_a52567c80568439ea42e11396b018384_4247"
            }
        },
        {
            "self_che": {
                "che_id": "A535",
                "dist": 0,
                "che_x": 566903.5668121836,
                "che_y": 4317968.89545676,
                "che_yaw": 1.79833832334423,
                "stop_x": 566903.5668121836,
                "stop_y": 4317968.89545676,
                "navi_id": "A535_564ccade1a6241faacc6c85b2210c94f_3803"
            },
            "other_che": {
                "che_id": "A537",
                "dist": 69.0365156970041,
                "che_x": 566922.7276387183,
                "che_y": 4317886.203267866,
                "che_yaw": 1.7988124234481375,
                "stop_x": 566907.1409735255,
                "stop_y": 4317953.457235047,
                "navi_id": "A537_26067cacf82e4de19a3f19893f6a0903_10"
            }
        },
        {
            "self_che": {
                "che_id": "A535",
                "dist": 0,
                "che_x": 566903.5668121836,
                "che_y": 4317968.89545676,
                "che_yaw": 1.79833832334423,
                "stop_x": 566903.5668121836,
                "stop_y": 4317968.89545676,
                "navi_id": "A535_564ccade1a6241faacc6c85b2210c94f_3803"
            },
            "other_che": {
                "che_id": "A536",
                "dist": 13.026273044389454,
                "che_x": 566910.078860336,
                "che_y": 4317940.766584537,
                "che_yaw": 1.7983637251907365,
                "stop_x": 566907.1409735255,
                "stop_y": 4317953.457235047,
                "navi_id": "A536_e9d4e2195cda47d78793bfe697d3f2c5_19"
            }
        },
        {
            "self_che": {
                "che_id": "A535",
                "dist": 60.5359069551598,
                "che_x": 566903.5668121836,
                "che_y": 4317968.89545676,
                "che_yaw": 1.79833832334423,
                "stop_x": 566890.608608303,
                "stop_y": 4318027.9844609825,
                "navi_id": "A535_564ccade1a6241faacc6c85b2210c94f_3803"
            },
            "other_che": {
                "che_id": "A524",
                "dist": 30.50000000010372,
                "che_x": 566902.5168521794,
                "che_y": 4317992.857450896,
                "che_yaw": 1.7988718718484364,
                "stop_x": 566895.620701259,
                "stop_y": 4318022.567602402,
                "navi_id": "A524_c19df847563a43ff9f97ebb4e6155c33_2007"
            }
        },
        {
            "self_che": {
                "che_id": "A535",
                "dist": 31.500000000072458,
                "che_x": 566903.5668121836,
                "che_y": 4317968.89545676,
                "che_yaw": 1.79833832334423,
                "stop_x": 566896.4476318037,
                "stop_y": 4317999.580424915,
                "navi_id": "A535_564ccade1a6241faacc6c85b2210c94f_3803"
            },
            "other_che": {
                "che_id": "A533",
                "dist": 0,
                "che_x": 566890.852905611,
                "che_y": 4318025.996662847,
                "che_yaw": 1.65658617706489,
                "stop_x": 566890.852905611,
                "stop_y": 4318025.996662847,
                "navi_id": "A533_ba1086ac82614452a3489e6a9e96da00_9246"
            }
        },
        {
            "self_che": {
                "che_id": "A535",
                "dist": 60.00498304534032,
                "che_x": 566903.5668121836,
                "che_y": 4317968.89545676,
                "che_yaw": 1.79833832334423,
                "stop_x": 566890.6440652843,
                "stop_y": 4318027.454722367,
                "navi_id": "A535_564ccade1a6241faacc6c85b2210c94f_3803"
            },
            "other_che": {
                "che_id": "A528",
                "dist": 0,
                "che_x": 566887.737509145,
                "che_y": 4318017.6387317255,
                "che_yaw": 1.796228074358986,
                "stop_x": 566887.737509145,
                "stop_y": 4318017.6387317255,
                "navi_id": "A528_f2fb684d-fbbe-46a3-9e3b-8e1a1b6eaaf5_5"
            }
        },
        {
            "self_che": {
                "che_id": "A536",
                "dist": 0,
                "che_x": 566910.078860336,
                "che_y": 4317940.766584537,
                "che_yaw": 1.7983637251907365,
                "stop_x": 566910.078860336,
                "stop_y": 4317940.766584537,
                "navi_id": "A536_e9d4e2195cda47d78793bfe697d3f2c5_19"
            },
            "other_che": {
                "che_id": "A534",
                "dist": 11.600921725014942,
                "che_x": 566916.3143034505,
                "che_y": 4317913.84154151,
                "che_yaw": 1.798569687532665,
                "stop_x": 566913.6967805895,
                "stop_y": 4317925.143309298,
                "navi_id": "A534_5f2a8f2a35964068b454b1211ed775fe_19"
            }
        },
        {
            "self_che": {
                "che_id": "A536",
                "dist": 0,
                "che_x": 566910.078860336,
                "che_y": 4317940.766584537,
                "che_yaw": 1.7983637251907365,
                "stop_x": 566910.078860336,
                "stop_y": 4317940.766584537,
                "navi_id": "A536_e9d4e2195cda47d78793bfe697d3f2c5_19"
            },
            "other_che": {
                "che_id": "A537",
                "dist": 39.9735323857113,
                "che_x": 566922.7276387183,
                "che_y": 4317886.203267866,
                "che_yaw": 1.7988124234481375,
                "stop_x": 566913.6967805895,
                "stop_y": 4317925.143309298,
                "navi_id": "A537_26067cacf82e4de19a3f19893f6a0903_10"
            }
        },
        {
            "self_che": {
                "che_id": "A536",
                "dist": 13.026273044389454,
                "che_x": 566910.078860336,
                "che_y": 4317940.766584537,
                "che_yaw": 1.7983637251907365,
                "stop_x": 566907.1409735255,
                "stop_y": 4317953.457235047,
                "navi_id": "A536_e9d4e2195cda47d78793bfe697d3f2c5_19"
            },
            "other_che": {
                "che_id": "A535",
                "dist": 0,
                "che_x": 566903.5668121836,
                "che_y": 4317968.89545676,
                "che_yaw": 1.79833832334423,
                "stop_x": 566903.5668121836,
                "stop_y": 4317968.89545676,
                "navi_id": "A535_564ccade1a6241faacc6c85b2210c94f_3803"
            }
        },
        {
            "self_che": {
                "che_id": "A524",
                "dist": 30.50000000010372,
                "che_x": 566902.5168521794,
                "che_y": 4317992.857450896,
                "che_yaw": 1.7988718718484364,
                "stop_x": 566895.620701259,
                "stop_y": 4318022.567602402,
                "navi_id": "A524_c19df847563a43ff9f97ebb4e6155c33_2007"
            },
            "other_che": {
                "che_id": "A532",
                "dist": 30.324102886817585,
                "che_x": 566898.0583353012,
                "che_y": 4317992.640942228,
                "che_yaw": 1.7984428328261775,
                "stop_x": 566891.2039149548,
                "stop_y": 4318022.180206442,
                "navi_id": "A532_a52567c80568439ea42e11396b018384_4247"
            }
        },
        {
            "self_che": {
                "che_id": "A524",
                "dist": 32.10848268597297,
                "che_x": 566902.5168521794,
                "che_y": 4317992.857450896,
                "che_yaw": 1.7988718718484364,
                "stop_x": 566895.257018014,
                "stop_y": 4318024.134430742,
                "navi_id": "A524_c19df847563a43ff9f97ebb4e6155c33_2007"
            },
            "other_che": {
                "che_id": "A535",
                "dist": 56.291057179306215,
                "che_x": 566903.5668121836,
                "che_y": 4317968.89545676,
                "che_yaw": 1.79833832334423,
                "stop_x": 566891.0025482734,
                "stop_y": 4318023.758321328,
                "navi_id": "A535_564ccade1a6241faacc6c85b2210c94f_3803"
            }
        },
        {
            "self_che": {
                "che_id": "A524",
                "dist": 24.500000000403794,
                "che_x": 566902.5168521794,
                "che_y": 4317992.857450896,
                "che_yaw": 1.7988718718484364,
                "stop_x": 566896.9773211123,
                "stop_y": 4318016.722982434,
                "navi_id": "A524_c19df847563a43ff9f97ebb4e6155c33_2007"
            },
            "other_che": {
                "che_id": "A533",
                "dist": 1.1346797944164284,
                "che_x": 566890.852905611,
                "che_y": 4318025.996662847,
                "che_yaw": 1.65658617706489,
                "stop_x": 566890.761814142,
                "stop_y": 4318027.004572546,
                "navi_id": "A533_ba1086ac82614452a3489e6a9e96da00_9246"
            }
        },
        {
            "self_che": {
                "che_id": "A524",
                "dist": 37.51155931149969,
                "che_x": 566902.5168521794,
                "che_y": 4317992.857450896,
                "che_yaw": 1.7988718718484364,
                "stop_x": 566894.0353645885,
                "stop_y": 4318029.397585683,
                "navi_id": "A524_c19df847563a43ff9f97ebb4e6155c33_2007"
            },
            "other_che": {
                "che_id": "A528",
                "dist": 23.15369705693423,
                "che_x": 566887.737509145,
                "che_y": 4318017.6387317255,
                "che_yaw": 1.796228074358986,
                "stop_x": 566886.0716824918,
                "stop_y": 4318040.269757045,
                "navi_id": "A528_f2fb684d-fbbe-46a3-9e3b-8e1a1b6eaaf5_5"
            }
        },
        {
            "self_che": {
                "che_id": "A533",
                "dist": 0,
                "che_x": 566890.852905611,
                "che_y": 4318025.996662847,
                "che_yaw": 1.65658617706489,
                "stop_x": 566890.852905611,
                "stop_y": 4318025.996662847,
                "navi_id": "A533_ba1086ac82614452a3489e6a9e96da00_9246"
            },
            "other_che": {
                "che_id": "A532",
                "dist": 17.99999999961963,
                "che_x": 566898.0583353012,
                "che_y": 4317992.640942228,
                "che_yaw": 1.7984428328261775,
                "stop_x": 566893.9898410884,
                "stop_y": 4318010.175118993,
                "navi_id": "A532_a52567c80568439ea42e11396b018384_4247"
            }
        },
        {
            "self_che": {
                "che_id": "A533",
                "dist": 0.06168856124360096,
                "che_x": 566890.852905611,
                "che_y": 4318025.996662847,
                "che_yaw": 1.65658617706489,
                "stop_x": 566890.8487650533,
                "stop_y": 4318025.9351134,
                "navi_id": "A533_ba1086ac82614452a3489e6a9e96da00_9246"
            },
            "other_che": {
                "che_id": "A535",
                "dist": 41.99999999977667,
                "che_x": 566903.5668121836,
                "che_y": 4317968.89545676,
                "che_yaw": 1.79833832334423,
                "stop_x": 566894.074571677,
                "stop_y": 4318009.808747633,
                "navi_id": "A535_564ccade1a6241faacc6c85b2210c94f_3803"
            }
        },
        {
            "self_che": {
                "che_id": "A533",
                "dist": 11.359400463915051,
                "che_x": 566890.852905611,
                "che_y": 4318025.996662847,
                "che_yaw": 1.65658617706489,
                "stop_x": 566890.5377975532,
                "stop_y": 4318037.2213167865,
                "navi_id": "A533_ba1086ac82614452a3489e6a9e96da00_9246"
            },
            "other_che": {
                "che_id": "A524",
                "dist": 29.500000000287386,
                "che_x": 566902.5168521794,
                "che_y": 4317992.857450896,
                "che_yaw": 1.7988718718484364,
                "stop_x": 566895.846804568,
                "stop_y": 4318021.593499074,
                "navi_id": "A524_c19df847563a43ff9f97ebb4e6155c33_2007"
            }
        },
        {
            "self_che": {
                "che_id": "A533",
                "dist": 16.1745214033863,
                "che_x": 566890.852905611,
                "che_y": 4318025.996662847,
                "che_yaw": 1.65658617706489,
                "stop_x": 566889.524096526,
                "stop_y": 4318041.8903087545,
                "navi_id": "A533_ba1086ac82614452a3489e6a9e96da00_9246"
            },
            "other_che": {
                "che_id": "A528",
                "dist": 17.8368433043362,
                "che_x": 566887.737509145,
                "che_y": 4318017.6387317255,
                "che_yaw": 1.796228074358986,
                "stop_x": 566885.7127450944,
                "stop_y": 4318034.974730583,
                "navi_id": "A528_f2fb684d-fbbe-46a3-9e3b-8e1a1b6eaaf5_5"
            }
        },
        {
            "self_che": {
                "che_id": "A528",
                "dist": 0,
                "che_x": 566887.737509145,
                "che_y": 4318017.6387317255,
                "che_yaw": 1.796228074358986,
                "stop_x": 566887.737509145,
                "stop_y": 4318017.6387317255,
                "navi_id": "A528_f2fb684d-fbbe-46a3-9e3b-8e1a1b6eaaf5_5"
            },
            "other_che": {
                "che_id": "A532",
                "dist": 30.324102886817585,
                "che_x": 566898.0583353012,
                "che_y": 4317992.640942228,
                "che_yaw": 1.7984428328261775,
                "stop_x": 566891.2039149548,
                "stop_y": 4318022.180206442,
                "navi_id": "A532_a52567c80568439ea42e11396b018384_4247"
            }
        },
        {
            "self_che": {
                "che_id": "A528",
                "dist": 0.1762640169111,
                "che_x": 566887.737509145,
                "che_y": 4318017.6387317255,
                "che_yaw": 1.796228074358986,
                "stop_x": 566887.77930332,
                "stop_y": 4318017.4674943155,
                "navi_id": "A528_f2fb684d-fbbe-46a3-9e3b-8e1a1b6eaaf5_5"
            },
            "other_che": {
                "che_id": "A530",
                "dist": 18.139832865139486,
                "che_x": 566895.4791754256,
                "che_y": 4317984.258428333,
                "che_yaw": 1.7987979480505019,
                "stop_x": 566891.4448794967,
                "stop_y": 4318001.656992253,
                "navi_id": "A530_c4227210-2285-49cc-84e6-6a31162d9e47_9"
            }
        },
        {
            "self_che": {
                "che_id": "A528",
                "dist": 0.1762640169111,
                "che_x": 566887.737509145,
                "che_y": 4318017.6387317255,
                "che_yaw": 1.796228074358986,
                "stop_x": 566887.77930332,
                "stop_y": 4318017.4674943155,
                "navi_id": "A528_f2fb684d-fbbe-46a3-9e3b-8e1a1b6eaaf5_5"
            },
            "other_che": {
                "che_id": "A529",
                "dist": 52.54336094580543,
                "che_x": 566903.3135291294,
                "che_y": 4317950.47164342,
                "che_yaw": 1.7987979621192285,
                "stop_x": 566891.4448794967,
                "stop_y": 4318001.656992253,
                "navi_id": "A529_46508961-2dd1-4f56-8b10-15170393c4a2_5"
            }
        },
        {
            "self_che": {
                "che_id": "A528",
                "dist": 28.980363021698725,
                "che_x": 566887.737509145,
                "che_y": 4318017.6387317255,
                "che_yaw": 1.796228074358986,
                "stop_x": 566886.6964880016,
                "stop_y": 4318046.048463075,
                "navi_id": "A528_f2fb684d-fbbe-46a3-9e3b-8e1a1b6eaaf5_5"
            },
            "other_che": {
                "che_id": "A535",
                "dist": 62.65905406322424,
                "che_x": 566903.5668121836,
                "che_y": 4317968.89545676,
                "che_yaw": 1.79833832334423,
                "stop_x": 566890.5182518626,
                "stop_y": 4318030.105557202,
                "navi_id": "A535_564ccade1a6241faacc6c85b2210c94f_3803"
            }
        },
        {
            "self_che": {
                "che_id": "A528",
                "dist": 30.5464955903441,
                "che_x": 566887.737509145,
                "che_y": 4318017.6387317255,
                "che_yaw": 1.796228074358986,
                "stop_x": 566886.4762980256,
                "stop_y": 4318047.596624112,
                "navi_id": "A528_f2fb684d-fbbe-46a3-9e3b-8e1a1b6eaaf5_5"
            },
            "other_che": {
                "che_id": "A524",
                "dist": 41.086106309257715,
                "che_x": 566902.5168521794,
                "che_y": 4317992.857450896,
                "che_yaw": 1.7988718718484364,
                "stop_x": 566893.244405225,
                "stop_y": 4318032.883469434,
                "navi_id": "A524_c19df847563a43ff9f97ebb4e6155c33_2007"
            }
        },
        {
            "self_che": {
                "che_id": "A528",
                "dist": 28.45800817235327,
                "che_x": 566887.737509145,
                "che_y": 4318017.6387317255,
                "che_yaw": 1.796228074358986,
                "stop_x": 566886.7134621207,
                "stop_y": 4318045.52638409,
                "navi_id": "A528_f2fb684d-fbbe-46a3-9e3b-8e1a1b6eaaf5_5"
            },
            "other_che": {
                "che_id": "A533",
                "dist": 3.824739153911018,
                "che_x": 566890.852905611,
                "che_y": 4318025.996662847,
                "che_yaw": 1.65658617706489,
                "stop_x": 566890.589475235,
                "stop_y": 4318029.6890696455,
                "navi_id": "A533_ba1086ac82614452a3489e6a9e96da00_9246"
            }
        }
    ]
}