{
    "header": {
        "trans_id": "8d4ad97c-f403-47ba-82a4-0fd8e61b10c1"
    },
    "body": [
        {
            "self_che": {
                "che_id": "A525",
                "dist": 5.1088809063378156,
                "che_x": 566827.3180371254,
                "che_y": 4318032.398380542,
                "che_yaw": -2.8584193647026113,
                "stop_x": 566822.5290053333,
                "stop_y": 4318031.659182137,
                "navi_id": "A525_6f04faf5fd704f66a89ba27855906e0d_2261"
            },
            "other_che": {
                "che_id": "A531",
                "dist": 30.051442321300375,
                "che_x": 566863.7490979573,
                "che_y": 4318050.308646169,
                "che_yaw": -2.915642035306985,
                "stop_x": 566835.6048427017,
                "stop_y": 4318040.311358832,
                "navi_id": "A531_a50bb08071304772b16095bd3498232a_2255"
            }
        },
        {
            "self_che": {
                "che_id": "A525",
                "dist": 0,
                "che_x": 566827.3180371254,
                "che_y": 4318032.398380542,
                "che_yaw": -2.8584193647026113,
                "stop_x": 566827.3180371254,
                "stop_y": 4318032.398380542,
                "navi_id": "A525_6f04faf5fd704f66a89ba27855906e0d_2261"
            },
            "other_che": {
                "che_id": "A535",
                "dist": 18.5815930687314,
                "che_x": 566864.5971525107,
                "che_y": 4318043.338539042,
                "che_yaw": -2.9155760264352075,
                "stop_x": 566846.514235098,
                "stop_y": 4318039.069174647,
                "navi_id": "A535_e1834d9527664161a5eb5f74228cb6f4_2251"
            }
        },
        {
            "self_che": {
                "che_id": "A525",
                "dist": 0,
                "che_x": 566827.3180371254,
                "che_y": 4318032.398380542,
                "che_yaw": -2.8584193647026113,
                "stop_x": 566827.3180371254,
                "stop_y": 4318032.398380542,
                "navi_id": "A525_6f04faf5fd704f66a89ba27855906e0d_2261"
            },
            "other_che": {
                "che_id": "A524",
                "dist": 31.07827273542455,
                "che_x": 566861.6807413155,
                "che_y": 4318056.808287978,
                "che_yaw": -2.915740124722845,
                "stop_x": 566835.7254234666,
                "stop_y": 4318042.740027775,
                "navi_id": "A524_59d9171eb6564464b13b76fd367cca54_2244"
            }
        },
        {
            "self_che": {
                "che_id": "A534",
                "dist": 0,
                "che_x": 566909.0799947642,
                "che_y": 4317945.0810556,
                "che_yaw": 1.7983629383887794,
                "stop_x": 566909.0799947642,
                "stop_y": 4317945.0810556,
                "navi_id": "A534_037c22cd07514df9bade54db16a6761d_18"
            },
            "other_che": {
                "che_id": "A537",
                "dist": 40.55386378117742,
                "che_x": 566921.7540273255,
                "che_y": 4317890.3989348635,
                "che_yaw": 1.798812421170414,
                "stop_x": 566912.6819458904,
                "stop_y": 4317929.525451578,
                "navi_id": "A537_32c000d502b3465081c1f6c85bc8b3b6_11"
            }
        },
        {
            "self_che": {
                "che_id": "A534",
                "dist": 8.097684892092795,
                "che_x": 566909.0799947642,
                "che_y": 4317945.0810556,
                "che_yaw": 1.7983629383887794,
                "stop_x": 566907.253636452,
                "stop_y": 4317952.970093305,
                "navi_id": "A534_037c22cd07514df9bade54db16a6761d_18"
            },
            "other_che": {
                "che_id": "A536",
                "dist": 0,
                "che_x": 566902.694770651,
                "che_y": 4317972.652195476,
                "che_yaw": 1.7982738388263368,
                "stop_x": 566902.694770651,
                "stop_y": 4317972.652195476,
                "navi_id": "A536_72e7ef2d-0c48-43af-9738-a15435ca0075_3"
            }
        },
        {
            "self_che": {
                "che_id": "A534",
                "dist": 0,
                "che_x": 566909.0799947642,
                "che_y": 4317945.0810556,
                "che_yaw": 1.7983629383887794,
                "stop_x": 566909.0799947642,
                "stop_y": 4317945.0810556,
                "navi_id": "A534_037c22cd07514df9bade54db16a6761d_18"
            },
            "other_che": {
                "che_id": "A533",
                "dist": 1.6461077780071942,
                "che_x": 566915.455796769,
                "che_y": 4317917.5477155,
                "che_yaw": 1.7983808921062814,
                "stop_x": 566915.1522504743,
                "stop_y": 4317918.858466953,
                "navi_id": "A533_165dda09c60749ccb2de0d1b4a299b25_13"
            }
        },
        {
            "self_che": {
                "che_id": "A532",
                "dist": 16.581637485158314,
                "che_x": 566891.5057673937,
                "che_y": 4318020.927428657,
                "che_yaw": 1.753133094697234,
                "stop_x": 566890.5377975532,
                "stop_y": 4318037.2213167865,
                "navi_id": "A532_1cf8fab3-c07c-4d2e-8a89-78181ed32ed8_5"
            },
            "other_che": {
                "che_id": "A521",
                "dist": 19.50000000039906,
                "che_x": 566900.232738782,
                "che_y": 4318002.69791922,
                "che_yaw": 1.798871873300184,
                "stop_x": 566895.8237242716,
                "stop_y": 4318021.69293412,
                "navi_id": "A521_42092e8b-84d9-47f2-a160-4f871d6c617a_2256"
            }
        },
        {
            "self_che": {
                "che_id": "A532",
                "dist": 1.512219518508728,
                "che_x": 566891.5057673937,
                "che_y": 4318020.927428657,
                "che_yaw": 1.753133094697234,
                "stop_x": 566891.2039149548,
                "stop_y": 4318022.180206442,
                "navi_id": "A532_1cf8fab3-c07c-4d2e-8a89-78181ed32ed8_5"
            },
            "other_che": {
                "che_id": "A529",
                "dist": 19.99999999974591,
                "che_x": 566895.046435607,
                "che_y": 4317986.12582469,
                "che_yaw": 1.79861553882884,
                "stop_x": 566890.5290005364,
                "stop_y": 4318005.608965618,
                "navi_id": "A529_c34fea9b-9842-403a-ac87-b46f70e98047_2248"
            }
        },
        {
            "self_che": {
                "che_id": "A532",
                "dist": 1.512219518508728,
                "che_x": 566891.5057673937,
                "che_y": 4318020.927428657,
                "che_yaw": 1.753133094697234,
                "stop_x": 566891.2039149548,
                "stop_y": 4318022.180206442,
                "navi_id": "A532_1cf8fab3-c07c-4d2e-8a89-78181ed32ed8_5"
            },
            "other_che": {
                "che_id": "A527",
                "dist": 55.02485238651797,
                "che_x": 566902.8575478153,
                "che_y": 4317952.437974534,
                "che_yaw": 1.7987947565165783,
                "stop_x": 566890.428404844,
                "stop_y": 4318006.04068696,
                "navi_id": "A527_6988ab01-21b1-4dc5-afe6-5fbc58ad42fa_4"
            }
        },
        {
            "self_che": {
                "che_id": "A532",
                "dist": 32.68426833762989,
                "che_x": 566891.5057673937,
                "che_y": 4318020.927428657,
                "che_yaw": 1.753133094697234,
                "stop_x": 566880.2166201526,
                "stop_y": 4318046.892689643,
                "navi_id": "A532_1cf8fab3-c07c-4d2e-8a89-78181ed32ed8_5"
            },
            "other_che": {
                "che_id": "A535",
                "dist": 0,
                "che_x": 566864.5971525107,
                "che_y": 4318043.338539042,
                "che_yaw": -2.9155760264352075,
                "stop_x": 566864.5971525107,
                "stop_y": 4318043.338539042,
                "navi_id": "A535_e1834d9527664161a5eb5f74228cb6f4_2251"
            }
        },
        {
            "self_che": {
                "che_id": "A532",
                "dist": 0,
                "che_x": 566891.5057673937,
                "che_y": 4318020.927428657,
                "che_yaw": 1.753133094697234,
                "stop_x": 566891.5057673937,
                "stop_y": 4318020.927428657,
                "navi_id": "A532_1cf8fab3-c07c-4d2e-8a89-78181ed32ed8_5"
            },
            "other_che": {
                "che_id": "A536",
                "dist": 33.5404384496702,
                "che_x": 566902.694770651,
                "che_y": 4317972.652195476,
                "che_yaw": 1.7982738388263368,
                "stop_x": 566895.142240768,
                "stop_y": 4318005.248231364,
                "navi_id": "A536_72e7ef2d-0c48-43af-9738-a15435ca0075_3"
            }
        },
        {
            "self_che": {
                "che_id": "A537",
                "dist": 40.55386378117742,
                "che_x": 566921.7540273255,
                "che_y": 4317890.3989348635,
                "che_yaw": 1.798812421170414,
                "stop_x": 566912.6819458904,
                "stop_y": 4317929.525451578,
                "navi_id": "A537_32c000d502b3465081c1f6c85bc8b3b6_11"
            },
            "other_che": {
                "che_id": "A534",
                "dist": 0,
                "che_x": 566909.0799947642,
                "che_y": 4317945.0810556,
                "che_yaw": 1.7983629383887794,
                "stop_x": 566909.0799947642,
                "stop_y": 4317945.0810556,
                "navi_id": "A534_037c22cd07514df9bade54db16a6761d_18"
            }
        },
        {
            "self_che": {
                "che_id": "A537",
                "dist": 68.61872966076,
                "che_x": 566921.7540273255,
                "che_y": 4317890.3989348635,
                "che_yaw": 1.798812421170414,
                "stop_x": 566906.3514711094,
                "stop_y": 4317956.867027702,
                "navi_id": "A537_32c000d502b3465081c1f6c85bc8b3b6_11"
            },
            "other_che": {
                "che_id": "A536",
                "dist": 0,
                "che_x": 566902.694770651,
                "che_y": 4317972.652195476,
                "che_yaw": 1.7982738388263368,
                "stop_x": 566902.694770651,
                "stop_y": 4317972.652195476,
                "navi_id": "A536_72e7ef2d-0c48-43af-9738-a15435ca0075_3"
            }
        },
        {
            "self_che": {
                "che_id": "A537",
                "dist": 1.1923459955222508,
                "che_x": 566921.7540273255,
                "che_y": 4317890.3989348635,
                "che_yaw": 1.798812421170414,
                "stop_x": 566921.5725169226,
                "stop_y": 4317891.181133173,
                "navi_id": "A537_32c000d502b3465081c1f6c85bc8b3b6_11"
            },
            "other_che": {
                "che_id": "A533",
                "dist": 0,
                "che_x": 566915.455796769,
                "che_y": 4317917.5477155,
                "che_yaw": 1.7983808921062814,
                "stop_x": 566915.455796769,
                "stop_y": 4317917.5477155,
                "navi_id": "A533_165dda09c60749ccb2de0d1b4a299b25_13"
            }
        },
        {
            "self_che": {
                "che_id": "A530",
                "dist": 12.15055170018572,
                "che_x": 566916.986247188,
                "che_y": 4317891.53860609,
                "che_yaw": 1.7988002715278293,
                "stop_x": 566914.2398146922,
                "stop_y": 4317903.374695612,
                "navi_id": "A530_bedd996810ba41bd9ac18fcbecad43cd_14"
            },
            "other_che": {
                "che_id": "A526",
                "dist": 0,
                "che_x": 566910.5836199465,
                "che_y": 4317919.131517674,
                "che_yaw": 1.7988002592201038,
                "stop_x": 566910.5836199465,
                "stop_y": 4317919.131517674,
                "navi_id": "A526_f88442fe-bf39-44e4-b689-a071b26abfed_4"
            }
        },
        {
            "self_che": {
                "che_id": "A530",
                "dist": 0,
                "che_x": 566916.986247188,
                "che_y": 4317891.53860609,
                "che_yaw": 1.7988002715278293,
                "stop_x": 566916.986247188,
                "stop_y": 4317891.53860609,
                "navi_id": "A530_bedd996810ba41bd9ac18fcbecad43cd_14"
            },
            "other_che": {
                "che_id": "A528",
                "dist": 1.223785952979779,
                "che_x": 566923.255222638,
                "che_y": 4317864.521397046,
                "che_yaw": 1.7988035674606326,
                "stop_x": 566923.076757758,
                "stop_y": 4317865.290799674,
                "navi_id": "A528_c6dadfd1a8364653a8aaceda87454f32_12"
            }
        },
        {
            "self_che": {
                "che_id": "A523",
                "dist": 18.5756093507417,
                "che_x": 566923.6610570458,
                "che_y": 4317901.763514987,
                "che_yaw": 1.79887189167437,
                "stop_x": 566919.4610503232,
                "stop_y": 4317919.85807788,
                "navi_id": "A523_66b39081-275c-4d7b-a5fa-a402449aa354_4"
            },
            "other_che": {
                "che_id": "A520",
                "dist": 0,
                "che_x": 566915.799905216,
                "che_y": 4317935.631105022,
                "che_yaw": 1.798871874640346,
                "stop_x": 566915.799905216,
                "stop_y": 4317935.631105022,
                "navi_id": "A520_fc013392-961d-4d32-8136-566b95f26eed_7"
            }
        },
        {
            "self_che": {
                "che_id": "A523",
                "dist": 53.08978935813107,
                "che_x": 566923.6610570458,
                "che_y": 4317901.763514987,
                "che_yaw": 1.79887189167437,
                "stop_x": 566911.657280034,
                "stop_y": 4317953.478455493,
                "navi_id": "A523_66b39081-275c-4d7b-a5fa-a402449aa354_4"
            },
            "other_che": {
                "che_id": "A522",
                "dist": 0,
                "che_x": 566908.0378715497,
                "che_y": 4317969.071671965,
                "che_yaw": 1.7988718731236657,
                "stop_x": 566908.0378715497,
                "stop_y": 4317969.071671965,
                "navi_id": "A522_e3c7a0fc-c8d5-4647-a675-69cb0e25a194_6"
            }
        },
        {
            "self_che": {
                "che_id": "A520",
                "dist": 0,
                "che_x": 566915.799905216,
                "che_y": 4317935.631105022,
                "che_yaw": 1.798871874640346,
                "stop_x": 566915.799905216,
                "stop_y": 4317935.631105022,
                "navi_id": "A520_fc013392-961d-4d32-8136-566b95f26eed_7"
            },
            "other_che": {
                "che_id": "A523",
                "dist": 18.5756093507417,
                "che_x": 566923.6610570458,
                "che_y": 4317901.763514987,
                "che_yaw": 1.79887189167437,
                "stop_x": 566919.4610503232,
                "stop_y": 4317919.85807788,
                "navi_id": "A523_66b39081-275c-4d7b-a5fa-a402449aa354_4"
            }
        },
        {
            "self_che": {
                "che_id": "A520",
                "dist": 14.762943218153806,
                "che_x": 566915.799905216,
                "che_y": 4317935.631105022,
                "che_yaw": 1.798871874640346,
                "stop_x": 566912.5616932713,
                "stop_y": 4317949.58204218,
                "navi_id": "A520_fc013392-961d-4d32-8136-566b95f26eed_7"
            },
            "other_che": {
                "che_id": "A522",
                "dist": 0,
                "che_x": 566908.0378715497,
                "che_y": 4317969.071671965,
                "che_yaw": 1.7988718731236657,
                "stop_x": 566908.0378715497,
                "stop_y": 4317969.071671965,
                "navi_id": "A522_e3c7a0fc-c8d5-4647-a675-69cb0e25a194_6"
            }
        },
        {
            "self_che": {
                "che_id": "A520",
                "dist": 49.2629432181704,
                "che_x": 566915.799905216,
                "che_y": 4317935.631105022,
                "che_yaw": 1.798871874640346,
                "stop_x": 566904.7611291,
                "stop_y": 4317983.188606995,
                "navi_id": "A520_fc013392-961d-4d32-8136-566b95f26eed_7"
            },
            "other_che": {
                "che_id": "A521",
                "dist": 0,
                "che_x": 566900.232738782,
                "che_y": 4318002.69791922,
                "che_yaw": 1.798871873300184,
                "stop_x": 566900.232738782,
                "stop_y": 4318002.69791922,
                "navi_id": "A521_42092e8b-84d9-47f2-a160-4f871d6c617a_2256"
            }
        },
        {
            "self_che": {
                "che_id": "A531",
                "dist": 30.54921415919428,
                "che_x": 566863.7490979573,
                "che_y": 4318050.308646169,
                "che_yaw": -2.915642035306985,
                "stop_x": 566835.170745157,
                "stop_y": 4318040.067768757,
                "navi_id": "A531_a50bb08071304772b16095bd3498232a_2255"
            },
            "other_che": {
                "che_id": "A525",
                "dist": 0,
                "che_x": 566827.3180371254,
                "che_y": 4318032.398380542,
                "che_yaw": -2.8584193647026113,
                "stop_x": 566827.3180371254,
                "stop_y": 4318032.398380542,
                "navi_id": "A525_6f04faf5fd704f66a89ba27855906e0d_2261"
            }
        },
        {
            "self_che": {
                "che_id": "A531",
                "dist": 0,
                "che_x": 566863.7490979573,
                "che_y": 4318050.308646169,
                "che_yaw": -2.915642035306985,
                "stop_x": 566863.7490979573,
                "stop_y": 4318050.308646169,
                "navi_id": "A531_a50bb08071304772b16095bd3498232a_2255"
            },
            "other_che": {
                "che_id": "A529",
                "dist": 72.0691504479598,
                "che_x": 566895.046435607,
                "che_y": 4317986.12582469,
                "che_yaw": 1.79861553882884,
                "stop_x": 566879.708803823,
                "stop_y": 4318053.43959557,
                "navi_id": "A529_c34fea9b-9842-403a-ac87-b46f70e98047_2248"
            }
        },
        {
            "self_che": {
                "che_id": "A531",
                "dist": 35.521114858848875,
                "che_x": 566863.7490979573,
                "che_y": 4318050.308646169,
                "che_yaw": -2.915642035306985,
                "stop_x": 566830.714454127,
                "stop_y": 4318037.872852464,
                "navi_id": "A531_a50bb08071304772b16095bd3498232a_2255"
            },
            "other_che": {
                "che_id": "A535",
                "dist": 18.076858437322592,
                "che_x": 566864.5971525107,
                "che_y": 4318043.338539042,
                "che_yaw": -2.9155760264352075,
                "stop_x": 566847.008751263,
                "stop_y": 4318039.1702232035,
                "navi_id": "A535_e1834d9527664161a5eb5f74228cb6f4_2251"
            }
        },
        {
            "self_che": {
                "che_id": "A531",
                "dist": 21.09506256871142,
                "che_x": 566863.7490979573,
                "che_y": 4318050.308646169,
                "che_yaw": -2.915642035306985,
                "stop_x": 566843.5100621935,
                "stop_y": 4318044.51447498,
                "navi_id": "A531_a50bb08071304772b16095bd3498232a_2255"
            },
            "other_che": {
                "che_id": "A524",
                "dist": 23.575128774418108,
                "che_x": 566861.6807413155,
                "che_y": 4318056.808287978,
                "che_yaw": -2.915740124722845,
                "stop_x": 566839.6557930317,
                "stop_y": 4318049.081713126,
                "navi_id": "A524_59d9171eb6564464b13b76fd367cca54_2244"
            }
        },
        {
            "self_che": {
                "che_id": "A522",
                "dist": 0,
                "che_x": 566908.0378715497,
                "che_y": 4317969.071671965,
                "che_yaw": 1.7988718731236657,
                "stop_x": 566908.0378715497,
                "stop_y": 4317969.071671965,
                "navi_id": "A522_e3c7a0fc-c8d5-4647-a675-69cb0e25a194_6"
            },
            "other_che": {
                "che_id": "A523",
                "dist": 53.08978935813107,
                "che_x": 566923.6610570458,
                "che_y": 4317901.763514987,
                "che_yaw": 1.79887189167437,
                "stop_x": 566911.657280034,
                "stop_y": 4317953.478455493,
                "navi_id": "A523_66b39081-275c-4d7b-a5fa-a402449aa354_4"
            }
        },
        {
            "self_che": {
                "che_id": "A522",
                "dist": 0,
                "che_x": 566908.0378715497,
                "che_y": 4317969.071671965,
                "che_yaw": 1.7988718731236657,
                "stop_x": 566908.0378715497,
                "stop_y": 4317969.071671965,
                "navi_id": "A522_e3c7a0fc-c8d5-4647-a675-69cb0e25a194_6"
            },
            "other_che": {
                "che_id": "A520",
                "dist": 18.76294321864221,
                "che_x": 566915.799905216,
                "che_y": 4317935.631105022,
                "che_yaw": 1.798871874640346,
                "stop_x": 566911.657280034,
                "stop_y": 4317953.478455493,
                "navi_id": "A520_fc013392-961d-4d32-8136-566b95f26eed_7"
            }
        },
        {
            "self_che": {
                "che_id": "A522",
                "dist": 14.507764295289272,
                "che_x": 566908.0378715497,
                "che_y": 4317969.071671965,
                "che_yaw": 1.7988718731236657,
                "stop_x": 566904.7611291,
                "stop_y": 4317983.188606995,
                "navi_id": "A522_e3c7a0fc-c8d5-4647-a675-69cb0e25a194_6"
            },
            "other_che": {
                "che_id": "A521",
                "dist": 0,
                "che_x": 566900.232738782,
                "che_y": 4318002.69791922,
                "che_yaw": 1.798871873300184,
                "stop_x": 566900.232738782,
                "stop_y": 4318002.69791922,
                "navi_id": "A521_42092e8b-84d9-47f2-a160-4f871d6c617a_2256"
            }
        },
        {
            "self_che": {
                "che_id": "A521",
                "dist": 20.50000000005746,
                "che_x": 566900.232738782,
                "che_y": 4318002.69791922,
                "che_yaw": 1.798871873300184,
                "stop_x": 566895.5976209634,
                "stop_y": 4318022.667037447,
                "navi_id": "A521_42092e8b-84d9-47f2-a160-4f871d6c617a_2256"
            },
            "other_che": {
                "che_id": "A532",
                "dist": 1.512219518508728,
                "che_x": 566891.5057673937,
                "che_y": 4318020.927428657,
                "che_yaw": 1.753133094697234,
                "stop_x": 566891.2039149548,
                "stop_y": 4318022.180206442,
                "navi_id": "A532_1cf8fab3-c07c-4d2e-8a89-78181ed32ed8_5"
            }
        },
        {
            "self_che": {
                "che_id": "A521",
                "dist": 0,
                "che_x": 566900.232738782,
                "che_y": 4318002.69791922,
                "che_yaw": 1.798871873300184,
                "stop_x": 566900.232738782,
                "stop_y": 4318002.69791922,
                "navi_id": "A521_42092e8b-84d9-47f2-a160-4f871d6c617a_2256"
            },
            "other_che": {
                "che_id": "A520",
                "dist": 53.26294321865878,
                "che_x": 566915.799905216,
                "che_y": 4317935.631105022,
                "che_yaw": 1.798871874640346,
                "stop_x": 566903.856715863,
                "stop_y": 4317987.085020307,
                "navi_id": "A520_fc013392-961d-4d32-8136-566b95f26eed_7"
            }
        },
        {
            "self_che": {
                "che_id": "A521",
                "dist": 0,
                "che_x": 566900.232738782,
                "che_y": 4318002.69791922,
                "che_yaw": 1.798871873300184,
                "stop_x": 566900.232738782,
                "stop_y": 4318002.69791922,
                "navi_id": "A521_42092e8b-84d9-47f2-a160-4f871d6c617a_2256"
            },
            "other_che": {
                "che_id": "A522",
                "dist": 18.507764295777676,
                "che_x": 566908.0378715497,
                "che_y": 4317969.071671965,
                "che_yaw": 1.7988718731236657,
                "stop_x": 566903.856715863,
                "stop_y": 4317987.085020307,
                "navi_id": "A522_e3c7a0fc-c8d5-4647-a675-69cb0e25a194_6"
            }
        },
        {
            "self_che": {
                "che_id": "A521",
                "dist": 36.86686885952637,
                "che_x": 566900.232738782,
                "che_y": 4318002.69791922,
                "che_yaw": 1.798871873300184,
                "stop_x": 566891.9865271376,
                "stop_y": 4318038.630258154,
                "navi_id": "A521_42092e8b-84d9-47f2-a160-4f871d6c617a_2256"
            },
            "other_che": {
                "che_id": "A529",
                "dist": 54.08717795720153,
                "che_x": 566895.046435607,
                "che_y": 4317986.12582469,
                "che_yaw": 1.79861553882884,
                "stop_x": 566885.9157852707,
                "stop_y": 4318039.217867643,
                "navi_id": "A529_c34fea9b-9842-403a-ac87-b46f70e98047_2248"
            }
        },
        {
            "self_che": {
                "che_id": "A521",
                "dist": 65.73465888633895,
                "che_x": 566900.232738782,
                "che_y": 4318002.69791922,
                "che_yaw": 1.798871873300184,
                "stop_x": 566877.8120297214,
                "stop_y": 4318059.98226026,
                "navi_id": "A521_42092e8b-84d9-47f2-a160-4f871d6c617a_2256"
            },
            "other_che": {
                "che_id": "A524",
                "dist": 0,
                "che_x": 566861.6807413155,
                "che_y": 4318056.808287978,
                "che_yaw": -2.915740124722845,
                "stop_x": 566861.6807413155,
                "stop_y": 4318056.808287978,
                "navi_id": "A524_59d9171eb6564464b13b76fd367cca54_2244"
            }
        },
        {
            "self_che": {
                "che_id": "A526",
                "dist": 0,
                "che_x": 566910.5836199465,
                "che_y": 4317919.131517674,
                "che_yaw": 1.7988002592201038,
                "stop_x": 566910.5836199465,
                "stop_y": 4317919.131517674,
                "navi_id": "A526_f88442fe-bf39-44e4-b689-a071b26abfed_4"
            },
            "other_che": {
                "che_id": "A530",
                "dist": 12.15055170018572,
                "che_x": 566916.986247188,
                "che_y": 4317891.53860609,
                "che_yaw": 1.7988002715278293,
                "stop_x": 566914.2398146922,
                "stop_y": 4317903.374695612,
                "navi_id": "A530_bedd996810ba41bd9ac18fcbecad43cd_14"
            }
        },
        {
            "self_che": {
                "che_id": "A526",
                "dist": 48.715673699731035,
                "che_x": 566910.5836199465,
                "che_y": 4317919.131517674,
                "che_yaw": 1.7988002592201038,
                "stop_x": 566899.576676719,
                "stop_y": 4317966.5874346,
                "navi_id": "A526_f88442fe-bf39-44e4-b689-a071b26abfed_4"
            },
            "other_che": {
                "che_id": "A529",
                "dist": 0,
                "che_x": 566895.046435607,
                "che_y": 4317986.12582469,
                "che_yaw": 1.79861553882884,
                "stop_x": 566895.046435607,
                "stop_y": 4317986.12582469,
                "navi_id": "A529_c34fea9b-9842-403a-ac87-b46f70e98047_2248"
            }
        },
        {
            "self_che": {
                "che_id": "A526",
                "dist": 14.168570840646266,
                "che_x": 566910.5836199465,
                "che_y": 4317919.131517674,
                "che_yaw": 1.7988002592201038,
                "stop_x": 566907.381047418,
                "stop_y": 4317932.933399026,
                "navi_id": "A526_f88442fe-bf39-44e4-b689-a071b26abfed_4"
            },
            "other_che": {
                "che_id": "A527",
                "dist": 0,
                "che_x": 566902.8575478153,
                "che_y": 4317952.437974534,
                "che_yaw": 1.7987947565165783,
                "stop_x": 566902.8575478153,
                "stop_y": 4317952.437974534,
                "navi_id": "A527_6988ab01-21b1-4dc5-afe6-5fbc58ad42fa_4"
            }
        },
        {
            "self_che": {
                "che_id": "A526",
                "dist": 0,
                "che_x": 566910.5836199465,
                "che_y": 4317919.131517674,
                "che_yaw": 1.7988002592201038,
                "stop_x": 566910.5836199465,
                "stop_y": 4317919.131517674,
                "navi_id": "A526_f88442fe-bf39-44e4-b689-a071b26abfed_4"
            },
            "other_che": {
                "che_id": "A528",
                "dist": 29.2678648544918,
                "che_x": 566923.255222638,
                "che_y": 4317864.521397046,
                "che_yaw": 1.7988035674606326,
                "stop_x": 566916.737854685,
                "stop_y": 4317892.609084196,
                "navi_id": "A528_c6dadfd1a8364653a8aaceda87454f32_12"
            }
        },
        {
            "self_che": {
                "che_id": "A529",
                "dist": 19.99999999974591,
                "che_x": 566895.046435607,
                "che_y": 4317986.12582469,
                "che_yaw": 1.79861553882884,
                "stop_x": 566890.5290005364,
                "stop_y": 4318005.608965618,
                "navi_id": "A529_c34fea9b-9842-403a-ac87-b46f70e98047_2248"
            },
            "other_che": {
                "che_id": "A532",
                "dist": 1.512219518508728,
                "che_x": 566891.5057673937,
                "che_y": 4318020.927428657,
                "che_yaw": 1.753133094697234,
                "stop_x": 566891.2039149548,
                "stop_y": 4318022.180206442,
                "navi_id": "A532_1cf8fab3-c07c-4d2e-8a89-78181ed32ed8_5"
            }
        },
        {
            "self_che": {
                "che_id": "A529",
                "dist": 72.0691504479598,
                "che_x": 566895.046435607,
                "che_y": 4317986.12582469,
                "che_yaw": 1.79861553882884,
                "stop_x": 566879.708803823,
                "stop_y": 4318053.43959557,
                "navi_id": "A529_c34fea9b-9842-403a-ac87-b46f70e98047_2248"
            },
            "other_che": {
                "che_id": "A531",
                "dist": 0,
                "che_x": 566863.7490979573,
                "che_y": 4318050.308646169,
                "che_yaw": -2.915642035306985,
                "stop_x": 566863.7490979573,
                "stop_y": 4318050.308646169,
                "navi_id": "A531_a50bb08071304772b16095bd3498232a_2255"
            }
        },
        {
            "self_che": {
                "che_id": "A529",
                "dist": 63.06707403299955,
                "che_x": 566895.046435607,
                "che_y": 4317986.12582469,
                "che_yaw": 1.79861553882884,
                "stop_x": 566886.3315371375,
                "stop_y": 4318048.099913236,
                "navi_id": "A529_c34fea9b-9842-403a-ac87-b46f70e98047_2248"
            },
            "other_che": {
                "che_id": "A521",
                "dist": 27.40948077160396,
                "che_x": 566900.232738782,
                "che_y": 4318002.69791922,
                "che_yaw": 1.798871873300184,
                "stop_x": 566894.0353645885,
                "stop_y": 4318029.397585683,
                "navi_id": "A521_42092e8b-84d9-47f2-a160-4f871d6c617a_2256"
            }
        },
        {
            "self_che": {
                "che_id": "A529",
                "dist": 0,
                "che_x": 566895.046435607,
                "che_y": 4317986.12582469,
                "che_yaw": 1.79861553882884,
                "stop_x": 566895.046435607,
                "stop_y": 4317986.12582469,
                "navi_id": "A529_c34fea9b-9842-403a-ac87-b46f70e98047_2248"
            },
            "other_che": {
                "che_id": "A526",
                "dist": 48.715673699731035,
                "che_x": 566910.5836199465,
                "che_y": 4317919.131517674,
                "che_yaw": 1.7988002592201038,
                "stop_x": 566899.576676719,
                "stop_y": 4317966.5874346,
                "navi_id": "A526_f88442fe-bf39-44e4-b689-a071b26abfed_4"
            }
        },
        {
            "self_che": {
                "che_id": "A529",
                "dist": 0,
                "che_x": 566895.046435607,
                "che_y": 4317986.12582469,
                "che_yaw": 1.79861553882884,
                "stop_x": 566895.046435607,
                "stop_y": 4317986.12582469,
                "navi_id": "A529_c34fea9b-9842-403a-ac87-b46f70e98047_2248"
            },
            "other_che": {
                "che_id": "A527",
                "dist": 14.524852386158752,
                "che_x": 566902.8575478153,
                "che_y": 4317952.437974534,
                "che_yaw": 1.7987947565165783,
                "stop_x": 566899.576676719,
                "stop_y": 4317966.5874346,
                "navi_id": "A527_6988ab01-21b1-4dc5-afe6-5fbc58ad42fa_4"
            }
        },
        {
            "self_che": {
                "che_id": "A529",
                "dist": 70.47239112026996,
                "che_x": 566895.046435607,
                "che_y": 4317986.12582469,
                "che_yaw": 1.79861553882884,
                "stop_x": 566881.2718401894,
                "stop_y": 4318053.121362615,
                "navi_id": "A529_c34fea9b-9842-403a-ac87-b46f70e98047_2248"
            },
            "other_che": {
                "che_id": "A524",
                "dist": 0,
                "che_x": 566861.6807413155,
                "che_y": 4318056.808287978,
                "che_yaw": -2.915740124722845,
                "stop_x": 566861.6807413155,
                "stop_y": 4318056.808287978,
                "navi_id": "A524_59d9171eb6564464b13b76fd367cca54_2244"
            }
        },
        {
            "self_che": {
                "che_id": "A527",
                "dist": 55.02485238651797,
                "che_x": 566902.8575478153,
                "che_y": 4317952.437974534,
                "che_yaw": 1.7987947565165783,
                "stop_x": 566890.428404844,
                "stop_y": 4318006.04068696,
                "navi_id": "A527_6988ab01-21b1-4dc5-afe6-5fbc58ad42fa_4"
            },
            "other_che": {
                "che_id": "A532",
                "dist": 1.512219518508728,
                "che_x": 566891.5057673937,
                "che_y": 4318020.927428657,
                "che_yaw": 1.753133094697234,
                "stop_x": 566891.2039149548,
                "stop_y": 4318022.180206442,
                "navi_id": "A532_1cf8fab3-c07c-4d2e-8a89-78181ed32ed8_5"
            }
        },
        {
            "self_che": {
                "che_id": "A527",
                "dist": 0,
                "che_x": 566902.8575478153,
                "che_y": 4317952.437974534,
                "che_yaw": 1.7987947565165783,
                "stop_x": 566902.8575478153,
                "stop_y": 4317952.437974534,
                "navi_id": "A527_6988ab01-21b1-4dc5-afe6-5fbc58ad42fa_4"
            },
            "other_che": {
                "che_id": "A526",
                "dist": 14.168570840646266,
                "che_x": 566910.5836199465,
                "che_y": 4317919.131517674,
                "che_yaw": 1.7988002592201038,
                "stop_x": 566907.381047418,
                "stop_y": 4317932.933399026,
                "navi_id": "A526_f88442fe-bf39-44e4-b689-a071b26abfed_4"
            }
        },
        {
            "self_che": {
                "che_id": "A527",
                "dist": 14.524852386158752,
                "che_x": 566902.8575478153,
                "che_y": 4317952.437974534,
                "che_yaw": 1.7987947565165783,
                "stop_x": 566899.576676719,
                "stop_y": 4317966.5874346,
                "navi_id": "A527_6988ab01-21b1-4dc5-afe6-5fbc58ad42fa_4"
            },
            "other_che": {
                "che_id": "A529",
                "dist": 0,
                "che_x": 566895.046435607,
                "che_y": 4317986.12582469,
                "che_yaw": 1.79861553882884,
                "stop_x": 566895.046435607,
                "stop_y": 4317986.12582469,
                "navi_id": "A529_c34fea9b-9842-403a-ac87-b46f70e98047_2248"
            }
        },
        {
            "self_che": {
                "che_id": "A535",
                "dist": 22.61834320149122,
                "che_x": 566864.5971525107,
                "che_y": 4318043.338539042,
                "che_yaw": -2.9155760264352075,
                "stop_x": 566842.5409938546,
                "stop_y": 4318038.35732193,
                "navi_id": "A535_e1834d9527664161a5eb5f74228cb6f4_2251"
            },
            "other_che": {
                "che_id": "A525",
                "dist": 0,
                "che_x": 566827.3180371254,
                "che_y": 4318032.398380542,
                "che_yaw": -2.8584193647026113,
                "stop_x": 566827.3180371254,
                "stop_y": 4318032.398380542,
                "navi_id": "A525_6f04faf5fd704f66a89ba27855906e0d_2261"
            }
        },
        {
            "self_che": {
                "che_id": "A535",
                "dist": 0,
                "che_x": 566864.5971525107,
                "che_y": 4318043.338539042,
                "che_yaw": -2.9155760264352075,
                "stop_x": 566864.5971525107,
                "stop_y": 4318043.338539042,
                "navi_id": "A535_e1834d9527664161a5eb5f74228cb6f4_2251"
            },
            "other_che": {
                "che_id": "A532",
                "dist": 32.68426833762989,
                "che_x": 566891.5057673937,
                "che_y": 4318020.927428657,
                "che_yaw": 1.753133094697234,
                "stop_x": 566880.2166201526,
                "stop_y": 4318046.892689643,
                "navi_id": "A532_1cf8fab3-c07c-4d2e-8a89-78181ed32ed8_5"
            }
        },
        {
            "self_che": {
                "che_id": "A535",
                "dist": 23.6264930939881,
                "che_x": 566864.5971525107,
                "che_y": 4318043.338539042,
                "che_yaw": -2.9155760264352075,
                "stop_x": 566841.5442948916,
                "stop_y": 4318038.205859592,
                "navi_id": "A535_e1834d9527664161a5eb5f74228cb6f4_2251"
            },
            "other_che": {
                "che_id": "A531",
                "dist": 22.09030298202233,
                "che_x": 566863.7490979573,
                "che_y": 4318050.308646169,
                "che_yaw": -2.915642035306985,
                "stop_x": 566842.6084955068,
                "stop_y": 4318044.092978206,
                "navi_id": "A531_a50bb08071304772b16095bd3498232a_2255"
            }
        },
        {
            "self_che": {
                "che_id": "A535",
                "dist": 24.13105021131498,
                "che_x": 566864.5971525107,
                "che_y": 4318043.338539042,
                "che_yaw": -2.9155760264352075,
                "stop_x": 566841.043678231,
                "stop_y": 4318038.14292436,
                "navi_id": "A535_e1834d9527664161a5eb5f74228cb6f4_2251"
            },
            "other_che": {
                "che_id": "A524",
                "dist": 26.567760067179925,
                "che_x": 566861.6807413155,
                "che_y": 4318056.808287978,
                "che_yaw": -2.915740124722845,
                "stop_x": 566837.8074794,
                "stop_y": 4318046.73951174,
                "navi_id": "A524_59d9171eb6564464b13b76fd367cca54_2244"
            }
        },
        {
            "self_che": {
                "che_id": "A536",
                "dist": 0,
                "che_x": 566902.694770651,
                "che_y": 4317972.652195476,
                "che_yaw": 1.7982738388263368,
                "stop_x": 566902.694770651,
                "stop_y": 4317972.652195476,
                "navi_id": "A536_72e7ef2d-0c48-43af-9738-a15435ca0075_3"
            },
            "other_che": {
                "che_id": "A534",
                "dist": 12.097684891703073,
                "che_x": 566909.0799947642,
                "che_y": 4317945.0810556,
                "che_yaw": 1.7983629383887794,
                "stop_x": 566906.3514711094,
                "stop_y": 4317956.867027702,
                "navi_id": "A534_037c22cd07514df9bade54db16a6761d_18"
            }
        },
        {
            "self_che": {
                "che_id": "A536",
                "dist": 33.5404384496702,
                "che_x": 566902.694770651,
                "che_y": 4317972.652195476,
                "che_yaw": 1.7982738388263368,
                "stop_x": 566895.142240768,
                "stop_y": 4318005.248231364,
                "navi_id": "A536_72e7ef2d-0c48-43af-9738-a15435ca0075_3"
            },
            "other_che": {
                "che_id": "A532",
                "dist": 0,
                "che_x": 566891.5057673937,
                "che_y": 4318020.927428657,
                "che_yaw": 1.753133094697234,
                "stop_x": 566891.5057673937,
                "stop_y": 4318020.927428657,
                "navi_id": "A532_1cf8fab3-c07c-4d2e-8a89-78181ed32ed8_5"
            }
        },
        {
            "self_che": {
                "che_id": "A536",
                "dist": 0,
                "che_x": 566902.694770651,
                "che_y": 4317972.652195476,
                "che_yaw": 1.7982738388263368,
                "stop_x": 566902.694770651,
                "stop_y": 4317972.652195476,
                "navi_id": "A536_72e7ef2d-0c48-43af-9738-a15435ca0075_3"
            },
            "other_che": {
                "che_id": "A537",
                "dist": 68.61872966076,
                "che_x": 566921.7540273255,
                "che_y": 4317890.3989348635,
                "che_yaw": 1.798812421170414,
                "stop_x": 566906.3514711094,
                "stop_y": 4317956.867027702,
                "navi_id": "A537_32c000d502b3465081c1f6c85bc8b3b6_11"
            }
        },
        {
            "self_che": {
                "che_id": "A536",
                "dist": 0,
                "che_x": 566902.694770651,
                "che_y": 4317972.652195476,
                "che_yaw": 1.7982738388263368,
                "stop_x": 566902.694770651,
                "stop_y": 4317972.652195476,
                "navi_id": "A536_72e7ef2d-0c48-43af-9738-a15435ca0075_3"
            },
            "other_che": {
                "che_id": "A533",
                "dist": 36.6602643076353,
                "che_x": 566915.455796769,
                "che_y": 4317917.5477155,
                "che_yaw": 1.7983808921062814,
                "stop_x": 566907.253636452,
                "stop_y": 4317952.970093305,
                "navi_id": "A533_165dda09c60749ccb2de0d1b4a299b25_13"
            }
        },
        {
            "self_che": {
                "che_id": "A524",
                "dist": 29.574184347970558,
                "che_x": 566861.6807413155,
                "che_y": 4318056.808287978,
                "che_yaw": -2.915740124722845,
                "stop_x": 566836.4196988766,
                "stop_y": 4318044.073975226,
                "navi_id": "A524_59d9171eb6564464b13b76fd367cca54_2244"
            },
            "other_che": {
                "che_id": "A525",
                "dist": 0,
                "che_x": 566827.3180371254,
                "che_y": 4318032.398380542,
                "che_yaw": -2.8584193647026113,
                "stop_x": 566827.3180371254,
                "stop_y": 4318032.398380542,
                "navi_id": "A525_6f04faf5fd704f66a89ba27855906e0d_2261"
            }
        },
        {
            "self_che": {
                "che_id": "A524",
                "dist": 33.56529621120597,
                "che_x": 566861.6807413155,
                "che_y": 4318056.808287978,
                "che_yaw": -2.915740124722845,
                "stop_x": 566834.325475238,
                "stop_y": 4318040.689256358,
                "navi_id": "A524_59d9171eb6564464b13b76fd367cca54_2244"
            },
            "other_che": {
                "che_id": "A531",
                "dist": 15.12599056034346,
                "che_x": 566863.7490979573,
                "che_y": 4318050.308646169,
                "che_yaw": -2.915642035306985,
                "stop_x": 566849.069656538,
                "stop_y": 4318046.678743323,
                "navi_id": "A531_a50bb08071304772b16095bd3498232a_2255"
            }
        },
        {
            "self_che": {
                "che_id": "A524",
                "dist": 0,
                "che_x": 566861.6807413155,
                "che_y": 4318056.808287978,
                "che_yaw": -2.915740124722845,
                "stop_x": 566861.6807413155,
                "stop_y": 4318056.808287978,
                "navi_id": "A524_59d9171eb6564464b13b76fd367cca54_2244"
            },
            "other_che": {
                "che_id": "A521",
                "dist": 65.73465888633895,
                "che_x": 566900.232738782,
                "che_y": 4318002.69791922,
                "che_yaw": 1.798871873300184,
                "stop_x": 566877.8120297214,
                "stop_y": 4318059.98226026,
                "navi_id": "A521_42092e8b-84d9-47f2-a160-4f871d6c617a_2256"
            }
        },
        {
            "self_che": {
                "che_id": "A524",
                "dist": 39.077311732716424,
                "che_x": 566861.6807413155,
                "che_y": 4318056.808287978,
                "che_yaw": -2.915740124722845,
                "stop_x": 566829.793075804,
                "stop_y": 4318037.627728356,
                "navi_id": "A524_59d9171eb6564464b13b76fd367cca54_2244"
            },
            "other_che": {
                "che_id": "A535",
                "dist": 19.590885472080014,
                "che_x": 566864.5971525107,
                "che_y": 4318043.338539042,
                "che_yaw": -2.9155760264352075,
                "stop_x": 566845.5234477986,
                "stop_y": 4318038.876813136,
                "navi_id": "A535_e1834d9527664161a5eb5f74228cb6f4_2251"
            }
        },
        {
            "self_che": {
                "che_id": "A533",
                "dist": 12.595398427663053,
                "che_x": 566915.455796769,
                "che_y": 4317917.5477155,
                "che_yaw": 1.7983808921062814,
                "stop_x": 566912.6819458904,
                "stop_y": 4317929.525451578,
                "navi_id": "A533_165dda09c60749ccb2de0d1b4a299b25_13"
            },
            "other_che": {
                "che_id": "A534",
                "dist": 0,
                "che_x": 566909.0799947642,
                "che_y": 4317945.0810556,
                "che_yaw": 1.7983629383887794,
                "stop_x": 566909.0799947642,
                "stop_y": 4317945.0810556,
                "navi_id": "A534_037c22cd07514df9bade54db16a6761d_18"
            }
        },
        {
            "self_che": {
                "che_id": "A533",
                "dist": 0,
                "che_x": 566915.455796769,
                "che_y": 4317917.5477155,
                "che_yaw": 1.7983808921062814,
                "stop_x": 566915.455796769,
                "stop_y": 4317917.5477155,
                "navi_id": "A533_165dda09c60749ccb2de0d1b4a299b25_13"
            },
            "other_che": {
                "che_id": "A537",
                "dist": 12.196594817137807,
                "che_x": 566921.7540273255,
                "che_y": 4317890.3989348635,
                "che_yaw": 1.798812421170414,
                "stop_x": 566919.085056923,
                "stop_y": 4317901.9005564265,
                "navi_id": "A537_32c000d502b3465081c1f6c85bc8b3b6_11"
            }
        },
        {
            "self_che": {
                "che_id": "A533",
                "dist": 36.6602643076353,
                "che_x": 566915.455796769,
                "che_y": 4317917.5477155,
                "che_yaw": 1.7983808921062814,
                "stop_x": 566907.253636452,
                "stop_y": 4317952.970093305,
                "navi_id": "A533_165dda09c60749ccb2de0d1b4a299b25_13"
            },
            "other_che": {
                "che_id": "A536",
                "dist": 0,
                "che_x": 566902.694770651,
                "che_y": 4317972.652195476,
                "che_yaw": 1.7982738388263368,
                "stop_x": 566902.694770651,
                "stop_y": 4317972.652195476,
                "navi_id": "A536_72e7ef2d-0c48-43af-9738-a15435ca0075_3"
            }
        },
        {
            "self_che": {
                "che_id": "A528",
                "dist": 12.2189373792305,
                "che_x": 566923.255222638,
                "che_y": 4317864.521397046,
                "che_yaw": 1.7988035674606326,
                "stop_x": 566920.591484506,
                "stop_y": 4317876.001391242,
                "navi_id": "A528_c6dadfd1a8364653a8aaceda87454f32_12"
            },
            "other_che": {
                "che_id": "A530",
                "dist": 0,
                "che_x": 566916.986247188,
                "che_y": 4317891.53860609,
                "che_yaw": 1.7988002715278293,
                "stop_x": 566916.986247188,
                "stop_y": 4317891.53860609,
                "navi_id": "A530_bedd996810ba41bd9ac18fcbecad43cd_14"
            }
        },
        {
            "self_che": {
                "che_id": "A528",
                "dist": 40.31949789942666,
                "che_x": 566923.255222638,
                "che_y": 4317864.521397046,
                "che_yaw": 1.7988035674606326,
                "stop_x": 566914.2398146922,
                "stop_y": 4317903.374695612,
                "navi_id": "A528_c6dadfd1a8364653a8aaceda87454f32_12"
            },
            "other_che": {
                "che_id": "A526",
                "dist": 0,
                "che_x": 566910.5836199465,
                "che_y": 4317919.131517674,
                "che_yaw": 1.7988002592201038,
                "stop_x": 566910.5836199465,
                "stop_y": 4317919.131517674,
                "navi_id": "A526_f88442fe-bf39-44e4-b689-a071b26abfed_4"
            }
        }
    ]
}